seq	rel_sec	wall_time	ipc_result	ipc_error	ipc_elapsed_ms	current_alias	path_alias	current_path_kind	filename_alias	time_pos	duration	percent_pos	idle_active	pause	eof_reached	estimated_frame_number	hwdec_current	vo_configured	video_params_json	property_errors_json	status_present	status_playback_state	status_current_alias	status_path_alias	status_duration_ms	status_current_index	status_mpv_running	status_snapshot_json
1	0.001	2026-07-15T15:43:12+0000	success		372	<media-path:3ba49b8978>	<media-path:3ba49b8978>	motion_media	<filename:e511e8bce0>	15.648967	28.061367	56.004756	false	false	false	473	v4l2request-copy	true	"{""aspect"":0.5625,""dh"":1920,""dw"":1080,""h"":1920,""par"":1.0,""pixelformat"":""nv12"",""rotate"":0,""stereo-in"":""mono"",""w"":1080}"	"{""duration"":""success"",""eof-reached"":""success"",""estimated-frame-number"":""success"",""filename"":""success"",""hwdec-current"":""success"",""idle-active"":""success"",""path"":""success"",""pause"":""success"",""percent-pos"":""success"",""time-pos"":""success"",""video-params"":""success"",""vo-configured"":""success""}"	true	playing	media-b8c9a5f04c	<media-path:3ba49b8978>	28100	4	true	"{""black_screen_risk_reason"":""null"",""blocked_media_count"":0,""consecutive_failures"":0,""current_index"":4,""current_item"":{""alias"":""media-b8c9a5f04c"",""duration_ms"":28100,""media_kind"":""motion_media"",""offset_ms"":0,""path_alias"":""<media-path:3ba49b8978>"",""started_at_present"":true},""last_poll_error"":""null"",""last_render_error"":""null"",""mpv_running"":true,""next_item"":{""alias"":""media-63e22e276f"",""duration_ms"":15100,""media_kind"":""motion_media"",""path_alias"":""<media-path:c406539999>""},""playback_state"":""playing"",""playlist_size"":5,""present"":true,""uptime_sec"":4614}"
2	1.377	2026-07-15T15:43:13+0000	success		466	<media-path:3ba49b8978>	<media-path:3ba49b8978>	motion_media	<filename:e511e8bce0>	16.7167	28.061367	59.80975	false	false	false	505	v4l2request-copy	true	"{""aspect"":0.5625,""dh"":1920,""dw"":1080,""h"":1920,""par"":1.0,""pixelformat"":""nv12"",""rotate"":0,""stereo-in"":""mono"",""w"":1080}"	"{""duration"":""success"",""eof-reached"":""success"",""estimated-frame-number"":""success"",""filename"":""success"",""hwdec-current"":""success"",""idle-active"":""success"",""path"":""success"",""pause"":""success"",""percent-pos"":""success"",""time-pos"":""success"",""video-params"":""success"",""vo-configured"":""success""}"	true	playing	media-b8c9a5f04c	<media-path:3ba49b8978>	28100	4	true	"{""black_screen_risk_reason"":""null"",""blocked_media_count"":0,""consecutive_failures"":0,""current_index"":4,""current_item"":{""alias"":""media-b8c9a5f04c"",""duration_ms"":28100,""media_kind"":""motion_media"",""offset_ms"":0,""path_alias"":""<media-path:3ba49b8978>"",""started_at_present"":true},""last_poll_error"":""null"",""last_render_error"":""null"",""mpv_running"":true,""next_item"":{""alias"":""media-63e22e276f"",""duration_ms"":15100,""media_kind"":""motion_media"",""path_alias"":""<media-path:c406539999>""},""playback_state"":""playing"",""playlist_size"":5,""present"":true,""uptime_sec"":4614}"
3	2.847	2026-07-15T15:43:15+0000	success		442	<media-path:3ba49b8978>	<media-path:3ba49b8978>	motion_media	<filename:e511e8bce0>	17.884533	28.061367	63.971463	false	false	false	540	v4l2request-copy	true	"{""aspect"":0.5625,""dh"":1920,""dw"":1080,""h"":1920,""par"":1.0,""pixelformat"":""nv12"",""rotate"":0,""stereo-in"":""mono"",""w"":1080}"	"{""duration"":""success"",""eof-reached"":""success"",""estimated-frame-number"":""success"",""filename"":""success"",""hwdec-current"":""success"",""idle-active"":""success"",""path"":""success"",""pause"":""success"",""percent-pos"":""success"",""time-pos"":""success"",""video-params"":""success"",""vo-configured"":""success""}"	true	playing	media-b8c9a5f04c	<media-path:3ba49b8978>	28100	4	true	"{""black_screen_risk_reason"":""null"",""blocked_media_count"":0,""consecutive_failures"":0,""current_index"":4,""current_item"":{""alias"":""media-b8c9a5f04c"",""duration_ms"":28100,""media_kind"":""motion_media"",""offset_ms"":0,""path_alias"":""<media-path:3ba49b8978>"",""started_at_present"":true},""last_poll_error"":""null"",""last_render_error"":""null"",""mpv_running"":true,""next_item"":{""alias"":""media-63e22e276f"",""duration_ms"":15100,""media_kind"":""motion_media"",""path_alias"":""<media-path:c406539999>""},""playback_state"":""playing"",""playlist_size"":5,""present"":true,""uptime_sec"":4614}"
4	4.294	2026-07-15T15:43:16+0000	success		496	<media-path:3ba49b8978>	<media-path:3ba49b8978>	motion_media	<filename:e511e8bce0>	19.019	28.061367	68.014269	false	false	false	574	v4l2request-copy	true	"{""aspect"":0.5625,""dh"":1920,""dw"":1080,""h"":1920,""par"":1.0,""pixelformat"":""nv12"",""rotate"":0,""stereo-in"":""mono"",""w"":1080}"	"{""duration"":""success"",""eof-reached"":""success"",""estimated-frame-number"":""success"",""filename"":""success"",""hwdec-current"":""success"",""idle-active"":""success"",""path"":""success"",""pause"":""success"",""percent-pos"":""success"",""time-pos"":""success"",""video-params"":""success"",""vo-configured"":""success""}"	true	playing	media-b8c9a5f04c	<media-path:3ba49b8978>	28100	4	true	"{""black_screen_risk_reason"":""null"",""blocked_media_count"":0,""consecutive_failures"":0,""current_index"":4,""current_item"":{""alias"":""media-b8c9a5f04c"",""duration_ms"":28100,""media_kind"":""motion_media"",""offset_ms"":0,""path_alias"":""<media-path:3ba49b8978>"",""started_at_present"":true},""last_poll_error"":""null"",""last_render_error"":""null"",""mpv_running"":true,""next_item"":{""alias"":""media-63e22e276f"",""duration_ms"":15100,""media_kind"":""motion_media"",""path_alias"":""<media-path:c406539999>""},""playback_state"":""playing"",""playlist_size"":5,""present"":true,""uptime_sec"":4619}"
5	5.793	2026-07-15T15:43:18+0000	success		498	<media-path:3ba49b8978>	<media-path:3ba49b8978>	motion_media	<filename:e511e8bce0>	20.186833	28.061367	72.175981	false	false	false	609	v4l2request-copy	true	"{""aspect"":0.5625,""dh"":1920,""dw"":1080,""h"":1920,""par"":1.0,""pixelformat"":""nv12"",""rotate"":0,""stereo-in"":""mono"",""w"":1080}"	"{""duration"":""success"",""eof-reached"":""success"",""estimated-frame-number"":""success"",""filename"":""success"",""hwdec-current"":""success"",""idle-active"":""success"",""path"":""success"",""pause"":""success"",""percent-pos"":""success"",""time-pos"":""success"",""video-params"":""success"",""vo-configured"":""success""}"	true	playing	media-b8c9a5f04c	<media-path:3ba49b8978>	28100	4	true	"{""black_screen_risk_reason"":""null"",""blocked_media_count"":0,""consecutive_failures"":0,""current_index"":4,""current_item"":{""alias"":""media-b8c9a5f04c"",""duration_ms"":28100,""media_kind"":""motion_media"",""offset_ms"":0,""path_alias"":""<media-path:3ba49b8978>"",""started_at_present"":true},""last_poll_error"":""null"",""last_render_error"":""null"",""mpv_running"":true,""next_item"":{""alias"":""media-63e22e276f"",""duration_ms"":15100,""media_kind"":""motion_media"",""path_alias"":""<media-path:c406539999>""},""playback_state"":""playing"",""playlist_size"":5,""present"":true,""uptime_sec"":4619}"
6	7.296	2026-07-15T15:43:19+0000	success		481	<media-path:3ba49b8978>	<media-path:3ba49b8978>	motion_media	<filename:e511e8bce0>	21.354667	28.061367	76.337693	false	false	false	644	v4l2request-copy	true	"{""aspect"":0.5625,""dh"":1920,""dw"":1080,""h"":1920,""par"":1.0,""pixelformat"":""nv12"",""rotate"":0,""stereo-in"":""mono"",""w"":1080}"	"{""duration"":""success"",""eof-reached"":""success"",""estimated-frame-number"":""success"",""filename"":""success"",""hwdec-current"":""success"",""idle-active"":""success"",""path"":""success"",""pause"":""success"",""percent-pos"":""success"",""time-pos"":""success"",""video-params"":""success"",""vo-configured"":""success""}"	true	playing	media-b8c9a5f04c	<media-path:3ba49b8978>	28100	4	true	"{""black_screen_risk_reason"":""null"",""blocked_media_count"":0,""consecutive_failures"":0,""current_index"":4,""current_item"":{""alias"":""media-b8c9a5f04c"",""duration_ms"":28100,""media_kind"":""motion_media"",""offset_ms"":0,""path_alias"":""<media-path:3ba49b8978>"",""started_at_present"":true},""last_poll_error"":""null"",""last_render_error"":""null"",""mpv_running"":true,""next_item"":{""alias"":""media-63e22e276f"",""duration_ms"":15100,""media_kind"":""motion_media"",""path_alias"":""<media-path:c406539999>""},""playback_state"":""playing"",""playlist_size"":5,""present"":true,""uptime_sec"":4619}"
7	8.784	2026-07-15T15:43:20+0000	success		33	<media-path:c406539999>	<media-path:c406539999>	motion_media	<filename:aaf3979e21>				false	false				true	{}	"{""duration"":""property unavailable"",""eof-reached"":""property unavailable"",""estimated-frame-number"":""property unavailable"",""filename"":""success"",""hwdec-current"":""property unavailable"",""idle-active"":""success"",""path"":""success"",""pause"":""success"",""percent-pos"":""property unavailable"",""time-pos"":""property unavailable"",""video-params"":""property unavailable"",""vo-configured"":""success""}"	true	playing	media-b8c9a5f04c	<media-path:3ba49b8978>	28100	4	true	"{""black_screen_risk_reason"":""null"",""blocked_media_count"":0,""consecutive_failures"":0,""current_index"":4,""current_item"":{""alias"":""media-b8c9a5f04c"",""duration_ms"":28100,""media_kind"":""motion_media"",""offset_ms"":0,""path_alias"":""<media-path:3ba49b8978>"",""started_at_present"":true},""last_poll_error"":""null"",""last_render_error"":""null"",""mpv_running"":true,""next_item"":{""alias"":""media-63e22e276f"",""duration_ms"":15100,""media_kind"":""motion_media"",""path_alias"":""<media-path:c406539999>""},""playback_state"":""playing"",""playlist_size"":5,""present"":true,""uptime_sec"":4624}"
8	9.823	2026-07-15T15:43:21+0000	success		2	<media-path:c406539999>	<media-path:c406539999>	motion_media	<filename:aaf3979e21>	0.866667	15.069751	5.751035	false	false	false	26	v4l2request-copy	true	"{""aspect"":0.566038,""dh"":848,""dw"":480,""h"":848,""par"":1.0,""pixelformat"":""nv12"",""rotate"":0,""stereo-in"":""mono"",""w"":480}"	"{""duration"":""success"",""eof-reached"":""success"",""estimated-frame-number"":""success"",""filename"":""success"",""hwdec-current"":""success"",""idle-active"":""success"",""path"":""success"",""pause"":""success"",""percent-pos"":""success"",""time-pos"":""success"",""video-params"":""success"",""vo-configured"":""success""}"	true	playing	media-b8c9a5f04c	<media-path:3ba49b8978>	28100	4	true	"{""black_screen_risk_reason"":""null"",""blocked_media_count"":0,""consecutive_failures"":0,""current_index"":4,""current_item"":{""alias"":""media-b8c9a5f04c"",""duration_ms"":28100,""media_kind"":""motion_media"",""offset_ms"":0,""path_alias"":""<media-path:3ba49b8978>"",""started_at_present"":true},""last_poll_error"":""null"",""last_render_error"":""null"",""mpv_running"":true,""next_item"":{""alias"":""media-63e22e276f"",""duration_ms"":15100,""media_kind"":""motion_media"",""path_alias"":""<media-path:c406539999>""},""playback_state"":""playing"",""playlist_size"":5,""present"":true,""uptime_sec"":4624}"
9	10.828	2026-07-15T15:43:22+0000	success		8	<media-path:c406539999>	<media-path:c406539999>	motion_media	<filename:aaf3979e21>	1.866667	15.069751	12.386845	false	false	false	56	v4l2request-copy	true	"{""aspect"":0.566038,""dh"":848,""dw"":480,""h"":848,""par"":1.0,""pixelformat"":""nv12"",""rotate"":0,""stereo-in"":""mono"",""w"":480}"	"{""duration"":""success"",""eof-reached"":""success"",""estimated-frame-number"":""success"",""filename"":""success"",""hwdec-current"":""success"",""idle-active"":""success"",""path"":""success"",""pause"":""success"",""percent-pos"":""success"",""time-pos"":""success"",""video-params"":""success"",""vo-configured"":""success""}"	true	playing	media-b8c9a5f04c	<media-path:3ba49b8978>	28100	4	true	"{""black_screen_risk_reason"":""null"",""blocked_media_count"":0,""consecutive_failures"":0,""current_index"":4,""current_item"":{""alias"":""media-b8c9a5f04c"",""duration_ms"":28100,""media_kind"":""motion_media"",""offset_ms"":0,""path_alias"":""<media-path:3ba49b8978>"",""started_at_present"":true},""last_poll_error"":""null"",""last_render_error"":""null"",""mpv_running"":true,""next_item"":{""alias"":""media-63e22e276f"",""duration_ms"":15100,""media_kind"":""motion_media"",""path_alias"":""<media-path:c406539999>""},""playback_state"":""playing"",""playlist_size"":5,""present"":true,""uptime_sec"":4624}"
10	11.838	2026-07-15T15:43:23+0000	success		2	<media-path:c406539999>	<media-path:c406539999>	motion_media	<filename:aaf3979e21>	2.866667	15.069751	19.022655	false	false	false	86	v4l2request-copy	true	"{""aspect"":0.566038,""dh"":848,""dw"":480,""h"":848,""par"":1.0,""pixelformat"":""nv12"",""rotate"":0,""stereo-in"":""mono"",""w"":480}"	"{""duration"":""success"",""eof-reached"":""success"",""estimated-frame-number"":""success"",""filename"":""success"",""hwdec-current"":""success"",""idle-active"":""success"",""path"":""success"",""pause"":""success"",""percent-pos"":""success"",""time-pos"":""success"",""video-params"":""success"",""vo-configured"":""success""}"	true	playing	media-b8c9a5f04c	<media-path:3ba49b8978>	28100	4	true	"{""black_screen_risk_reason"":""null"",""blocked_media_count"":0,""consecutive_failures"":0,""current_index"":4,""current_item"":{""alias"":""media-b8c9a5f04c"",""duration_ms"":28100,""media_kind"":""motion_media"",""offset_ms"":0,""path_alias"":""<media-path:3ba49b8978>"",""started_at_present"":true},""last_poll_error"":""null"",""last_render_error"":""null"",""mpv_running"":true,""next_item"":{""alias"":""media-63e22e276f"",""duration_ms"":15100,""media_kind"":""motion_media"",""path_alias"":""<media-path:c406539999>""},""playback_state"":""playing"",""playlist_size"":5,""present"":true,""uptime_sec"":4624}"
11	12.843	2026-07-15T15:43:24+0000	success		2	<media-path:c406539999>	<media-path:c406539999>	motion_media	<filename:aaf3979e21>	3.9	15.069751	25.879659	false	false	false	117	v4l2request-copy	true	"{""aspect"":0.566038,""dh"":848,""dw"":480,""h"":848,""par"":1.0,""pixelformat"":""nv12"",""rotate"":0,""stereo-in"":""mono"",""w"":480}"	"{""duration"":""success"",""eof-reached"":""success"",""estimated-frame-number"":""success"",""filename"":""success"",""hwdec-current"":""success"",""idle-active"":""success"",""path"":""success"",""pause"":""success"",""percent-pos"":""success"",""time-pos"":""success"",""video-params"":""success"",""vo-configured"":""success""}"	true	playing	media-b8c9a5f04c	<media-path:3ba49b8978>	28100	4	true	"{""black_screen_risk_reason"":""null"",""blocked_media_count"":0,""consecutive_failures"":0,""current_index"":4,""current_item"":{""alias"":""media-b8c9a5f04c"",""duration_ms"":28100,""media_kind"":""motion_media"",""offset_ms"":0,""path_alias"":""<media-path:3ba49b8978>"",""started_at_present"":true},""last_poll_error"":""null"",""last_render_error"":""null"",""mpv_running"":true,""next_item"":{""alias"":""media-63e22e276f"",""duration_ms"":15100,""media_kind"":""motion_media"",""path_alias"":""<media-path:c406539999>""},""playback_state"":""playing"",""playlist_size"":5,""present"":true,""uptime_sec"":4624}"
12	13.848	2026-07-15T15:43:25+0000	success		2	<media-path:c406539999>	<media-path:c406539999>	motion_media	<filename:aaf3979e21>	4.9	15.069751	32.515469	false	false	false	147	v4l2request-copy	true	"{""aspect"":0.566038,""dh"":848,""dw"":480,""h"":848,""par"":1.0,""pixelformat"":""nv12"",""rotate"":0,""stereo-in"":""mono"",""w"":480}"	"{""duration"":""success"",""eof-reached"":""success"",""estimated-frame-number"":""success"",""filename"":""success"",""hwdec-current"":""success"",""idle-active"":""success"",""path"":""success"",""pause"":""success"",""percent-pos"":""success"",""time-pos"":""success"",""video-params"":""success"",""vo-configured"":""success""}"	true	playing	media-63e22e276f	<media-path:c406539999>	15100	0	true	"{""black_screen_risk_reason"":""null"",""blocked_media_count"":0,""consecutive_failures"":0,""current_index"":0,""current_item"":{""alias"":""media-63e22e276f"",""duration_ms"":15100,""media_kind"":""motion_media"",""offset_ms"":0,""path_alias"":""<media-path:c406539999>"",""started_at_present"":true},""last_poll_error"":""null"",""last_render_error"":""null"",""mpv_running"":true,""next_item"":{""alias"":""media-b04db49d99"",""duration_ms"":15100,""media_kind"":""motion_media"",""path_alias"":""<media-path:2b030c3c41>""},""playback_state"":""playing"",""playlist_size"":5,""present"":true,""uptime_sec"":4629}"
13	14.852	2026-07-15T15:43:26+0000	success		2	<media-path:c406539999>	<media-path:c406539999>	motion_media	<filename:aaf3979e21>	5.9	15.069751	39.151278	false	false	false	177	v4l2request-copy	true	"{""aspect"":0.566038,""dh"":848,""dw"":480,""h"":848,""par"":1.0,""pixelformat"":""nv12"",""rotate"":0,""stereo-in"":""mono"",""w"":480}"	"{""duration"":""success"",""eof-reached"":""success"",""estimated-frame-number"":""success"",""filename"":""success"",""hwdec-current"":""success"",""idle-active"":""success"",""path"":""success"",""pause"":""success"",""percent-pos"":""success"",""time-pos"":""success"",""video-params"":""success"",""vo-configured"":""success""}"	true	playing	media-63e22e276f	<media-path:c406539999>	15100	0	true	"{""black_screen_risk_reason"":""null"",""blocked_media_count"":0,""consecutive_failures"":0,""current_index"":0,""current_item"":{""alias"":""media-63e22e276f"",""duration_ms"":15100,""media_kind"":""motion_media"",""offset_ms"":0,""path_alias"":""<media-path:c406539999>"",""started_at_present"":true},""last_poll_error"":""null"",""last_render_error"":""null"",""mpv_running"":true,""next_item"":{""alias"":""media-b04db49d99"",""duration_ms"":15100,""media_kind"":""motion_media"",""path_alias"":""<media-path:2b030c3c41>""},""playback_state"":""playing"",""playlist_size"":5,""present"":true,""uptime_sec"":4629}"
14	15.857	2026-07-15T15:43:27+0000	success		2	<media-path:c406539999>	<media-path:c406539999>	motion_media	<filename:aaf3979e21>	6.9	15.069751	45.787088	false	false	false	207	v4l2request-copy	true	"{""aspect"":0.566038,""dh"":848,""dw"":480,""h"":848,""par"":1.0,""pixelformat"":""nv12"",""rotate"":0,""stereo-in"":""mono"",""w"":480}"	"{""duration"":""success"",""eof-reached"":""success"",""estimated-frame-number"":""success"",""filename"":""success"",""hwdec-current"":""success"",""idle-active"":""success"",""path"":""success"",""pause"":""success"",""percent-pos"":""success"",""time-pos"":""success"",""video-params"":""success"",""vo-configured"":""success""}"	true	playing	media-63e22e276f	<media-path:c406539999>	15100	0	true	"{""black_screen_risk_reason"":""null"",""blocked_media_count"":0,""consecutive_failures"":0,""current_index"":0,""current_item"":{""alias"":""media-63e22e276f"",""duration_ms"":15100,""media_kind"":""motion_media"",""offset_ms"":0,""path_alias"":""<media-path:c406539999>"",""started_at_present"":true},""last_poll_error"":""null"",""last_render_error"":""null"",""mpv_running"":true,""next_item"":{""alias"":""media-b04db49d99"",""duration_ms"":15100,""media_kind"":""motion_media"",""path_alias"":""<media-path:2b030c3c41>""},""playback_state"":""playing"",""playlist_size"":5,""present"":true,""uptime_sec"":4629}"
15	16.863	2026-07-15T15:43:28+0000	success		7	<media-path:c406539999>	<media-path:c406539999>	motion_media	<filename:aaf3979e21>	7.9	15.069751	52.422898	false	false	false	237	v4l2request-copy	true	"{""aspect"":0.566038,""dh"":848,""dw"":480,""h"":848,""par"":1.0,""pixelformat"":""nv12"",""rotate"":0,""stereo-in"":""mono"",""w"":480}"	"{""duration"":""success"",""eof-reached"":""success"",""estimated-frame-number"":""success"",""filename"":""success"",""hwdec-current"":""success"",""idle-active"":""success"",""path"":""success"",""pause"":""success"",""percent-pos"":""success"",""time-pos"":""success"",""video-params"":""success"",""vo-configured"":""success""}"	true	playing	media-63e22e276f	<media-path:c406539999>	15100	0	true	"{""black_screen_risk_reason"":""null"",""blocked_media_count"":0,""consecutive_failures"":0,""current_index"":0,""current_item"":{""alias"":""media-63e22e276f"",""duration_ms"":15100,""media_kind"":""motion_media"",""offset_ms"":0,""path_alias"":""<media-path:c406539999>"",""started_at_present"":true},""last_poll_error"":""null"",""last_render_error"":""null"",""mpv_running"":true,""next_item"":{""alias"":""media-b04db49d99"",""duration_ms"":15100,""media_kind"":""motion_media"",""path_alias"":""<media-path:2b030c3c41>""},""playback_state"":""playing"",""playlist_size"":5,""present"":true,""uptime_sec"":4629}"
16	17.873	2026-07-15T15:43:29+0000	success		2	<media-path:c406539999>	<media-path:c406539999>	motion_media	<filename:aaf3979e21>	8.9	15.069751	59.058708	false	false	false	267	v4l2request-copy	true	"{""aspect"":0.566038,""dh"":848,""dw"":480,""h"":848,""par"":1.0,""pixelformat"":""nv12"",""rotate"":0,""stereo-in"":""mono"",""w"":480}"	"{""duration"":""success"",""eof-reached"":""success"",""estimated-frame-number"":""success"",""filename"":""success"",""hwdec-current"":""success"",""idle-active"":""success"",""path"":""success"",""pause"":""success"",""percent-pos"":""success"",""time-pos"":""success"",""video-params"":""success"",""vo-configured"":""success""}"	true	playing	media-63e22e276f	<media-path:c406539999>	15100	0	true	"{""black_screen_risk_reason"":""null"",""blocked_media_count"":0,""consecutive_failures"":0,""current_index"":0,""current_item"":{""alias"":""media-63e22e276f"",""duration_ms"":15100,""media_kind"":""motion_media"",""offset_ms"":0,""path_alias"":""<media-path:c406539999>"",""started_at_present"":true},""last_poll_error"":""null"",""last_render_error"":""null"",""mpv_running"":true,""next_item"":{""alias"":""media-b04db49d99"",""duration_ms"":15100,""media_kind"":""motion_media"",""path_alias"":""<media-path:2b030c3c41>""},""playback_state"":""playing"",""playlist_size"":5,""present"":true,""uptime_sec"":4629}"
17	18.877	2026-07-15T15:43:30+0000	success		2	<media-path:c406539999>	<media-path:c406539999>	motion_media	<filename:aaf3979e21>	9.933333	15.069751	65.915712	false	false	false	298	v4l2request-copy	true	"{""aspect"":0.566038,""dh"":848,""dw"":480,""h"":848,""par"":1.0,""pixelformat"":""nv12"",""rotate"":0,""stereo-in"":""mono"",""w"":480}"	"{""duration"":""success"",""eof-reached"":""success"",""estimated-frame-number"":""success"",""filename"":""success"",""hwdec-current"":""success"",""idle-active"":""success"",""path"":""success"",""pause"":""success"",""percent-pos"":""success"",""time-pos"":""success"",""video-params"":""success"",""vo-configured"":""success""}"	true	playing	media-63e22e276f	<media-path:c406539999>	15100	0	true	"{""black_screen_risk_reason"":""null"",""blocked_media_count"":0,""consecutive_failures"":0,""current_index"":0,""current_item"":{""alias"":""media-63e22e276f"",""duration_ms"":15100,""media_kind"":""motion_media"",""offset_ms"":0,""path_alias"":""<media-path:c406539999>"",""started_at_present"":true},""last_poll_error"":""null"",""last_render_error"":""null"",""mpv_running"":true,""next_item"":{""alias"":""media-b04db49d99"",""duration_ms"":15100,""media_kind"":""motion_media"",""path_alias"":""<media-path:2b030c3c41>""},""playback_state"":""playing"",""playlist_size"":5,""present"":true,""uptime_sec"":4634}"
18	19.882	2026-07-15T15:43:31+0000	success		2	<media-path:c406539999>	<media-path:c406539999>	motion_media	<filename:aaf3979e21>	10.933333	15.069751	72.551522	false	false	false	328	v4l2request-copy	true	"{""aspect"":0.566038,""dh"":848,""dw"":480,""h"":848,""par"":1.0,""pixelformat"":""nv12"",""rotate"":0,""stereo-in"":""mono"",""w"":480}"	"{""duration"":""success"",""eof-reached"":""success"",""estimated-frame-number"":""success"",""filename"":""success"",""hwdec-current"":""success"",""idle-active"":""success"",""path"":""success"",""pause"":""success"",""percent-pos"":""success"",""time-pos"":""success"",""video-params"":""success"",""vo-configured"":""success""}"	true	playing	media-63e22e276f	<media-path:c406539999>	15100	0	true	"{""black_screen_risk_reason"":""null"",""blocked_media_count"":0,""consecutive_failures"":0,""current_index"":0,""current_item"":{""alias"":""media-63e22e276f"",""duration_ms"":15100,""media_kind"":""motion_media"",""offset_ms"":0,""path_alias"":""<media-path:c406539999>"",""started_at_present"":true},""last_poll_error"":""null"",""last_render_error"":""null"",""mpv_running"":true,""next_item"":{""alias"":""media-b04db49d99"",""duration_ms"":15100,""media_kind"":""motion_media"",""path_alias"":""<media-path:2b030c3c41>""},""playback_state"":""playing"",""playlist_size"":5,""present"":true,""uptime_sec"":4634}"
19	20.887	2026-07-15T15:43:32+0000	success		2	<media-path:c406539999>	<media-path:c406539999>	motion_media	<filename:aaf3979e21>	11.933333	15.069751	79.187331	false	false	false	358	v4l2request-copy	true	"{""aspect"":0.566038,""dh"":848,""dw"":480,""h"":848,""par"":1.0,""pixelformat"":""nv12"",""rotate"":0,""stereo-in"":""mono"",""w"":480}"	"{""duration"":""success"",""eof-reached"":""success"",""estimated-frame-number"":""success"",""filename"":""success"",""hwdec-current"":""success"",""idle-active"":""success"",""path"":""success"",""pause"":""success"",""percent-pos"":""success"",""time-pos"":""success"",""video-params"":""success"",""vo-configured"":""success""}"	true	playing	media-63e22e276f	<media-path:c406539999>	15100	0	true	"{""black_screen_risk_reason"":""null"",""blocked_media_count"":0,""consecutive_failures"":0,""current_index"":0,""current_item"":{""alias"":""media-63e22e276f"",""duration_ms"":15100,""media_kind"":""motion_media"",""offset_ms"":0,""path_alias"":""<media-path:c406539999>"",""started_at_present"":true},""last_poll_error"":""null"",""last_render_error"":""null"",""mpv_running"":true,""next_item"":{""alias"":""media-b04db49d99"",""duration_ms"":15100,""media_kind"":""motion_media"",""path_alias"":""<media-path:2b030c3c41>""},""playback_state"":""playing"",""playlist_size"":5,""present"":true,""uptime_sec"":4634}"
20	21.891	2026-07-15T15:43:33+0000	success		2	<media-path:c406539999>	<media-path:c406539999>	motion_media	<filename:aaf3979e21>	12.933333	15.069751	85.823141	false	false	false	388	v4l2request-copy	true	"{""aspect"":0.566038,""dh"":848,""dw"":480,""h"":848,""par"":1.0,""pixelformat"":""nv12"",""rotate"":0,""stereo-in"":""mono"",""w"":480}"	"{""duration"":""success"",""eof-reached"":""success"",""estimated-frame-number"":""success"",""filename"":""success"",""hwdec-current"":""success"",""idle-active"":""success"",""path"":""success"",""pause"":""success"",""percent-pos"":""success"",""time-pos"":""success"",""video-params"":""success"",""vo-configured"":""success""}"	true	playing	media-63e22e276f	<media-path:c406539999>	15100	0	true	"{""black_screen_risk_reason"":""null"",""blocked_media_count"":0,""consecutive_failures"":0,""current_index"":0,""current_item"":{""alias"":""media-63e22e276f"",""duration_ms"":15100,""media_kind"":""motion_media"",""offset_ms"":0,""path_alias"":""<media-path:c406539999>"",""started_at_present"":true},""last_poll_error"":""null"",""last_render_error"":""null"",""mpv_running"":true,""next_item"":{""alias"":""media-b04db49d99"",""duration_ms"":15100,""media_kind"":""motion_media"",""path_alias"":""<media-path:2b030c3c41>""},""playback_state"":""playing"",""playlist_size"":5,""present"":true,""uptime_sec"":4634}"
21	22.896	2026-07-15T15:43:34+0000	success		8	<media-path:c406539999>	<media-path:c406539999>	motion_media	<filename:aaf3979e21>	13.933333	15.069751	92.458951	false	false	false	418	v4l2request-copy	true	"{""aspect"":0.566038,""dh"":848,""dw"":480,""h"":848,""par"":1.0,""pixelformat"":""nv12"",""rotate"":0,""stereo-in"":""mono"",""w"":480}"	"{""duration"":""success"",""eof-reached"":""success"",""estimated-frame-number"":""success"",""filename"":""success"",""hwdec-current"":""success"",""idle-active"":""success"",""path"":""success"",""pause"":""success"",""percent-pos"":""success"",""time-pos"":""success"",""video-params"":""success"",""vo-configured"":""success""}"	true	playing	media-63e22e276f	<media-path:c406539999>	15100	0	true	"{""black_screen_risk_reason"":""null"",""blocked_media_count"":0,""consecutive_failures"":0,""current_index"":0,""current_item"":{""alias"":""media-63e22e276f"",""duration_ms"":15100,""media_kind"":""motion_media"",""offset_ms"":0,""path_alias"":""<media-path:c406539999>"",""started_at_present"":true},""last_poll_error"":""null"",""last_render_error"":""null"",""mpv_running"":true,""next_item"":{""alias"":""media-b04db49d99"",""duration_ms"":15100,""media_kind"":""motion_media"",""path_alias"":""<media-path:2b030c3c41>""},""playback_state"":""playing"",""playlist_size"":5,""present"":true,""uptime_sec"":4634}"
22	23.909	2026-07-15T15:43:36+0000	success		2	<media-path:c406539999>	<media-path:c406539999>	motion_media	<filename:aaf3979e21>	0	15.069751	0	false	false	false	0	v4l2request-copy	true	"{""aspect"":0.566038,""dh"":848,""dw"":480,""h"":848,""par"":1.0,""pixelformat"":""nv12"",""rotate"":0,""stereo-in"":""mono"",""w"":480}"	"{""duration"":""success"",""eof-reached"":""success"",""estimated-frame-number"":""success"",""filename"":""success"",""hwdec-current"":""success"",""idle-active"":""success"",""path"":""success"",""pause"":""success"",""percent-pos"":""success"",""time-pos"":""success"",""video-params"":""success"",""vo-configured"":""success""}"	true	playing	media-63e22e276f	<media-path:c406539999>	15100	0	true	"{""black_screen_risk_reason"":""null"",""blocked_media_count"":0,""consecutive_failures"":0,""current_index"":0,""current_item"":{""alias"":""media-63e22e276f"",""duration_ms"":15100,""media_kind"":""motion_media"",""offset_ms"":0,""path_alias"":""<media-path:c406539999>"",""started_at_present"":true},""last_poll_error"":""null"",""last_render_error"":""null"",""mpv_running"":true,""next_item"":{""alias"":""media-b04db49d99"",""duration_ms"":15100,""media_kind"":""motion_media"",""path_alias"":""<media-path:2b030c3c41>""},""playback_state"":""playing"",""playlist_size"":5,""present"":true,""uptime_sec"":4639}"
23	24.914	2026-07-15T15:43:37+0000	success		5	<media-path:2b030c3c41>	<media-path:2b030c3c41>	motion_media	<filename:c617160627>	0.566667	15.1	3.752759	false	false	false	17	v4l2request-copy	true	"{""aspect"":0.566038,""dh"":848,""dw"":480,""h"":848,""par"":1.0,""pixelformat"":""nv12"",""rotate"":0,""stereo-in"":""mono"",""w"":480}"	"{""duration"":""success"",""eof-reached"":""success"",""estimated-frame-number"":""success"",""filename"":""success"",""hwdec-current"":""success"",""idle-active"":""success"",""path"":""success"",""pause"":""success"",""percent-pos"":""success"",""time-pos"":""success"",""video-params"":""success"",""vo-configured"":""success""}"	true	playing	media-63e22e276f	<media-path:c406539999>	15100	0	true	"{""black_screen_risk_reason"":""null"",""blocked_media_count"":0,""consecutive_failures"":0,""current_index"":0,""current_item"":{""alias"":""media-63e22e276f"",""duration_ms"":15100,""media_kind"":""motion_media"",""offset_ms"":0,""path_alias"":""<media-path:c406539999>"",""started_at_present"":true},""last_poll_error"":""null"",""last_render_error"":""null"",""mpv_running"":true,""next_item"":{""alias"":""media-b04db49d99"",""duration_ms"":15100,""media_kind"":""motion_media"",""path_alias"":""<media-path:2b030c3c41>""},""playback_state"":""playing"",""playlist_size"":5,""present"":true,""uptime_sec"":4639}"
24	25.921	2026-07-15T15:43:38+0000	success		2	<media-path:2b030c3c41>	<media-path:2b030c3c41>	motion_media	<filename:c617160627>	1.566667	15.1	10.375276	false	false	false	47	v4l2request-copy	true	"{""aspect"":0.566038,""dh"":848,""dw"":480,""h"":848,""par"":1.0,""pixelformat"":""nv12"",""rotate"":0,""stereo-in"":""mono"",""w"":480}"	"{""duration"":""success"",""eof-reached"":""success"",""estimated-frame-number"":""success"",""filename"":""success"",""hwdec-current"":""success"",""idle-active"":""success"",""path"":""success"",""pause"":""success"",""percent-pos"":""success"",""time-pos"":""success"",""video-params"":""success"",""vo-configured"":""success""}"	true	playing	media-63e22e276f	<media-path:c406539999>	15100	0	true	"{""black_screen_risk_reason"":""null"",""blocked_media_count"":0,""consecutive_failures"":0,""current_index"":0,""current_item"":{""alias"":""media-63e22e276f"",""duration_ms"":15100,""media_kind"":""motion_media"",""offset_ms"":0,""path_alias"":""<media-path:c406539999>"",""started_at_present"":true},""last_poll_error"":""null"",""last_render_error"":""null"",""mpv_running"":true,""next_item"":{""alias"":""media-b04db49d99"",""duration_ms"":15100,""media_kind"":""motion_media"",""path_alias"":""<media-path:2b030c3c41>""},""playback_state"":""playing"",""playlist_size"":5,""present"":true,""uptime_sec"":4639}"
25	26.926	2026-07-15T15:43:39+0000	success		2	<media-path:2b030c3c41>	<media-path:2b030c3c41>	motion_media	<filename:c617160627>	2.6	15.1	17.218543	false	false	false	78	v4l2request-copy	true	"{""aspect"":0.566038,""dh"":848,""dw"":480,""h"":848,""par"":1.0,""pixelformat"":""nv12"",""rotate"":0,""stereo-in"":""mono"",""w"":480}"	"{""duration"":""success"",""eof-reached"":""success"",""estimated-frame-number"":""success"",""filename"":""success"",""hwdec-current"":""success"",""idle-active"":""success"",""path"":""success"",""pause"":""success"",""percent-pos"":""success"",""time-pos"":""success"",""video-params"":""success"",""vo-configured"":""success""}"	true	playing	media-63e22e276f	<media-path:c406539999>	15100	0	true	"{""black_screen_risk_reason"":""null"",""blocked_media_count"":0,""consecutive_failures"":0,""current_index"":0,""current_item"":{""alias"":""media-63e22e276f"",""duration_ms"":15100,""media_kind"":""motion_media"",""offset_ms"":0,""path_alias"":""<media-path:c406539999>"",""started_at_present"":true},""last_poll_error"":""null"",""last_render_error"":""null"",""mpv_running"":true,""next_item"":{""alias"":""media-b04db49d99"",""duration_ms"":15100,""media_kind"":""motion_media"",""path_alias"":""<media-path:2b030c3c41>""},""playback_state"":""playing"",""playlist_size"":5,""present"":true,""uptime_sec"":4639}"
26	27.931	2026-07-15T15:43:40+0000	success		2	<media-path:2b030c3c41>	<media-path:2b030c3c41>	motion_media	<filename:c617160627>	3.6	15.1	23.84106	false	false	false	108	v4l2request-copy	true	"{""aspect"":0.566038,""dh"":848,""dw"":480,""h"":848,""par"":1.0,""pixelformat"":""nv12"",""rotate"":0,""stereo-in"":""mono"",""w"":480}"	"{""duration"":""success"",""eof-reached"":""success"",""estimated-frame-number"":""success"",""filename"":""success"",""hwdec-current"":""success"",""idle-active"":""success"",""path"":""success"",""pause"":""success"",""percent-pos"":""success"",""time-pos"":""success"",""video-params"":""success"",""vo-configured"":""success""}"	true	playing	media-63e22e276f	<media-path:c406539999>	15100	0	true	"{""black_screen_risk_reason"":""null"",""blocked_media_count"":0,""consecutive_failures"":0,""current_index"":0,""current_item"":{""alias"":""media-63e22e276f"",""duration_ms"":15100,""media_kind"":""motion_media"",""offset_ms"":0,""path_alias"":""<media-path:c406539999>"",""started_at_present"":true},""last_poll_error"":""null"",""last_render_error"":""null"",""mpv_running"":true,""next_item"":{""alias"":""media-b04db49d99"",""duration_ms"":15100,""media_kind"":""motion_media"",""path_alias"":""<media-path:2b030c3c41>""},""playback_state"":""playing"",""playlist_size"":5,""present"":true,""uptime_sec"":4639}"
27	28.935	2026-07-15T15:43:41+0000	success		2	<media-path:2b030c3c41>	<media-path:2b030c3c41>	motion_media	<filename:c617160627>	4.6	15.1	30.463576	false	false	false	138	v4l2request-copy	true	"{""aspect"":0.566038,""dh"":848,""dw"":480,""h"":848,""par"":1.0,""pixelformat"":""nv12"",""rotate"":0,""stereo-in"":""mono"",""w"":480}"	"{""duration"":""success"",""eof-reached"":""success"",""estimated-frame-number"":""success"",""filename"":""success"",""hwdec-current"":""success"",""idle-active"":""success"",""path"":""success"",""pause"":""success"",""percent-pos"":""success"",""time-pos"":""success"",""video-params"":""success"",""vo-configured"":""success""}"	true	playing	media-b04db49d99	<media-path:2b030c3c41>	15100	1	true	"{""black_screen_risk_reason"":""null"",""blocked_media_count"":0,""consecutive_failures"":0,""current_index"":1,""current_item"":{""alias"":""media-b04db49d99"",""duration_ms"":15100,""media_kind"":""motion_media"",""offset_ms"":0,""path_alias"":""<media-path:2b030c3c41>"",""started_at_present"":true},""last_poll_error"":""null"",""last_render_error"":""null"",""mpv_running"":true,""next_item"":{""alias"":""media-8ffdc1f445"",""duration_ms"":14000,""media_kind"":""motion_media"",""path_alias"":""<media-path:fee4d36eb4>""},""playback_state"":""playing"",""playlist_size"":5,""present"":true,""uptime_sec"":4644}"
28	29.940	2026-07-15T15:43:42+0000	success		2	<media-path:2b030c3c41>	<media-path:2b030c3c41>	motion_media	<filename:c617160627>	5.6	15.1	37.086093	false	false	false	168	v4l2request-copy	true	"{""aspect"":0.566038,""dh"":848,""dw"":480,""h"":848,""par"":1.0,""pixelformat"":""nv12"",""rotate"":0,""stereo-in"":""mono"",""w"":480}"	"{""duration"":""success"",""eof-reached"":""success"",""estimated-frame-number"":""success"",""filename"":""success"",""hwdec-current"":""success"",""idle-active"":""success"",""path"":""success"",""pause"":""success"",""percent-pos"":""success"",""time-pos"":""success"",""video-params"":""success"",""vo-configured"":""success""}"	true	playing	media-b04db49d99	<media-path:2b030c3c41>	15100	1	true	"{""black_screen_risk_reason"":""null"",""blocked_media_count"":0,""consecutive_failures"":0,""current_index"":1,""current_item"":{""alias"":""media-b04db49d99"",""duration_ms"":15100,""media_kind"":""motion_media"",""offset_ms"":0,""path_alias"":""<media-path:2b030c3c41>"",""started_at_present"":true},""last_poll_error"":""null"",""last_render_error"":""null"",""mpv_running"":true,""next_item"":{""alias"":""media-8ffdc1f445"",""duration_ms"":14000,""media_kind"":""motion_media"",""path_alias"":""<media-path:fee4d36eb4>""},""playback_state"":""playing"",""playlist_size"":5,""present"":true,""uptime_sec"":4644}"
29	30.945	2026-07-15T15:43:43+0000	success		6	<media-path:2b030c3c41>	<media-path:2b030c3c41>	motion_media	<filename:c617160627>	6.6	15.1	43.708609	false	false	false	198	v4l2request-copy	true	"{""aspect"":0.566038,""dh"":848,""dw"":480,""h"":848,""par"":1.0,""pixelformat"":""nv12"",""rotate"":0,""stereo-in"":""mono"",""w"":480}"	"{""duration"":""success"",""eof-reached"":""success"",""estimated-frame-number"":""success"",""filename"":""success"",""hwdec-current"":""success"",""idle-active"":""success"",""path"":""success"",""pause"":""success"",""percent-pos"":""success"",""time-pos"":""success"",""video-params"":""success"",""vo-configured"":""success""}"	true	playing	media-b04db49d99	<media-path:2b030c3c41>	15100	1	true	"{""black_screen_risk_reason"":""null"",""blocked_media_count"":0,""consecutive_failures"":0,""current_index"":1,""current_item"":{""alias"":""media-b04db49d99"",""duration_ms"":15100,""media_kind"":""motion_media"",""offset_ms"":0,""path_alias"":""<media-path:2b030c3c41>"",""started_at_present"":true},""last_poll_error"":""null"",""last_render_error"":""null"",""mpv_running"":true,""next_item"":{""alias"":""media-8ffdc1f445"",""duration_ms"":14000,""media_kind"":""motion_media"",""path_alias"":""<media-path:fee4d36eb4>""},""playback_state"":""playing"",""playlist_size"":5,""present"":true,""uptime_sec"":4644}"
30	31.954	2026-07-15T15:43:44+0000	success		2	<media-path:2b030c3c41>	<media-path:2b030c3c41>	motion_media	<filename:c617160627>	7.6	15.1	50.331126	false	false	false	228	v4l2request-copy	true	"{""aspect"":0.566038,""dh"":848,""dw"":480,""h"":848,""par"":1.0,""pixelformat"":""nv12"",""rotate"":0,""stereo-in"":""mono"",""w"":480}"	"{""duration"":""success"",""eof-reached"":""success"",""estimated-frame-number"":""success"",""filename"":""success"",""hwdec-current"":""success"",""idle-active"":""success"",""path"":""success"",""pause"":""success"",""percent-pos"":""success"",""time-pos"":""success"",""video-params"":""success"",""vo-configured"":""success""}"	true	playing	media-b04db49d99	<media-path:2b030c3c41>	15100	1	true	"{""black_screen_risk_reason"":""null"",""blocked_media_count"":0,""consecutive_failures"":0,""current_index"":1,""current_item"":{""alias"":""media-b04db49d99"",""duration_ms"":15100,""media_kind"":""motion_media"",""offset_ms"":0,""path_alias"":""<media-path:2b030c3c41>"",""started_at_present"":true},""last_poll_error"":""null"",""last_render_error"":""null"",""mpv_running"":true,""next_item"":{""alias"":""media-8ffdc1f445"",""duration_ms"":14000,""media_kind"":""motion_media"",""path_alias"":""<media-path:fee4d36eb4>""},""playback_state"":""playing"",""playlist_size"":5,""present"":true,""uptime_sec"":4644}"
31	32.959	2026-07-15T15:43:45+0000	success		2	<media-path:2b030c3c41>	<media-path:2b030c3c41>	motion_media	<filename:c617160627>	8.633333	15.1	57.174393	false	false	false	259	v4l2request-copy	true	"{""aspect"":0.566038,""dh"":848,""dw"":480,""h"":848,""par"":1.0,""pixelformat"":""nv12"",""rotate"":0,""stereo-in"":""mono"",""w"":480}"	"{""duration"":""success"",""eof-reached"":""success"",""estimated-frame-number"":""success"",""filename"":""success"",""hwdec-current"":""success"",""idle-active"":""success"",""path"":""success"",""pause"":""success"",""percent-pos"":""success"",""time-pos"":""success"",""video-params"":""success"",""vo-configured"":""success""}"	true	playing	media-b04db49d99	<media-path:2b030c3c41>	15100	1	true	"{""black_screen_risk_reason"":""null"",""blocked_media_count"":0,""consecutive_failures"":0,""current_index"":1,""current_item"":{""alias"":""media-b04db49d99"",""duration_ms"":15100,""media_kind"":""motion_media"",""offset_ms"":0,""path_alias"":""<media-path:2b030c3c41>"",""started_at_present"":true},""last_poll_error"":""null"",""last_render_error"":""null"",""mpv_running"":true,""next_item"":{""alias"":""media-8ffdc1f445"",""duration_ms"":14000,""media_kind"":""motion_media"",""path_alias"":""<media-path:fee4d36eb4>""},""playback_state"":""playing"",""playlist_size"":5,""present"":true,""uptime_sec"":4644}"
32	33.964	2026-07-15T15:43:46+0000	success		3	<media-path:2b030c3c41>	<media-path:2b030c3c41>	motion_media	<filename:c617160627>	9.633333	15.1	63.796909	false	false	false	289	v4l2request-copy	true	"{""aspect"":0.566038,""dh"":848,""dw"":480,""h"":848,""par"":1.0,""pixelformat"":""nv12"",""rotate"":0,""stereo-in"":""mono"",""w"":480}"	"{""duration"":""success"",""eof-reached"":""success"",""estimated-frame-number"":""success"",""filename"":""success"",""hwdec-current"":""success"",""idle-active"":""success"",""path"":""success"",""pause"":""success"",""percent-pos"":""success"",""time-pos"":""success"",""video-params"":""success"",""vo-configured"":""success""}"	true	playing	media-b04db49d99	<media-path:2b030c3c41>	15100	1	true	"{""black_screen_risk_reason"":""null"",""blocked_media_count"":0,""consecutive_failures"":0,""current_index"":1,""current_item"":{""alias"":""media-b04db49d99"",""duration_ms"":15100,""media_kind"":""motion_media"",""offset_ms"":0,""path_alias"":""<media-path:2b030c3c41>"",""started_at_present"":true},""last_poll_error"":""null"",""last_render_error"":""null"",""mpv_running"":true,""next_item"":{""alias"":""media-8ffdc1f445"",""duration_ms"":14000,""media_kind"":""motion_media"",""path_alias"":""<media-path:fee4d36eb4>""},""playback_state"":""playing"",""playlist_size"":5,""present"":true,""uptime_sec"":4649}"
33	34.970	2026-07-15T15:43:47+0000	success		2	<media-path:2b030c3c41>	<media-path:2b030c3c41>	motion_media	<filename:c617160627>	10.633333	15.1	70.419426	false	false	false	319	v4l2request-copy	true	"{""aspect"":0.566038,""dh"":848,""dw"":480,""h"":848,""par"":1.0,""pixelformat"":""nv12"",""rotate"":0,""stereo-in"":""mono"",""w"":480}"	"{""duration"":""success"",""eof-reached"":""success"",""estimated-frame-number"":""success"",""filename"":""success"",""hwdec-current"":""success"",""idle-active"":""success"",""path"":""success"",""pause"":""success"",""percent-pos"":""success"",""time-pos"":""success"",""video-params"":""success"",""vo-configured"":""success""}"	true	playing	media-b04db49d99	<media-path:2b030c3c41>	15100	1	true	"{""black_screen_risk_reason"":""null"",""blocked_media_count"":0,""consecutive_failures"":0,""current_index"":1,""current_item"":{""alias"":""media-b04db49d99"",""duration_ms"":15100,""media_kind"":""motion_media"",""offset_ms"":0,""path_alias"":""<media-path:2b030c3c41>"",""started_at_present"":true},""last_poll_error"":""null"",""last_render_error"":""null"",""mpv_running"":true,""next_item"":{""alias"":""media-8ffdc1f445"",""duration_ms"":14000,""media_kind"":""motion_media"",""path_alias"":""<media-path:fee4d36eb4>""},""playback_state"":""playing"",""playlist_size"":5,""present"":true,""uptime_sec"":4649}"
34	35.975	2026-07-15T15:43:48+0000	success		10	<media-path:2b030c3c41>	<media-path:2b030c3c41>	motion_media	<filename:c617160627>	11.633333	15.1	77.041943	false	false	false	349	v4l2request-copy	true	"{""aspect"":0.566038,""dh"":848,""dw"":480,""h"":848,""par"":1.0,""pixelformat"":""nv12"",""rotate"":0,""stereo-in"":""mono"",""w"":480}"	"{""duration"":""success"",""eof-reached"":""success"",""estimated-frame-number"":""success"",""filename"":""success"",""hwdec-current"":""success"",""idle-active"":""success"",""path"":""success"",""pause"":""success"",""percent-pos"":""success"",""time-pos"":""success"",""video-params"":""success"",""vo-configured"":""success""}"	true	playing	media-b04db49d99	<media-path:2b030c3c41>	15100	1	true	"{""black_screen_risk_reason"":""null"",""blocked_media_count"":0,""consecutive_failures"":0,""current_index"":1,""current_item"":{""alias"":""media-b04db49d99"",""duration_ms"":15100,""media_kind"":""motion_media"",""offset_ms"":0,""path_alias"":""<media-path:2b030c3c41>"",""started_at_present"":true},""last_poll_error"":""null"",""last_render_error"":""null"",""mpv_running"":true,""next_item"":{""alias"":""media-8ffdc1f445"",""duration_ms"":14000,""media_kind"":""motion_media"",""path_alias"":""<media-path:fee4d36eb4>""},""playback_state"":""playing"",""playlist_size"":5,""present"":true,""uptime_sec"":4649}"
35	36.988	2026-07-15T15:43:49+0000	success		2	<media-path:2b030c3c41>	<media-path:2b030c3c41>	motion_media	<filename:c617160627>	12.633333	15.1	83.664459	false	false	false	379	v4l2request-copy	true	"{""aspect"":0.566038,""dh"":848,""dw"":480,""h"":848,""par"":1.0,""pixelformat"":""nv12"",""rotate"":0,""stereo-in"":""mono"",""w"":480}"	"{""duration"":""success"",""eof-reached"":""success"",""estimated-frame-number"":""success"",""filename"":""success"",""hwdec-current"":""success"",""idle-active"":""success"",""path"":""success"",""pause"":""success"",""percent-pos"":""success"",""time-pos"":""success"",""video-params"":""success"",""vo-configured"":""success""}"	true	playing	media-b04db49d99	<media-path:2b030c3c41>	15100	1	true	"{""black_screen_risk_reason"":""null"",""blocked_media_count"":0,""consecutive_failures"":0,""current_index"":1,""current_item"":{""alias"":""media-b04db49d99"",""duration_ms"":15100,""media_kind"":""motion_media"",""offset_ms"":0,""path_alias"":""<media-path:2b030c3c41>"",""started_at_present"":true},""last_poll_error"":""null"",""last_render_error"":""null"",""mpv_running"":true,""next_item"":{""alias"":""media-8ffdc1f445"",""duration_ms"":14000,""media_kind"":""motion_media"",""path_alias"":""<media-path:fee4d36eb4>""},""playback_state"":""playing"",""playlist_size"":5,""present"":true,""uptime_sec"":4649}"
36	37.993	2026-07-15T15:43:50+0000	success		2	<media-path:2b030c3c41>	<media-path:2b030c3c41>	motion_media	<filename:c617160627>	13.666667	15.1	90.507726	false	false	false	410	v4l2request-copy	true	"{""aspect"":0.566038,""dh"":848,""dw"":480,""h"":848,""par"":1.0,""pixelformat"":""nv12"",""rotate"":0,""stereo-in"":""mono"",""w"":480}"	"{""duration"":""success"",""eof-reached"":""success"",""estimated-frame-number"":""success"",""filename"":""success"",""hwdec-current"":""success"",""idle-active"":""success"",""path"":""success"",""pause"":""success"",""percent-pos"":""success"",""time-pos"":""success"",""video-params"":""success"",""vo-configured"":""success""}"	true	playing	media-b04db49d99	<media-path:2b030c3c41>	15100	1	true	"{""black_screen_risk_reason"":""null"",""blocked_media_count"":0,""consecutive_failures"":0,""current_index"":1,""current_item"":{""alias"":""media-b04db49d99"",""duration_ms"":15100,""media_kind"":""motion_media"",""offset_ms"":0,""path_alias"":""<media-path:2b030c3c41>"",""started_at_present"":true},""last_poll_error"":""null"",""last_render_error"":""null"",""mpv_running"":true,""next_item"":{""alias"":""media-8ffdc1f445"",""duration_ms"":14000,""media_kind"":""motion_media"",""path_alias"":""<media-path:fee4d36eb4>""},""playback_state"":""playing"",""playlist_size"":5,""present"":true,""uptime_sec"":4649}"
37	38.998	2026-07-15T15:43:51+0000	success		2	<media-path:2b030c3c41>	<media-path:2b030c3c41>	motion_media	<filename:c617160627>	14.666667	15.1	97.130243	false	false	false	440	v4l2request-copy	true	"{""aspect"":0.566038,""dh"":848,""dw"":480,""h"":848,""par"":1.0,""pixelformat"":""nv12"",""rotate"":0,""stereo-in"":""mono"",""w"":480}"	"{""duration"":""success"",""eof-reached"":""success"",""estimated-frame-number"":""success"",""filename"":""success"",""hwdec-current"":""success"",""idle-active"":""success"",""path"":""success"",""pause"":""success"",""percent-pos"":""success"",""time-pos"":""success"",""video-params"":""success"",""vo-configured"":""success""}"	true	playing	media-b04db49d99	<media-path:2b030c3c41>	15100	1	true	"{""black_screen_risk_reason"":""null"",""blocked_media_count"":0,""consecutive_failures"":0,""current_index"":1,""current_item"":{""alias"":""media-b04db49d99"",""duration_ms"":15100,""media_kind"":""motion_media"",""offset_ms"":0,""path_alias"":""<media-path:2b030c3c41>"",""started_at_present"":true},""last_poll_error"":""null"",""last_render_error"":""null"",""mpv_running"":true,""next_item"":{""alias"":""media-8ffdc1f445"",""duration_ms"":14000,""media_kind"":""motion_media"",""path_alias"":""<media-path:fee4d36eb4>""},""playback_state"":""playing"",""playlist_size"":5,""present"":true,""uptime_sec"":4654}"
38	40.002	2026-07-15T15:43:52+0000	success		2	<media-path:fee4d36eb4>	<media-path:fee4d36eb4>	motion_media	<filename:8ba6df5956>	0.3	14	2.142857	false	false	false	9	v4l2request-copy	true	"{""aspect"":0.557692,""dh"":832,""dw"":464,""h"":832,""par"":1.0,""pixelformat"":""nv12"",""rotate"":0,""stereo-in"":""mono"",""w"":464}"	"{""duration"":""success"",""eof-reached"":""success"",""estimated-frame-number"":""success"",""filename"":""success"",""hwdec-current"":""success"",""idle-active"":""success"",""path"":""success"",""pause"":""success"",""percent-pos"":""success"",""time-pos"":""success"",""video-params"":""success"",""vo-configured"":""success""}"	true	playing	media-b04db49d99	<media-path:2b030c3c41>	15100	1	true	"{""black_screen_risk_reason"":""null"",""blocked_media_count"":0,""consecutive_failures"":0,""current_index"":1,""current_item"":{""alias"":""media-b04db49d99"",""duration_ms"":15100,""media_kind"":""motion_media"",""offset_ms"":0,""path_alias"":""<media-path:2b030c3c41>"",""started_at_present"":true},""last_poll_error"":""null"",""last_render_error"":""null"",""mpv_running"":true,""next_item"":{""alias"":""media-8ffdc1f445"",""duration_ms"":14000,""media_kind"":""motion_media"",""path_alias"":""<media-path:fee4d36eb4>""},""playback_state"":""playing"",""playlist_size"":5,""present"":true,""uptime_sec"":4654}"
39	41.007	2026-07-15T15:43:53+0000	success		3	<media-path:fee4d36eb4>	<media-path:fee4d36eb4>	motion_media	<filename:8ba6df5956>	1.266667	14	9.047619	false	false	false	38	v4l2request-copy	true	"{""aspect"":0.557692,""dh"":832,""dw"":464,""h"":832,""par"":1.0,""pixelformat"":""nv12"",""rotate"":0,""stereo-in"":""mono"",""w"":464}"	"{""duration"":""success"",""eof-reached"":""success"",""estimated-frame-number"":""success"",""filename"":""success"",""hwdec-current"":""success"",""idle-active"":""success"",""path"":""success"",""pause"":""success"",""percent-pos"":""success"",""time-pos"":""success"",""video-params"":""success"",""vo-configured"":""success""}"	true	playing	media-b04db49d99	<media-path:2b030c3c41>	15100	1	true	"{""black_screen_risk_reason"":""null"",""blocked_media_count"":0,""consecutive_failures"":0,""current_index"":1,""current_item"":{""alias"":""media-b04db49d99"",""duration_ms"":15100,""media_kind"":""motion_media"",""offset_ms"":0,""path_alias"":""<media-path:2b030c3c41>"",""started_at_present"":true},""last_poll_error"":""null"",""last_render_error"":""null"",""mpv_running"":true,""next_item"":{""alias"":""media-8ffdc1f445"",""duration_ms"":14000,""media_kind"":""motion_media"",""path_alias"":""<media-path:fee4d36eb4>""},""playback_state"":""playing"",""playlist_size"":5,""present"":true,""uptime_sec"":4654}"
40	42.013	2026-07-15T15:43:54+0000	success		3	<media-path:fee4d36eb4>	<media-path:fee4d36eb4>	motion_media	<filename:8ba6df5956>	2.266667	14	16.190476	false	false	false	68	v4l2request-copy	true	"{""aspect"":0.557692,""dh"":832,""dw"":464,""h"":832,""par"":1.0,""pixelformat"":""nv12"",""rotate"":0,""stereo-in"":""mono"",""w"":464}"	"{""duration"":""success"",""eof-reached"":""success"",""estimated-frame-number"":""success"",""filename"":""success"",""hwdec-current"":""success"",""idle-active"":""success"",""path"":""success"",""pause"":""success"",""percent-pos"":""success"",""time-pos"":""success"",""video-params"":""success"",""vo-configured"":""success""}"	true	playing	media-b04db49d99	<media-path:2b030c3c41>	15100	1	true	"{""black_screen_risk_reason"":""null"",""blocked_media_count"":0,""consecutive_failures"":0,""current_index"":1,""current_item"":{""alias"":""media-b04db49d99"",""duration_ms"":15100,""media_kind"":""motion_media"",""offset_ms"":0,""path_alias"":""<media-path:2b030c3c41>"",""started_at_present"":true},""last_poll_error"":""null"",""last_render_error"":""null"",""mpv_running"":true,""next_item"":{""alias"":""media-8ffdc1f445"",""duration_ms"":14000,""media_kind"":""motion_media"",""path_alias"":""<media-path:fee4d36eb4>""},""playback_state"":""playing"",""playlist_size"":5,""present"":true,""uptime_sec"":4654}"
41	43.020	2026-07-15T15:43:55+0000	success		2	<media-path:fee4d36eb4>	<media-path:fee4d36eb4>	motion_media	<filename:8ba6df5956>	3.3	14	23.571429	false	false	false	99	v4l2request-copy	true	"{""aspect"":0.557692,""dh"":832,""dw"":464,""h"":832,""par"":1.0,""pixelformat"":""nv12"",""rotate"":0,""stereo-in"":""mono"",""w"":464}"	"{""duration"":""success"",""eof-reached"":""success"",""estimated-frame-number"":""success"",""filename"":""success"",""hwdec-current"":""success"",""idle-active"":""success"",""path"":""success"",""pause"":""success"",""percent-pos"":""success"",""time-pos"":""success"",""video-params"":""success"",""vo-configured"":""success""}"	true	playing	media-b04db49d99	<media-path:2b030c3c41>	15100	1	true	"{""black_screen_risk_reason"":""null"",""blocked_media_count"":0,""consecutive_failures"":0,""current_index"":1,""current_item"":{""alias"":""media-b04db49d99"",""duration_ms"":15100,""media_kind"":""motion_media"",""offset_ms"":0,""path_alias"":""<media-path:2b030c3c41>"",""started_at_present"":true},""last_poll_error"":""null"",""last_render_error"":""null"",""mpv_running"":true,""next_item"":{""alias"":""media-8ffdc1f445"",""duration_ms"":14000,""media_kind"":""motion_media"",""path_alias"":""<media-path:fee4d36eb4>""},""playback_state"":""playing"",""playlist_size"":5,""present"":true,""uptime_sec"":4654}"
42	44.024	2026-07-15T15:43:56+0000	success		2	<media-path:fee4d36eb4>	<media-path:fee4d36eb4>	motion_media	<filename:8ba6df5956>	4.3	14	30.714286	false	false	false	129	v4l2request-copy	true	"{""aspect"":0.557692,""dh"":832,""dw"":464,""h"":832,""par"":1.0,""pixelformat"":""nv12"",""rotate"":0,""stereo-in"":""mono"",""w"":464}"	"{""duration"":""success"",""eof-reached"":""success"",""estimated-frame-number"":""success"",""filename"":""success"",""hwdec-current"":""success"",""idle-active"":""success"",""path"":""success"",""pause"":""success"",""percent-pos"":""success"",""time-pos"":""success"",""video-params"":""success"",""vo-configured"":""success""}"	true	playing	media-8ffdc1f445	<media-path:fee4d36eb4>	14000	2	true	"{""black_screen_risk_reason"":""null"",""blocked_media_count"":0,""consecutive_failures"":0,""current_index"":2,""current_item"":{""alias"":""media-8ffdc1f445"",""duration_ms"":14000,""media_kind"":""motion_media"",""offset_ms"":0,""path_alias"":""<media-path:fee4d36eb4>"",""started_at_present"":true},""last_poll_error"":""null"",""last_render_error"":""null"",""mpv_running"":true,""next_item"":{""alias"":""media-749f1db21b"",""duration_ms"":3900,""media_kind"":""motion_media"",""path_alias"":""<media-path:31af3d58a2>""},""playback_state"":""playing"",""playlist_size"":5,""present"":true,""uptime_sec"":4659}"
43	45.029	2026-07-15T15:43:57+0000	success		3	<media-path:fee4d36eb4>	<media-path:fee4d36eb4>	motion_media	<filename:8ba6df5956>	5.3	14	37.857143	false	false	false	159	v4l2request-copy	true	"{""aspect"":0.557692,""dh"":832,""dw"":464,""h"":832,""par"":1.0,""pixelformat"":""nv12"",""rotate"":0,""stereo-in"":""mono"",""w"":464}"	"{""duration"":""success"",""eof-reached"":""success"",""estimated-frame-number"":""success"",""filename"":""success"",""hwdec-current"":""success"",""idle-active"":""success"",""path"":""success"",""pause"":""success"",""percent-pos"":""success"",""time-pos"":""success"",""video-params"":""success"",""vo-configured"":""success""}"	true	playing	media-8ffdc1f445	<media-path:fee4d36eb4>	14000	2	true	"{""black_screen_risk_reason"":""null"",""blocked_media_count"":0,""consecutive_failures"":0,""current_index"":2,""current_item"":{""alias"":""media-8ffdc1f445"",""duration_ms"":14000,""media_kind"":""motion_media"",""offset_ms"":0,""path_alias"":""<media-path:fee4d36eb4>"",""started_at_present"":true},""last_poll_error"":""null"",""last_render_error"":""null"",""mpv_running"":true,""next_item"":{""alias"":""media-749f1db21b"",""duration_ms"":3900,""media_kind"":""motion_media"",""path_alias"":""<media-path:31af3d58a2>""},""playback_state"":""playing"",""playlist_size"":5,""present"":true,""uptime_sec"":4659}"
44	46.036	2026-07-15T15:43:58+0000	success		5	<media-path:fee4d36eb4>	<media-path:fee4d36eb4>	motion_media	<filename:8ba6df5956>	6.3	14	45	false	false	false	189	v4l2request-copy	true	"{""aspect"":0.557692,""dh"":832,""dw"":464,""h"":832,""par"":1.0,""pixelformat"":""nv12"",""rotate"":0,""stereo-in"":""mono"",""w"":464}"	"{""duration"":""success"",""eof-reached"":""success"",""estimated-frame-number"":""success"",""filename"":""success"",""hwdec-current"":""success"",""idle-active"":""success"",""path"":""success"",""pause"":""success"",""percent-pos"":""success"",""time-pos"":""success"",""video-params"":""success"",""vo-configured"":""success""}"	true	playing	media-8ffdc1f445	<media-path:fee4d36eb4>	14000	2	true	"{""black_screen_risk_reason"":""null"",""blocked_media_count"":0,""consecutive_failures"":0,""current_index"":2,""current_item"":{""alias"":""media-8ffdc1f445"",""duration_ms"":14000,""media_kind"":""motion_media"",""offset_ms"":0,""path_alias"":""<media-path:fee4d36eb4>"",""started_at_present"":true},""last_poll_error"":""null"",""last_render_error"":""null"",""mpv_running"":true,""next_item"":{""alias"":""media-749f1db21b"",""duration_ms"":3900,""media_kind"":""motion_media"",""path_alias"":""<media-path:31af3d58a2>""},""playback_state"":""playing"",""playlist_size"":5,""present"":true,""uptime_sec"":4659}"
45	47.044	2026-07-15T15:43:59+0000	success		2	<media-path:fee4d36eb4>	<media-path:fee4d36eb4>	motion_media	<filename:8ba6df5956>	7.3	14	52.142857	false	false	false	219	v4l2request-copy	true	"{""aspect"":0.557692,""dh"":832,""dw"":464,""h"":832,""par"":1.0,""pixelformat"":""nv12"",""rotate"":0,""stereo-in"":""mono"",""w"":464}"	"{""duration"":""success"",""eof-reached"":""success"",""estimated-frame-number"":""success"",""filename"":""success"",""hwdec-current"":""success"",""idle-active"":""success"",""path"":""success"",""pause"":""success"",""percent-pos"":""success"",""time-pos"":""success"",""video-params"":""success"",""vo-configured"":""success""}"	true	playing	media-8ffdc1f445	<media-path:fee4d36eb4>	14000	2	true	"{""black_screen_risk_reason"":""null"",""blocked_media_count"":0,""consecutive_failures"":0,""current_index"":2,""current_item"":{""alias"":""media-8ffdc1f445"",""duration_ms"":14000,""media_kind"":""motion_media"",""offset_ms"":0,""path_alias"":""<media-path:fee4d36eb4>"",""started_at_present"":true},""last_poll_error"":""null"",""last_render_error"":""null"",""mpv_running"":true,""next_item"":{""alias"":""media-749f1db21b"",""duration_ms"":3900,""media_kind"":""motion_media"",""path_alias"":""<media-path:31af3d58a2>""},""playback_state"":""playing"",""playlist_size"":5,""present"":true,""uptime_sec"":4659}"
46	48.049	2026-07-15T15:44:00+0000	success		2	<media-path:fee4d36eb4>	<media-path:fee4d36eb4>	motion_media	<filename:8ba6df5956>	8.333333	14	59.52381	false	false	false	250	v4l2request-copy	true	"{""aspect"":0.557692,""dh"":832,""dw"":464,""h"":832,""par"":1.0,""pixelformat"":""nv12"",""rotate"":0,""stereo-in"":""mono"",""w"":464}"	"{""duration"":""success"",""eof-reached"":""success"",""estimated-frame-number"":""success"",""filename"":""success"",""hwdec-current"":""success"",""idle-active"":""success"",""path"":""success"",""pause"":""success"",""percent-pos"":""success"",""time-pos"":""success"",""video-params"":""success"",""vo-configured"":""success""}"	true	playing	media-8ffdc1f445	<media-path:fee4d36eb4>	14000	2	true	"{""black_screen_risk_reason"":""null"",""blocked_media_count"":0,""consecutive_failures"":0,""current_index"":2,""current_item"":{""alias"":""media-8ffdc1f445"",""duration_ms"":14000,""media_kind"":""motion_media"",""offset_ms"":0,""path_alias"":""<media-path:fee4d36eb4>"",""started_at_present"":true},""last_poll_error"":""null"",""last_render_error"":""null"",""mpv_running"":true,""next_item"":{""alias"":""media-749f1db21b"",""duration_ms"":3900,""media_kind"":""motion_media"",""path_alias"":""<media-path:31af3d58a2>""},""playback_state"":""playing"",""playlist_size"":5,""present"":true,""uptime_sec"":4659}"
47	49.055	2026-07-15T15:44:01+0000	success		2	<media-path:fee4d36eb4>	<media-path:fee4d36eb4>	motion_media	<filename:8ba6df5956>	9.333333	14	66.666667	false	false	false	280	v4l2request-copy	true	"{""aspect"":0.557692,""dh"":832,""dw"":464,""h"":832,""par"":1.0,""pixelformat"":""nv12"",""rotate"":0,""stereo-in"":""mono"",""w"":464}"	"{""duration"":""success"",""eof-reached"":""success"",""estimated-frame-number"":""success"",""filename"":""success"",""hwdec-current"":""success"",""idle-active"":""success"",""path"":""success"",""pause"":""success"",""percent-pos"":""success"",""time-pos"":""success"",""video-params"":""success"",""vo-configured"":""success""}"	true	playing	media-8ffdc1f445	<media-path:fee4d36eb4>	14000	2	true	"{""black_screen_risk_reason"":""null"",""blocked_media_count"":0,""consecutive_failures"":0,""current_index"":2,""current_item"":{""alias"":""media-8ffdc1f445"",""duration_ms"":14000,""media_kind"":""motion_media"",""offset_ms"":0,""path_alias"":""<media-path:fee4d36eb4>"",""started_at_present"":true},""last_poll_error"":""null"",""last_render_error"":""null"",""mpv_running"":true,""next_item"":{""alias"":""media-749f1db21b"",""duration_ms"":3900,""media_kind"":""motion_media"",""path_alias"":""<media-path:31af3d58a2>""},""playback_state"":""playing"",""playlist_size"":5,""present"":true,""uptime_sec"":4664}"
48	50.059	2026-07-15T15:44:02+0000	success		11	<media-path:fee4d36eb4>	<media-path:fee4d36eb4>	motion_media	<filename:8ba6df5956>	10.333333	14	73.809524	false	false	false	310	v4l2request-copy	true	"{""aspect"":0.557692,""dh"":832,""dw"":464,""h"":832,""par"":1.0,""pixelformat"":""nv12"",""rotate"":0,""stereo-in"":""mono"",""w"":464}"	"{""duration"":""success"",""eof-reached"":""success"",""estimated-frame-number"":""success"",""filename"":""success"",""hwdec-current"":""success"",""idle-active"":""success"",""path"":""success"",""pause"":""success"",""percent-pos"":""success"",""time-pos"":""success"",""video-params"":""success"",""vo-configured"":""success""}"	true	playing	media-8ffdc1f445	<media-path:fee4d36eb4>	14000	2	true	"{""black_screen_risk_reason"":""null"",""blocked_media_count"":0,""consecutive_failures"":0,""current_index"":2,""current_item"":{""alias"":""media-8ffdc1f445"",""duration_ms"":14000,""media_kind"":""motion_media"",""offset_ms"":0,""path_alias"":""<media-path:fee4d36eb4>"",""started_at_present"":true},""last_poll_error"":""null"",""last_render_error"":""null"",""mpv_running"":true,""next_item"":{""alias"":""media-749f1db21b"",""duration_ms"":3900,""media_kind"":""motion_media"",""path_alias"":""<media-path:31af3d58a2>""},""playback_state"":""playing"",""playlist_size"":5,""present"":true,""uptime_sec"":4664}"
49	51.074	2026-07-15T15:44:03+0000	success		3	<media-path:fee4d36eb4>	<media-path:fee4d36eb4>	motion_media	<filename:8ba6df5956>	11.333333	14	80.952381	false	false	false	340	v4l2request-copy	true	"{""aspect"":0.557692,""dh"":832,""dw"":464,""h"":832,""par"":1.0,""pixelformat"":""nv12"",""rotate"":0,""stereo-in"":""mono"",""w"":464}"	"{""duration"":""success"",""eof-reached"":""success"",""estimated-frame-number"":""success"",""filename"":""success"",""hwdec-current"":""success"",""idle-active"":""success"",""path"":""success"",""pause"":""success"",""percent-pos"":""success"",""time-pos"":""success"",""video-params"":""success"",""vo-configured"":""success""}"	true	playing	media-8ffdc1f445	<media-path:fee4d36eb4>	14000	2	true	"{""black_screen_risk_reason"":""null"",""blocked_media_count"":0,""consecutive_failures"":0,""current_index"":2,""current_item"":{""alias"":""media-8ffdc1f445"",""duration_ms"":14000,""media_kind"":""motion_media"",""offset_ms"":0,""path_alias"":""<media-path:fee4d36eb4>"",""started_at_present"":true},""last_poll_error"":""null"",""last_render_error"":""null"",""mpv_running"":true,""next_item"":{""alias"":""media-749f1db21b"",""duration_ms"":3900,""media_kind"":""motion_media"",""path_alias"":""<media-path:31af3d58a2>""},""playback_state"":""playing"",""playlist_size"":5,""present"":true,""uptime_sec"":4664}"
50	52.080	2026-07-15T15:44:04+0000	success		3	<media-path:fee4d36eb4>	<media-path:fee4d36eb4>	motion_media	<filename:8ba6df5956>	12.333333	14	88.095238	false	false	false	370	v4l2request-copy	true	"{""aspect"":0.557692,""dh"":832,""dw"":464,""h"":832,""par"":1.0,""pixelformat"":""nv12"",""rotate"":0,""stereo-in"":""mono"",""w"":464}"	"{""duration"":""success"",""eof-reached"":""success"",""estimated-frame-number"":""success"",""filename"":""success"",""hwdec-current"":""success"",""idle-active"":""success"",""path"":""success"",""pause"":""success"",""percent-pos"":""success"",""time-pos"":""success"",""video-params"":""success"",""vo-configured"":""success""}"	true	playing	media-8ffdc1f445	<media-path:fee4d36eb4>	14000	2	true	"{""black_screen_risk_reason"":""null"",""blocked_media_count"":0,""consecutive_failures"":0,""current_index"":2,""current_item"":{""alias"":""media-8ffdc1f445"",""duration_ms"":14000,""media_kind"":""motion_media"",""offset_ms"":0,""path_alias"":""<media-path:fee4d36eb4>"",""started_at_present"":true},""last_poll_error"":""null"",""last_render_error"":""null"",""mpv_running"":true,""next_item"":{""alias"":""media-749f1db21b"",""duration_ms"":3900,""media_kind"":""motion_media"",""path_alias"":""<media-path:31af3d58a2>""},""playback_state"":""playing"",""playlist_size"":5,""present"":true,""uptime_sec"":4664}"
51	53.087	2026-07-15T15:44:05+0000	success		3	<media-path:fee4d36eb4>	<media-path:fee4d36eb4>	motion_media	<filename:8ba6df5956>	13.366667	14	95.47619	false	false	false	401	v4l2request-copy	true	"{""aspect"":0.557692,""dh"":832,""dw"":464,""h"":832,""par"":1.0,""pixelformat"":""nv12"",""rotate"":0,""stereo-in"":""mono"",""w"":464}"	"{""duration"":""success"",""eof-reached"":""success"",""estimated-frame-number"":""success"",""filename"":""success"",""hwdec-current"":""success"",""idle-active"":""success"",""path"":""success"",""pause"":""success"",""percent-pos"":""success"",""time-pos"":""success"",""video-params"":""success"",""vo-configured"":""success""}"	true	playing	media-8ffdc1f445	<media-path:fee4d36eb4>	14000	2	true	"{""black_screen_risk_reason"":""null"",""blocked_media_count"":0,""consecutive_failures"":0,""current_index"":2,""current_item"":{""alias"":""media-8ffdc1f445"",""duration_ms"":14000,""media_kind"":""motion_media"",""offset_ms"":0,""path_alias"":""<media-path:fee4d36eb4>"",""started_at_present"":true},""last_poll_error"":""null"",""last_render_error"":""null"",""mpv_running"":true,""next_item"":{""alias"":""media-749f1db21b"",""duration_ms"":3900,""media_kind"":""motion_media"",""path_alias"":""<media-path:31af3d58a2>""},""playback_state"":""playing"",""playlist_size"":5,""present"":true,""uptime_sec"":4664}"
52	54.093	2026-07-15T15:44:06+0000	success		2	<media-path:31af3d58a2>	<media-path:31af3d58a2>	motion_media	<filename:92829f14a9>	0.2	3.9	5.128205	false	false	false	6	v4l2request-copy	true	"{""aspect"":0.566038,""dh"":848,""dw"":480,""h"":848,""par"":1.0,""pixelformat"":""nv12"",""rotate"":0,""stereo-in"":""mono"",""w"":480}"	"{""duration"":""success"",""eof-reached"":""success"",""estimated-frame-number"":""success"",""filename"":""success"",""hwdec-current"":""success"",""idle-active"":""success"",""path"":""success"",""pause"":""success"",""percent-pos"":""success"",""time-pos"":""success"",""video-params"":""success"",""vo-configured"":""success""}"	true	playing	media-8ffdc1f445	<media-path:fee4d36eb4>	14000	2	true	"{""black_screen_risk_reason"":""null"",""blocked_media_count"":0,""consecutive_failures"":0,""current_index"":2,""current_item"":{""alias"":""media-8ffdc1f445"",""duration_ms"":14000,""media_kind"":""motion_media"",""offset_ms"":0,""path_alias"":""<media-path:fee4d36eb4>"",""started_at_present"":true},""last_poll_error"":""null"",""last_render_error"":""null"",""mpv_running"":true,""next_item"":{""alias"":""media-749f1db21b"",""duration_ms"":3900,""media_kind"":""motion_media"",""path_alias"":""<media-path:31af3d58a2>""},""playback_state"":""playing"",""playlist_size"":5,""present"":true,""uptime_sec"":4669}"
53	55.098	2026-07-15T15:44:07+0000	success		2	<media-path:31af3d58a2>	<media-path:31af3d58a2>	motion_media	<filename:92829f14a9>	1.2	3.9	30.769231	false	false	false	36	v4l2request-copy	true	"{""aspect"":0.566038,""dh"":848,""dw"":480,""h"":848,""par"":1.0,""pixelformat"":""nv12"",""rotate"":0,""stereo-in"":""mono"",""w"":480}"	"{""duration"":""success"",""eof-reached"":""success"",""estimated-frame-number"":""success"",""filename"":""success"",""hwdec-current"":""success"",""idle-active"":""success"",""path"":""success"",""pause"":""success"",""percent-pos"":""success"",""time-pos"":""success"",""video-params"":""success"",""vo-configured"":""success""}"	true	playing	media-8ffdc1f445	<media-path:fee4d36eb4>	14000	2	true	"{""black_screen_risk_reason"":""null"",""blocked_media_count"":0,""consecutive_failures"":0,""current_index"":2,""current_item"":{""alias"":""media-8ffdc1f445"",""duration_ms"":14000,""media_kind"":""motion_media"",""offset_ms"":0,""path_alias"":""<media-path:fee4d36eb4>"",""started_at_present"":true},""last_poll_error"":""null"",""last_render_error"":""null"",""mpv_running"":true,""next_item"":{""alias"":""media-749f1db21b"",""duration_ms"":3900,""media_kind"":""motion_media"",""path_alias"":""<media-path:31af3d58a2>""},""playback_state"":""playing"",""playlist_size"":5,""present"":true,""uptime_sec"":4669}"
54	56.103	2026-07-15T15:44:08+0000	success		9	<media-path:31af3d58a2>	<media-path:31af3d58a2>	motion_media	<filename:92829f14a9>	2.2	3.9	56.410256	false	false	false	65	v4l2request-copy	true	"{""aspect"":0.566038,""dh"":848,""dw"":480,""h"":848,""par"":1.0,""pixelformat"":""nv12"",""rotate"":0,""stereo-in"":""mono"",""w"":480}"	"{""duration"":""success"",""eof-reached"":""success"",""estimated-frame-number"":""success"",""filename"":""success"",""hwdec-current"":""success"",""idle-active"":""success"",""path"":""success"",""pause"":""success"",""percent-pos"":""success"",""time-pos"":""success"",""video-params"":""success"",""vo-configured"":""success""}"	true	playing	media-8ffdc1f445	<media-path:fee4d36eb4>	14000	2	true	"{""black_screen_risk_reason"":""null"",""blocked_media_count"":0,""consecutive_failures"":0,""current_index"":2,""current_item"":{""alias"":""media-8ffdc1f445"",""duration_ms"":14000,""media_kind"":""motion_media"",""offset_ms"":0,""path_alias"":""<media-path:fee4d36eb4>"",""started_at_present"":true},""last_poll_error"":""null"",""last_render_error"":""null"",""mpv_running"":true,""next_item"":{""alias"":""media-749f1db21b"",""duration_ms"":3900,""media_kind"":""motion_media"",""path_alias"":""<media-path:31af3d58a2>""},""playback_state"":""playing"",""playlist_size"":5,""present"":true,""uptime_sec"":4669}"
55	57.114	2026-07-15T15:44:09+0000	success		2	<media-path:31af3d58a2>	<media-path:31af3d58a2>	motion_media	<filename:92829f14a9>	3.2	3.9	82.051282	false	false	false	95	v4l2request-copy	true	"{""aspect"":0.566038,""dh"":848,""dw"":480,""h"":848,""par"":1.0,""pixelformat"":""nv12"",""rotate"":0,""stereo-in"":""mono"",""w"":480}"	"{""duration"":""success"",""eof-reached"":""success"",""estimated-frame-number"":""success"",""filename"":""success"",""hwdec-current"":""success"",""idle-active"":""success"",""path"":""success"",""pause"":""success"",""percent-pos"":""success"",""time-pos"":""success"",""video-params"":""success"",""vo-configured"":""success""}"	true	playing	media-8ffdc1f445	<media-path:fee4d36eb4>	14000	2	true	"{""black_screen_risk_reason"":""null"",""blocked_media_count"":0,""consecutive_failures"":0,""current_index"":2,""current_item"":{""alias"":""media-8ffdc1f445"",""duration_ms"":14000,""media_kind"":""motion_media"",""offset_ms"":0,""path_alias"":""<media-path:fee4d36eb4>"",""started_at_present"":true},""last_poll_error"":""null"",""last_render_error"":""null"",""mpv_running"":true,""next_item"":{""alias"":""media-749f1db21b"",""duration_ms"":3900,""media_kind"":""motion_media"",""path_alias"":""<media-path:31af3d58a2>""},""playback_state"":""playing"",""playlist_size"":5,""present"":true,""uptime_sec"":4669}"
56	58.119	2026-07-15T15:44:10+0000	success		219	<media-path:3ba49b8978>	<media-path:3ba49b8978>	unclassified_media	<filename:e511e8bce0>	0.033367	28.061367	0.118906	false	false	false	1	v4l2request-copy	true	"{""aspect"":0.5625,""dh"":1920,""dw"":1080,""h"":1920,""par"":1.0,""pixelformat"":""nv12"",""rotate"":0,""stereo-in"":""mono"",""w"":1080}"	"{""duration"":""success"",""eof-reached"":""success"",""estimated-frame-number"":""success"",""filename"":""success"",""hwdec-current"":""success"",""idle-active"":""success"",""path"":""success"",""pause"":""success"",""percent-pos"":""success"",""time-pos"":""success"",""video-params"":""success"",""vo-configured"":""success""}"	true	playing	media-8ffdc1f445	<media-path:fee4d36eb4>	14000	2	true	"{""black_screen_risk_reason"":""null"",""blocked_media_count"":0,""consecutive_failures"":0,""current_index"":2,""current_item"":{""alias"":""media-8ffdc1f445"",""duration_ms"":14000,""media_kind"":""motion_media"",""offset_ms"":0,""path_alias"":""<media-path:fee4d36eb4>"",""started_at_present"":true},""last_poll_error"":""null"",""last_render_error"":""null"",""mpv_running"":true,""next_item"":{""alias"":""media-749f1db21b"",""duration_ms"":3900,""media_kind"":""motion_media"",""path_alias"":""<media-path:31af3d58a2>""},""playback_state"":""playing"",""playlist_size"":5,""present"":true,""uptime_sec"":4669}"
57	59.342	2026-07-15T15:44:11+0000	success		459	<media-path:3ba49b8978>	<media-path:3ba49b8978>	motion_media	<filename:e511e8bce0>	0.834167	28.061367	3.210464	false	false	false	29	v4l2request-copy	true	"{""aspect"":0.5625,""dh"":1920,""dw"":1080,""h"":1920,""par"":1.0,""pixelformat"":""nv12"",""rotate"":0,""stereo-in"":""mono"",""w"":1080}"	"{""duration"":""success"",""eof-reached"":""success"",""estimated-frame-number"":""success"",""filename"":""success"",""hwdec-current"":""success"",""idle-active"":""success"",""path"":""success"",""pause"":""success"",""percent-pos"":""success"",""time-pos"":""success"",""video-params"":""success"",""vo-configured"":""success""}"	true	playing	media-b8c9a5f04c	<media-path:3ba49b8978>	28100	4	true	"{""black_screen_risk_reason"":""null"",""blocked_media_count"":0,""consecutive_failures"":0,""current_index"":4,""current_item"":{""alias"":""media-b8c9a5f04c"",""duration_ms"":28100,""media_kind"":""motion_media"",""offset_ms"":0,""path_alias"":""<media-path:3ba49b8978>"",""started_at_present"":true},""last_poll_error"":""null"",""last_render_error"":""null"",""mpv_running"":true,""next_item"":{""alias"":""media-63e22e276f"",""duration_ms"":15100,""media_kind"":""motion_media"",""path_alias"":""<media-path:c406539999>""},""playback_state"":""playing"",""playlist_size"":5,""present"":true,""uptime_sec"":4674}"
58	60.806	2026-07-15T15:44:13+0000	success		474	<media-path:3ba49b8978>	<media-path:3ba49b8978>	motion_media	<filename:e511e8bce0>	1.968633	28.061367	7.25327	false	false	false	63	v4l2request-copy	true	"{""aspect"":0.5625,""dh"":1920,""dw"":1080,""h"":1920,""par"":1.0,""pixelformat"":""nv12"",""rotate"":0,""stereo-in"":""mono"",""w"":1080}"	"{""duration"":""success"",""eof-reached"":""success"",""estimated-frame-number"":""success"",""filename"":""success"",""hwdec-current"":""success"",""idle-active"":""success"",""path"":""success"",""pause"":""success"",""percent-pos"":""success"",""time-pos"":""success"",""video-params"":""success"",""vo-configured"":""success""}"	true	playing	media-b8c9a5f04c	<media-path:3ba49b8978>	28100	4	true	"{""black_screen_risk_reason"":""null"",""blocked_media_count"":0,""consecutive_failures"":0,""current_index"":4,""current_item"":{""alias"":""media-b8c9a5f04c"",""duration_ms"":28100,""media_kind"":""motion_media"",""offset_ms"":0,""path_alias"":""<media-path:3ba49b8978>"",""started_at_present"":true},""last_poll_error"":""null"",""last_render_error"":""null"",""mpv_running"":true,""next_item"":{""alias"":""media-63e22e276f"",""duration_ms"":15100,""media_kind"":""motion_media"",""path_alias"":""<media-path:c406539999>""},""playback_state"":""playing"",""playlist_size"":5,""present"":true,""uptime_sec"":4674}"
59	62.283	2026-07-15T15:44:14+0000	success		395	<media-path:3ba49b8978>	<media-path:3ba49b8978>	motion_media	<filename:e511e8bce0>	3.136467	28.061367	11.414982	false	false	false	98	v4l2request-copy	true	"{""aspect"":0.5625,""dh"":1920,""dw"":1080,""h"":1920,""par"":1.0,""pixelformat"":""nv12"",""rotate"":0,""stereo-in"":""mono"",""w"":1080}"	"{""duration"":""success"",""eof-reached"":""success"",""estimated-frame-number"":""success"",""filename"":""success"",""hwdec-current"":""success"",""idle-active"":""success"",""path"":""success"",""pause"":""success"",""percent-pos"":""success"",""time-pos"":""success"",""video-params"":""success"",""vo-configured"":""success""}"	true	playing	media-b8c9a5f04c	<media-path:3ba49b8978>	28100	4	true	"{""black_screen_risk_reason"":""null"",""blocked_media_count"":0,""consecutive_failures"":0,""current_index"":4,""current_item"":{""alias"":""media-b8c9a5f04c"",""duration_ms"":28100,""media_kind"":""motion_media"",""offset_ms"":0,""path_alias"":""<media-path:3ba49b8978>"",""started_at_present"":true},""last_poll_error"":""null"",""last_render_error"":""null"",""mpv_running"":true,""next_item"":{""alias"":""media-63e22e276f"",""duration_ms"":15100,""media_kind"":""motion_media"",""path_alias"":""<media-path:c406539999>""},""playback_state"":""playing"",""playlist_size"":5,""present"":true,""uptime_sec"":4674}"
60	63.682	2026-07-15T15:44:16+0000	success		476	<media-path:3ba49b8978>	<media-path:3ba49b8978>	motion_media	<filename:e511e8bce0>	4.237567	28.061367	15.338882	false	false	false	131	v4l2request-copy	true	"{""aspect"":0.5625,""dh"":1920,""dw"":1080,""h"":1920,""par"":1.0,""pixelformat"":""nv12"",""rotate"":0,""stereo-in"":""mono"",""w"":1080}"	"{""duration"":""success"",""eof-reached"":""success"",""estimated-frame-number"":""success"",""filename"":""success"",""hwdec-current"":""success"",""idle-active"":""success"",""path"":""success"",""pause"":""success"",""percent-pos"":""success"",""time-pos"":""success"",""video-params"":""success"",""vo-configured"":""success""}"	true	playing	media-b8c9a5f04c	<media-path:3ba49b8978>	28100	4	true	"{""black_screen_risk_reason"":""null"",""blocked_media_count"":0,""consecutive_failures"":0,""current_index"":4,""current_item"":{""alias"":""media-b8c9a5f04c"",""duration_ms"":28100,""media_kind"":""motion_media"",""offset_ms"":0,""path_alias"":""<media-path:3ba49b8978>"",""started_at_present"":true},""last_poll_error"":""null"",""last_render_error"":""null"",""mpv_running"":true,""next_item"":{""alias"":""media-63e22e276f"",""duration_ms"":15100,""media_kind"":""motion_media"",""path_alias"":""<media-path:c406539999>""},""playback_state"":""playing"",""playlist_size"":5,""present"":true,""uptime_sec"":4679}"
61	65.163	2026-07-15T15:44:17+0000	success		517	<media-path:3ba49b8978>	<media-path:3ba49b8978>	motion_media	<filename:e511e8bce0>	5.4054	28.061367	19.500595	false	false	false	166	v4l2request-copy	true	"{""aspect"":0.5625,""dh"":1920,""dw"":1080,""h"":1920,""par"":1.0,""pixelformat"":""nv12"",""rotate"":0,""stereo-in"":""mono"",""w"":1080}"	"{""duration"":""success"",""eof-reached"":""success"",""estimated-frame-number"":""success"",""filename"":""success"",""hwdec-current"":""success"",""idle-active"":""success"",""path"":""success"",""pause"":""success"",""percent-pos"":""success"",""time-pos"":""success"",""video-params"":""success"",""vo-configured"":""success""}"	true	playing	media-b8c9a5f04c	<media-path:3ba49b8978>	28100	4	true	"{""black_screen_risk_reason"":""null"",""blocked_media_count"":0,""consecutive_failures"":0,""current_index"":4,""current_item"":{""alias"":""media-b8c9a5f04c"",""duration_ms"":28100,""media_kind"":""motion_media"",""offset_ms"":0,""path_alias"":""<media-path:3ba49b8978>"",""started_at_present"":true},""last_poll_error"":""null"",""last_render_error"":""null"",""mpv_running"":true,""next_item"":{""alias"":""media-63e22e276f"",""duration_ms"":15100,""media_kind"":""motion_media"",""path_alias"":""<media-path:c406539999>""},""playback_state"":""playing"",""playlist_size"":5,""present"":true,""uptime_sec"":4679}"
62	66.685	2026-07-15T15:44:19+0000	success		475	<media-path:3ba49b8978>	<media-path:3ba49b8978>	motion_media	<filename:e511e8bce0>	6.573233	28.061367	23.662307	false	false	false	201	v4l2request-copy	true	"{""aspect"":0.5625,""dh"":1920,""dw"":1080,""h"":1920,""par"":1.0,""pixelformat"":""nv12"",""rotate"":0,""stereo-in"":""mono"",""w"":1080}"	"{""duration"":""success"",""eof-reached"":""success"",""estimated-frame-number"":""success"",""filename"":""success"",""hwdec-current"":""success"",""idle-active"":""success"",""path"":""success"",""pause"":""success"",""percent-pos"":""success"",""time-pos"":""success"",""video-params"":""success"",""vo-configured"":""success""}"	true	playing	media-b8c9a5f04c	<media-path:3ba49b8978>	28100	4	true	"{""black_screen_risk_reason"":""null"",""blocked_media_count"":0,""consecutive_failures"":0,""current_index"":4,""current_item"":{""alias"":""media-b8c9a5f04c"",""duration_ms"":28100,""media_kind"":""motion_media"",""offset_ms"":0,""path_alias"":""<media-path:3ba49b8978>"",""started_at_present"":true},""last_poll_error"":""null"",""last_render_error"":""null"",""mpv_running"":true,""next_item"":{""alias"":""media-63e22e276f"",""duration_ms"":15100,""media_kind"":""motion_media"",""path_alias"":""<media-path:c406539999>""},""playback_state"":""playing"",""playlist_size"":5,""present"":true,""uptime_sec"":4679}"
63	68.164	2026-07-15T15:44:20+0000	success		108	<media-path:3ba49b8978>	<media-path:3ba49b8978>	motion_media	<filename:e511e8bce0>	7.741067	28.061367	27.586207	false	false	false	232	v4l2request-copy	true	"{""aspect"":0.5625,""dh"":1920,""dw"":1080,""h"":1920,""par"":1.0,""pixelformat"":""nv12"",""rotate"":0,""stereo-in"":""mono"",""w"":1080}"	"{""duration"":""success"",""eof-reached"":""success"",""estimated-frame-number"":""success"",""filename"":""success"",""hwdec-current"":""success"",""idle-active"":""success"",""path"":""success"",""pause"":""success"",""percent-pos"":""success"",""time-pos"":""success"",""video-params"":""success"",""vo-configured"":""success""}"	true	playing	media-b8c9a5f04c	<media-path:3ba49b8978>	28100	4	true	"{""black_screen_risk_reason"":""null"",""blocked_media_count"":0,""consecutive_failures"":0,""current_index"":4,""current_item"":{""alias"":""media-b8c9a5f04c"",""duration_ms"":28100,""media_kind"":""motion_media"",""offset_ms"":0,""path_alias"":""<media-path:3ba49b8978>"",""started_at_present"":true},""last_poll_error"":""null"",""last_render_error"":""null"",""mpv_running"":true,""next_item"":{""alias"":""media-63e22e276f"",""duration_ms"":15100,""media_kind"":""motion_media"",""path_alias"":""<media-path:c406539999>""},""playback_state"":""playing"",""playlist_size"":5,""present"":true,""uptime_sec"":4679}"
64	69.276	2026-07-15T15:44:21+0000	success		478	<media-path:3ba49b8978>	<media-path:3ba49b8978>	motion_media	<filename:e511e8bce0>	8.6086	28.061367	30.915577	false	false	false	262	v4l2request-copy	true	"{""aspect"":0.5625,""dh"":1920,""dw"":1080,""h"":1920,""par"":1.0,""pixelformat"":""nv12"",""rotate"":0,""stereo-in"":""mono"",""w"":1080}"	"{""duration"":""success"",""eof-reached"":""success"",""estimated-frame-number"":""success"",""filename"":""success"",""hwdec-current"":""success"",""idle-active"":""success"",""path"":""success"",""pause"":""success"",""percent-pos"":""success"",""time-pos"":""success"",""video-params"":""success"",""vo-configured"":""success""}"	true	playing	media-b8c9a5f04c	<media-path:3ba49b8978>	28100	4	true	"{""black_screen_risk_reason"":""null"",""blocked_media_count"":0,""consecutive_failures"":0,""current_index"":4,""current_item"":{""alias"":""media-b8c9a5f04c"",""duration_ms"":28100,""media_kind"":""motion_media"",""offset_ms"":0,""path_alias"":""<media-path:3ba49b8978>"",""started_at_present"":true},""last_poll_error"":""null"",""last_render_error"":""null"",""mpv_running"":true,""next_item"":{""alias"":""media-63e22e276f"",""duration_ms"":15100,""media_kind"":""motion_media"",""path_alias"":""<media-path:c406539999>""},""playback_state"":""playing"",""playlist_size"":5,""present"":true,""uptime_sec"":4684}"
65	70.760	2026-07-15T15:44:23+0000	success		251	<media-path:3ba49b8978>	<media-path:3ba49b8978>	motion_media	<filename:e511e8bce0>	9.776433	28.061367	35.077289	false	false	false	296	v4l2request-copy	true	"{""aspect"":0.5625,""dh"":1920,""dw"":1080,""h"":1920,""par"":1.0,""pixelformat"":""nv12"",""rotate"":0,""stereo-in"":""mono"",""w"":1080}"	"{""duration"":""success"",""eof-reached"":""success"",""estimated-frame-number"":""success"",""filename"":""success"",""hwdec-current"":""success"",""idle-active"":""success"",""path"":""success"",""pause"":""success"",""percent-pos"":""success"",""time-pos"":""success"",""video-params"":""success"",""vo-configured"":""success""}"	true	playing	media-b8c9a5f04c	<media-path:3ba49b8978>	28100	4	true	"{""black_screen_risk_reason"":""null"",""blocked_media_count"":0,""consecutive_failures"":0,""current_index"":4,""current_item"":{""alias"":""media-b8c9a5f04c"",""duration_ms"":28100,""media_kind"":""motion_media"",""offset_ms"":0,""path_alias"":""<media-path:3ba49b8978>"",""started_at_present"":true},""last_poll_error"":""null"",""last_render_error"":""null"",""mpv_running"":true,""next_item"":{""alias"":""media-63e22e276f"",""duration_ms"":15100,""media_kind"":""motion_media"",""path_alias"":""<media-path:c406539999>""},""playback_state"":""playing"",""playlist_size"":5,""present"":true,""uptime_sec"":4684}"
66	72.016	2026-07-15T15:44:24+0000	success		465	<media-path:3ba49b8978>	<media-path:3ba49b8978>	motion_media	<filename:e511e8bce0>	10.744067	28.061367	38.525565	false	false	false	326	v4l2request-copy	true	"{""aspect"":0.5625,""dh"":1920,""dw"":1080,""h"":1920,""par"":1.0,""pixelformat"":""nv12"",""rotate"":0,""stereo-in"":""mono"",""w"":1080}"	"{""duration"":""success"",""eof-reached"":""success"",""estimated-frame-number"":""success"",""filename"":""success"",""hwdec-current"":""success"",""idle-active"":""success"",""path"":""success"",""pause"":""success"",""percent-pos"":""success"",""time-pos"":""success"",""video-params"":""success"",""vo-configured"":""success""}"	true	playing	media-b8c9a5f04c	<media-path:3ba49b8978>	28100	4	true	"{""black_screen_risk_reason"":""null"",""blocked_media_count"":0,""consecutive_failures"":0,""current_index"":4,""current_item"":{""alias"":""media-b8c9a5f04c"",""duration_ms"":28100,""media_kind"":""motion_media"",""offset_ms"":0,""path_alias"":""<media-path:3ba49b8978>"",""started_at_present"":true},""last_poll_error"":""null"",""last_render_error"":""null"",""mpv_running"":true,""next_item"":{""alias"":""media-63e22e276f"",""duration_ms"":15100,""media_kind"":""motion_media"",""path_alias"":""<media-path:c406539999>""},""playback_state"":""playing"",""playlist_size"":5,""present"":true,""uptime_sec"":4684}"
67	73.484	2026-07-15T15:44:26+0000	success		463	<media-path:3ba49b8978>	<media-path:3ba49b8978>	motion_media	<filename:e511e8bce0>	11.9119	28.061367	42.687277	false	false	false	361	v4l2request-copy	true	"{""aspect"":0.5625,""dh"":1920,""dw"":1080,""h"":1920,""par"":1.0,""pixelformat"":""nv12"",""rotate"":0,""stereo-in"":""mono"",""w"":1080}"	"{""duration"":""success"",""eof-reached"":""success"",""estimated-frame-number"":""success"",""filename"":""success"",""hwdec-current"":""success"",""idle-active"":""success"",""path"":""success"",""pause"":""success"",""percent-pos"":""success"",""time-pos"":""success"",""video-params"":""success"",""vo-configured"":""success""}"	true	playing	media-b8c9a5f04c	<media-path:3ba49b8978>	28100	4	true	"{""black_screen_risk_reason"":""null"",""blocked_media_count"":0,""consecutive_failures"":0,""current_index"":4,""current_item"":{""alias"":""media-b8c9a5f04c"",""duration_ms"":28100,""media_kind"":""motion_media"",""offset_ms"":0,""path_alias"":""<media-path:3ba49b8978>"",""started_at_present"":true},""last_poll_error"":""null"",""last_render_error"":""null"",""mpv_running"":true,""next_item"":{""alias"":""media-63e22e276f"",""duration_ms"":15100,""media_kind"":""motion_media"",""path_alias"":""<media-path:c406539999>""},""playback_state"":""playing"",""playlist_size"":5,""present"":true,""uptime_sec"":4689}"
68	74.954	2026-07-15T15:44:27+0000	success		505	<media-path:3ba49b8978>	<media-path:3ba49b8978>	motion_media	<filename:e511e8bce0>	13.079733	28.061367	46.848989	false	false	false	396	v4l2request-copy	true	"{""aspect"":0.5625,""dh"":1920,""dw"":1080,""h"":1920,""par"":1.0,""pixelformat"":""nv12"",""rotate"":0,""stereo-in"":""mono"",""w"":1080}"	"{""duration"":""success"",""eof-reached"":""success"",""estimated-frame-number"":""success"",""filename"":""success"",""hwdec-current"":""success"",""idle-active"":""success"",""path"":""success"",""pause"":""success"",""percent-pos"":""success"",""time-pos"":""success"",""video-params"":""success"",""vo-configured"":""success""}"	true	playing	media-b8c9a5f04c	<media-path:3ba49b8978>	28100	4	true	"{""black_screen_risk_reason"":""null"",""blocked_media_count"":0,""consecutive_failures"":0,""current_index"":4,""current_item"":{""alias"":""media-b8c9a5f04c"",""duration_ms"":28100,""media_kind"":""motion_media"",""offset_ms"":0,""path_alias"":""<media-path:3ba49b8978>"",""started_at_present"":true},""last_poll_error"":""null"",""last_render_error"":""null"",""mpv_running"":true,""next_item"":{""alias"":""media-63e22e276f"",""duration_ms"":15100,""media_kind"":""motion_media"",""path_alias"":""<media-path:c406539999>""},""playback_state"":""playing"",""playlist_size"":5,""present"":true,""uptime_sec"":4689}"
69	76.464	2026-07-15T15:44:28+0000	success		327	<media-path:3ba49b8978>	<media-path:3ba49b8978>	motion_media	<filename:e511e8bce0>	14.247567	28.061367	51.010702	false	false	false	431	v4l2request-copy	true	"{""aspect"":0.5625,""dh"":1920,""dw"":1080,""h"":1920,""par"":1.0,""pixelformat"":""nv12"",""rotate"":0,""stereo-in"":""mono"",""w"":1080}"	"{""duration"":""success"",""eof-reached"":""success"",""estimated-frame-number"":""success"",""filename"":""success"",""hwdec-current"":""success"",""idle-active"":""success"",""path"":""success"",""pause"":""success"",""percent-pos"":""success"",""time-pos"":""success"",""video-params"":""success"",""vo-configured"":""success""}"	true	playing	media-b8c9a5f04c	<media-path:3ba49b8978>	28100	4	true	"{""black_screen_risk_reason"":""null"",""blocked_media_count"":0,""consecutive_failures"":0,""current_index"":4,""current_item"":{""alias"":""media-b8c9a5f04c"",""duration_ms"":28100,""media_kind"":""motion_media"",""offset_ms"":0,""path_alias"":""<media-path:3ba49b8978>"",""started_at_present"":true},""last_poll_error"":""null"",""last_render_error"":""null"",""mpv_running"":true,""next_item"":{""alias"":""media-63e22e276f"",""duration_ms"":15100,""media_kind"":""motion_media"",""path_alias"":""<media-path:c406539999>""},""playback_state"":""playing"",""playlist_size"":5,""present"":true,""uptime_sec"":4689}"
70	77.796	2026-07-15T15:44:30+0000	success		466	<media-path:3ba49b8978>	<media-path:3ba49b8978>	motion_media	<filename:e511e8bce0>	15.281933	28.061367	54.69679	false	false	false	462	v4l2request-copy	true	"{""aspect"":0.5625,""dh"":1920,""dw"":1080,""h"":1920,""par"":1.0,""pixelformat"":""nv12"",""rotate"":0,""stereo-in"":""mono"",""w"":1080}"	"{""duration"":""success"",""eof-reached"":""success"",""estimated-frame-number"":""success"",""filename"":""success"",""hwdec-current"":""success"",""idle-active"":""success"",""path"":""success"",""pause"":""success"",""percent-pos"":""success"",""time-pos"":""success"",""video-params"":""success"",""vo-configured"":""success""}"	true	playing	media-b8c9a5f04c	<media-path:3ba49b8978>	28100	4	true	"{""black_screen_risk_reason"":""null"",""blocked_media_count"":0,""consecutive_failures"":0,""current_index"":4,""current_item"":{""alias"":""media-b8c9a5f04c"",""duration_ms"":28100,""media_kind"":""motion_media"",""offset_ms"":0,""path_alias"":""<media-path:3ba49b8978>"",""started_at_present"":true},""last_poll_error"":""null"",""last_render_error"":""null"",""mpv_running"":true,""next_item"":{""alias"":""media-63e22e276f"",""duration_ms"":15100,""media_kind"":""motion_media"",""path_alias"":""<media-path:c406539999>""},""playback_state"":""playing"",""playlist_size"":5,""present"":true,""uptime_sec"":4689}"
71	79.267	2026-07-15T15:44:31+0000	success		484	<media-path:3ba49b8978>	<media-path:3ba49b8978>	motion_media	<filename:e511e8bce0>	16.449767	28.061367	58.858502	false	false	false	497	v4l2request-copy	true	"{""aspect"":0.5625,""dh"":1920,""dw"":1080,""h"":1920,""par"":1.0,""pixelformat"":""nv12"",""rotate"":0,""stereo-in"":""mono"",""w"":1080}"	"{""duration"":""success"",""eof-reached"":""success"",""estimated-frame-number"":""success"",""filename"":""success"",""hwdec-current"":""success"",""idle-active"":""success"",""path"":""success"",""pause"":""success"",""percent-pos"":""success"",""time-pos"":""success"",""video-params"":""success"",""vo-configured"":""success""}"	true	playing	media-b8c9a5f04c	<media-path:3ba49b8978>	28100	4	true	"{""black_screen_risk_reason"":""null"",""blocked_media_count"":0,""consecutive_failures"":0,""current_index"":4,""current_item"":{""alias"":""media-b8c9a5f04c"",""duration_ms"":28100,""media_kind"":""motion_media"",""offset_ms"":0,""path_alias"":""<media-path:3ba49b8978>"",""started_at_present"":true},""last_poll_error"":""null"",""last_render_error"":""null"",""mpv_running"":true,""next_item"":{""alias"":""media-63e22e276f"",""duration_ms"":15100,""media_kind"":""motion_media"",""path_alias"":""<media-path:c406539999>""},""playback_state"":""playing"",""playlist_size"":5,""present"":true,""uptime_sec"":4694}"
72	80.755	2026-07-15T15:44:33+0000	success		492	<media-path:3ba49b8978>	<media-path:3ba49b8978>	motion_media	<filename:e511e8bce0>	17.6176	28.061367	63.020214	false	false	false	532	v4l2request-copy	true	"{""aspect"":0.5625,""dh"":1920,""dw"":1080,""h"":1920,""par"":1.0,""pixelformat"":""nv12"",""rotate"":0,""stereo-in"":""mono"",""w"":1080}"	"{""duration"":""success"",""eof-reached"":""success"",""estimated-frame-number"":""success"",""filename"":""success"",""hwdec-current"":""success"",""idle-active"":""success"",""path"":""success"",""pause"":""success"",""percent-pos"":""success"",""time-pos"":""success"",""video-params"":""success"",""vo-configured"":""success""}"	true	playing	media-b8c9a5f04c	<media-path:3ba49b8978>	28100	4	true	"{""black_screen_risk_reason"":""null"",""blocked_media_count"":0,""consecutive_failures"":0,""current_index"":4,""current_item"":{""alias"":""media-b8c9a5f04c"",""duration_ms"":28100,""media_kind"":""motion_media"",""offset_ms"":0,""path_alias"":""<media-path:3ba49b8978>"",""started_at_present"":true},""last_poll_error"":""null"",""last_render_error"":""null"",""mpv_running"":true,""next_item"":{""alias"":""media-63e22e276f"",""duration_ms"":15100,""media_kind"":""motion_media"",""path_alias"":""<media-path:c406539999>""},""playback_state"":""playing"",""playlist_size"":5,""present"":true,""uptime_sec"":4694}"
73	82.252	2026-07-15T15:44:34+0000	success		275	<media-path:3ba49b8978>	<media-path:3ba49b8978>	motion_media	<filename:e511e8bce0>	18.785433	28.061367	67.181926	false	false	false	567	v4l2request-copy	true	"{""aspect"":0.5625,""dh"":1920,""dw"":1080,""h"":1920,""par"":1.0,""pixelformat"":""nv12"",""rotate"":0,""stereo-in"":""mono"",""w"":1080}"	"{""duration"":""success"",""eof-reached"":""success"",""estimated-frame-number"":""success"",""filename"":""success"",""hwdec-current"":""success"",""idle-active"":""success"",""path"":""success"",""pause"":""success"",""percent-pos"":""success"",""time-pos"":""success"",""video-params"":""success"",""vo-configured"":""success""}"	true	playing	media-b8c9a5f04c	<media-path:3ba49b8978>	28100	4	true	"{""black_screen_risk_reason"":""null"",""blocked_media_count"":0,""consecutive_failures"":0,""current_index"":4,""current_item"":{""alias"":""media-b8c9a5f04c"",""duration_ms"":28100,""media_kind"":""motion_media"",""offset_ms"":0,""path_alias"":""<media-path:3ba49b8978>"",""started_at_present"":true},""last_poll_error"":""null"",""last_render_error"":""null"",""mpv_running"":true,""next_item"":{""alias"":""media-63e22e276f"",""duration_ms"":15100,""media_kind"":""motion_media"",""path_alias"":""<media-path:c406539999>""},""playback_state"":""playing"",""playlist_size"":5,""present"":true,""uptime_sec"":4694}"
74	83.531	2026-07-15T15:44:36+0000	success		487	<media-path:3ba49b8978>	<media-path:3ba49b8978>	motion_media	<filename:e511e8bce0>	19.786433	28.061367	70.749108	false	false	false	597	v4l2request-copy	true	"{""aspect"":0.5625,""dh"":1920,""dw"":1080,""h"":1920,""par"":1.0,""pixelformat"":""nv12"",""rotate"":0,""stereo-in"":""mono"",""w"":1080}"	"{""duration"":""success"",""eof-reached"":""success"",""estimated-frame-number"":""success"",""filename"":""success"",""hwdec-current"":""success"",""idle-active"":""success"",""path"":""success"",""pause"":""success"",""percent-pos"":""success"",""time-pos"":""success"",""video-params"":""success"",""vo-configured"":""success""}"	true	playing	media-b8c9a5f04c	<media-path:3ba49b8978>	28100	4	true	"{""black_screen_risk_reason"":""null"",""blocked_media_count"":0,""consecutive_failures"":0,""current_index"":4,""current_item"":{""alias"":""media-b8c9a5f04c"",""duration_ms"":28100,""media_kind"":""motion_media"",""offset_ms"":0,""path_alias"":""<media-path:3ba49b8978>"",""started_at_present"":true},""last_poll_error"":""null"",""last_render_error"":""null"",""mpv_running"":true,""next_item"":{""alias"":""media-63e22e276f"",""duration_ms"":15100,""media_kind"":""motion_media"",""path_alias"":""<media-path:c406539999>""},""playback_state"":""playing"",""playlist_size"":5,""present"":true,""uptime_sec"":4699}"
75	85.022	2026-07-15T15:44:37+0000	success		289	<media-path:3ba49b8978>	<media-path:3ba49b8978>	motion_media	<filename:e511e8bce0>	20.954267	28.061367	74.91082	false	false	false	632	v4l2request-copy	true	"{""aspect"":0.5625,""dh"":1920,""dw"":1080,""h"":1920,""par"":1.0,""pixelformat"":""nv12"",""rotate"":0,""stereo-in"":""mono"",""w"":1080}"	"{""duration"":""success"",""eof-reached"":""success"",""estimated-frame-number"":""success"",""filename"":""success"",""hwdec-current"":""success"",""idle-active"":""success"",""path"":""success"",""pause"":""success"",""percent-pos"":""success"",""time-pos"":""success"",""video-params"":""success"",""vo-configured"":""success""}"	true	playing	media-b8c9a5f04c	<media-path:3ba49b8978>	28100	4	true	"{""black_screen_risk_reason"":""null"",""blocked_media_count"":0,""consecutive_failures"":0,""current_index"":4,""current_item"":{""alias"":""media-b8c9a5f04c"",""duration_ms"":28100,""media_kind"":""motion_media"",""offset_ms"":0,""path_alias"":""<media-path:3ba49b8978>"",""started_at_present"":true},""last_poll_error"":""null"",""last_render_error"":""null"",""mpv_running"":true,""next_item"":{""alias"":""media-63e22e276f"",""duration_ms"":15100,""media_kind"":""motion_media"",""path_alias"":""<media-path:c406539999>""},""playback_state"":""playing"",""playlist_size"":5,""present"":true,""uptime_sec"":4699}"
76	86.314	2026-07-15T15:44:38+0000	success		511	<media-path:3ba49b8978>	<media-path:3ba49b8978>	motion_media	<filename:e511e8bce0>	21.955267	28.061367	78.478002	false	false	false	662	v4l2request-copy	true	"{""aspect"":0.5625,""dh"":1920,""dw"":1080,""h"":1920,""par"":1.0,""pixelformat"":""nv12"",""rotate"":0,""stereo-in"":""mono"",""w"":1080}"	"{""duration"":""success"",""eof-reached"":""success"",""estimated-frame-number"":""success"",""filename"":""success"",""hwdec-current"":""success"",""idle-active"":""success"",""path"":""success"",""pause"":""success"",""percent-pos"":""success"",""time-pos"":""success"",""video-params"":""success"",""vo-configured"":""success""}"	true	playing	media-b8c9a5f04c	<media-path:3ba49b8978>	28100	4	true	"{""black_screen_risk_reason"":""null"",""blocked_media_count"":0,""consecutive_failures"":0,""current_index"":4,""current_item"":{""alias"":""media-b8c9a5f04c"",""duration_ms"":28100,""media_kind"":""motion_media"",""offset_ms"":0,""path_alias"":""<media-path:3ba49b8978>"",""started_at_present"":true},""last_poll_error"":""null"",""last_render_error"":""null"",""mpv_running"":true,""next_item"":{""alias"":""media-63e22e276f"",""duration_ms"":15100,""media_kind"":""motion_media"",""path_alias"":""<media-path:c406539999>""},""playback_state"":""playing"",""playlist_size"":5,""present"":true,""uptime_sec"":4699}"
77	87.830	2026-07-15T15:44:39+0000	success		2	<media-path:c406539999>	<media-path:c406539999>	motion_media	<filename:aaf3979e21>	0.866667	15.069751	5.751035	false	false	false	26	v4l2request-copy	true	"{""aspect"":0.566038,""dh"":848,""dw"":480,""h"":848,""par"":1.0,""pixelformat"":""nv12"",""rotate"":0,""stereo-in"":""mono"",""w"":480}"	"{""duration"":""success"",""eof-reached"":""success"",""estimated-frame-number"":""success"",""filename"":""success"",""hwdec-current"":""success"",""idle-active"":""success"",""path"":""success"",""pause"":""success"",""percent-pos"":""success"",""time-pos"":""success"",""video-params"":""success"",""vo-configured"":""success""}"	true	playing	media-b8c9a5f04c	<media-path:3ba49b8978>	28100	4	true	"{""black_screen_risk_reason"":""null"",""blocked_media_count"":0,""consecutive_failures"":0,""current_index"":4,""current_item"":{""alias"":""media-b8c9a5f04c"",""duration_ms"":28100,""media_kind"":""motion_media"",""offset_ms"":0,""path_alias"":""<media-path:3ba49b8978>"",""started_at_present"":true},""last_poll_error"":""null"",""last_render_error"":""null"",""mpv_running"":true,""next_item"":{""alias"":""media-63e22e276f"",""duration_ms"":15100,""media_kind"":""motion_media"",""path_alias"":""<media-path:c406539999>""},""playback_state"":""playing"",""playlist_size"":5,""present"":true,""uptime_sec"":4699}"
78	88.835	2026-07-15T15:44:40+0000	success		2	<media-path:c406539999>	<media-path:c406539999>	motion_media	<filename:aaf3979e21>	1.866667	15.069751	12.386845	false	false	false	56	v4l2request-copy	true	"{""aspect"":0.566038,""dh"":848,""dw"":480,""h"":848,""par"":1.0,""pixelformat"":""nv12"",""rotate"":0,""stereo-in"":""mono"",""w"":480}"	"{""duration"":""success"",""eof-reached"":""success"",""estimated-frame-number"":""success"",""filename"":""success"",""hwdec-current"":""success"",""idle-active"":""success"",""path"":""success"",""pause"":""success"",""percent-pos"":""success"",""time-pos"":""success"",""video-params"":""success"",""vo-configured"":""success""}"	true	playing	media-b8c9a5f04c	<media-path:3ba49b8978>	28100	4	true	"{""black_screen_risk_reason"":""null"",""blocked_media_count"":0,""consecutive_failures"":0,""current_index"":4,""current_item"":{""alias"":""media-b8c9a5f04c"",""duration_ms"":28100,""media_kind"":""motion_media"",""offset_ms"":0,""path_alias"":""<media-path:3ba49b8978>"",""started_at_present"":true},""last_poll_error"":""null"",""last_render_error"":""null"",""mpv_running"":true,""next_item"":{""alias"":""media-63e22e276f"",""duration_ms"":15100,""media_kind"":""motion_media"",""path_alias"":""<media-path:c406539999>""},""playback_state"":""playing"",""playlist_size"":5,""present"":true,""uptime_sec"":4699}"
79	89.839	2026-07-15T15:44:41+0000	success		2	<media-path:c406539999>	<media-path:c406539999>	motion_media	<filename:aaf3979e21>	2.9	15.069751	19.243849	false	false	false	87	v4l2request-copy	true	"{""aspect"":0.566038,""dh"":848,""dw"":480,""h"":848,""par"":1.0,""pixelformat"":""nv12"",""rotate"":0,""stereo-in"":""mono"",""w"":480}"	"{""duration"":""success"",""eof-reached"":""success"",""estimated-frame-number"":""success"",""filename"":""success"",""hwdec-current"":""success"",""idle-active"":""success"",""path"":""success"",""pause"":""success"",""percent-pos"":""success"",""time-pos"":""success"",""video-params"":""success"",""vo-configured"":""success""}"	true	playing	media-63e22e276f	<media-path:c406539999>	15100	0	true	"{""black_screen_risk_reason"":""null"",""blocked_media_count"":0,""consecutive_failures"":0,""current_index"":0,""current_item"":{""alias"":""media-63e22e276f"",""duration_ms"":15100,""media_kind"":""motion_media"",""offset_ms"":0,""path_alias"":""<media-path:c406539999>"",""started_at_present"":true},""last_poll_error"":""null"",""last_render_error"":""null"",""mpv_running"":true,""next_item"":{""alias"":""media-b04db49d99"",""duration_ms"":15100,""media_kind"":""motion_media"",""path_alias"":""<media-path:2b030c3c41>""},""playback_state"":""playing"",""playlist_size"":5,""present"":true,""uptime_sec"":4704}"
80	90.844	2026-07-15T15:44:42+0000	success		2	<media-path:c406539999>	<media-path:c406539999>	motion_media	<filename:aaf3979e21>	3.9	15.069751	25.879659	false	false	false	117	v4l2request-copy	true	"{""aspect"":0.566038,""dh"":848,""dw"":480,""h"":848,""par"":1.0,""pixelformat"":""nv12"",""rotate"":0,""stereo-in"":""mono"",""w"":480}"	"{""duration"":""success"",""eof-reached"":""success"",""estimated-frame-number"":""success"",""filename"":""success"",""hwdec-current"":""success"",""idle-active"":""success"",""path"":""success"",""pause"":""success"",""percent-pos"":""success"",""time-pos"":""success"",""video-params"":""success"",""vo-configured"":""success""}"	true	playing	media-63e22e276f	<media-path:c406539999>	15100	0	true	"{""black_screen_risk_reason"":""null"",""blocked_media_count"":0,""consecutive_failures"":0,""current_index"":0,""current_item"":{""alias"":""media-63e22e276f"",""duration_ms"":15100,""media_kind"":""motion_media"",""offset_ms"":0,""path_alias"":""<media-path:c406539999>"",""started_at_present"":true},""last_poll_error"":""null"",""last_render_error"":""null"",""mpv_running"":true,""next_item"":{""alias"":""media-b04db49d99"",""duration_ms"":15100,""media_kind"":""motion_media"",""path_alias"":""<media-path:2b030c3c41>""},""playback_state"":""playing"",""playlist_size"":5,""present"":true,""uptime_sec"":4704}"
81	91.848	2026-07-15T15:44:43+0000	success		3	<media-path:c406539999>	<media-path:c406539999>	motion_media	<filename:aaf3979e21>	4.9	15.069751	32.515469	false	false	false	147	v4l2request-copy	true	"{""aspect"":0.566038,""dh"":848,""dw"":480,""h"":848,""par"":1.0,""pixelformat"":""nv12"",""rotate"":0,""stereo-in"":""mono"",""w"":480}"	"{""duration"":""success"",""eof-reached"":""success"",""estimated-frame-number"":""success"",""filename"":""success"",""hwdec-current"":""success"",""idle-active"":""success"",""path"":""success"",""pause"":""success"",""percent-pos"":""success"",""time-pos"":""success"",""video-params"":""success"",""vo-configured"":""success""}"	true	playing	media-63e22e276f	<media-path:c406539999>	15100	0	true	"{""black_screen_risk_reason"":""null"",""blocked_media_count"":0,""consecutive_failures"":0,""current_index"":0,""current_item"":{""alias"":""media-63e22e276f"",""duration_ms"":15100,""media_kind"":""motion_media"",""offset_ms"":0,""path_alias"":""<media-path:c406539999>"",""started_at_present"":true},""last_poll_error"":""null"",""last_render_error"":""null"",""mpv_running"":true,""next_item"":{""alias"":""media-b04db49d99"",""duration_ms"":15100,""media_kind"":""motion_media"",""path_alias"":""<media-path:2b030c3c41>""},""playback_state"":""playing"",""playlist_size"":5,""present"":true,""uptime_sec"":4704}"
82	92.856	2026-07-15T15:44:44+0000	success		9	<media-path:c406539999>	<media-path:c406539999>	motion_media	<filename:aaf3979e21>	5.9	15.069751	39.151278	false	false	false	177	v4l2request-copy	true	"{""aspect"":0.566038,""dh"":848,""dw"":480,""h"":848,""par"":1.0,""pixelformat"":""nv12"",""rotate"":0,""stereo-in"":""mono"",""w"":480}"	"{""duration"":""success"",""eof-reached"":""success"",""estimated-frame-number"":""success"",""filename"":""success"",""hwdec-current"":""success"",""idle-active"":""success"",""path"":""success"",""pause"":""success"",""percent-pos"":""success"",""time-pos"":""success"",""video-params"":""success"",""vo-configured"":""success""}"	true	playing	media-63e22e276f	<media-path:c406539999>	15100	0	true	"{""black_screen_risk_reason"":""null"",""blocked_media_count"":0,""consecutive_failures"":0,""current_index"":0,""current_item"":{""alias"":""media-63e22e276f"",""duration_ms"":15100,""media_kind"":""motion_media"",""offset_ms"":0,""path_alias"":""<media-path:c406539999>"",""started_at_present"":true},""last_poll_error"":""null"",""last_render_error"":""null"",""mpv_running"":true,""next_item"":{""alias"":""media-b04db49d99"",""duration_ms"":15100,""media_kind"":""motion_media"",""path_alias"":""<media-path:2b030c3c41>""},""playback_state"":""playing"",""playlist_size"":5,""present"":true,""uptime_sec"":4704}"
83	93.868	2026-07-15T15:44:45+0000	success		2	<media-path:c406539999>	<media-path:c406539999>	motion_media	<filename:aaf3979e21>	6.9	15.069751	45.787088	false	false	false	207	v4l2request-copy	true	"{""aspect"":0.566038,""dh"":848,""dw"":480,""h"":848,""par"":1.0,""pixelformat"":""nv12"",""rotate"":0,""stereo-in"":""mono"",""w"":480}"	"{""duration"":""success"",""eof-reached"":""success"",""estimated-frame-number"":""success"",""filename"":""success"",""hwdec-current"":""success"",""idle-active"":""success"",""path"":""success"",""pause"":""success"",""percent-pos"":""success"",""time-pos"":""success"",""video-params"":""success"",""vo-configured"":""success""}"	true	playing	media-63e22e276f	<media-path:c406539999>	15100	0	true	"{""black_screen_risk_reason"":""null"",""blocked_media_count"":0,""consecutive_failures"":0,""current_index"":0,""current_item"":{""alias"":""media-63e22e276f"",""duration_ms"":15100,""media_kind"":""motion_media"",""offset_ms"":0,""path_alias"":""<media-path:c406539999>"",""started_at_present"":true},""last_poll_error"":""null"",""last_render_error"":""null"",""mpv_running"":true,""next_item"":{""alias"":""media-b04db49d99"",""duration_ms"":15100,""media_kind"":""motion_media"",""path_alias"":""<media-path:2b030c3c41>""},""playback_state"":""playing"",""playlist_size"":5,""present"":true,""uptime_sec"":4709}"
84	94.873	2026-07-15T15:44:46+0000	success		2	<media-path:c406539999>	<media-path:c406539999>	motion_media	<filename:aaf3979e21>	7.933333	15.069751	52.644092	false	false	false	238	v4l2request-copy	true	"{""aspect"":0.566038,""dh"":848,""dw"":480,""h"":848,""par"":1.0,""pixelformat"":""nv12"",""rotate"":0,""stereo-in"":""mono"",""w"":480}"	"{""duration"":""success"",""eof-reached"":""success"",""estimated-frame-number"":""success"",""filename"":""success"",""hwdec-current"":""success"",""idle-active"":""success"",""path"":""success"",""pause"":""success"",""percent-pos"":""success"",""time-pos"":""success"",""video-params"":""success"",""vo-configured"":""success""}"	true	playing	media-63e22e276f	<media-path:c406539999>	15100	0	true	"{""black_screen_risk_reason"":""null"",""blocked_media_count"":0,""consecutive_failures"":0,""current_index"":0,""current_item"":{""alias"":""media-63e22e276f"",""duration_ms"":15100,""media_kind"":""motion_media"",""offset_ms"":0,""path_alias"":""<media-path:c406539999>"",""started_at_present"":true},""last_poll_error"":""null"",""last_render_error"":""null"",""mpv_running"":true,""next_item"":{""alias"":""media-b04db49d99"",""duration_ms"":15100,""media_kind"":""motion_media"",""path_alias"":""<media-path:2b030c3c41>""},""playback_state"":""playing"",""playlist_size"":5,""present"":true,""uptime_sec"":4709}"
85	95.877	2026-07-15T15:44:47+0000	success		2	<media-path:c406539999>	<media-path:c406539999>	motion_media	<filename:aaf3979e21>	8.933333	15.069751	59.279902	false	false	false	268	v4l2request-copy	true	"{""aspect"":0.566038,""dh"":848,""dw"":480,""h"":848,""par"":1.0,""pixelformat"":""nv12"",""rotate"":0,""stereo-in"":""mono"",""w"":480}"	"{""duration"":""success"",""eof-reached"":""success"",""estimated-frame-number"":""success"",""filename"":""success"",""hwdec-current"":""success"",""idle-active"":""success"",""path"":""success"",""pause"":""success"",""percent-pos"":""success"",""time-pos"":""success"",""video-params"":""success"",""vo-configured"":""success""}"	true	playing	media-63e22e276f	<media-path:c406539999>	15100	0	true	"{""black_screen_risk_reason"":""null"",""blocked_media_count"":0,""consecutive_failures"":0,""current_index"":0,""current_item"":{""alias"":""media-63e22e276f"",""duration_ms"":15100,""media_kind"":""motion_media"",""offset_ms"":0,""path_alias"":""<media-path:c406539999>"",""started_at_present"":true},""last_poll_error"":""null"",""last_render_error"":""null"",""mpv_running"":true,""next_item"":{""alias"":""media-b04db49d99"",""duration_ms"":15100,""media_kind"":""motion_media"",""path_alias"":""<media-path:2b030c3c41>""},""playback_state"":""playing"",""playlist_size"":5,""present"":true,""uptime_sec"":4709}"
86	96.882	2026-07-15T15:44:48+0000	success		2	<media-path:c406539999>	<media-path:c406539999>	motion_media	<filename:aaf3979e21>	9.933333	15.069751	65.915712	false	false	false	298	v4l2request-copy	true	"{""aspect"":0.566038,""dh"":848,""dw"":480,""h"":848,""par"":1.0,""pixelformat"":""nv12"",""rotate"":0,""stereo-in"":""mono"",""w"":480}"	"{""duration"":""success"",""eof-reached"":""success"",""estimated-frame-number"":""success"",""filename"":""success"",""hwdec-current"":""success"",""idle-active"":""success"",""path"":""success"",""pause"":""success"",""percent-pos"":""success"",""time-pos"":""success"",""video-params"":""success"",""vo-configured"":""success""}"	true	playing	media-63e22e276f	<media-path:c406539999>	15100	0	true	"{""black_screen_risk_reason"":""null"",""blocked_media_count"":0,""consecutive_failures"":0,""current_index"":0,""current_item"":{""alias"":""media-63e22e276f"",""duration_ms"":15100,""media_kind"":""motion_media"",""offset_ms"":0,""path_alias"":""<media-path:c406539999>"",""started_at_present"":true},""last_poll_error"":""null"",""last_render_error"":""null"",""mpv_running"":true,""next_item"":{""alias"":""media-b04db49d99"",""duration_ms"":15100,""media_kind"":""motion_media"",""path_alias"":""<media-path:2b030c3c41>""},""playback_state"":""playing"",""playlist_size"":5,""present"":true,""uptime_sec"":4709}"
87	97.886	2026-07-15T15:44:49+0000	success		11	<media-path:c406539999>	<media-path:c406539999>	motion_media	<filename:aaf3979e21>	10.933333	15.069751	72.551522	false	false	false	328	v4l2request-copy	true	"{""aspect"":0.566038,""dh"":848,""dw"":480,""h"":848,""par"":1.0,""pixelformat"":""nv12"",""rotate"":0,""stereo-in"":""mono"",""w"":480}"	"{""duration"":""success"",""eof-reached"":""success"",""estimated-frame-number"":""success"",""filename"":""success"",""hwdec-current"":""success"",""idle-active"":""success"",""path"":""success"",""pause"":""success"",""percent-pos"":""success"",""time-pos"":""success"",""video-params"":""success"",""vo-configured"":""success""}"	true	playing	media-63e22e276f	<media-path:c406539999>	15100	0	true	"{""black_screen_risk_reason"":""null"",""blocked_media_count"":0,""consecutive_failures"":0,""current_index"":0,""current_item"":{""alias"":""media-63e22e276f"",""duration_ms"":15100,""media_kind"":""motion_media"",""offset_ms"":0,""path_alias"":""<media-path:c406539999>"",""started_at_present"":true},""last_poll_error"":""null"",""last_render_error"":""null"",""mpv_running"":true,""next_item"":{""alias"":""media-b04db49d99"",""duration_ms"":15100,""media_kind"":""motion_media"",""path_alias"":""<media-path:2b030c3c41>""},""playback_state"":""playing"",""playlist_size"":5,""present"":true,""uptime_sec"":4709}"
88	98.900	2026-07-15T15:44:50+0000	success		1	<media-path:c406539999>	<media-path:c406539999>	motion_media	<filename:aaf3979e21>	11.933333	15.069751	79.187331	false	false	false	358	v4l2request-copy	true	"{""aspect"":0.566038,""dh"":848,""dw"":480,""h"":848,""par"":1.0,""pixelformat"":""nv12"",""rotate"":0,""stereo-in"":""mono"",""w"":480}"	"{""duration"":""success"",""eof-reached"":""success"",""estimated-frame-number"":""success"",""filename"":""success"",""hwdec-current"":""success"",""idle-active"":""success"",""path"":""success"",""pause"":""success"",""percent-pos"":""success"",""time-pos"":""success"",""video-params"":""success"",""vo-configured"":""success""}"	true	playing	media-63e22e276f	<media-path:c406539999>	15100	0	true	"{""black_screen_risk_reason"":""null"",""blocked_media_count"":0,""consecutive_failures"":0,""current_index"":0,""current_item"":{""alias"":""media-63e22e276f"",""duration_ms"":15100,""media_kind"":""motion_media"",""offset_ms"":0,""path_alias"":""<media-path:c406539999>"",""started_at_present"":true},""last_poll_error"":""null"",""last_render_error"":""null"",""mpv_running"":true,""next_item"":{""alias"":""media-b04db49d99"",""duration_ms"":15100,""media_kind"":""motion_media"",""path_alias"":""<media-path:2b030c3c41>""},""playback_state"":""playing"",""playlist_size"":5,""present"":true,""uptime_sec"":4714}"
89	99.904	2026-07-15T15:44:52+0000	success		10	<media-path:c406539999>	<media-path:c406539999>	motion_media	<filename:aaf3979e21>	12.966667	15.069751	86.044335	false	false	false	389	v4l2request-copy	true	"{""aspect"":0.566038,""dh"":848,""dw"":480,""h"":848,""par"":1.0,""pixelformat"":""nv12"",""rotate"":0,""stereo-in"":""mono"",""w"":480}"	"{""duration"":""success"",""eof-reached"":""success"",""estimated-frame-number"":""success"",""filename"":""success"",""hwdec-current"":""success"",""idle-active"":""success"",""path"":""success"",""pause"":""success"",""percent-pos"":""success"",""time-pos"":""success"",""video-params"":""success"",""vo-configured"":""success""}"	true	playing	media-63e22e276f	<media-path:c406539999>	15100	0	true	"{""black_screen_risk_reason"":""null"",""blocked_media_count"":0,""consecutive_failures"":0,""current_index"":0,""current_item"":{""alias"":""media-63e22e276f"",""duration_ms"":15100,""media_kind"":""motion_media"",""offset_ms"":0,""path_alias"":""<media-path:c406539999>"",""started_at_present"":true},""last_poll_error"":""null"",""last_render_error"":""null"",""mpv_running"":true,""next_item"":{""alias"":""media-b04db49d99"",""duration_ms"":15100,""media_kind"":""motion_media"",""path_alias"":""<media-path:2b030c3c41>""},""playback_state"":""playing"",""playlist_size"":5,""present"":true,""uptime_sec"":4714}"
90	100.917	2026-07-15T15:44:53+0000	success		2	<media-path:c406539999>	<media-path:c406539999>	motion_media	<filename:aaf3979e21>	13.966667	15.069751	92.680145	false	false	false	419	v4l2request-copy	true	"{""aspect"":0.566038,""dh"":848,""dw"":480,""h"":848,""par"":1.0,""pixelformat"":""nv12"",""rotate"":0,""stereo-in"":""mono"",""w"":480}"	"{""duration"":""success"",""eof-reached"":""success"",""estimated-frame-number"":""success"",""filename"":""success"",""hwdec-current"":""success"",""idle-active"":""success"",""path"":""success"",""pause"":""success"",""percent-pos"":""success"",""time-pos"":""success"",""video-params"":""success"",""vo-configured"":""success""}"	true	playing	media-63e22e276f	<media-path:c406539999>	15100	0	true	"{""black_screen_risk_reason"":""null"",""blocked_media_count"":0,""consecutive_failures"":0,""current_index"":0,""current_item"":{""alias"":""media-63e22e276f"",""duration_ms"":15100,""media_kind"":""motion_media"",""offset_ms"":0,""path_alias"":""<media-path:c406539999>"",""started_at_present"":true},""last_poll_error"":""null"",""last_render_error"":""null"",""mpv_running"":true,""next_item"":{""alias"":""media-b04db49d99"",""duration_ms"":15100,""media_kind"":""motion_media"",""path_alias"":""<media-path:2b030c3c41>""},""playback_state"":""playing"",""playlist_size"":5,""present"":true,""uptime_sec"":4714}"
91	101.921	2026-07-15T15:44:54+0000	success		25	<media-path:c406539999>	<media-path:c406539999>	motion_media	<filename:aaf3979e21>	0	15.069751	0	false	false	false	0	v4l2request-copy	true	"{""aspect"":0.566038,""dh"":848,""dw"":480,""h"":848,""par"":1.0,""pixelformat"":""nv12"",""rotate"":0,""stereo-in"":""mono"",""w"":480}"	"{""duration"":""success"",""eof-reached"":""success"",""estimated-frame-number"":""success"",""filename"":""success"",""hwdec-current"":""success"",""idle-active"":""success"",""path"":""success"",""pause"":""success"",""percent-pos"":""success"",""time-pos"":""success"",""video-params"":""success"",""vo-configured"":""success""}"	true	playing	media-63e22e276f	<media-path:c406539999>	15100	0	true	"{""black_screen_risk_reason"":""null"",""blocked_media_count"":0,""consecutive_failures"":0,""current_index"":0,""current_item"":{""alias"":""media-63e22e276f"",""duration_ms"":15100,""media_kind"":""motion_media"",""offset_ms"":0,""path_alias"":""<media-path:c406539999>"",""started_at_present"":true},""last_poll_error"":""null"",""last_render_error"":""null"",""mpv_running"":true,""next_item"":{""alias"":""media-b04db49d99"",""duration_ms"":15100,""media_kind"":""motion_media"",""path_alias"":""<media-path:2b030c3c41>""},""playback_state"":""playing"",""playlist_size"":5,""present"":true,""uptime_sec"":4714}"
92	102.948	2026-07-15T15:44:55+0000	success		3	<media-path:2b030c3c41>	<media-path:2b030c3c41>	motion_media	<filename:c617160627>	0.6	15.1	3.97351	false	false	false	18	v4l2request-copy	true	"{""aspect"":0.566038,""dh"":848,""dw"":480,""h"":848,""par"":1.0,""pixelformat"":""nv12"",""rotate"":0,""stereo-in"":""mono"",""w"":480}"	"{""duration"":""success"",""eof-reached"":""success"",""estimated-frame-number"":""success"",""filename"":""success"",""hwdec-current"":""success"",""idle-active"":""success"",""path"":""success"",""pause"":""success"",""percent-pos"":""success"",""time-pos"":""success"",""video-params"":""success"",""vo-configured"":""success""}"	true	playing	media-63e22e276f	<media-path:c406539999>	15100	0	true	"{""black_screen_risk_reason"":""null"",""blocked_media_count"":0,""consecutive_failures"":0,""current_index"":0,""current_item"":{""alias"":""media-63e22e276f"",""duration_ms"":15100,""media_kind"":""motion_media"",""offset_ms"":0,""path_alias"":""<media-path:c406539999>"",""started_at_present"":true},""last_poll_error"":""null"",""last_render_error"":""null"",""mpv_running"":true,""next_item"":{""alias"":""media-b04db49d99"",""duration_ms"":15100,""media_kind"":""motion_media"",""path_alias"":""<media-path:2b030c3c41>""},""playback_state"":""playing"",""playlist_size"":5,""present"":true,""uptime_sec"":4714}"
93	103.955	2026-07-15T15:44:56+0000	success		2	<media-path:2b030c3c41>	<media-path:2b030c3c41>	motion_media	<filename:c617160627>	1.633333	15.1	10.816777	false	false	false	49	v4l2request-copy	true	"{""aspect"":0.566038,""dh"":848,""dw"":480,""h"":848,""par"":1.0,""pixelformat"":""nv12"",""rotate"":0,""stereo-in"":""mono"",""w"":480}"	"{""duration"":""success"",""eof-reached"":""success"",""estimated-frame-number"":""success"",""filename"":""success"",""hwdec-current"":""success"",""idle-active"":""success"",""path"":""success"",""pause"":""success"",""percent-pos"":""success"",""time-pos"":""success"",""video-params"":""success"",""vo-configured"":""success""}"	true	playing	media-b04db49d99	<media-path:2b030c3c41>	15100	1	true	"{""black_screen_risk_reason"":""null"",""blocked_media_count"":0,""consecutive_failures"":0,""current_index"":1,""current_item"":{""alias"":""media-b04db49d99"",""duration_ms"":15100,""media_kind"":""motion_media"",""offset_ms"":0,""path_alias"":""<media-path:2b030c3c41>"",""started_at_present"":true},""last_poll_error"":""null"",""last_render_error"":""null"",""mpv_running"":true,""next_item"":{""alias"":""media-8ffdc1f445"",""duration_ms"":14000,""media_kind"":""motion_media"",""path_alias"":""<media-path:fee4d36eb4>""},""playback_state"":""playing"",""playlist_size"":5,""present"":true,""uptime_sec"":4719}"
94	104.960	2026-07-15T15:44:57+0000	success		1	<media-path:2b030c3c41>	<media-path:2b030c3c41>	motion_media	<filename:c617160627>	2.633333	15.1	17.439294	false	false	false	79	v4l2request-copy	true	"{""aspect"":0.566038,""dh"":848,""dw"":480,""h"":848,""par"":1.0,""pixelformat"":""nv12"",""rotate"":0,""stereo-in"":""mono"",""w"":480}"	"{""duration"":""success"",""eof-reached"":""success"",""estimated-frame-number"":""success"",""filename"":""success"",""hwdec-current"":""success"",""idle-active"":""success"",""path"":""success"",""pause"":""success"",""percent-pos"":""success"",""time-pos"":""success"",""video-params"":""success"",""vo-configured"":""success""}"	true	playing	media-b04db49d99	<media-path:2b030c3c41>	15100	1	true	"{""black_screen_risk_reason"":""null"",""blocked_media_count"":0,""consecutive_failures"":0,""current_index"":1,""current_item"":{""alias"":""media-b04db49d99"",""duration_ms"":15100,""media_kind"":""motion_media"",""offset_ms"":0,""path_alias"":""<media-path:2b030c3c41>"",""started_at_present"":true},""last_poll_error"":""null"",""last_render_error"":""null"",""mpv_running"":true,""next_item"":{""alias"":""media-8ffdc1f445"",""duration_ms"":14000,""media_kind"":""motion_media"",""path_alias"":""<media-path:fee4d36eb4>""},""playback_state"":""playing"",""playlist_size"":5,""present"":true,""uptime_sec"":4719}"
95	105.964	2026-07-15T15:44:58+0000	success		1	<media-path:2b030c3c41>	<media-path:2b030c3c41>	motion_media	<filename:c617160627>	3.633333	15.1	24.06181	false	false	false	109	v4l2request-copy	true	"{""aspect"":0.566038,""dh"":848,""dw"":480,""h"":848,""par"":1.0,""pixelformat"":""nv12"",""rotate"":0,""stereo-in"":""mono"",""w"":480}"	"{""duration"":""success"",""eof-reached"":""success"",""estimated-frame-number"":""success"",""filename"":""success"",""hwdec-current"":""success"",""idle-active"":""success"",""path"":""success"",""pause"":""success"",""percent-pos"":""success"",""time-pos"":""success"",""video-params"":""success"",""vo-configured"":""success""}"	true	playing	media-b04db49d99	<media-path:2b030c3c41>	15100	1	true	"{""black_screen_risk_reason"":""null"",""blocked_media_count"":0,""consecutive_failures"":0,""current_index"":1,""current_item"":{""alias"":""media-b04db49d99"",""duration_ms"":15100,""media_kind"":""motion_media"",""offset_ms"":0,""path_alias"":""<media-path:2b030c3c41>"",""started_at_present"":true},""last_poll_error"":""null"",""last_render_error"":""null"",""mpv_running"":true,""next_item"":{""alias"":""media-8ffdc1f445"",""duration_ms"":14000,""media_kind"":""motion_media"",""path_alias"":""<media-path:fee4d36eb4>""},""playback_state"":""playing"",""playlist_size"":5,""present"":true,""uptime_sec"":4719}"
96	106.967	2026-07-15T15:44:59+0000	success		2	<media-path:2b030c3c41>	<media-path:2b030c3c41>	motion_media	<filename:c617160627>	4.633333	15.1	30.684327	false	false	false	139	v4l2request-copy	true	"{""aspect"":0.566038,""dh"":848,""dw"":480,""h"":848,""par"":1.0,""pixelformat"":""nv12"",""rotate"":0,""stereo-in"":""mono"",""w"":480}"	"{""duration"":""success"",""eof-reached"":""success"",""estimated-frame-number"":""success"",""filename"":""success"",""hwdec-current"":""success"",""idle-active"":""success"",""path"":""success"",""pause"":""success"",""percent-pos"":""success"",""time-pos"":""success"",""video-params"":""success"",""vo-configured"":""success""}"	true	playing	media-b04db49d99	<media-path:2b030c3c41>	15100	1	true	"{""black_screen_risk_reason"":""null"",""blocked_media_count"":0,""consecutive_failures"":0,""current_index"":1,""current_item"":{""alias"":""media-b04db49d99"",""duration_ms"":15100,""media_kind"":""motion_media"",""offset_ms"":0,""path_alias"":""<media-path:2b030c3c41>"",""started_at_present"":true},""last_poll_error"":""null"",""last_render_error"":""null"",""mpv_running"":true,""next_item"":{""alias"":""media-8ffdc1f445"",""duration_ms"":14000,""media_kind"":""motion_media"",""path_alias"":""<media-path:fee4d36eb4>""},""playback_state"":""playing"",""playlist_size"":5,""present"":true,""uptime_sec"":4719}"
97	107.971	2026-07-15T15:45:00+0000	success		2	<media-path:2b030c3c41>	<media-path:2b030c3c41>	motion_media	<filename:c617160627>	5.633333	15.1	37.306843	false	false	false	169	v4l2request-copy	true	"{""aspect"":0.566038,""dh"":848,""dw"":480,""h"":848,""par"":1.0,""pixelformat"":""nv12"",""rotate"":0,""stereo-in"":""mono"",""w"":480}"	"{""duration"":""success"",""eof-reached"":""success"",""estimated-frame-number"":""success"",""filename"":""success"",""hwdec-current"":""success"",""idle-active"":""success"",""path"":""success"",""pause"":""success"",""percent-pos"":""success"",""time-pos"":""success"",""video-params"":""success"",""vo-configured"":""success""}"	true	playing	media-b04db49d99	<media-path:2b030c3c41>	15100	1	true	"{""black_screen_risk_reason"":""null"",""blocked_media_count"":0,""consecutive_failures"":0,""current_index"":1,""current_item"":{""alias"":""media-b04db49d99"",""duration_ms"":15100,""media_kind"":""motion_media"",""offset_ms"":0,""path_alias"":""<media-path:2b030c3c41>"",""started_at_present"":true},""last_poll_error"":""null"",""last_render_error"":""null"",""mpv_running"":true,""next_item"":{""alias"":""media-8ffdc1f445"",""duration_ms"":14000,""media_kind"":""motion_media"",""path_alias"":""<media-path:fee4d36eb4>""},""playback_state"":""playing"",""playlist_size"":5,""present"":true,""uptime_sec"":4719}"
98	108.976	2026-07-15T15:45:01+0000	success		2	<media-path:2b030c3c41>	<media-path:2b030c3c41>	motion_media	<filename:c617160627>	6.633333	15.1	43.92936	false	false	false	199	v4l2request-copy	true	"{""aspect"":0.566038,""dh"":848,""dw"":480,""h"":848,""par"":1.0,""pixelformat"":""nv12"",""rotate"":0,""stereo-in"":""mono"",""w"":480}"	"{""duration"":""success"",""eof-reached"":""success"",""estimated-frame-number"":""success"",""filename"":""success"",""hwdec-current"":""success"",""idle-active"":""success"",""path"":""success"",""pause"":""success"",""percent-pos"":""success"",""time-pos"":""success"",""video-params"":""success"",""vo-configured"":""success""}"	true	playing	media-b04db49d99	<media-path:2b030c3c41>	15100	1	true	"{""black_screen_risk_reason"":""null"",""blocked_media_count"":0,""consecutive_failures"":0,""current_index"":1,""current_item"":{""alias"":""media-b04db49d99"",""duration_ms"":15100,""media_kind"":""motion_media"",""offset_ms"":0,""path_alias"":""<media-path:2b030c3c41>"",""started_at_present"":true},""last_poll_error"":""null"",""last_render_error"":""null"",""mpv_running"":true,""next_item"":{""alias"":""media-8ffdc1f445"",""duration_ms"":14000,""media_kind"":""motion_media"",""path_alias"":""<media-path:fee4d36eb4>""},""playback_state"":""playing"",""playlist_size"":5,""present"":true,""uptime_sec"":4724}"
99	109.980	2026-07-15T15:45:02+0000	success		2	<media-path:2b030c3c41>	<media-path:2b030c3c41>	motion_media	<filename:c617160627>	7.633333	15.1	50.551876	false	false	false	229	v4l2request-copy	true	"{""aspect"":0.566038,""dh"":848,""dw"":480,""h"":848,""par"":1.0,""pixelformat"":""nv12"",""rotate"":0,""stereo-in"":""mono"",""w"":480}"	"{""duration"":""success"",""eof-reached"":""success"",""estimated-frame-number"":""success"",""filename"":""success"",""hwdec-current"":""success"",""idle-active"":""success"",""path"":""success"",""pause"":""success"",""percent-pos"":""success"",""time-pos"":""success"",""video-params"":""success"",""vo-configured"":""success""}"	true	playing	media-b04db49d99	<media-path:2b030c3c41>	15100	1	true	"{""black_screen_risk_reason"":""null"",""blocked_media_count"":0,""consecutive_failures"":0,""current_index"":1,""current_item"":{""alias"":""media-b04db49d99"",""duration_ms"":15100,""media_kind"":""motion_media"",""offset_ms"":0,""path_alias"":""<media-path:2b030c3c41>"",""started_at_present"":true},""last_poll_error"":""null"",""last_render_error"":""null"",""mpv_running"":true,""next_item"":{""alias"":""media-8ffdc1f445"",""duration_ms"":14000,""media_kind"":""motion_media"",""path_alias"":""<media-path:fee4d36eb4>""},""playback_state"":""playing"",""playlist_size"":5,""present"":true,""uptime_sec"":4724}"
100	110.984	2026-07-15T15:45:03+0000	success		2	<media-path:2b030c3c41>	<media-path:2b030c3c41>	motion_media	<filename:c617160627>	8.633333	15.1	57.174393	false	false	false	259	v4l2request-copy	true	"{""aspect"":0.566038,""dh"":848,""dw"":480,""h"":848,""par"":1.0,""pixelformat"":""nv12"",""rotate"":0,""stereo-in"":""mono"",""w"":480}"	"{""duration"":""success"",""eof-reached"":""success"",""estimated-frame-number"":""success"",""filename"":""success"",""hwdec-current"":""success"",""idle-active"":""success"",""path"":""success"",""pause"":""success"",""percent-pos"":""success"",""time-pos"":""success"",""video-params"":""success"",""vo-configured"":""success""}"	true	playing	media-b04db49d99	<media-path:2b030c3c41>	15100	1	true	"{""black_screen_risk_reason"":""null"",""blocked_media_count"":0,""consecutive_failures"":0,""current_index"":1,""current_item"":{""alias"":""media-b04db49d99"",""duration_ms"":15100,""media_kind"":""motion_media"",""offset_ms"":0,""path_alias"":""<media-path:2b030c3c41>"",""started_at_present"":true},""last_poll_error"":""null"",""last_render_error"":""null"",""mpv_running"":true,""next_item"":{""alias"":""media-8ffdc1f445"",""duration_ms"":14000,""media_kind"":""motion_media"",""path_alias"":""<media-path:fee4d36eb4>""},""playback_state"":""playing"",""playlist_size"":5,""present"":true,""uptime_sec"":4724}"
101	111.989	2026-07-15T15:45:04+0000	success		2	<media-path:2b030c3c41>	<media-path:2b030c3c41>	motion_media	<filename:c617160627>	9.666667	15.1	64.01766	false	false	false	290	v4l2request-copy	true	"{""aspect"":0.566038,""dh"":848,""dw"":480,""h"":848,""par"":1.0,""pixelformat"":""nv12"",""rotate"":0,""stereo-in"":""mono"",""w"":480}"	"{""duration"":""success"",""eof-reached"":""success"",""estimated-frame-number"":""success"",""filename"":""success"",""hwdec-current"":""success"",""idle-active"":""success"",""path"":""success"",""pause"":""success"",""percent-pos"":""success"",""time-pos"":""success"",""video-params"":""success"",""vo-configured"":""success""}"	true	playing	media-b04db49d99	<media-path:2b030c3c41>	15100	1	true	"{""black_screen_risk_reason"":""null"",""blocked_media_count"":0,""consecutive_failures"":0,""current_index"":1,""current_item"":{""alias"":""media-b04db49d99"",""duration_ms"":15100,""media_kind"":""motion_media"",""offset_ms"":0,""path_alias"":""<media-path:2b030c3c41>"",""started_at_present"":true},""last_poll_error"":""null"",""last_render_error"":""null"",""mpv_running"":true,""next_item"":{""alias"":""media-8ffdc1f445"",""duration_ms"":14000,""media_kind"":""motion_media"",""path_alias"":""<media-path:fee4d36eb4>""},""playback_state"":""playing"",""playlist_size"":5,""present"":true,""uptime_sec"":4724}"
102	112.994	2026-07-15T15:45:05+0000	success		2	<media-path:2b030c3c41>	<media-path:2b030c3c41>	motion_media	<filename:c617160627>	10.666667	15.1	70.640177	false	false	false	320	v4l2request-copy	true	"{""aspect"":0.566038,""dh"":848,""dw"":480,""h"":848,""par"":1.0,""pixelformat"":""nv12"",""rotate"":0,""stereo-in"":""mono"",""w"":480}"	"{""duration"":""success"",""eof-reached"":""success"",""estimated-frame-number"":""success"",""filename"":""success"",""hwdec-current"":""success"",""idle-active"":""success"",""path"":""success"",""pause"":""success"",""percent-pos"":""success"",""time-pos"":""success"",""video-params"":""success"",""vo-configured"":""success""}"	true	playing	media-b04db49d99	<media-path:2b030c3c41>	15100	1	true	"{""black_screen_risk_reason"":""null"",""blocked_media_count"":0,""consecutive_failures"":0,""current_index"":1,""current_item"":{""alias"":""media-b04db49d99"",""duration_ms"":15100,""media_kind"":""motion_media"",""offset_ms"":0,""path_alias"":""<media-path:2b030c3c41>"",""started_at_present"":true},""last_poll_error"":""null"",""last_render_error"":""null"",""mpv_running"":true,""next_item"":{""alias"":""media-8ffdc1f445"",""duration_ms"":14000,""media_kind"":""motion_media"",""path_alias"":""<media-path:fee4d36eb4>""},""playback_state"":""playing"",""playlist_size"":5,""present"":true,""uptime_sec"":4724}"
103	113.998	2026-07-15T15:45:06+0000	success		2	<media-path:2b030c3c41>	<media-path:2b030c3c41>	motion_media	<filename:c617160627>	11.666667	15.1	77.262693	false	false	false	350	v4l2request-copy	true	"{""aspect"":0.566038,""dh"":848,""dw"":480,""h"":848,""par"":1.0,""pixelformat"":""nv12"",""rotate"":0,""stereo-in"":""mono"",""w"":480}"	"{""duration"":""success"",""eof-reached"":""success"",""estimated-frame-number"":""success"",""filename"":""success"",""hwdec-current"":""success"",""idle-active"":""success"",""path"":""success"",""pause"":""success"",""percent-pos"":""success"",""time-pos"":""success"",""video-params"":""success"",""vo-configured"":""success""}"	true	playing	media-b04db49d99	<media-path:2b030c3c41>	15100	1	true	"{""black_screen_risk_reason"":""null"",""blocked_media_count"":0,""consecutive_failures"":0,""current_index"":1,""current_item"":{""alias"":""media-b04db49d99"",""duration_ms"":15100,""media_kind"":""motion_media"",""offset_ms"":0,""path_alias"":""<media-path:2b030c3c41>"",""started_at_present"":true},""last_poll_error"":""null"",""last_render_error"":""null"",""mpv_running"":true,""next_item"":{""alias"":""media-8ffdc1f445"",""duration_ms"":14000,""media_kind"":""motion_media"",""path_alias"":""<media-path:fee4d36eb4>""},""playback_state"":""playing"",""playlist_size"":5,""present"":true,""uptime_sec"":4729}"
104	115.003	2026-07-15T15:45:07+0000	success		10	<media-path:2b030c3c41>	<media-path:2b030c3c41>	motion_media	<filename:c617160627>	12.666667	15.1	83.88521	false	false	false	380	v4l2request-copy	true	"{""aspect"":0.566038,""dh"":848,""dw"":480,""h"":848,""par"":1.0,""pixelformat"":""nv12"",""rotate"":0,""stereo-in"":""mono"",""w"":480}"	"{""duration"":""success"",""eof-reached"":""success"",""estimated-frame-number"":""success"",""filename"":""success"",""hwdec-current"":""success"",""idle-active"":""success"",""path"":""success"",""pause"":""success"",""percent-pos"":""success"",""time-pos"":""success"",""video-params"":""success"",""vo-configured"":""success""}"	true	playing	media-b04db49d99	<media-path:2b030c3c41>	15100	1	true	"{""black_screen_risk_reason"":""null"",""blocked_media_count"":0,""consecutive_failures"":0,""current_index"":1,""current_item"":{""alias"":""media-b04db49d99"",""duration_ms"":15100,""media_kind"":""motion_media"",""offset_ms"":0,""path_alias"":""<media-path:2b030c3c41>"",""started_at_present"":true},""last_poll_error"":""null"",""last_render_error"":""null"",""mpv_running"":true,""next_item"":{""alias"":""media-8ffdc1f445"",""duration_ms"":14000,""media_kind"":""motion_media"",""path_alias"":""<media-path:fee4d36eb4>""},""playback_state"":""playing"",""playlist_size"":5,""present"":true,""uptime_sec"":4729}"
105	116.016	2026-07-15T15:45:08+0000	success		2	<media-path:2b030c3c41>	<media-path:2b030c3c41>	motion_media	<filename:c617160627>	13.666667	15.1	90.507726	false	false	false	410	v4l2request-copy	true	"{""aspect"":0.566038,""dh"":848,""dw"":480,""h"":848,""par"":1.0,""pixelformat"":""nv12"",""rotate"":0,""stereo-in"":""mono"",""w"":480}"	"{""duration"":""success"",""eof-reached"":""success"",""estimated-frame-number"":""success"",""filename"":""success"",""hwdec-current"":""success"",""idle-active"":""success"",""path"":""success"",""pause"":""success"",""percent-pos"":""success"",""time-pos"":""success"",""video-params"":""success"",""vo-configured"":""success""}"	true	playing	media-b04db49d99	<media-path:2b030c3c41>	15100	1	true	"{""black_screen_risk_reason"":""null"",""blocked_media_count"":0,""consecutive_failures"":0,""current_index"":1,""current_item"":{""alias"":""media-b04db49d99"",""duration_ms"":15100,""media_kind"":""motion_media"",""offset_ms"":0,""path_alias"":""<media-path:2b030c3c41>"",""started_at_present"":true},""last_poll_error"":""null"",""last_render_error"":""null"",""mpv_running"":true,""next_item"":{""alias"":""media-8ffdc1f445"",""duration_ms"":14000,""media_kind"":""motion_media"",""path_alias"":""<media-path:fee4d36eb4>""},""playback_state"":""playing"",""playlist_size"":5,""present"":true,""uptime_sec"":4729}"
106	117.020	2026-07-15T15:45:09+0000	success		2	<media-path:2b030c3c41>	<media-path:2b030c3c41>	motion_media	<filename:c617160627>	14.666667	15.1	97.130243	false	false	false	440	v4l2request-copy	true	"{""aspect"":0.566038,""dh"":848,""dw"":480,""h"":848,""par"":1.0,""pixelformat"":""nv12"",""rotate"":0,""stereo-in"":""mono"",""w"":480}"	"{""duration"":""success"",""eof-reached"":""success"",""estimated-frame-number"":""success"",""filename"":""success"",""hwdec-current"":""success"",""idle-active"":""success"",""path"":""success"",""pause"":""success"",""percent-pos"":""success"",""time-pos"":""success"",""video-params"":""success"",""vo-configured"":""success""}"	true	playing	media-b04db49d99	<media-path:2b030c3c41>	15100	1	true	"{""black_screen_risk_reason"":""null"",""blocked_media_count"":0,""consecutive_failures"":0,""current_index"":1,""current_item"":{""alias"":""media-b04db49d99"",""duration_ms"":15100,""media_kind"":""motion_media"",""offset_ms"":0,""path_alias"":""<media-path:2b030c3c41>"",""started_at_present"":true},""last_poll_error"":""null"",""last_render_error"":""null"",""mpv_running"":true,""next_item"":{""alias"":""media-8ffdc1f445"",""duration_ms"":14000,""media_kind"":""motion_media"",""path_alias"":""<media-path:fee4d36eb4>""},""playback_state"":""playing"",""playlist_size"":5,""present"":true,""uptime_sec"":4729}"
107	118.025	2026-07-15T15:45:10+0000	success		3	<media-path:fee4d36eb4>	<media-path:fee4d36eb4>	motion_media	<filename:8ba6df5956>	0.3	14	2.142857	false	false	false	9	v4l2request-copy	true	"{""aspect"":0.557692,""dh"":832,""dw"":464,""h"":832,""par"":1.0,""pixelformat"":""nv12"",""rotate"":0,""stereo-in"":""mono"",""w"":464}"	"{""duration"":""success"",""eof-reached"":""success"",""estimated-frame-number"":""success"",""filename"":""success"",""hwdec-current"":""success"",""idle-active"":""success"",""path"":""success"",""pause"":""success"",""percent-pos"":""success"",""time-pos"":""success"",""video-params"":""success"",""vo-configured"":""success""}"	true	playing	media-b04db49d99	<media-path:2b030c3c41>	15100	1	true	"{""black_screen_risk_reason"":""null"",""blocked_media_count"":0,""consecutive_failures"":0,""current_index"":1,""current_item"":{""alias"":""media-b04db49d99"",""duration_ms"":15100,""media_kind"":""motion_media"",""offset_ms"":0,""path_alias"":""<media-path:2b030c3c41>"",""started_at_present"":true},""last_poll_error"":""null"",""last_render_error"":""null"",""mpv_running"":true,""next_item"":{""alias"":""media-8ffdc1f445"",""duration_ms"":14000,""media_kind"":""motion_media"",""path_alias"":""<media-path:fee4d36eb4>""},""playback_state"":""playing"",""playlist_size"":5,""present"":true,""uptime_sec"":4729}"
108	119.031	2026-07-15T15:45:11+0000	success		11	<media-path:fee4d36eb4>	<media-path:fee4d36eb4>	motion_media	<filename:8ba6df5956>	1.3	14	9.285714	false	false	false	39	v4l2request-copy	true	"{""aspect"":0.557692,""dh"":832,""dw"":464,""h"":832,""par"":1.0,""pixelformat"":""nv12"",""rotate"":0,""stereo-in"":""mono"",""w"":464}"	"{""duration"":""success"",""eof-reached"":""success"",""estimated-frame-number"":""success"",""filename"":""success"",""hwdec-current"":""success"",""idle-active"":""success"",""path"":""success"",""pause"":""success"",""percent-pos"":""success"",""time-pos"":""success"",""video-params"":""success"",""vo-configured"":""success""}"	true	playing	media-8ffdc1f445	<media-path:fee4d36eb4>	14000	2	true	"{""black_screen_risk_reason"":""null"",""blocked_media_count"":0,""consecutive_failures"":0,""current_index"":2,""current_item"":{""alias"":""media-8ffdc1f445"",""duration_ms"":14000,""media_kind"":""motion_media"",""offset_ms"":0,""path_alias"":""<media-path:fee4d36eb4>"",""started_at_present"":true},""last_poll_error"":""null"",""last_render_error"":""null"",""mpv_running"":true,""next_item"":{""alias"":""media-749f1db21b"",""duration_ms"":3900,""media_kind"":""motion_media"",""path_alias"":""<media-path:31af3d58a2>""},""playback_state"":""playing"",""playlist_size"":5,""present"":true,""uptime_sec"":4734}"
109	120.046	2026-07-15T15:45:12+0000	success		2	<media-path:fee4d36eb4>	<media-path:fee4d36eb4>	motion_media	<filename:8ba6df5956>	2.333333	14	16.666667	false	false	false	70	v4l2request-copy	true	"{""aspect"":0.557692,""dh"":832,""dw"":464,""h"":832,""par"":1.0,""pixelformat"":""nv12"",""rotate"":0,""stereo-in"":""mono"",""w"":464}"	"{""duration"":""success"",""eof-reached"":""success"",""estimated-frame-number"":""success"",""filename"":""success"",""hwdec-current"":""success"",""idle-active"":""success"",""path"":""success"",""pause"":""success"",""percent-pos"":""success"",""time-pos"":""success"",""video-params"":""success"",""vo-configured"":""success""}"	true	playing	media-8ffdc1f445	<media-path:fee4d36eb4>	14000	2	true	"{""black_screen_risk_reason"":""null"",""blocked_media_count"":0,""consecutive_failures"":0,""current_index"":2,""current_item"":{""alias"":""media-8ffdc1f445"",""duration_ms"":14000,""media_kind"":""motion_media"",""offset_ms"":0,""path_alias"":""<media-path:fee4d36eb4>"",""started_at_present"":true},""last_poll_error"":""null"",""last_render_error"":""null"",""mpv_running"":true,""next_item"":{""alias"":""media-749f1db21b"",""duration_ms"":3900,""media_kind"":""motion_media"",""path_alias"":""<media-path:31af3d58a2>""},""playback_state"":""playing"",""playlist_size"":5,""present"":true,""uptime_sec"":4734}"
110	121.052	2026-07-15T15:45:13+0000	success		2	<media-path:fee4d36eb4>	<media-path:fee4d36eb4>	motion_media	<filename:8ba6df5956>	3.333333	14	23.809524	false	false	false	100	v4l2request-copy	true	"{""aspect"":0.557692,""dh"":832,""dw"":464,""h"":832,""par"":1.0,""pixelformat"":""nv12"",""rotate"":0,""stereo-in"":""mono"",""w"":464}"	"{""duration"":""success"",""eof-reached"":""success"",""estimated-frame-number"":""success"",""filename"":""success"",""hwdec-current"":""success"",""idle-active"":""success"",""path"":""success"",""pause"":""success"",""percent-pos"":""success"",""time-pos"":""success"",""video-params"":""success"",""vo-configured"":""success""}"	true	playing	media-8ffdc1f445	<media-path:fee4d36eb4>	14000	2	true	"{""black_screen_risk_reason"":""null"",""blocked_media_count"":0,""consecutive_failures"":0,""current_index"":2,""current_item"":{""alias"":""media-8ffdc1f445"",""duration_ms"":14000,""media_kind"":""motion_media"",""offset_ms"":0,""path_alias"":""<media-path:fee4d36eb4>"",""started_at_present"":true},""last_poll_error"":""null"",""last_render_error"":""null"",""mpv_running"":true,""next_item"":{""alias"":""media-749f1db21b"",""duration_ms"":3900,""media_kind"":""motion_media"",""path_alias"":""<media-path:31af3d58a2>""},""playback_state"":""playing"",""playlist_size"":5,""present"":true,""uptime_sec"":4734}"
111	122.056	2026-07-15T15:45:14+0000	success		2	<media-path:fee4d36eb4>	<media-path:fee4d36eb4>	motion_media	<filename:8ba6df5956>	4.333333	14	30.952381	false	false	false	130	v4l2request-copy	true	"{""aspect"":0.557692,""dh"":832,""dw"":464,""h"":832,""par"":1.0,""pixelformat"":""nv12"",""rotate"":0,""stereo-in"":""mono"",""w"":464}"	"{""duration"":""success"",""eof-reached"":""success"",""estimated-frame-number"":""success"",""filename"":""success"",""hwdec-current"":""success"",""idle-active"":""success"",""path"":""success"",""pause"":""success"",""percent-pos"":""success"",""time-pos"":""success"",""video-params"":""success"",""vo-configured"":""success""}"	true	playing	media-8ffdc1f445	<media-path:fee4d36eb4>	14000	2	true	"{""black_screen_risk_reason"":""null"",""blocked_media_count"":0,""consecutive_failures"":0,""current_index"":2,""current_item"":{""alias"":""media-8ffdc1f445"",""duration_ms"":14000,""media_kind"":""motion_media"",""offset_ms"":0,""path_alias"":""<media-path:fee4d36eb4>"",""started_at_present"":true},""last_poll_error"":""null"",""last_render_error"":""null"",""mpv_running"":true,""next_item"":{""alias"":""media-749f1db21b"",""duration_ms"":3900,""media_kind"":""motion_media"",""path_alias"":""<media-path:31af3d58a2>""},""playback_state"":""playing"",""playlist_size"":5,""present"":true,""uptime_sec"":4734}"
112	123.061	2026-07-15T15:45:15+0000	success		2	<media-path:fee4d36eb4>	<media-path:fee4d36eb4>	motion_media	<filename:8ba6df5956>	5.333333	14	38.095238	false	false	false	160	v4l2request-copy	true	"{""aspect"":0.557692,""dh"":832,""dw"":464,""h"":832,""par"":1.0,""pixelformat"":""nv12"",""rotate"":0,""stereo-in"":""mono"",""w"":464}"	"{""duration"":""success"",""eof-reached"":""success"",""estimated-frame-number"":""success"",""filename"":""success"",""hwdec-current"":""success"",""idle-active"":""success"",""path"":""success"",""pause"":""success"",""percent-pos"":""success"",""time-pos"":""success"",""video-params"":""success"",""vo-configured"":""success""}"	true	playing	media-8ffdc1f445	<media-path:fee4d36eb4>	14000	2	true	"{""black_screen_risk_reason"":""null"",""blocked_media_count"":0,""consecutive_failures"":0,""current_index"":2,""current_item"":{""alias"":""media-8ffdc1f445"",""duration_ms"":14000,""media_kind"":""motion_media"",""offset_ms"":0,""path_alias"":""<media-path:fee4d36eb4>"",""started_at_present"":true},""last_poll_error"":""null"",""last_render_error"":""null"",""mpv_running"":true,""next_item"":{""alias"":""media-749f1db21b"",""duration_ms"":3900,""media_kind"":""motion_media"",""path_alias"":""<media-path:31af3d58a2>""},""playback_state"":""playing"",""playlist_size"":5,""present"":true,""uptime_sec"":4734}"
113	124.065	2026-07-15T15:45:16+0000	success		10	<media-path:fee4d36eb4>	<media-path:fee4d36eb4>	motion_media	<filename:8ba6df5956>	6.333333	14	45.238095	false	false	false	190	v4l2request-copy	true	"{""aspect"":0.557692,""dh"":832,""dw"":464,""h"":832,""par"":1.0,""pixelformat"":""nv12"",""rotate"":0,""stereo-in"":""mono"",""w"":464}"	"{""duration"":""success"",""eof-reached"":""success"",""estimated-frame-number"":""success"",""filename"":""success"",""hwdec-current"":""success"",""idle-active"":""success"",""path"":""success"",""pause"":""success"",""percent-pos"":""success"",""time-pos"":""success"",""video-params"":""success"",""vo-configured"":""success""}"	true	playing	media-8ffdc1f445	<media-path:fee4d36eb4>	14000	2	true	"{""black_screen_risk_reason"":""null"",""blocked_media_count"":0,""consecutive_failures"":0,""current_index"":2,""current_item"":{""alias"":""media-8ffdc1f445"",""duration_ms"":14000,""media_kind"":""motion_media"",""offset_ms"":0,""path_alias"":""<media-path:fee4d36eb4>"",""started_at_present"":true},""last_poll_error"":""null"",""last_render_error"":""null"",""mpv_running"":true,""next_item"":{""alias"":""media-749f1db21b"",""duration_ms"":3900,""media_kind"":""motion_media"",""path_alias"":""<media-path:31af3d58a2>""},""playback_state"":""playing"",""playlist_size"":5,""present"":true,""uptime_sec"":4739}"
114	125.080	2026-07-15T15:45:17+0000	success		3	<media-path:fee4d36eb4>	<media-path:fee4d36eb4>	motion_media	<filename:8ba6df5956>	7.366667	14	52.619048	false	false	false	221	v4l2request-copy	true	"{""aspect"":0.557692,""dh"":832,""dw"":464,""h"":832,""par"":1.0,""pixelformat"":""nv12"",""rotate"":0,""stereo-in"":""mono"",""w"":464}"	"{""duration"":""success"",""eof-reached"":""success"",""estimated-frame-number"":""success"",""filename"":""success"",""hwdec-current"":""success"",""idle-active"":""success"",""path"":""success"",""pause"":""success"",""percent-pos"":""success"",""time-pos"":""success"",""video-params"":""success"",""vo-configured"":""success""}"	true	playing	media-8ffdc1f445	<media-path:fee4d36eb4>	14000	2	true	"{""black_screen_risk_reason"":""null"",""blocked_media_count"":0,""consecutive_failures"":0,""current_index"":2,""current_item"":{""alias"":""media-8ffdc1f445"",""duration_ms"":14000,""media_kind"":""motion_media"",""offset_ms"":0,""path_alias"":""<media-path:fee4d36eb4>"",""started_at_present"":true},""last_poll_error"":""null"",""last_render_error"":""null"",""mpv_running"":true,""next_item"":{""alias"":""media-749f1db21b"",""duration_ms"":3900,""media_kind"":""motion_media"",""path_alias"":""<media-path:31af3d58a2>""},""playback_state"":""playing"",""playlist_size"":5,""present"":true,""uptime_sec"":4739}"
115	126.086	2026-07-15T15:45:18+0000	success		2	<media-path:fee4d36eb4>	<media-path:fee4d36eb4>	motion_media	<filename:8ba6df5956>	8.366667	14	59.761905	false	false	false	251	v4l2request-copy	true	"{""aspect"":0.557692,""dh"":832,""dw"":464,""h"":832,""par"":1.0,""pixelformat"":""nv12"",""rotate"":0,""stereo-in"":""mono"",""w"":464}"	"{""duration"":""success"",""eof-reached"":""success"",""estimated-frame-number"":""success"",""filename"":""success"",""hwdec-current"":""success"",""idle-active"":""success"",""path"":""success"",""pause"":""success"",""percent-pos"":""success"",""time-pos"":""success"",""video-params"":""success"",""vo-configured"":""success""}"	true	playing	media-8ffdc1f445	<media-path:fee4d36eb4>	14000	2	true	"{""black_screen_risk_reason"":""null"",""blocked_media_count"":0,""consecutive_failures"":0,""current_index"":2,""current_item"":{""alias"":""media-8ffdc1f445"",""duration_ms"":14000,""media_kind"":""motion_media"",""offset_ms"":0,""path_alias"":""<media-path:fee4d36eb4>"",""started_at_present"":true},""last_poll_error"":""null"",""last_render_error"":""null"",""mpv_running"":true,""next_item"":{""alias"":""media-749f1db21b"",""duration_ms"":3900,""media_kind"":""motion_media"",""path_alias"":""<media-path:31af3d58a2>""},""playback_state"":""playing"",""playlist_size"":5,""present"":true,""uptime_sec"":4739}"
116	127.091	2026-07-15T15:45:19+0000	success		2	<media-path:fee4d36eb4>	<media-path:fee4d36eb4>	motion_media	<filename:8ba6df5956>	9.366667	14	66.904762	false	false	false	281	v4l2request-copy	true	"{""aspect"":0.557692,""dh"":832,""dw"":464,""h"":832,""par"":1.0,""pixelformat"":""nv12"",""rotate"":0,""stereo-in"":""mono"",""w"":464}"	"{""duration"":""success"",""eof-reached"":""success"",""estimated-frame-number"":""success"",""filename"":""success"",""hwdec-current"":""success"",""idle-active"":""success"",""path"":""success"",""pause"":""success"",""percent-pos"":""success"",""time-pos"":""success"",""video-params"":""success"",""vo-configured"":""success""}"	true	playing	media-8ffdc1f445	<media-path:fee4d36eb4>	14000	2	true	"{""black_screen_risk_reason"":""null"",""blocked_media_count"":0,""consecutive_failures"":0,""current_index"":2,""current_item"":{""alias"":""media-8ffdc1f445"",""duration_ms"":14000,""media_kind"":""motion_media"",""offset_ms"":0,""path_alias"":""<media-path:fee4d36eb4>"",""started_at_present"":true},""last_poll_error"":""null"",""last_render_error"":""null"",""mpv_running"":true,""next_item"":{""alias"":""media-749f1db21b"",""duration_ms"":3900,""media_kind"":""motion_media"",""path_alias"":""<media-path:31af3d58a2>""},""playback_state"":""playing"",""playlist_size"":5,""present"":true,""uptime_sec"":4739}"
117	128.095	2026-07-15T15:45:20+0000	success		2	<media-path:fee4d36eb4>	<media-path:fee4d36eb4>	motion_media	<filename:8ba6df5956>	10.366667	14	74.047619	false	false	false	311	v4l2request-copy	true	"{""aspect"":0.557692,""dh"":832,""dw"":464,""h"":832,""par"":1.0,""pixelformat"":""nv12"",""rotate"":0,""stereo-in"":""mono"",""w"":464}"	"{""duration"":""success"",""eof-reached"":""success"",""estimated-frame-number"":""success"",""filename"":""success"",""hwdec-current"":""success"",""idle-active"":""success"",""path"":""success"",""pause"":""success"",""percent-pos"":""success"",""time-pos"":""success"",""video-params"":""success"",""vo-configured"":""success""}"	true	playing	media-8ffdc1f445	<media-path:fee4d36eb4>	14000	2	true	"{""black_screen_risk_reason"":""null"",""blocked_media_count"":0,""consecutive_failures"":0,""current_index"":2,""current_item"":{""alias"":""media-8ffdc1f445"",""duration_ms"":14000,""media_kind"":""motion_media"",""offset_ms"":0,""path_alias"":""<media-path:fee4d36eb4>"",""started_at_present"":true},""last_poll_error"":""null"",""last_render_error"":""null"",""mpv_running"":true,""next_item"":{""alias"":""media-749f1db21b"",""duration_ms"":3900,""media_kind"":""motion_media"",""path_alias"":""<media-path:31af3d58a2>""},""playback_state"":""playing"",""playlist_size"":5,""present"":true,""uptime_sec"":4739}"
118	129.101	2026-07-15T15:45:21+0000	success		6	<media-path:fee4d36eb4>	<media-path:fee4d36eb4>	motion_media	<filename:8ba6df5956>	11.366667	14	81.190476	false	false	false	341	v4l2request-copy	true	"{""aspect"":0.557692,""dh"":832,""dw"":464,""h"":832,""par"":1.0,""pixelformat"":""nv12"",""rotate"":0,""stereo-in"":""mono"",""w"":464}"	"{""duration"":""success"",""eof-reached"":""success"",""estimated-frame-number"":""success"",""filename"":""success"",""hwdec-current"":""success"",""idle-active"":""success"",""path"":""success"",""pause"":""success"",""percent-pos"":""success"",""time-pos"":""success"",""video-params"":""success"",""vo-configured"":""success""}"	true	playing	media-8ffdc1f445	<media-path:fee4d36eb4>	14000	2	true	"{""black_screen_risk_reason"":""null"",""blocked_media_count"":0,""consecutive_failures"":0,""current_index"":2,""current_item"":{""alias"":""media-8ffdc1f445"",""duration_ms"":14000,""media_kind"":""motion_media"",""offset_ms"":0,""path_alias"":""<media-path:fee4d36eb4>"",""started_at_present"":true},""last_poll_error"":""null"",""last_render_error"":""null"",""mpv_running"":true,""next_item"":{""alias"":""media-749f1db21b"",""duration_ms"":3900,""media_kind"":""motion_media"",""path_alias"":""<media-path:31af3d58a2>""},""playback_state"":""playing"",""playlist_size"":5,""present"":true,""uptime_sec"":4744}"
119	130.110	2026-07-15T15:45:22+0000	success		2	<media-path:fee4d36eb4>	<media-path:fee4d36eb4>	motion_media	<filename:8ba6df5956>	12.366667	14	88.333333	false	false	false	371	v4l2request-copy	true	"{""aspect"":0.557692,""dh"":832,""dw"":464,""h"":832,""par"":1.0,""pixelformat"":""nv12"",""rotate"":0,""stereo-in"":""mono"",""w"":464}"	"{""duration"":""success"",""eof-reached"":""success"",""estimated-frame-number"":""success"",""filename"":""success"",""hwdec-current"":""success"",""idle-active"":""success"",""path"":""success"",""pause"":""success"",""percent-pos"":""success"",""time-pos"":""success"",""video-params"":""success"",""vo-configured"":""success""}"	true	playing	media-8ffdc1f445	<media-path:fee4d36eb4>	14000	2	true	"{""black_screen_risk_reason"":""null"",""blocked_media_count"":0,""consecutive_failures"":0,""current_index"":2,""current_item"":{""alias"":""media-8ffdc1f445"",""duration_ms"":14000,""media_kind"":""motion_media"",""offset_ms"":0,""path_alias"":""<media-path:fee4d36eb4>"",""started_at_present"":true},""last_poll_error"":""null"",""last_render_error"":""null"",""mpv_running"":true,""next_item"":{""alias"":""media-749f1db21b"",""duration_ms"":3900,""media_kind"":""motion_media"",""path_alias"":""<media-path:31af3d58a2>""},""playback_state"":""playing"",""playlist_size"":5,""present"":true,""uptime_sec"":4744}"
120	131.115	2026-07-15T15:45:23+0000	success		2	<media-path:fee4d36eb4>	<media-path:fee4d36eb4>	motion_media	<filename:8ba6df5956>	13.4	14	95.714286	false	false	false	402	v4l2request-copy	true	"{""aspect"":0.557692,""dh"":832,""dw"":464,""h"":832,""par"":1.0,""pixelformat"":""nv12"",""rotate"":0,""stereo-in"":""mono"",""w"":464}"	"{""duration"":""success"",""eof-reached"":""success"",""estimated-frame-number"":""success"",""filename"":""success"",""hwdec-current"":""success"",""idle-active"":""success"",""path"":""success"",""pause"":""success"",""percent-pos"":""success"",""time-pos"":""success"",""video-params"":""success"",""vo-configured"":""success""}"	true	playing	media-8ffdc1f445	<media-path:fee4d36eb4>	14000	2	true	"{""black_screen_risk_reason"":""null"",""blocked_media_count"":0,""consecutive_failures"":0,""current_index"":2,""current_item"":{""alias"":""media-8ffdc1f445"",""duration_ms"":14000,""media_kind"":""motion_media"",""offset_ms"":0,""path_alias"":""<media-path:fee4d36eb4>"",""started_at_present"":true},""last_poll_error"":""null"",""last_render_error"":""null"",""mpv_running"":true,""next_item"":{""alias"":""media-749f1db21b"",""duration_ms"":3900,""media_kind"":""motion_media"",""path_alias"":""<media-path:31af3d58a2>""},""playback_state"":""playing"",""playlist_size"":5,""present"":true,""uptime_sec"":4744}"
121	132.120	2026-07-15T15:45:24+0000	success		2	<media-path:31af3d58a2>	<media-path:31af3d58a2>	motion_media	<filename:92829f14a9>	0.233333	3.9	5.982906	false	false	false	7	v4l2request-copy	true	"{""aspect"":0.566038,""dh"":848,""dw"":480,""h"":848,""par"":1.0,""pixelformat"":""nv12"",""rotate"":0,""stereo-in"":""mono"",""w"":480}"	"{""duration"":""success"",""eof-reached"":""success"",""estimated-frame-number"":""success"",""filename"":""success"",""hwdec-current"":""success"",""idle-active"":""success"",""path"":""success"",""pause"":""success"",""percent-pos"":""success"",""time-pos"":""success"",""video-params"":""success"",""vo-configured"":""success""}"	true	playing	media-8ffdc1f445	<media-path:fee4d36eb4>	14000	2	true	"{""black_screen_risk_reason"":""null"",""blocked_media_count"":0,""consecutive_failures"":0,""current_index"":2,""current_item"":{""alias"":""media-8ffdc1f445"",""duration_ms"":14000,""media_kind"":""motion_media"",""offset_ms"":0,""path_alias"":""<media-path:fee4d36eb4>"",""started_at_present"":true},""last_poll_error"":""null"",""last_render_error"":""null"",""mpv_running"":true,""next_item"":{""alias"":""media-749f1db21b"",""duration_ms"":3900,""media_kind"":""motion_media"",""path_alias"":""<media-path:31af3d58a2>""},""playback_state"":""playing"",""playlist_size"":5,""present"":true,""uptime_sec"":4744}"
122	133.124	2026-07-15T15:45:25+0000	success		3	<media-path:31af3d58a2>	<media-path:31af3d58a2>	motion_media	<filename:92829f14a9>	1.233333	3.9	31.623932	false	false	false	37	v4l2request-copy	true	"{""aspect"":0.566038,""dh"":848,""dw"":480,""h"":848,""par"":1.0,""pixelformat"":""nv12"",""rotate"":0,""stereo-in"":""mono"",""w"":480}"	"{""duration"":""success"",""eof-reached"":""success"",""estimated-frame-number"":""success"",""filename"":""success"",""hwdec-current"":""success"",""idle-active"":""success"",""path"":""success"",""pause"":""success"",""percent-pos"":""success"",""time-pos"":""success"",""video-params"":""success"",""vo-configured"":""success""}"	true	playing	media-8ffdc1f445	<media-path:fee4d36eb4>	14000	2	true	"{""black_screen_risk_reason"":""null"",""blocked_media_count"":0,""consecutive_failures"":0,""current_index"":2,""current_item"":{""alias"":""media-8ffdc1f445"",""duration_ms"":14000,""media_kind"":""motion_media"",""offset_ms"":0,""path_alias"":""<media-path:fee4d36eb4>"",""started_at_present"":true},""last_poll_error"":""null"",""last_render_error"":""null"",""mpv_running"":true,""next_item"":{""alias"":""media-749f1db21b"",""duration_ms"":3900,""media_kind"":""motion_media"",""path_alias"":""<media-path:31af3d58a2>""},""playback_state"":""playing"",""playlist_size"":5,""present"":true,""uptime_sec"":4744}"
123	134.132	2026-07-15T15:45:26+0000	success		4	<media-path:31af3d58a2>	<media-path:31af3d58a2>	motion_media	<filename:92829f14a9>	2.233333	3.9	57.264957	false	false	false	66	v4l2request-copy	true	"{""aspect"":0.566038,""dh"":848,""dw"":480,""h"":848,""par"":1.0,""pixelformat"":""nv12"",""rotate"":0,""stereo-in"":""mono"",""w"":480}"	"{""duration"":""success"",""eof-reached"":""success"",""estimated-frame-number"":""success"",""filename"":""success"",""hwdec-current"":""success"",""idle-active"":""success"",""path"":""success"",""pause"":""success"",""percent-pos"":""success"",""time-pos"":""success"",""video-params"":""success"",""vo-configured"":""success""}"	true	playing	media-749f1db21b	<media-path:31af3d58a2>	3900	3	true	"{""black_screen_risk_reason"":""null"",""blocked_media_count"":0,""consecutive_failures"":0,""current_index"":3,""current_item"":{""alias"":""media-749f1db21b"",""duration_ms"":3900,""media_kind"":""motion_media"",""offset_ms"":0,""path_alias"":""<media-path:31af3d58a2>"",""started_at_present"":true},""last_poll_error"":""null"",""last_render_error"":""null"",""mpv_running"":true,""next_item"":{""alias"":""media-b8c9a5f04c"",""duration_ms"":28100,""media_kind"":""motion_media"",""path_alias"":""<media-path:3ba49b8978>""},""playback_state"":""playing"",""playlist_size"":5,""present"":true,""uptime_sec"":4749}"
124	135.139	2026-07-15T15:45:27+0000	success		2	<media-path:31af3d58a2>	<media-path:31af3d58a2>	motion_media	<filename:92829f14a9>	3.233333	3.9	82.905983	false	false	false	96	v4l2request-copy	true	"{""aspect"":0.566038,""dh"":848,""dw"":480,""h"":848,""par"":1.0,""pixelformat"":""nv12"",""rotate"":0,""stereo-in"":""mono"",""w"":480}"	"{""duration"":""success"",""eof-reached"":""success"",""estimated-frame-number"":""success"",""filename"":""success"",""hwdec-current"":""success"",""idle-active"":""success"",""path"":""success"",""pause"":""success"",""percent-pos"":""success"",""time-pos"":""success"",""video-params"":""success"",""vo-configured"":""success""}"	true	playing	media-749f1db21b	<media-path:31af3d58a2>	3900	3	true	"{""black_screen_risk_reason"":""null"",""blocked_media_count"":0,""consecutive_failures"":0,""current_index"":3,""current_item"":{""alias"":""media-749f1db21b"",""duration_ms"":3900,""media_kind"":""motion_media"",""offset_ms"":0,""path_alias"":""<media-path:31af3d58a2>"",""started_at_present"":true},""last_poll_error"":""null"",""last_render_error"":""null"",""mpv_running"":true,""next_item"":{""alias"":""media-b8c9a5f04c"",""duration_ms"":28100,""media_kind"":""motion_media"",""path_alias"":""<media-path:3ba49b8978>""},""playback_state"":""playing"",""playlist_size"":5,""present"":true,""uptime_sec"":4749}"
125	136.144	2026-07-15T15:45:28+0000	success		585	<media-path:3ba49b8978>	<media-path:3ba49b8978>	motion_media	<filename:e511e8bce0>	0.066733	28.061367	0.475624	false	false	false	6	v4l2request-copy	true	"{""aspect"":0.5625,""dh"":1920,""dw"":1080,""h"":1920,""par"":1.0,""pixelformat"":""nv12"",""rotate"":0,""stereo-in"":""mono"",""w"":1080}"	"{""duration"":""success"",""eof-reached"":""success"",""estimated-frame-number"":""success"",""filename"":""success"",""hwdec-current"":""success"",""idle-active"":""success"",""path"":""success"",""pause"":""success"",""percent-pos"":""success"",""time-pos"":""success"",""video-params"":""success"",""vo-configured"":""success""}"	true	playing	media-749f1db21b	<media-path:31af3d58a2>	3900	3	true	"{""black_screen_risk_reason"":""null"",""blocked_media_count"":0,""consecutive_failures"":0,""current_index"":3,""current_item"":{""alias"":""media-749f1db21b"",""duration_ms"":3900,""media_kind"":""motion_media"",""offset_ms"":0,""path_alias"":""<media-path:31af3d58a2>"",""started_at_present"":true},""last_poll_error"":""null"",""last_render_error"":""null"",""mpv_running"":true,""next_item"":{""alias"":""media-b8c9a5f04c"",""duration_ms"":28100,""media_kind"":""motion_media"",""path_alias"":""<media-path:3ba49b8978>""},""playback_state"":""playing"",""playlist_size"":5,""present"":true,""uptime_sec"":4749}"
126	137.735	2026-07-15T15:45:30+0000	success		296	<media-path:3ba49b8978>	<media-path:3ba49b8978>	motion_media	<filename:e511e8bce0>	1.234567	28.061367	4.637337	false	false	false	41	v4l2request-copy	true	"{""aspect"":0.5625,""dh"":1920,""dw"":1080,""h"":1920,""par"":1.0,""pixelformat"":""nv12"",""rotate"":0,""stereo-in"":""mono"",""w"":1080}"	"{""duration"":""success"",""eof-reached"":""success"",""estimated-frame-number"":""success"",""filename"":""success"",""hwdec-current"":""success"",""idle-active"":""success"",""path"":""success"",""pause"":""success"",""percent-pos"":""success"",""time-pos"":""success"",""video-params"":""success"",""vo-configured"":""success""}"	true	playing	media-749f1db21b	<media-path:31af3d58a2>	3900	3	true	"{""black_screen_risk_reason"":""null"",""blocked_media_count"":0,""consecutive_failures"":0,""current_index"":3,""current_item"":{""alias"":""media-749f1db21b"",""duration_ms"":3900,""media_kind"":""motion_media"",""offset_ms"":0,""path_alias"":""<media-path:31af3d58a2>"",""started_at_present"":true},""last_poll_error"":""null"",""last_render_error"":""null"",""mpv_running"":true,""next_item"":{""alias"":""media-b8c9a5f04c"",""duration_ms"":28100,""media_kind"":""motion_media"",""path_alias"":""<media-path:3ba49b8978>""},""playback_state"":""playing"",""playlist_size"":5,""present"":true,""uptime_sec"":4749}"
127	139.034	2026-07-15T15:45:31+0000	success		473	<media-path:3ba49b8978>	<media-path:3ba49b8978>	motion_media	<filename:e511e8bce0>	2.235567	28.061367	8.204518	false	false	false	71	v4l2request-copy	true	"{""aspect"":0.5625,""dh"":1920,""dw"":1080,""h"":1920,""par"":1.0,""pixelformat"":""nv12"",""rotate"":0,""stereo-in"":""mono"",""w"":1080}"	"{""duration"":""success"",""eof-reached"":""success"",""estimated-frame-number"":""success"",""filename"":""success"",""hwdec-current"":""success"",""idle-active"":""success"",""path"":""success"",""pause"":""success"",""percent-pos"":""success"",""time-pos"":""success"",""video-params"":""success"",""vo-configured"":""success""}"	true	playing	media-b8c9a5f04c	<media-path:3ba49b8978>	28100	4	true	"{""black_screen_risk_reason"":""null"",""blocked_media_count"":0,""consecutive_failures"":0,""current_index"":4,""current_item"":{""alias"":""media-b8c9a5f04c"",""duration_ms"":28100,""media_kind"":""motion_media"",""offset_ms"":0,""path_alias"":""<media-path:3ba49b8978>"",""started_at_present"":true},""last_poll_error"":""null"",""last_render_error"":""null"",""mpv_running"":true,""next_item"":{""alias"":""media-63e22e276f"",""duration_ms"":15100,""media_kind"":""motion_media"",""path_alias"":""<media-path:c406539999>""},""playback_state"":""playing"",""playlist_size"":5,""present"":true,""uptime_sec"":4754}"
128	140.512	2026-07-15T15:45:33+0000	success		444	<media-path:3ba49b8978>	<media-path:3ba49b8978>	motion_media	<filename:e511e8bce0>	3.4034	28.061367	12.366231	false	false	false	106	v4l2request-copy	true	"{""aspect"":0.5625,""dh"":1920,""dw"":1080,""h"":1920,""par"":1.0,""pixelformat"":""nv12"",""rotate"":0,""stereo-in"":""mono"",""w"":1080}"	"{""duration"":""success"",""eof-reached"":""success"",""estimated-frame-number"":""success"",""filename"":""success"",""hwdec-current"":""success"",""idle-active"":""success"",""path"":""success"",""pause"":""success"",""percent-pos"":""success"",""time-pos"":""success"",""video-params"":""success"",""vo-configured"":""success""}"	true	playing	media-b8c9a5f04c	<media-path:3ba49b8978>	28100	4	true	"{""black_screen_risk_reason"":""null"",""blocked_media_count"":0,""consecutive_failures"":0,""current_index"":4,""current_item"":{""alias"":""media-b8c9a5f04c"",""duration_ms"":28100,""media_kind"":""motion_media"",""offset_ms"":0,""path_alias"":""<media-path:3ba49b8978>"",""started_at_present"":true},""last_poll_error"":""null"",""last_render_error"":""null"",""mpv_running"":true,""next_item"":{""alias"":""media-63e22e276f"",""duration_ms"":15100,""media_kind"":""motion_media"",""path_alias"":""<media-path:c406539999>""},""playback_state"":""playing"",""playlist_size"":5,""present"":true,""uptime_sec"":4754}"
129	141.961	2026-07-15T15:45:34+0000	success		502	<media-path:3ba49b8978>	<media-path:3ba49b8978>	motion_media	<filename:e511e8bce0>	4.537867	28.061367	16.409037	false	false	false	140	v4l2request-copy	true	"{""aspect"":0.5625,""dh"":1920,""dw"":1080,""h"":1920,""par"":1.0,""pixelformat"":""nv12"",""rotate"":0,""stereo-in"":""mono"",""w"":1080}"	"{""duration"":""success"",""eof-reached"":""success"",""estimated-frame-number"":""success"",""filename"":""success"",""hwdec-current"":""success"",""idle-active"":""success"",""path"":""success"",""pause"":""success"",""percent-pos"":""success"",""time-pos"":""success"",""video-params"":""success"",""vo-configured"":""success""}"	true	playing	media-b8c9a5f04c	<media-path:3ba49b8978>	28100	4	true	"{""black_screen_risk_reason"":""null"",""blocked_media_count"":0,""consecutive_failures"":0,""current_index"":4,""current_item"":{""alias"":""media-b8c9a5f04c"",""duration_ms"":28100,""media_kind"":""motion_media"",""offset_ms"":0,""path_alias"":""<media-path:3ba49b8978>"",""started_at_present"":true},""last_poll_error"":""null"",""last_render_error"":""null"",""mpv_running"":true,""next_item"":{""alias"":""media-63e22e276f"",""duration_ms"":15100,""media_kind"":""motion_media"",""path_alias"":""<media-path:c406539999>""},""playback_state"":""playing"",""playlist_size"":5,""present"":true,""uptime_sec"":4754}"
130	143.467	2026-07-15T15:45:35+0000	success		240	<media-path:3ba49b8978>	<media-path:3ba49b8978>	motion_media	<filename:e511e8bce0>	5.7057	28.061367	20.570749	false	false	false	174	v4l2request-copy	true	"{""aspect"":0.5625,""dh"":1920,""dw"":1080,""h"":1920,""par"":1.0,""pixelformat"":""nv12"",""rotate"":0,""stereo-in"":""mono"",""w"":1080}"	"{""duration"":""success"",""eof-reached"":""success"",""estimated-frame-number"":""success"",""filename"":""success"",""hwdec-current"":""success"",""idle-active"":""success"",""path"":""success"",""pause"":""success"",""percent-pos"":""success"",""time-pos"":""success"",""video-params"":""success"",""vo-configured"":""success""}"	true	playing	media-b8c9a5f04c	<media-path:3ba49b8978>	28100	4	true	"{""black_screen_risk_reason"":""null"",""blocked_media_count"":0,""consecutive_failures"":0,""current_index"":4,""current_item"":{""alias"":""media-b8c9a5f04c"",""duration_ms"":28100,""media_kind"":""motion_media"",""offset_ms"":0,""path_alias"":""<media-path:3ba49b8978>"",""started_at_present"":true},""last_poll_error"":""null"",""last_render_error"":""null"",""mpv_running"":true,""next_item"":{""alias"":""media-63e22e276f"",""duration_ms"":15100,""media_kind"":""motion_media"",""path_alias"":""<media-path:c406539999>""},""playback_state"":""playing"",""playlist_size"":5,""present"":true,""uptime_sec"":4754}"
131	144.711	2026-07-15T15:45:37+0000	success		476	<media-path:3ba49b8978>	<media-path:3ba49b8978>	motion_media	<filename:e511e8bce0>	6.673333	28.061367	24.019025	false	false	false	204	v4l2request-copy	true	"{""aspect"":0.5625,""dh"":1920,""dw"":1080,""h"":1920,""par"":1.0,""pixelformat"":""nv12"",""rotate"":0,""stereo-in"":""mono"",""w"":1080}"	"{""duration"":""success"",""eof-reached"":""success"",""estimated-frame-number"":""success"",""filename"":""success"",""hwdec-current"":""success"",""idle-active"":""success"",""path"":""success"",""pause"":""success"",""percent-pos"":""success"",""time-pos"":""success"",""video-params"":""success"",""vo-configured"":""success""}"	true	playing	media-b8c9a5f04c	<media-path:3ba49b8978>	28100	4	true	"{""black_screen_risk_reason"":""null"",""blocked_media_count"":0,""consecutive_failures"":0,""current_index"":4,""current_item"":{""alias"":""media-b8c9a5f04c"",""duration_ms"":28100,""media_kind"":""motion_media"",""offset_ms"":0,""path_alias"":""<media-path:3ba49b8978>"",""started_at_present"":true},""last_poll_error"":""null"",""last_render_error"":""null"",""mpv_running"":true,""next_item"":{""alias"":""media-63e22e276f"",""duration_ms"":15100,""media_kind"":""motion_media"",""path_alias"":""<media-path:c406539999>""},""playback_state"":""playing"",""playlist_size"":5,""present"":true,""uptime_sec"":4759}"
132	146.190	2026-07-15T15:45:38+0000	success		440	<media-path:3ba49b8978>	<media-path:3ba49b8978>	motion_media	<filename:e511e8bce0>	7.841167	28.061367	28.180737	false	false	false	239	v4l2request-copy	true	"{""aspect"":0.5625,""dh"":1920,""dw"":1080,""h"":1920,""par"":1.0,""pixelformat"":""nv12"",""rotate"":0,""stereo-in"":""mono"",""w"":1080}"	"{""duration"":""success"",""eof-reached"":""success"",""estimated-frame-number"":""success"",""filename"":""success"",""hwdec-current"":""success"",""idle-active"":""success"",""path"":""success"",""pause"":""success"",""percent-pos"":""success"",""time-pos"":""success"",""video-params"":""success"",""vo-configured"":""success""}"	true	playing	media-b8c9a5f04c	<media-path:3ba49b8978>	28100	4	true	"{""black_screen_risk_reason"":""null"",""blocked_media_count"":0,""consecutive_failures"":0,""current_index"":4,""current_item"":{""alias"":""media-b8c9a5f04c"",""duration_ms"":28100,""media_kind"":""motion_media"",""offset_ms"":0,""path_alias"":""<media-path:3ba49b8978>"",""started_at_present"":true},""last_poll_error"":""null"",""last_render_error"":""null"",""mpv_running"":true,""next_item"":{""alias"":""media-63e22e276f"",""duration_ms"":15100,""media_kind"":""motion_media"",""path_alias"":""<media-path:c406539999>""},""playback_state"":""playing"",""playlist_size"":5,""present"":true,""uptime_sec"":4759}"
133	147.634	2026-07-15T15:45:40+0000	success		492	<media-path:3ba49b8978>	<media-path:3ba49b8978>	motion_media	<filename:e511e8bce0>	8.975633	28.061367	32.223543	false	false	false	273	v4l2request-copy	true	"{""aspect"":0.5625,""dh"":1920,""dw"":1080,""h"":1920,""par"":1.0,""pixelformat"":""nv12"",""rotate"":0,""stereo-in"":""mono"",""w"":1080}"	"{""duration"":""success"",""eof-reached"":""success"",""estimated-frame-number"":""success"",""filename"":""success"",""hwdec-current"":""success"",""idle-active"":""success"",""path"":""success"",""pause"":""success"",""percent-pos"":""success"",""time-pos"":""success"",""video-params"":""success"",""vo-configured"":""success""}"	true	playing	media-b8c9a5f04c	<media-path:3ba49b8978>	28100	4	true	"{""black_screen_risk_reason"":""null"",""blocked_media_count"":0,""consecutive_failures"":0,""current_index"":4,""current_item"":{""alias"":""media-b8c9a5f04c"",""duration_ms"":28100,""media_kind"":""motion_media"",""offset_ms"":0,""path_alias"":""<media-path:3ba49b8978>"",""started_at_present"":true},""last_poll_error"":""null"",""last_render_error"":""null"",""mpv_running"":true,""next_item"":{""alias"":""media-63e22e276f"",""duration_ms"":15100,""media_kind"":""motion_media"",""path_alias"":""<media-path:c406539999>""},""playback_state"":""playing"",""playlist_size"":5,""present"":true,""uptime_sec"":4759}"
134	149.130	2026-07-15T15:45:41+0000	success		318	<media-path:3ba49b8978>	<media-path:3ba49b8978>	motion_media	<filename:e511e8bce0>	10.143467	28.061367	36.385256	false	false	false	308	v4l2request-copy	true	"{""aspect"":0.5625,""dh"":1920,""dw"":1080,""h"":1920,""par"":1.0,""pixelformat"":""nv12"",""rotate"":0,""stereo-in"":""mono"",""w"":1080}"	"{""duration"":""success"",""eof-reached"":""success"",""estimated-frame-number"":""success"",""filename"":""success"",""hwdec-current"":""success"",""idle-active"":""success"",""path"":""success"",""pause"":""success"",""percent-pos"":""success"",""time-pos"":""success"",""video-params"":""success"",""vo-configured"":""success""}"	true	playing	media-b8c9a5f04c	<media-path:3ba49b8978>	28100	4	true	"{""black_screen_risk_reason"":""null"",""blocked_media_count"":0,""consecutive_failures"":0,""current_index"":4,""current_item"":{""alias"":""media-b8c9a5f04c"",""duration_ms"":28100,""media_kind"":""motion_media"",""offset_ms"":0,""path_alias"":""<media-path:3ba49b8978>"",""started_at_present"":true},""last_poll_error"":""null"",""last_render_error"":""null"",""mpv_running"":true,""next_item"":{""alias"":""media-63e22e276f"",""duration_ms"":15100,""media_kind"":""motion_media"",""path_alias"":""<media-path:c406539999>""},""playback_state"":""playing"",""playlist_size"":5,""present"":true,""uptime_sec"":4764}"
135	150.452	2026-07-15T15:45:43+0000	success		469	<media-path:3ba49b8978>	<media-path:3ba49b8978>	motion_media	<filename:e511e8bce0>	11.177833	28.061367	40.071344	false	false	false	339	v4l2request-copy	true	"{""aspect"":0.5625,""dh"":1920,""dw"":1080,""h"":1920,""par"":1.0,""pixelformat"":""nv12"",""rotate"":0,""stereo-in"":""mono"",""w"":1080}"	"{""duration"":""success"",""eof-reached"":""success"",""estimated-frame-number"":""success"",""filename"":""success"",""hwdec-current"":""success"",""idle-active"":""success"",""path"":""success"",""pause"":""success"",""percent-pos"":""success"",""time-pos"":""success"",""video-params"":""success"",""vo-configured"":""success""}"	true	playing	media-b8c9a5f04c	<media-path:3ba49b8978>	28100	4	true	"{""black_screen_risk_reason"":""null"",""blocked_media_count"":0,""consecutive_failures"":0,""current_index"":4,""current_item"":{""alias"":""media-b8c9a5f04c"",""duration_ms"":28100,""media_kind"":""motion_media"",""offset_ms"":0,""path_alias"":""<media-path:3ba49b8978>"",""started_at_present"":true},""last_poll_error"":""null"",""last_render_error"":""null"",""mpv_running"":true,""next_item"":{""alias"":""media-63e22e276f"",""duration_ms"":15100,""media_kind"":""motion_media"",""path_alias"":""<media-path:c406539999>""},""playback_state"":""playing"",""playlist_size"":5,""present"":true,""uptime_sec"":4764}"
136	151.926	2026-07-15T15:45:44+0000	success		381	<media-path:3ba49b8978>	<media-path:3ba49b8978>	motion_media	<filename:e511e8bce0>	12.345667	28.061367	44.233056	false	false	false	374	v4l2request-copy	true	"{""aspect"":0.5625,""dh"":1920,""dw"":1080,""h"":1920,""par"":1.0,""pixelformat"":""nv12"",""rotate"":0,""stereo-in"":""mono"",""w"":1080}"	"{""duration"":""success"",""eof-reached"":""success"",""estimated-frame-number"":""success"",""filename"":""success"",""hwdec-current"":""success"",""idle-active"":""success"",""path"":""success"",""pause"":""success"",""percent-pos"":""success"",""time-pos"":""success"",""video-params"":""success"",""vo-configured"":""success""}"	true	playing	media-b8c9a5f04c	<media-path:3ba49b8978>	28100	4	true	"{""black_screen_risk_reason"":""null"",""blocked_media_count"":0,""consecutive_failures"":0,""current_index"":4,""current_item"":{""alias"":""media-b8c9a5f04c"",""duration_ms"":28100,""media_kind"":""motion_media"",""offset_ms"":0,""path_alias"":""<media-path:3ba49b8978>"",""started_at_present"":true},""last_poll_error"":""null"",""last_render_error"":""null"",""mpv_running"":true,""next_item"":{""alias"":""media-63e22e276f"",""duration_ms"":15100,""media_kind"":""motion_media"",""path_alias"":""<media-path:c406539999>""},""playback_state"":""playing"",""playlist_size"":5,""present"":true,""uptime_sec"":4764}"
137	153.311	2026-07-15T15:45:45+0000	success		491	<media-path:3ba49b8978>	<media-path:3ba49b8978>	motion_media	<filename:e511e8bce0>	13.4134	28.061367	48.03805	false	false	false	406	v4l2request-copy	true	"{""aspect"":0.5625,""dh"":1920,""dw"":1080,""h"":1920,""par"":1.0,""pixelformat"":""nv12"",""rotate"":0,""stereo-in"":""mono"",""w"":1080}"	"{""duration"":""success"",""eof-reached"":""success"",""estimated-frame-number"":""success"",""filename"":""success"",""hwdec-current"":""success"",""idle-active"":""success"",""path"":""success"",""pause"":""success"",""percent-pos"":""success"",""time-pos"":""success"",""video-params"":""success"",""vo-configured"":""success""}"	true	playing	media-b8c9a5f04c	<media-path:3ba49b8978>	28100	4	true	"{""black_screen_risk_reason"":""null"",""blocked_media_count"":0,""consecutive_failures"":0,""current_index"":4,""current_item"":{""alias"":""media-b8c9a5f04c"",""duration_ms"":28100,""media_kind"":""motion_media"",""offset_ms"":0,""path_alias"":""<media-path:3ba49b8978>"",""started_at_present"":true},""last_poll_error"":""null"",""last_render_error"":""null"",""mpv_running"":true,""next_item"":{""alias"":""media-63e22e276f"",""duration_ms"":15100,""media_kind"":""motion_media"",""path_alias"":""<media-path:c406539999>""},""playback_state"":""playing"",""playlist_size"":5,""present"":true,""uptime_sec"":4764}"
138	154.807	2026-07-15T15:45:47+0000	success		318	<media-path:3ba49b8978>	<media-path:3ba49b8978>	motion_media	<filename:e511e8bce0>	14.581233	28.061367	52.199762	false	false	false	441	v4l2request-copy	true	"{""aspect"":0.5625,""dh"":1920,""dw"":1080,""h"":1920,""par"":1.0,""pixelformat"":""nv12"",""rotate"":0,""stereo-in"":""mono"",""w"":1080}"	"{""duration"":""success"",""eof-reached"":""success"",""estimated-frame-number"":""success"",""filename"":""success"",""hwdec-current"":""success"",""idle-active"":""success"",""path"":""success"",""pause"":""success"",""percent-pos"":""success"",""time-pos"":""success"",""video-params"":""success"",""vo-configured"":""success""}"	true	playing	media-b8c9a5f04c	<media-path:3ba49b8978>	28100	4	true	"{""black_screen_risk_reason"":""null"",""blocked_media_count"":0,""consecutive_failures"":0,""current_index"":4,""current_item"":{""alias"":""media-b8c9a5f04c"",""duration_ms"":28100,""media_kind"":""motion_media"",""offset_ms"":0,""path_alias"":""<media-path:3ba49b8978>"",""started_at_present"":true},""last_poll_error"":""null"",""last_render_error"":""null"",""mpv_running"":true,""next_item"":{""alias"":""media-63e22e276f"",""duration_ms"":15100,""media_kind"":""motion_media"",""path_alias"":""<media-path:c406539999>""},""playback_state"":""playing"",""playlist_size"":5,""present"":true,""uptime_sec"":4769}"
139	156.129	2026-07-15T15:45:48+0000	success		466	<media-path:3ba49b8978>	<media-path:3ba49b8978>	motion_media	<filename:e511e8bce0>	15.6156	28.061367	55.88585	false	false	false	472	v4l2request-copy	true	"{""aspect"":0.5625,""dh"":1920,""dw"":1080,""h"":1920,""par"":1.0,""pixelformat"":""nv12"",""rotate"":0,""stereo-in"":""mono"",""w"":1080}"	"{""duration"":""success"",""eof-reached"":""success"",""estimated-frame-number"":""success"",""filename"":""success"",""hwdec-current"":""success"",""idle-active"":""success"",""path"":""success"",""pause"":""success"",""percent-pos"":""success"",""time-pos"":""success"",""video-params"":""success"",""vo-configured"":""success""}"	true	playing	media-b8c9a5f04c	<media-path:3ba49b8978>	28100	4	true	"{""black_screen_risk_reason"":""null"",""blocked_media_count"":0,""consecutive_failures"":0,""current_index"":4,""current_item"":{""alias"":""media-b8c9a5f04c"",""duration_ms"":28100,""media_kind"":""motion_media"",""offset_ms"":0,""path_alias"":""<media-path:3ba49b8978>"",""started_at_present"":true},""last_poll_error"":""null"",""last_render_error"":""null"",""mpv_running"":true,""next_item"":{""alias"":""media-63e22e276f"",""duration_ms"":15100,""media_kind"":""motion_media"",""path_alias"":""<media-path:c406539999>""},""playback_state"":""playing"",""playlist_size"":5,""present"":true,""uptime_sec"":4769}"
140	157.601	2026-07-15T15:45:50+0000	success		508	<media-path:3ba49b8978>	<media-path:3ba49b8978>	motion_media	<filename:e511e8bce0>	16.783433	28.061367	60.047562	false	false	false	507	v4l2request-copy	true	"{""aspect"":0.5625,""dh"":1920,""dw"":1080,""h"":1920,""par"":1.0,""pixelformat"":""nv12"",""rotate"":0,""stereo-in"":""mono"",""w"":1080}"	"{""duration"":""success"",""eof-reached"":""success"",""estimated-frame-number"":""success"",""filename"":""success"",""hwdec-current"":""success"",""idle-active"":""success"",""path"":""success"",""pause"":""success"",""percent-pos"":""success"",""time-pos"":""success"",""video-params"":""success"",""vo-configured"":""success""}"	true	playing	media-b8c9a5f04c	<media-path:3ba49b8978>	28100	4	true	"{""black_screen_risk_reason"":""null"",""blocked_media_count"":0,""consecutive_failures"":0,""current_index"":4,""current_item"":{""alias"":""media-b8c9a5f04c"",""duration_ms"":28100,""media_kind"":""motion_media"",""offset_ms"":0,""path_alias"":""<media-path:3ba49b8978>"",""started_at_present"":true},""last_poll_error"":""null"",""last_render_error"":""null"",""mpv_running"":true,""next_item"":{""alias"":""media-63e22e276f"",""duration_ms"":15100,""media_kind"":""motion_media"",""path_alias"":""<media-path:c406539999>""},""playback_state"":""playing"",""playlist_size"":5,""present"":true,""uptime_sec"":4769}"
141	159.114	2026-07-15T15:45:51+0000	success		474	<media-path:3ba49b8978>	<media-path:3ba49b8978>	motion_media	<filename:e511e8bce0>	17.951267	28.061367	64.209275	false	false	false	542	v4l2request-copy	true	"{""aspect"":0.5625,""dh"":1920,""dw"":1080,""h"":1920,""par"":1.0,""pixelformat"":""nv12"",""rotate"":0,""stereo-in"":""mono"",""w"":1080}"	"{""duration"":""success"",""eof-reached"":""success"",""estimated-frame-number"":""success"",""filename"":""success"",""hwdec-current"":""success"",""idle-active"":""success"",""path"":""success"",""pause"":""success"",""percent-pos"":""success"",""time-pos"":""success"",""video-params"":""success"",""vo-configured"":""success""}"	true	playing	media-b8c9a5f04c	<media-path:3ba49b8978>	28100	4	true	"{""black_screen_risk_reason"":""null"",""blocked_media_count"":0,""consecutive_failures"":0,""current_index"":4,""current_item"":{""alias"":""media-b8c9a5f04c"",""duration_ms"":28100,""media_kind"":""motion_media"",""offset_ms"":0,""path_alias"":""<media-path:3ba49b8978>"",""started_at_present"":true},""last_poll_error"":""null"",""last_render_error"":""null"",""mpv_running"":true,""next_item"":{""alias"":""media-63e22e276f"",""duration_ms"":15100,""media_kind"":""motion_media"",""path_alias"":""<media-path:c406539999>""},""playback_state"":""playing"",""playlist_size"":5,""present"":true,""uptime_sec"":4774}"
142	160.592	2026-07-15T15:45:52+0000	success		268	<media-path:3ba49b8978>	<media-path:3ba49b8978>	motion_media	<filename:e511e8bce0>	19.1191	28.061367	68.370987	false	false	false	577	v4l2request-copy	true	"{""aspect"":0.5625,""dh"":1920,""dw"":1080,""h"":1920,""par"":1.0,""pixelformat"":""nv12"",""rotate"":0,""stereo-in"":""mono"",""w"":1080}"	"{""duration"":""success"",""eof-reached"":""success"",""estimated-frame-number"":""success"",""filename"":""success"",""hwdec-current"":""success"",""idle-active"":""success"",""path"":""success"",""pause"":""success"",""percent-pos"":""success"",""time-pos"":""success"",""video-params"":""success"",""vo-configured"":""success""}"	true	playing	media-b8c9a5f04c	<media-path:3ba49b8978>	28100	4	true	"{""black_screen_risk_reason"":""null"",""blocked_media_count"":0,""consecutive_failures"":0,""current_index"":4,""current_item"":{""alias"":""media-b8c9a5f04c"",""duration_ms"":28100,""media_kind"":""motion_media"",""offset_ms"":0,""path_alias"":""<media-path:3ba49b8978>"",""started_at_present"":true},""last_poll_error"":""null"",""last_render_error"":""null"",""mpv_running"":true,""next_item"":{""alias"":""media-63e22e276f"",""duration_ms"":15100,""media_kind"":""motion_media"",""path_alias"":""<media-path:c406539999>""},""playback_state"":""playing"",""playlist_size"":5,""present"":true,""uptime_sec"":4774}"
143	161.865	2026-07-15T15:45:54+0000	success		489	<media-path:3ba49b8978>	<media-path:3ba49b8978>	motion_media	<filename:e511e8bce0>	20.1201	28.061367	71.938169	false	false	false	607	v4l2request-copy	true	"{""aspect"":0.5625,""dh"":1920,""dw"":1080,""h"":1920,""par"":1.0,""pixelformat"":""nv12"",""rotate"":0,""stereo-in"":""mono"",""w"":1080}"	"{""duration"":""success"",""eof-reached"":""success"",""estimated-frame-number"":""success"",""filename"":""success"",""hwdec-current"":""success"",""idle-active"":""success"",""path"":""success"",""pause"":""success"",""percent-pos"":""success"",""time-pos"":""success"",""video-params"":""success"",""vo-configured"":""success""}"	true	playing	media-b8c9a5f04c	<media-path:3ba49b8978>	28100	4	true	"{""black_screen_risk_reason"":""null"",""blocked_media_count"":0,""consecutive_failures"":0,""current_index"":4,""current_item"":{""alias"":""media-b8c9a5f04c"",""duration_ms"":28100,""media_kind"":""motion_media"",""offset_ms"":0,""path_alias"":""<media-path:3ba49b8978>"",""started_at_present"":true},""last_poll_error"":""null"",""last_render_error"":""null"",""mpv_running"":true,""next_item"":{""alias"":""media-63e22e276f"",""duration_ms"":15100,""media_kind"":""motion_media"",""path_alias"":""<media-path:c406539999>""},""playback_state"":""playing"",""playlist_size"":5,""present"":true,""uptime_sec"":4774}"
144	163.358	2026-07-15T15:45:55+0000	success		190	<media-path:3ba49b8978>	<media-path:3ba49b8978>	motion_media	<filename:e511e8bce0>	21.287933	28.061367	75.980975	false	false	false	639	v4l2request-copy	true	"{""aspect"":0.5625,""dh"":1920,""dw"":1080,""h"":1920,""par"":1.0,""pixelformat"":""nv12"",""rotate"":0,""stereo-in"":""mono"",""w"":1080}"	"{""duration"":""success"",""eof-reached"":""success"",""estimated-frame-number"":""success"",""filename"":""success"",""hwdec-current"":""success"",""idle-active"":""success"",""path"":""success"",""pause"":""success"",""percent-pos"":""success"",""time-pos"":""success"",""video-params"":""success"",""vo-configured"":""success""}"	true	playing	media-b8c9a5f04c	<media-path:3ba49b8978>	28100	4	true	"{""black_screen_risk_reason"":""null"",""blocked_media_count"":0,""consecutive_failures"":0,""current_index"":4,""current_item"":{""alias"":""media-b8c9a5f04c"",""duration_ms"":28100,""media_kind"":""motion_media"",""offset_ms"":0,""path_alias"":""<media-path:3ba49b8978>"",""started_at_present"":true},""last_poll_error"":""null"",""last_render_error"":""null"",""mpv_running"":true,""next_item"":{""alias"":""media-63e22e276f"",""duration_ms"":15100,""media_kind"":""motion_media"",""path_alias"":""<media-path:c406539999>""},""playback_state"":""playing"",""playlist_size"":5,""present"":true,""uptime_sec"":4774}"
145	164.551	2026-07-15T15:45:57+0000	success		476	<media-path:3ba49b8978>	<media-path:3ba49b8978>	motion_media	<filename:e511e8bce0>	22.188833	28.061367	79.310345	false	false	false	669	v4l2request-copy	true	"{""aspect"":0.5625,""dh"":1920,""dw"":1080,""h"":1920,""par"":1.0,""pixelformat"":""nv12"",""rotate"":0,""stereo-in"":""mono"",""w"":1080}"	"{""duration"":""success"",""eof-reached"":""success"",""estimated-frame-number"":""success"",""filename"":""success"",""hwdec-current"":""success"",""idle-active"":""success"",""path"":""success"",""pause"":""success"",""percent-pos"":""success"",""time-pos"":""success"",""video-params"":""success"",""vo-configured"":""success""}"	true	playing	media-b8c9a5f04c	<media-path:3ba49b8978>	28100	4	true	"{""black_screen_risk_reason"":""null"",""blocked_media_count"":0,""consecutive_failures"":0,""current_index"":4,""current_item"":{""alias"":""media-b8c9a5f04c"",""duration_ms"":28100,""media_kind"":""motion_media"",""offset_ms"":0,""path_alias"":""<media-path:3ba49b8978>"",""started_at_present"":true},""last_poll_error"":""null"",""last_render_error"":""null"",""mpv_running"":true,""next_item"":{""alias"":""media-63e22e276f"",""duration_ms"":15100,""media_kind"":""motion_media"",""path_alias"":""<media-path:c406539999>""},""playback_state"":""playing"",""playlist_size"":5,""present"":true,""uptime_sec"":4779}"
146	166.030	2026-07-15T15:45:58+0000	success		2	<media-path:c406539999>	<media-path:c406539999>	motion_media	<filename:aaf3979e21>	0.8	15.069751	5.308648	false	false	false	24	v4l2request-copy	true	"{""aspect"":0.566038,""dh"":848,""dw"":480,""h"":848,""par"":1.0,""pixelformat"":""nv12"",""rotate"":0,""stereo-in"":""mono"",""w"":480}"	"{""duration"":""success"",""eof-reached"":""success"",""estimated-frame-number"":""success"",""filename"":""success"",""hwdec-current"":""success"",""idle-active"":""success"",""path"":""success"",""pause"":""success"",""percent-pos"":""success"",""time-pos"":""success"",""video-params"":""success"",""vo-configured"":""success""}"	true	playing	media-b8c9a5f04c	<media-path:3ba49b8978>	28100	4	true	"{""black_screen_risk_reason"":""null"",""blocked_media_count"":0,""consecutive_failures"":0,""current_index"":4,""current_item"":{""alias"":""media-b8c9a5f04c"",""duration_ms"":28100,""media_kind"":""motion_media"",""offset_ms"":0,""path_alias"":""<media-path:3ba49b8978>"",""started_at_present"":true},""last_poll_error"":""null"",""last_render_error"":""null"",""mpv_running"":true,""next_item"":{""alias"":""media-63e22e276f"",""duration_ms"":15100,""media_kind"":""motion_media"",""path_alias"":""<media-path:c406539999>""},""playback_state"":""playing"",""playlist_size"":5,""present"":true,""uptime_sec"":4779}"
147	167.035	2026-07-15T15:45:59+0000	success		2	<media-path:c406539999>	<media-path:c406539999>	motion_media	<filename:aaf3979e21>	1.833333	15.069751	12.165651	false	false	false	55	v4l2request-copy	true	"{""aspect"":0.566038,""dh"":848,""dw"":480,""h"":848,""par"":1.0,""pixelformat"":""nv12"",""rotate"":0,""stereo-in"":""mono"",""w"":480}"	"{""duration"":""success"",""eof-reached"":""success"",""estimated-frame-number"":""success"",""filename"":""success"",""hwdec-current"":""success"",""idle-active"":""success"",""path"":""success"",""pause"":""success"",""percent-pos"":""success"",""time-pos"":""success"",""video-params"":""success"",""vo-configured"":""success""}"	true	playing	media-b8c9a5f04c	<media-path:3ba49b8978>	28100	4	true	"{""black_screen_risk_reason"":""null"",""blocked_media_count"":0,""consecutive_failures"":0,""current_index"":4,""current_item"":{""alias"":""media-b8c9a5f04c"",""duration_ms"":28100,""media_kind"":""motion_media"",""offset_ms"":0,""path_alias"":""<media-path:3ba49b8978>"",""started_at_present"":true},""last_poll_error"":""null"",""last_render_error"":""null"",""mpv_running"":true,""next_item"":{""alias"":""media-63e22e276f"",""duration_ms"":15100,""media_kind"":""motion_media"",""path_alias"":""<media-path:c406539999>""},""playback_state"":""playing"",""playlist_size"":5,""present"":true,""uptime_sec"":4779}"
148	168.040	2026-07-15T15:46:00+0000	success		2	<media-path:c406539999>	<media-path:c406539999>	motion_media	<filename:aaf3979e21>	2.833333	15.069751	18.801461	false	false	false	85	v4l2request-copy	true	"{""aspect"":0.566038,""dh"":848,""dw"":480,""h"":848,""par"":1.0,""pixelformat"":""nv12"",""rotate"":0,""stereo-in"":""mono"",""w"":480}"	"{""duration"":""success"",""eof-reached"":""success"",""estimated-frame-number"":""success"",""filename"":""success"",""hwdec-current"":""success"",""idle-active"":""success"",""path"":""success"",""pause"":""success"",""percent-pos"":""success"",""time-pos"":""success"",""video-params"":""success"",""vo-configured"":""success""}"	true	playing	media-b8c9a5f04c	<media-path:3ba49b8978>	28100	4	true	"{""black_screen_risk_reason"":""null"",""blocked_media_count"":0,""consecutive_failures"":0,""current_index"":4,""current_item"":{""alias"":""media-b8c9a5f04c"",""duration_ms"":28100,""media_kind"":""motion_media"",""offset_ms"":0,""path_alias"":""<media-path:3ba49b8978>"",""started_at_present"":true},""last_poll_error"":""null"",""last_render_error"":""null"",""mpv_running"":true,""next_item"":{""alias"":""media-63e22e276f"",""duration_ms"":15100,""media_kind"":""motion_media"",""path_alias"":""<media-path:c406539999>""},""playback_state"":""playing"",""playlist_size"":5,""present"":true,""uptime_sec"":4779}"
149	169.044	2026-07-15T15:46:01+0000	success		2	<media-path:c406539999>	<media-path:c406539999>	motion_media	<filename:aaf3979e21>	3.833333	15.069751	25.437271	false	false	false	115	v4l2request-copy	true	"{""aspect"":0.566038,""dh"":848,""dw"":480,""h"":848,""par"":1.0,""pixelformat"":""nv12"",""rotate"":0,""stereo-in"":""mono"",""w"":480}"	"{""duration"":""success"",""eof-reached"":""success"",""estimated-frame-number"":""success"",""filename"":""success"",""hwdec-current"":""success"",""idle-active"":""success"",""path"":""success"",""pause"":""success"",""percent-pos"":""success"",""time-pos"":""success"",""video-params"":""success"",""vo-configured"":""success""}"	true	playing	media-63e22e276f	<media-path:c406539999>	15100	0	true	"{""black_screen_risk_reason"":""null"",""blocked_media_count"":0,""consecutive_failures"":0,""current_index"":0,""current_item"":{""alias"":""media-63e22e276f"",""duration_ms"":15100,""media_kind"":""motion_media"",""offset_ms"":0,""path_alias"":""<media-path:c406539999>"",""started_at_present"":true},""last_poll_error"":""null"",""last_render_error"":""null"",""mpv_running"":true,""next_item"":{""alias"":""media-b04db49d99"",""duration_ms"":15100,""media_kind"":""motion_media"",""path_alias"":""<media-path:2b030c3c41>""},""playback_state"":""playing"",""playlist_size"":5,""present"":true,""uptime_sec"":4784}"
150	170.048	2026-07-15T15:46:02+0000	success		11	<media-path:c406539999>	<media-path:c406539999>	motion_media	<filename:aaf3979e21>	4.833333	15.069751	32.073081	false	false	false	145	v4l2request-copy	true	"{""aspect"":0.566038,""dh"":848,""dw"":480,""h"":848,""par"":1.0,""pixelformat"":""nv12"",""rotate"":0,""stereo-in"":""mono"",""w"":480}"	"{""duration"":""success"",""eof-reached"":""success"",""estimated-frame-number"":""success"",""filename"":""success"",""hwdec-current"":""success"",""idle-active"":""success"",""path"":""success"",""pause"":""success"",""percent-pos"":""success"",""time-pos"":""success"",""video-params"":""success"",""vo-configured"":""success""}"	true	playing	media-63e22e276f	<media-path:c406539999>	15100	0	true	"{""black_screen_risk_reason"":""null"",""blocked_media_count"":0,""consecutive_failures"":0,""current_index"":0,""current_item"":{""alias"":""media-63e22e276f"",""duration_ms"":15100,""media_kind"":""motion_media"",""offset_ms"":0,""path_alias"":""<media-path:c406539999>"",""started_at_present"":true},""last_poll_error"":""null"",""last_render_error"":""null"",""mpv_running"":true,""next_item"":{""alias"":""media-b04db49d99"",""duration_ms"":15100,""media_kind"":""motion_media"",""path_alias"":""<media-path:2b030c3c41>""},""playback_state"":""playing"",""playlist_size"":5,""present"":true,""uptime_sec"":4784}"
151	171.062	2026-07-15T15:46:03+0000	success		2	<media-path:c406539999>	<media-path:c406539999>	motion_media	<filename:aaf3979e21>	5.833333	15.069751	38.708891	false	false	false	175	v4l2request-copy	true	"{""aspect"":0.566038,""dh"":848,""dw"":480,""h"":848,""par"":1.0,""pixelformat"":""nv12"",""rotate"":0,""stereo-in"":""mono"",""w"":480}"	"{""duration"":""success"",""eof-reached"":""success"",""estimated-frame-number"":""success"",""filename"":""success"",""hwdec-current"":""success"",""idle-active"":""success"",""path"":""success"",""pause"":""success"",""percent-pos"":""success"",""time-pos"":""success"",""video-params"":""success"",""vo-configured"":""success""}"	true	playing	media-63e22e276f	<media-path:c406539999>	15100	0	true	"{""black_screen_risk_reason"":""null"",""blocked_media_count"":0,""consecutive_failures"":0,""current_index"":0,""current_item"":{""alias"":""media-63e22e276f"",""duration_ms"":15100,""media_kind"":""motion_media"",""offset_ms"":0,""path_alias"":""<media-path:c406539999>"",""started_at_present"":true},""last_poll_error"":""null"",""last_render_error"":""null"",""mpv_running"":true,""next_item"":{""alias"":""media-b04db49d99"",""duration_ms"":15100,""media_kind"":""motion_media"",""path_alias"":""<media-path:2b030c3c41>""},""playback_state"":""playing"",""playlist_size"":5,""present"":true,""uptime_sec"":4784}"
152	172.067	2026-07-15T15:46:04+0000	success		3	<media-path:c406539999>	<media-path:c406539999>	motion_media	<filename:aaf3979e21>	6.866667	15.069751	45.565895	false	false	false	206	v4l2request-copy	true	"{""aspect"":0.566038,""dh"":848,""dw"":480,""h"":848,""par"":1.0,""pixelformat"":""nv12"",""rotate"":0,""stereo-in"":""mono"",""w"":480}"	"{""duration"":""success"",""eof-reached"":""success"",""estimated-frame-number"":""success"",""filename"":""success"",""hwdec-current"":""success"",""idle-active"":""success"",""path"":""success"",""pause"":""success"",""percent-pos"":""success"",""time-pos"":""success"",""video-params"":""success"",""vo-configured"":""success""}"	true	playing	media-63e22e276f	<media-path:c406539999>	15100	0	true	"{""black_screen_risk_reason"":""null"",""blocked_media_count"":0,""consecutive_failures"":0,""current_index"":0,""current_item"":{""alias"":""media-63e22e276f"",""duration_ms"":15100,""media_kind"":""motion_media"",""offset_ms"":0,""path_alias"":""<media-path:c406539999>"",""started_at_present"":true},""last_poll_error"":""null"",""last_render_error"":""null"",""mpv_running"":true,""next_item"":{""alias"":""media-b04db49d99"",""duration_ms"":15100,""media_kind"":""motion_media"",""path_alias"":""<media-path:2b030c3c41>""},""playback_state"":""playing"",""playlist_size"":5,""present"":true,""uptime_sec"":4784}"
153	173.074	2026-07-15T15:46:05+0000	success		2	<media-path:c406539999>	<media-path:c406539999>	motion_media	<filename:aaf3979e21>	7.866667	15.069751	52.201705	false	false	false	236	v4l2request-copy	true	"{""aspect"":0.566038,""dh"":848,""dw"":480,""h"":848,""par"":1.0,""pixelformat"":""nv12"",""rotate"":0,""stereo-in"":""mono"",""w"":480}"	"{""duration"":""success"",""eof-reached"":""success"",""estimated-frame-number"":""success"",""filename"":""success"",""hwdec-current"":""success"",""idle-active"":""success"",""path"":""success"",""pause"":""success"",""percent-pos"":""success"",""time-pos"":""success"",""video-params"":""success"",""vo-configured"":""success""}"	true	playing	media-63e22e276f	<media-path:c406539999>	15100	0	true	"{""black_screen_risk_reason"":""null"",""blocked_media_count"":0,""consecutive_failures"":0,""current_index"":0,""current_item"":{""alias"":""media-63e22e276f"",""duration_ms"":15100,""media_kind"":""motion_media"",""offset_ms"":0,""path_alias"":""<media-path:c406539999>"",""started_at_present"":true},""last_poll_error"":""null"",""last_render_error"":""null"",""mpv_running"":true,""next_item"":{""alias"":""media-b04db49d99"",""duration_ms"":15100,""media_kind"":""motion_media"",""path_alias"":""<media-path:2b030c3c41>""},""playback_state"":""playing"",""playlist_size"":5,""present"":true,""uptime_sec"":4784}"
154	174.078	2026-07-15T15:46:06+0000	success		2	<media-path:c406539999>	<media-path:c406539999>	motion_media	<filename:aaf3979e21>	8.866667	15.069751	58.837514	false	false	false	266	v4l2request-copy	true	"{""aspect"":0.566038,""dh"":848,""dw"":480,""h"":848,""par"":1.0,""pixelformat"":""nv12"",""rotate"":0,""stereo-in"":""mono"",""w"":480}"	"{""duration"":""success"",""eof-reached"":""success"",""estimated-frame-number"":""success"",""filename"":""success"",""hwdec-current"":""success"",""idle-active"":""success"",""path"":""success"",""pause"":""success"",""percent-pos"":""success"",""time-pos"":""success"",""video-params"":""success"",""vo-configured"":""success""}"	true	playing	media-63e22e276f	<media-path:c406539999>	15100	0	true	"{""black_screen_risk_reason"":""null"",""blocked_media_count"":0,""consecutive_failures"":0,""current_index"":0,""current_item"":{""alias"":""media-63e22e276f"",""duration_ms"":15100,""media_kind"":""motion_media"",""offset_ms"":0,""path_alias"":""<media-path:c406539999>"",""started_at_present"":true},""last_poll_error"":""null"",""last_render_error"":""null"",""mpv_running"":true,""next_item"":{""alias"":""media-b04db49d99"",""duration_ms"":15100,""media_kind"":""motion_media"",""path_alias"":""<media-path:2b030c3c41>""},""playback_state"":""playing"",""playlist_size"":5,""present"":true,""uptime_sec"":4789}"
155	175.083	2026-07-15T15:46:07+0000	success		10	<media-path:c406539999>	<media-path:c406539999>	motion_media	<filename:aaf3979e21>	9.866667	15.069751	65.473324	false	false	false	296	v4l2request-copy	true	"{""aspect"":0.566038,""dh"":848,""dw"":480,""h"":848,""par"":1.0,""pixelformat"":""nv12"",""rotate"":0,""stereo-in"":""mono"",""w"":480}"	"{""duration"":""success"",""eof-reached"":""success"",""estimated-frame-number"":""success"",""filename"":""success"",""hwdec-current"":""success"",""idle-active"":""success"",""path"":""success"",""pause"":""success"",""percent-pos"":""success"",""time-pos"":""success"",""video-params"":""success"",""vo-configured"":""success""}"	true	playing	media-63e22e276f	<media-path:c406539999>	15100	0	true	"{""black_screen_risk_reason"":""null"",""blocked_media_count"":0,""consecutive_failures"":0,""current_index"":0,""current_item"":{""alias"":""media-63e22e276f"",""duration_ms"":15100,""media_kind"":""motion_media"",""offset_ms"":0,""path_alias"":""<media-path:c406539999>"",""started_at_present"":true},""last_poll_error"":""null"",""last_render_error"":""null"",""mpv_running"":true,""next_item"":{""alias"":""media-b04db49d99"",""duration_ms"":15100,""media_kind"":""motion_media"",""path_alias"":""<media-path:2b030c3c41>""},""playback_state"":""playing"",""playlist_size"":5,""present"":true,""uptime_sec"":4789}"
156	176.096	2026-07-15T15:46:08+0000	success		2	<media-path:c406539999>	<media-path:c406539999>	motion_media	<filename:aaf3979e21>	10.866667	15.069751	72.109134	false	false	false	326	v4l2request-copy	true	"{""aspect"":0.566038,""dh"":848,""dw"":480,""h"":848,""par"":1.0,""pixelformat"":""nv12"",""rotate"":0,""stereo-in"":""mono"",""w"":480}"	"{""duration"":""success"",""eof-reached"":""success"",""estimated-frame-number"":""success"",""filename"":""success"",""hwdec-current"":""success"",""idle-active"":""success"",""path"":""success"",""pause"":""success"",""percent-pos"":""success"",""time-pos"":""success"",""video-params"":""success"",""vo-configured"":""success""}"	true	playing	media-63e22e276f	<media-path:c406539999>	15100	0	true	"{""black_screen_risk_reason"":""null"",""blocked_media_count"":0,""consecutive_failures"":0,""current_index"":0,""current_item"":{""alias"":""media-63e22e276f"",""duration_ms"":15100,""media_kind"":""motion_media"",""offset_ms"":0,""path_alias"":""<media-path:c406539999>"",""started_at_present"":true},""last_poll_error"":""null"",""last_render_error"":""null"",""mpv_running"":true,""next_item"":{""alias"":""media-b04db49d99"",""duration_ms"":15100,""media_kind"":""motion_media"",""path_alias"":""<media-path:2b030c3c41>""},""playback_state"":""playing"",""playlist_size"":5,""present"":true,""uptime_sec"":4789}"
157	177.101	2026-07-15T15:46:09+0000	success		2	<media-path:c406539999>	<media-path:c406539999>	motion_media	<filename:aaf3979e21>	11.9	15.069751	78.966138	false	false	false	357	v4l2request-copy	true	"{""aspect"":0.566038,""dh"":848,""dw"":480,""h"":848,""par"":1.0,""pixelformat"":""nv12"",""rotate"":0,""stereo-in"":""mono"",""w"":480}"	"{""duration"":""success"",""eof-reached"":""success"",""estimated-frame-number"":""success"",""filename"":""success"",""hwdec-current"":""success"",""idle-active"":""success"",""path"":""success"",""pause"":""success"",""percent-pos"":""success"",""time-pos"":""success"",""video-params"":""success"",""vo-configured"":""success""}"	true	playing	media-63e22e276f	<media-path:c406539999>	15100	0	true	"{""black_screen_risk_reason"":""null"",""blocked_media_count"":0,""consecutive_failures"":0,""current_index"":0,""current_item"":{""alias"":""media-63e22e276f"",""duration_ms"":15100,""media_kind"":""motion_media"",""offset_ms"":0,""path_alias"":""<media-path:c406539999>"",""started_at_present"":true},""last_poll_error"":""null"",""last_render_error"":""null"",""mpv_running"":true,""next_item"":{""alias"":""media-b04db49d99"",""duration_ms"":15100,""media_kind"":""motion_media"",""path_alias"":""<media-path:2b030c3c41>""},""playback_state"":""playing"",""playlist_size"":5,""present"":true,""uptime_sec"":4789}"
158	178.106	2026-07-15T15:46:10+0000	success		2	<media-path:c406539999>	<media-path:c406539999>	motion_media	<filename:aaf3979e21>	12.9	15.069751	85.601948	false	false	false	387	v4l2request-copy	true	"{""aspect"":0.566038,""dh"":848,""dw"":480,""h"":848,""par"":1.0,""pixelformat"":""nv12"",""rotate"":0,""stereo-in"":""mono"",""w"":480}"	"{""duration"":""success"",""eof-reached"":""success"",""estimated-frame-number"":""success"",""filename"":""success"",""hwdec-current"":""success"",""idle-active"":""success"",""path"":""success"",""pause"":""success"",""percent-pos"":""success"",""time-pos"":""success"",""video-params"":""success"",""vo-configured"":""success""}"	true	playing	media-63e22e276f	<media-path:c406539999>	15100	0	true	"{""black_screen_risk_reason"":""null"",""blocked_media_count"":0,""consecutive_failures"":0,""current_index"":0,""current_item"":{""alias"":""media-63e22e276f"",""duration_ms"":15100,""media_kind"":""motion_media"",""offset_ms"":0,""path_alias"":""<media-path:c406539999>"",""started_at_present"":true},""last_poll_error"":""null"",""last_render_error"":""null"",""mpv_running"":true,""next_item"":{""alias"":""media-b04db49d99"",""duration_ms"":15100,""media_kind"":""motion_media"",""path_alias"":""<media-path:2b030c3c41>""},""playback_state"":""playing"",""playlist_size"":5,""present"":true,""uptime_sec"":4789}"
159	179.110	2026-07-15T15:46:11+0000	success		9	<media-path:c406539999>	<media-path:c406539999>	motion_media	<filename:aaf3979e21>	13.9	15.069751	92.237758	false	false	false	417	v4l2request-copy	true	"{""aspect"":0.566038,""dh"":848,""dw"":480,""h"":848,""par"":1.0,""pixelformat"":""nv12"",""rotate"":0,""stereo-in"":""mono"",""w"":480}"	"{""duration"":""success"",""eof-reached"":""success"",""estimated-frame-number"":""success"",""filename"":""success"",""hwdec-current"":""success"",""idle-active"":""success"",""path"":""success"",""pause"":""success"",""percent-pos"":""success"",""time-pos"":""success"",""video-params"":""success"",""vo-configured"":""success""}"	true	playing	media-63e22e276f	<media-path:c406539999>	15100	0	true	"{""black_screen_risk_reason"":""null"",""blocked_media_count"":0,""consecutive_failures"":0,""current_index"":0,""current_item"":{""alias"":""media-63e22e276f"",""duration_ms"":15100,""media_kind"":""motion_media"",""offset_ms"":0,""path_alias"":""<media-path:c406539999>"",""started_at_present"":true},""last_poll_error"":""null"",""last_render_error"":""null"",""mpv_running"":true,""next_item"":{""alias"":""media-b04db49d99"",""duration_ms"":15100,""media_kind"":""motion_media"",""path_alias"":""<media-path:2b030c3c41>""},""playback_state"":""playing"",""playlist_size"":5,""present"":true,""uptime_sec"":4794}"
