seq	rel_sec	wall_time	ipc_result	ipc_error	ipc_elapsed_ms	current_alias	path_alias	filename_alias	time_pos	duration	percent_pos	idle_active	pause	eof_reached	estimated_frame_number	hwdec_current	vo_configured	video_params_json	property_errors_json	status_present	status_playback_state	status_current_alias	status_path_alias	status_duration_ms	status_current_index	status_mpv_running	status_snapshot_json
1	0.001	2026-07-10T20:08:33+0000	success		221	<media-path:9e48f6362b>	<media-path:9e48f6362b>	<filename:4e569cdfc9>	0.041667	5.041667	0.826446	false	false	false	1	v4l2request-copy	true	"{""aspect"":0.666667,""dh"":720,""dw"":480,""h"":720,""par"":1.0,""pixelformat"":""nv12"",""rotate"":0,""stereo-in"":""mono"",""w"":480}"	"{""duration"":""success"",""eof-reached"":""success"",""estimated-frame-number"":""success"",""filename"":""success"",""hwdec-current"":""success"",""idle-active"":""success"",""path"":""success"",""pause"":""success"",""percent-pos"":""success"",""time-pos"":""success"",""video-params"":""success"",""vo-configured"":""success""}"	true	waiting_for_content						"{""black_screen_risk_reason"":""present"",""blocked_media_count"":0,""consecutive_failures"":0,""current_index"":null,""current_item"":{},""last_poll_error"":""null"",""last_render_error"":""null"",""mpv_running"":null,""next_item"":{},""playback_state"":""waiting_for_content"",""playlist_size"":9,""present"":true,""uptime_sec"":13}"
2	1.225	2026-07-10T20:08:34+0000	success		2	<media-path:9e48f6362b>	<media-path:9e48f6362b>	<filename:4e569cdfc9>	1.041667	5.041667	20.661157	false	false	false	25	v4l2request-copy	true	"{""aspect"":0.666667,""dh"":720,""dw"":480,""h"":720,""par"":1.0,""pixelformat"":""nv12"",""rotate"":0,""stereo-in"":""mono"",""w"":480}"	"{""duration"":""success"",""eof-reached"":""success"",""estimated-frame-number"":""success"",""filename"":""success"",""hwdec-current"":""success"",""idle-active"":""success"",""path"":""success"",""pause"":""success"",""percent-pos"":""success"",""time-pos"":""success"",""video-params"":""success"",""vo-configured"":""success""}"	true	waiting_for_content						"{""black_screen_risk_reason"":""present"",""blocked_media_count"":0,""consecutive_failures"":0,""current_index"":null,""current_item"":{},""last_poll_error"":""null"",""last_render_error"":""null"",""mpv_running"":null,""next_item"":{},""playback_state"":""waiting_for_content"",""playlist_size"":9,""present"":true,""uptime_sec"":13}"
3	2.228	2026-07-10T20:08:35+0000	success		2	<media-path:9e48f6362b>	<media-path:9e48f6362b>	<filename:4e569cdfc9>	2.041667	5.041667	40.495868	false	false	false	49	v4l2request-copy	true	"{""aspect"":0.666667,""dh"":720,""dw"":480,""h"":720,""par"":1.0,""pixelformat"":""nv12"",""rotate"":0,""stereo-in"":""mono"",""w"":480}"	"{""duration"":""success"",""eof-reached"":""success"",""estimated-frame-number"":""success"",""filename"":""success"",""hwdec-current"":""success"",""idle-active"":""success"",""path"":""success"",""pause"":""success"",""percent-pos"":""success"",""time-pos"":""success"",""video-params"":""success"",""vo-configured"":""success""}"	true	waiting_for_content						"{""black_screen_risk_reason"":""present"",""blocked_media_count"":0,""consecutive_failures"":0,""current_index"":null,""current_item"":{},""last_poll_error"":""null"",""last_render_error"":""null"",""mpv_running"":null,""next_item"":{},""playback_state"":""waiting_for_content"",""playlist_size"":9,""present"":true,""uptime_sec"":13}"
4	3.233	2026-07-10T20:08:36+0000	success		2	<media-path:9e48f6362b>	<media-path:9e48f6362b>	<filename:4e569cdfc9>	3.083333	5.041667	61.157025	false	false	false	74	v4l2request-copy	true	"{""aspect"":0.666667,""dh"":720,""dw"":480,""h"":720,""par"":1.0,""pixelformat"":""nv12"",""rotate"":0,""stereo-in"":""mono"",""w"":480}"	"{""duration"":""success"",""eof-reached"":""success"",""estimated-frame-number"":""success"",""filename"":""success"",""hwdec-current"":""success"",""idle-active"":""success"",""path"":""success"",""pause"":""success"",""percent-pos"":""success"",""time-pos"":""success"",""video-params"":""success"",""vo-configured"":""success""}"	true	waiting_for_content						"{""black_screen_risk_reason"":""present"",""blocked_media_count"":0,""consecutive_failures"":0,""current_index"":null,""current_item"":{},""last_poll_error"":""null"",""last_render_error"":""null"",""mpv_running"":null,""next_item"":{},""playback_state"":""waiting_for_content"",""playlist_size"":9,""present"":true,""uptime_sec"":13}"
5	4.237	2026-07-10T20:08:37+0000	success		2	<media-path:9e48f6362b>	<media-path:9e48f6362b>	<filename:4e569cdfc9>	4.083333	5.041667	80.991736	false	false	false	98	v4l2request-copy	true	"{""aspect"":0.666667,""dh"":720,""dw"":480,""h"":720,""par"":1.0,""pixelformat"":""nv12"",""rotate"":0,""stereo-in"":""mono"",""w"":480}"	"{""duration"":""success"",""eof-reached"":""success"",""estimated-frame-number"":""success"",""filename"":""success"",""hwdec-current"":""success"",""idle-active"":""success"",""path"":""success"",""pause"":""success"",""percent-pos"":""success"",""time-pos"":""success"",""video-params"":""success"",""vo-configured"":""success""}"	true	waiting_for_content						"{""black_screen_risk_reason"":""present"",""blocked_media_count"":0,""consecutive_failures"":0,""current_index"":null,""current_item"":{},""last_poll_error"":""null"",""last_render_error"":""null"",""mpv_running"":null,""next_item"":{},""playback_state"":""waiting_for_content"",""playlist_size"":9,""present"":true,""uptime_sec"":13}"
6	5.242	2026-07-10T20:08:38+0000	success		2	<media-path:c406539999>	<media-path:c406539999>	<filename:aaf3979e21>	0.3	15.069751	1.990743	false	false	false	9	v4l2request-copy	true	"{""aspect"":0.566038,""dh"":848,""dw"":480,""h"":848,""par"":1.0,""pixelformat"":""nv12"",""rotate"":0,""stereo-in"":""mono"",""w"":480}"	"{""duration"":""success"",""eof-reached"":""success"",""estimated-frame-number"":""success"",""filename"":""success"",""hwdec-current"":""success"",""idle-active"":""success"",""path"":""success"",""pause"":""success"",""percent-pos"":""success"",""time-pos"":""success"",""video-params"":""success"",""vo-configured"":""success""}"	true	playing	media-7eefea6ba2	<media-path:9e48f6362b>	5000	8	true	"{""black_screen_risk_reason"":""null"",""blocked_media_count"":0,""consecutive_failures"":0,""current_index"":8,""current_item"":{""alias"":""media-7eefea6ba2"",""duration_ms"":5000,""offset_ms"":24,""path_alias"":""<media-path:9e48f6362b>"",""started_at_present"":true},""last_poll_error"":""null"",""last_render_error"":""null"",""mpv_running"":true,""next_item"":{""alias"":""media-63e22e276f"",""duration_ms"":15100,""path_alias"":""<media-path:c406539999>""},""playback_state"":""playing"",""playlist_size"":9,""present"":true,""uptime_sec"":18}"
7	6.247	2026-07-10T20:08:39+0000	success		2	<media-path:c406539999>	<media-path:c406539999>	<filename:aaf3979e21>	1.3	15.069751	8.626553	false	false	false	39	v4l2request-copy	true	"{""aspect"":0.566038,""dh"":848,""dw"":480,""h"":848,""par"":1.0,""pixelformat"":""nv12"",""rotate"":0,""stereo-in"":""mono"",""w"":480}"	"{""duration"":""success"",""eof-reached"":""success"",""estimated-frame-number"":""success"",""filename"":""success"",""hwdec-current"":""success"",""idle-active"":""success"",""path"":""success"",""pause"":""success"",""percent-pos"":""success"",""time-pos"":""success"",""video-params"":""success"",""vo-configured"":""success""}"	true	playing	media-7eefea6ba2	<media-path:9e48f6362b>	5000	8	true	"{""black_screen_risk_reason"":""null"",""blocked_media_count"":0,""consecutive_failures"":0,""current_index"":8,""current_item"":{""alias"":""media-7eefea6ba2"",""duration_ms"":5000,""offset_ms"":24,""path_alias"":""<media-path:9e48f6362b>"",""started_at_present"":true},""last_poll_error"":""null"",""last_render_error"":""null"",""mpv_running"":true,""next_item"":{""alias"":""media-63e22e276f"",""duration_ms"":15100,""path_alias"":""<media-path:c406539999>""},""playback_state"":""playing"",""playlist_size"":9,""present"":true,""uptime_sec"":18}"
8	7.252	2026-07-10T20:08:40+0000	success		2	<media-path:c406539999>	<media-path:c406539999>	<filename:aaf3979e21>	2.3	15.069751	15.262363	false	false	false	69	v4l2request-copy	true	"{""aspect"":0.566038,""dh"":848,""dw"":480,""h"":848,""par"":1.0,""pixelformat"":""nv12"",""rotate"":0,""stereo-in"":""mono"",""w"":480}"	"{""duration"":""success"",""eof-reached"":""success"",""estimated-frame-number"":""success"",""filename"":""success"",""hwdec-current"":""success"",""idle-active"":""success"",""path"":""success"",""pause"":""success"",""percent-pos"":""success"",""time-pos"":""success"",""video-params"":""success"",""vo-configured"":""success""}"	true	playing	media-7eefea6ba2	<media-path:9e48f6362b>	5000	8	true	"{""black_screen_risk_reason"":""null"",""blocked_media_count"":0,""consecutive_failures"":0,""current_index"":8,""current_item"":{""alias"":""media-7eefea6ba2"",""duration_ms"":5000,""offset_ms"":24,""path_alias"":""<media-path:9e48f6362b>"",""started_at_present"":true},""last_poll_error"":""null"",""last_render_error"":""null"",""mpv_running"":true,""next_item"":{""alias"":""media-63e22e276f"",""duration_ms"":15100,""path_alias"":""<media-path:c406539999>""},""playback_state"":""playing"",""playlist_size"":9,""present"":true,""uptime_sec"":18}"
9	8.257	2026-07-10T20:08:41+0000	success		2	<media-path:c406539999>	<media-path:c406539999>	<filename:aaf3979e21>	3.333333	15.069751	22.119366	false	false	false	100	v4l2request-copy	true	"{""aspect"":0.566038,""dh"":848,""dw"":480,""h"":848,""par"":1.0,""pixelformat"":""nv12"",""rotate"":0,""stereo-in"":""mono"",""w"":480}"	"{""duration"":""success"",""eof-reached"":""success"",""estimated-frame-number"":""success"",""filename"":""success"",""hwdec-current"":""success"",""idle-active"":""success"",""path"":""success"",""pause"":""success"",""percent-pos"":""success"",""time-pos"":""success"",""video-params"":""success"",""vo-configured"":""success""}"	true	playing	media-7eefea6ba2	<media-path:9e48f6362b>	5000	8	true	"{""black_screen_risk_reason"":""null"",""blocked_media_count"":0,""consecutive_failures"":0,""current_index"":8,""current_item"":{""alias"":""media-7eefea6ba2"",""duration_ms"":5000,""offset_ms"":24,""path_alias"":""<media-path:9e48f6362b>"",""started_at_present"":true},""last_poll_error"":""null"",""last_render_error"":""null"",""mpv_running"":true,""next_item"":{""alias"":""media-63e22e276f"",""duration_ms"":15100,""path_alias"":""<media-path:c406539999>""},""playback_state"":""playing"",""playlist_size"":9,""present"":true,""uptime_sec"":18}"
10	9.262	2026-07-10T20:08:42+0000	success		2	<media-path:c406539999>	<media-path:c406539999>	<filename:aaf3979e21>	4.333333	15.069751	28.755176	false	false	false	130	v4l2request-copy	true	"{""aspect"":0.566038,""dh"":848,""dw"":480,""h"":848,""par"":1.0,""pixelformat"":""nv12"",""rotate"":0,""stereo-in"":""mono"",""w"":480}"	"{""duration"":""success"",""eof-reached"":""success"",""estimated-frame-number"":""success"",""filename"":""success"",""hwdec-current"":""success"",""idle-active"":""success"",""path"":""success"",""pause"":""success"",""percent-pos"":""success"",""time-pos"":""success"",""video-params"":""success"",""vo-configured"":""success""}"	true	playing	media-7eefea6ba2	<media-path:9e48f6362b>	5000	8	true	"{""black_screen_risk_reason"":""null"",""blocked_media_count"":0,""consecutive_failures"":0,""current_index"":8,""current_item"":{""alias"":""media-7eefea6ba2"",""duration_ms"":5000,""offset_ms"":24,""path_alias"":""<media-path:9e48f6362b>"",""started_at_present"":true},""last_poll_error"":""null"",""last_render_error"":""null"",""mpv_running"":true,""next_item"":{""alias"":""media-63e22e276f"",""duration_ms"":15100,""path_alias"":""<media-path:c406539999>""},""playback_state"":""playing"",""playlist_size"":9,""present"":true,""uptime_sec"":18}"
11	10.266	2026-07-10T20:08:43+0000	success		11	<media-path:c406539999>	<media-path:c406539999>	<filename:aaf3979e21>	5.333333	15.069751	35.390986	false	false	false	160	v4l2request-copy	true	"{""aspect"":0.566038,""dh"":848,""dw"":480,""h"":848,""par"":1.0,""pixelformat"":""nv12"",""rotate"":0,""stereo-in"":""mono"",""w"":480}"	"{""duration"":""success"",""eof-reached"":""success"",""estimated-frame-number"":""success"",""filename"":""success"",""hwdec-current"":""success"",""idle-active"":""success"",""path"":""success"",""pause"":""success"",""percent-pos"":""success"",""time-pos"":""success"",""video-params"":""success"",""vo-configured"":""success""}"	true	playing	media-63e22e276f	<media-path:c406539999>	15100	0	true	"{""black_screen_risk_reason"":""null"",""blocked_media_count"":0,""consecutive_failures"":0,""current_index"":0,""current_item"":{""alias"":""media-63e22e276f"",""duration_ms"":15100,""offset_ms"":0,""path_alias"":""<media-path:c406539999>"",""started_at_present"":true},""last_poll_error"":""null"",""last_render_error"":""null"",""mpv_running"":true,""next_item"":{""alias"":""media-b04db49d99"",""duration_ms"":15100,""path_alias"":""<media-path:2b030c3c41>""},""playback_state"":""playing"",""playlist_size"":9,""present"":true,""uptime_sec"":23}"
12	11.280	2026-07-10T20:08:44+0000	success		2	<media-path:c406539999>	<media-path:c406539999>	<filename:aaf3979e21>	6.333333	15.069751	42.026796	false	false	false	190	v4l2request-copy	true	"{""aspect"":0.566038,""dh"":848,""dw"":480,""h"":848,""par"":1.0,""pixelformat"":""nv12"",""rotate"":0,""stereo-in"":""mono"",""w"":480}"	"{""duration"":""success"",""eof-reached"":""success"",""estimated-frame-number"":""success"",""filename"":""success"",""hwdec-current"":""success"",""idle-active"":""success"",""path"":""success"",""pause"":""success"",""percent-pos"":""success"",""time-pos"":""success"",""video-params"":""success"",""vo-configured"":""success""}"	true	playing	media-63e22e276f	<media-path:c406539999>	15100	0	true	"{""black_screen_risk_reason"":""null"",""blocked_media_count"":0,""consecutive_failures"":0,""current_index"":0,""current_item"":{""alias"":""media-63e22e276f"",""duration_ms"":15100,""offset_ms"":0,""path_alias"":""<media-path:c406539999>"",""started_at_present"":true},""last_poll_error"":""null"",""last_render_error"":""null"",""mpv_running"":true,""next_item"":{""alias"":""media-b04db49d99"",""duration_ms"":15100,""path_alias"":""<media-path:2b030c3c41>""},""playback_state"":""playing"",""playlist_size"":9,""present"":true,""uptime_sec"":23}"
13	12.285	2026-07-10T20:08:45+0000	success		2	<media-path:c406539999>	<media-path:c406539999>	<filename:aaf3979e21>	7.333333	15.069751	48.662606	false	false	false	220	v4l2request-copy	true	"{""aspect"":0.566038,""dh"":848,""dw"":480,""h"":848,""par"":1.0,""pixelformat"":""nv12"",""rotate"":0,""stereo-in"":""mono"",""w"":480}"	"{""duration"":""success"",""eof-reached"":""success"",""estimated-frame-number"":""success"",""filename"":""success"",""hwdec-current"":""success"",""idle-active"":""success"",""path"":""success"",""pause"":""success"",""percent-pos"":""success"",""time-pos"":""success"",""video-params"":""success"",""vo-configured"":""success""}"	true	playing	media-63e22e276f	<media-path:c406539999>	15100	0	true	"{""black_screen_risk_reason"":""null"",""blocked_media_count"":0,""consecutive_failures"":0,""current_index"":0,""current_item"":{""alias"":""media-63e22e276f"",""duration_ms"":15100,""offset_ms"":0,""path_alias"":""<media-path:c406539999>"",""started_at_present"":true},""last_poll_error"":""null"",""last_render_error"":""null"",""mpv_running"":true,""next_item"":{""alias"":""media-b04db49d99"",""duration_ms"":15100,""path_alias"":""<media-path:2b030c3c41>""},""playback_state"":""playing"",""playlist_size"":9,""present"":true,""uptime_sec"":23}"
14	13.289	2026-07-10T20:08:46+0000	success		2	<media-path:c406539999>	<media-path:c406539999>	<filename:aaf3979e21>	8.366667	15.069751	55.519609	false	false	false	251	v4l2request-copy	true	"{""aspect"":0.566038,""dh"":848,""dw"":480,""h"":848,""par"":1.0,""pixelformat"":""nv12"",""rotate"":0,""stereo-in"":""mono"",""w"":480}"	"{""duration"":""success"",""eof-reached"":""success"",""estimated-frame-number"":""success"",""filename"":""success"",""hwdec-current"":""success"",""idle-active"":""success"",""path"":""success"",""pause"":""success"",""percent-pos"":""success"",""time-pos"":""success"",""video-params"":""success"",""vo-configured"":""success""}"	true	playing	media-63e22e276f	<media-path:c406539999>	15100	0	true	"{""black_screen_risk_reason"":""null"",""blocked_media_count"":0,""consecutive_failures"":0,""current_index"":0,""current_item"":{""alias"":""media-63e22e276f"",""duration_ms"":15100,""offset_ms"":0,""path_alias"":""<media-path:c406539999>"",""started_at_present"":true},""last_poll_error"":""null"",""last_render_error"":""null"",""mpv_running"":true,""next_item"":{""alias"":""media-b04db49d99"",""duration_ms"":15100,""path_alias"":""<media-path:2b030c3c41>""},""playback_state"":""playing"",""playlist_size"":9,""present"":true,""uptime_sec"":23}"
15	14.294	2026-07-10T20:08:47+0000	success		2	<media-path:c406539999>	<media-path:c406539999>	<filename:aaf3979e21>	9.366667	15.069751	62.155419	false	false	false	281	v4l2request-copy	true	"{""aspect"":0.566038,""dh"":848,""dw"":480,""h"":848,""par"":1.0,""pixelformat"":""nv12"",""rotate"":0,""stereo-in"":""mono"",""w"":480}"	"{""duration"":""success"",""eof-reached"":""success"",""estimated-frame-number"":""success"",""filename"":""success"",""hwdec-current"":""success"",""idle-active"":""success"",""path"":""success"",""pause"":""success"",""percent-pos"":""success"",""time-pos"":""success"",""video-params"":""success"",""vo-configured"":""success""}"	true	playing	media-63e22e276f	<media-path:c406539999>	15100	0	true	"{""black_screen_risk_reason"":""null"",""blocked_media_count"":0,""consecutive_failures"":0,""current_index"":0,""current_item"":{""alias"":""media-63e22e276f"",""duration_ms"":15100,""offset_ms"":0,""path_alias"":""<media-path:c406539999>"",""started_at_present"":true},""last_poll_error"":""null"",""last_render_error"":""null"",""mpv_running"":true,""next_item"":{""alias"":""media-b04db49d99"",""duration_ms"":15100,""path_alias"":""<media-path:2b030c3c41>""},""playback_state"":""playing"",""playlist_size"":9,""present"":true,""uptime_sec"":23}"
16	15.298	2026-07-10T20:08:48+0000	success		2	<media-path:c406539999>	<media-path:c406539999>	<filename:aaf3979e21>	10.366667	15.069751	68.791229	false	false	false	311	v4l2request-copy	true	"{""aspect"":0.566038,""dh"":848,""dw"":480,""h"":848,""par"":1.0,""pixelformat"":""nv12"",""rotate"":0,""stereo-in"":""mono"",""w"":480}"	"{""duration"":""success"",""eof-reached"":""success"",""estimated-frame-number"":""success"",""filename"":""success"",""hwdec-current"":""success"",""idle-active"":""success"",""path"":""success"",""pause"":""success"",""percent-pos"":""success"",""time-pos"":""success"",""video-params"":""success"",""vo-configured"":""success""}"	true	playing	media-63e22e276f	<media-path:c406539999>	15100	0	true	"{""black_screen_risk_reason"":""null"",""blocked_media_count"":0,""consecutive_failures"":0,""current_index"":0,""current_item"":{""alias"":""media-63e22e276f"",""duration_ms"":15100,""offset_ms"":0,""path_alias"":""<media-path:c406539999>"",""started_at_present"":true},""last_poll_error"":""null"",""last_render_error"":""null"",""mpv_running"":true,""next_item"":{""alias"":""media-b04db49d99"",""duration_ms"":15100,""path_alias"":""<media-path:2b030c3c41>""},""playback_state"":""playing"",""playlist_size"":9,""present"":true,""uptime_sec"":28}"
17	16.302	2026-07-10T20:08:49+0000	success		1	<media-path:c406539999>	<media-path:c406539999>	<filename:aaf3979e21>	11.366667	15.069751	75.427039	false	false	false	341	v4l2request-copy	true	"{""aspect"":0.566038,""dh"":848,""dw"":480,""h"":848,""par"":1.0,""pixelformat"":""nv12"",""rotate"":0,""stereo-in"":""mono"",""w"":480}"	"{""duration"":""success"",""eof-reached"":""success"",""estimated-frame-number"":""success"",""filename"":""success"",""hwdec-current"":""success"",""idle-active"":""success"",""path"":""success"",""pause"":""success"",""percent-pos"":""success"",""time-pos"":""success"",""video-params"":""success"",""vo-configured"":""success""}"	true	playing	media-63e22e276f	<media-path:c406539999>	15100	0	true	"{""black_screen_risk_reason"":""null"",""blocked_media_count"":0,""consecutive_failures"":0,""current_index"":0,""current_item"":{""alias"":""media-63e22e276f"",""duration_ms"":15100,""offset_ms"":0,""path_alias"":""<media-path:c406539999>"",""started_at_present"":true},""last_poll_error"":""null"",""last_render_error"":""null"",""mpv_running"":true,""next_item"":{""alias"":""media-b04db49d99"",""duration_ms"":15100,""path_alias"":""<media-path:2b030c3c41>""},""playback_state"":""playing"",""playlist_size"":9,""present"":true,""uptime_sec"":28}"
18	17.307	2026-07-10T20:08:50+0000	success		9	<media-path:c406539999>	<media-path:c406539999>	<filename:aaf3979e21>	12.366667	15.069751	82.062849	false	false	false	371	v4l2request-copy	true	"{""aspect"":0.566038,""dh"":848,""dw"":480,""h"":848,""par"":1.0,""pixelformat"":""nv12"",""rotate"":0,""stereo-in"":""mono"",""w"":480}"	"{""duration"":""success"",""eof-reached"":""success"",""estimated-frame-number"":""success"",""filename"":""success"",""hwdec-current"":""success"",""idle-active"":""success"",""path"":""success"",""pause"":""success"",""percent-pos"":""success"",""time-pos"":""success"",""video-params"":""success"",""vo-configured"":""success""}"	true	playing	media-63e22e276f	<media-path:c406539999>	15100	0	true	"{""black_screen_risk_reason"":""null"",""blocked_media_count"":0,""consecutive_failures"":0,""current_index"":0,""current_item"":{""alias"":""media-63e22e276f"",""duration_ms"":15100,""offset_ms"":0,""path_alias"":""<media-path:c406539999>"",""started_at_present"":true},""last_poll_error"":""null"",""last_render_error"":""null"",""mpv_running"":true,""next_item"":{""alias"":""media-b04db49d99"",""duration_ms"":15100,""path_alias"":""<media-path:2b030c3c41>""},""playback_state"":""playing"",""playlist_size"":9,""present"":true,""uptime_sec"":28}"
19	18.318	2026-07-10T20:08:51+0000	success		2	<media-path:c406539999>	<media-path:c406539999>	<filename:aaf3979e21>	13.366667	15.069751	88.698659	false	false	false	401	v4l2request-copy	true	"{""aspect"":0.566038,""dh"":848,""dw"":480,""h"":848,""par"":1.0,""pixelformat"":""nv12"",""rotate"":0,""stereo-in"":""mono"",""w"":480}"	"{""duration"":""success"",""eof-reached"":""success"",""estimated-frame-number"":""success"",""filename"":""success"",""hwdec-current"":""success"",""idle-active"":""success"",""path"":""success"",""pause"":""success"",""percent-pos"":""success"",""time-pos"":""success"",""video-params"":""success"",""vo-configured"":""success""}"	true	playing	media-63e22e276f	<media-path:c406539999>	15100	0	true	"{""black_screen_risk_reason"":""null"",""blocked_media_count"":0,""consecutive_failures"":0,""current_index"":0,""current_item"":{""alias"":""media-63e22e276f"",""duration_ms"":15100,""offset_ms"":0,""path_alias"":""<media-path:c406539999>"",""started_at_present"":true},""last_poll_error"":""null"",""last_render_error"":""null"",""mpv_running"":true,""next_item"":{""alias"":""media-b04db49d99"",""duration_ms"":15100,""path_alias"":""<media-path:2b030c3c41>""},""playback_state"":""playing"",""playlist_size"":9,""present"":true,""uptime_sec"":28}"
20	19.323	2026-07-10T20:08:52+0000	success		2	<media-path:c406539999>	<media-path:c406539999>	<filename:aaf3979e21>	14.4	15.069751	95.555663	false	false	false	432	v4l2request-copy	true	"{""aspect"":0.566038,""dh"":848,""dw"":480,""h"":848,""par"":1.0,""pixelformat"":""nv12"",""rotate"":0,""stereo-in"":""mono"",""w"":480}"	"{""duration"":""success"",""eof-reached"":""success"",""estimated-frame-number"":""success"",""filename"":""success"",""hwdec-current"":""success"",""idle-active"":""success"",""path"":""success"",""pause"":""success"",""percent-pos"":""success"",""time-pos"":""success"",""video-params"":""success"",""vo-configured"":""success""}"	true	playing	media-63e22e276f	<media-path:c406539999>	15100	0	true	"{""black_screen_risk_reason"":""null"",""blocked_media_count"":0,""consecutive_failures"":0,""current_index"":0,""current_item"":{""alias"":""media-63e22e276f"",""duration_ms"":15100,""offset_ms"":0,""path_alias"":""<media-path:c406539999>"",""started_at_present"":true},""last_poll_error"":""null"",""last_render_error"":""null"",""mpv_running"":true,""next_item"":{""alias"":""media-b04db49d99"",""duration_ms"":15100,""path_alias"":""<media-path:2b030c3c41>""},""playback_state"":""playing"",""playlist_size"":9,""present"":true,""uptime_sec"":28}"
21	20.327	2026-07-10T20:08:53+0000	success		4	<media-path:2b030c3c41>	<media-path:2b030c3c41>	<filename:c617160627>	0.1	15.1	0.662252	false	false	false	3	v4l2request-copy	true	"{""aspect"":0.566038,""dh"":848,""dw"":480,""h"":848,""par"":1.0,""pixelformat"":""nv12"",""rotate"":0,""stereo-in"":""mono"",""w"":480}"	"{""duration"":""success"",""eof-reached"":""success"",""estimated-frame-number"":""success"",""filename"":""success"",""hwdec-current"":""success"",""idle-active"":""success"",""path"":""success"",""pause"":""success"",""percent-pos"":""success"",""time-pos"":""success"",""video-params"":""success"",""vo-configured"":""success""}"	true	playing	media-63e22e276f	<media-path:c406539999>	15100	0	true	"{""black_screen_risk_reason"":""null"",""blocked_media_count"":0,""consecutive_failures"":0,""current_index"":0,""current_item"":{""alias"":""media-63e22e276f"",""duration_ms"":15100,""offset_ms"":0,""path_alias"":""<media-path:c406539999>"",""started_at_present"":true},""last_poll_error"":""null"",""last_render_error"":""null"",""mpv_running"":true,""next_item"":{""alias"":""media-b04db49d99"",""duration_ms"":15100,""path_alias"":""<media-path:2b030c3c41>""},""playback_state"":""playing"",""playlist_size"":9,""present"":true,""uptime_sec"":33}"
22	21.336	2026-07-10T20:08:54+0000	success		2	<media-path:2b030c3c41>	<media-path:2b030c3c41>	<filename:c617160627>	1.133333	15.1	7.505519	false	false	false	34	v4l2request-copy	true	"{""aspect"":0.566038,""dh"":848,""dw"":480,""h"":848,""par"":1.0,""pixelformat"":""nv12"",""rotate"":0,""stereo-in"":""mono"",""w"":480}"	"{""duration"":""success"",""eof-reached"":""success"",""estimated-frame-number"":""success"",""filename"":""success"",""hwdec-current"":""success"",""idle-active"":""success"",""path"":""success"",""pause"":""success"",""percent-pos"":""success"",""time-pos"":""success"",""video-params"":""success"",""vo-configured"":""success""}"	true	playing	media-63e22e276f	<media-path:c406539999>	15100	0	true	"{""black_screen_risk_reason"":""null"",""blocked_media_count"":0,""consecutive_failures"":0,""current_index"":0,""current_item"":{""alias"":""media-63e22e276f"",""duration_ms"":15100,""offset_ms"":0,""path_alias"":""<media-path:c406539999>"",""started_at_present"":true},""last_poll_error"":""null"",""last_render_error"":""null"",""mpv_running"":true,""next_item"":{""alias"":""media-b04db49d99"",""duration_ms"":15100,""path_alias"":""<media-path:2b030c3c41>""},""playback_state"":""playing"",""playlist_size"":9,""present"":true,""uptime_sec"":33}"
23	22.340	2026-07-10T20:08:55+0000	success		2	<media-path:2b030c3c41>	<media-path:2b030c3c41>	<filename:c617160627>	2.133333	15.1	14.128035	false	false	false	64	v4l2request-copy	true	"{""aspect"":0.566038,""dh"":848,""dw"":480,""h"":848,""par"":1.0,""pixelformat"":""nv12"",""rotate"":0,""stereo-in"":""mono"",""w"":480}"	"{""duration"":""success"",""eof-reached"":""success"",""estimated-frame-number"":""success"",""filename"":""success"",""hwdec-current"":""success"",""idle-active"":""success"",""path"":""success"",""pause"":""success"",""percent-pos"":""success"",""time-pos"":""success"",""video-params"":""success"",""vo-configured"":""success""}"	true	playing	media-63e22e276f	<media-path:c406539999>	15100	0	true	"{""black_screen_risk_reason"":""null"",""blocked_media_count"":0,""consecutive_failures"":0,""current_index"":0,""current_item"":{""alias"":""media-63e22e276f"",""duration_ms"":15100,""offset_ms"":0,""path_alias"":""<media-path:c406539999>"",""started_at_present"":true},""last_poll_error"":""null"",""last_render_error"":""null"",""mpv_running"":true,""next_item"":{""alias"":""media-b04db49d99"",""duration_ms"":15100,""path_alias"":""<media-path:2b030c3c41>""},""playback_state"":""playing"",""playlist_size"":9,""present"":true,""uptime_sec"":33}"
24	23.344	2026-07-10T20:08:56+0000	success		2	<media-path:2b030c3c41>	<media-path:2b030c3c41>	<filename:c617160627>	3.133333	15.1	20.750552	false	false	false	94	v4l2request-copy	true	"{""aspect"":0.566038,""dh"":848,""dw"":480,""h"":848,""par"":1.0,""pixelformat"":""nv12"",""rotate"":0,""stereo-in"":""mono"",""w"":480}"	"{""duration"":""success"",""eof-reached"":""success"",""estimated-frame-number"":""success"",""filename"":""success"",""hwdec-current"":""success"",""idle-active"":""success"",""path"":""success"",""pause"":""success"",""percent-pos"":""success"",""time-pos"":""success"",""video-params"":""success"",""vo-configured"":""success""}"	true	playing	media-63e22e276f	<media-path:c406539999>	15100	0	true	"{""black_screen_risk_reason"":""null"",""blocked_media_count"":0,""consecutive_failures"":0,""current_index"":0,""current_item"":{""alias"":""media-63e22e276f"",""duration_ms"":15100,""offset_ms"":0,""path_alias"":""<media-path:c406539999>"",""started_at_present"":true},""last_poll_error"":""null"",""last_render_error"":""null"",""mpv_running"":true,""next_item"":{""alias"":""media-b04db49d99"",""duration_ms"":15100,""path_alias"":""<media-path:2b030c3c41>""},""playback_state"":""playing"",""playlist_size"":9,""present"":true,""uptime_sec"":33}"
25	24.348	2026-07-10T20:08:57+0000	success		2	<media-path:2b030c3c41>	<media-path:2b030c3c41>	<filename:c617160627>	4.133333	15.1	27.373068	false	false	false	124	v4l2request-copy	true	"{""aspect"":0.566038,""dh"":848,""dw"":480,""h"":848,""par"":1.0,""pixelformat"":""nv12"",""rotate"":0,""stereo-in"":""mono"",""w"":480}"	"{""duration"":""success"",""eof-reached"":""success"",""estimated-frame-number"":""success"",""filename"":""success"",""hwdec-current"":""success"",""idle-active"":""success"",""path"":""success"",""pause"":""success"",""percent-pos"":""success"",""time-pos"":""success"",""video-params"":""success"",""vo-configured"":""success""}"	true	playing	media-63e22e276f	<media-path:c406539999>	15100	0	true	"{""black_screen_risk_reason"":""null"",""blocked_media_count"":0,""consecutive_failures"":0,""current_index"":0,""current_item"":{""alias"":""media-63e22e276f"",""duration_ms"":15100,""offset_ms"":0,""path_alias"":""<media-path:c406539999>"",""started_at_present"":true},""last_poll_error"":""null"",""last_render_error"":""null"",""mpv_running"":true,""next_item"":{""alias"":""media-b04db49d99"",""duration_ms"":15100,""path_alias"":""<media-path:2b030c3c41>""},""playback_state"":""playing"",""playlist_size"":9,""present"":true,""uptime_sec"":33}"
26	25.354	2026-07-10T20:08:58+0000	success		8	<media-path:2b030c3c41>	<media-path:2b030c3c41>	<filename:c617160627>	5.133333	15.1	33.995585	false	false	false	154	v4l2request-copy	true	"{""aspect"":0.566038,""dh"":848,""dw"":480,""h"":848,""par"":1.0,""pixelformat"":""nv12"",""rotate"":0,""stereo-in"":""mono"",""w"":480}"	"{""duration"":""success"",""eof-reached"":""success"",""estimated-frame-number"":""success"",""filename"":""success"",""hwdec-current"":""success"",""idle-active"":""success"",""path"":""success"",""pause"":""success"",""percent-pos"":""success"",""time-pos"":""success"",""video-params"":""success"",""vo-configured"":""success""}"	true	playing	media-b04db49d99	<media-path:2b030c3c41>	15100	1	true	"{""black_screen_risk_reason"":""null"",""blocked_media_count"":0,""consecutive_failures"":0,""current_index"":1,""current_item"":{""alias"":""media-b04db49d99"",""duration_ms"":15100,""offset_ms"":0,""path_alias"":""<media-path:2b030c3c41>"",""started_at_present"":true},""last_poll_error"":""null"",""last_render_error"":""null"",""mpv_running"":true,""next_item"":{""alias"":""media-8ffdc1f445"",""duration_ms"":14000,""path_alias"":""<media-path:fee4d36eb4>""},""playback_state"":""playing"",""playlist_size"":9,""present"":true,""uptime_sec"":38}"
27	26.364	2026-07-10T20:08:59+0000	success		2	<media-path:2b030c3c41>	<media-path:2b030c3c41>	<filename:c617160627>	6.133333	15.1	40.618102	false	false	false	184	v4l2request-copy	true	"{""aspect"":0.566038,""dh"":848,""dw"":480,""h"":848,""par"":1.0,""pixelformat"":""nv12"",""rotate"":0,""stereo-in"":""mono"",""w"":480}"	"{""duration"":""success"",""eof-reached"":""success"",""estimated-frame-number"":""success"",""filename"":""success"",""hwdec-current"":""success"",""idle-active"":""success"",""path"":""success"",""pause"":""success"",""percent-pos"":""success"",""time-pos"":""success"",""video-params"":""success"",""vo-configured"":""success""}"	true	playing	media-b04db49d99	<media-path:2b030c3c41>	15100	1	true	"{""black_screen_risk_reason"":""null"",""blocked_media_count"":0,""consecutive_failures"":0,""current_index"":1,""current_item"":{""alias"":""media-b04db49d99"",""duration_ms"":15100,""offset_ms"":0,""path_alias"":""<media-path:2b030c3c41>"",""started_at_present"":true},""last_poll_error"":""null"",""last_render_error"":""null"",""mpv_running"":true,""next_item"":{""alias"":""media-8ffdc1f445"",""duration_ms"":14000,""path_alias"":""<media-path:fee4d36eb4>""},""playback_state"":""playing"",""playlist_size"":9,""present"":true,""uptime_sec"":38}"
28	27.369	2026-07-10T20:09:00+0000	success		2	<media-path:2b030c3c41>	<media-path:2b030c3c41>	<filename:c617160627>	7.166667	15.1	47.461369	false	false	false	215	v4l2request-copy	true	"{""aspect"":0.566038,""dh"":848,""dw"":480,""h"":848,""par"":1.0,""pixelformat"":""nv12"",""rotate"":0,""stereo-in"":""mono"",""w"":480}"	"{""duration"":""success"",""eof-reached"":""success"",""estimated-frame-number"":""success"",""filename"":""success"",""hwdec-current"":""success"",""idle-active"":""success"",""path"":""success"",""pause"":""success"",""percent-pos"":""success"",""time-pos"":""success"",""video-params"":""success"",""vo-configured"":""success""}"	true	playing	media-b04db49d99	<media-path:2b030c3c41>	15100	1	true	"{""black_screen_risk_reason"":""null"",""blocked_media_count"":0,""consecutive_failures"":0,""current_index"":1,""current_item"":{""alias"":""media-b04db49d99"",""duration_ms"":15100,""offset_ms"":0,""path_alias"":""<media-path:2b030c3c41>"",""started_at_present"":true},""last_poll_error"":""null"",""last_render_error"":""null"",""mpv_running"":true,""next_item"":{""alias"":""media-8ffdc1f445"",""duration_ms"":14000,""path_alias"":""<media-path:fee4d36eb4>""},""playback_state"":""playing"",""playlist_size"":9,""present"":true,""uptime_sec"":38}"
29	28.373	2026-07-10T20:09:01+0000	success		2	<media-path:2b030c3c41>	<media-path:2b030c3c41>	<filename:c617160627>	8.166667	15.1	54.083885	false	false	false	245	v4l2request-copy	true	"{""aspect"":0.566038,""dh"":848,""dw"":480,""h"":848,""par"":1.0,""pixelformat"":""nv12"",""rotate"":0,""stereo-in"":""mono"",""w"":480}"	"{""duration"":""success"",""eof-reached"":""success"",""estimated-frame-number"":""success"",""filename"":""success"",""hwdec-current"":""success"",""idle-active"":""success"",""path"":""success"",""pause"":""success"",""percent-pos"":""success"",""time-pos"":""success"",""video-params"":""success"",""vo-configured"":""success""}"	true	playing	media-b04db49d99	<media-path:2b030c3c41>	15100	1	true	"{""black_screen_risk_reason"":""null"",""blocked_media_count"":0,""consecutive_failures"":0,""current_index"":1,""current_item"":{""alias"":""media-b04db49d99"",""duration_ms"":15100,""offset_ms"":0,""path_alias"":""<media-path:2b030c3c41>"",""started_at_present"":true},""last_poll_error"":""null"",""last_render_error"":""null"",""mpv_running"":true,""next_item"":{""alias"":""media-8ffdc1f445"",""duration_ms"":14000,""path_alias"":""<media-path:fee4d36eb4>""},""playback_state"":""playing"",""playlist_size"":9,""present"":true,""uptime_sec"":38}"
30	29.377	2026-07-10T20:09:02+0000	success		2	<media-path:2b030c3c41>	<media-path:2b030c3c41>	<filename:c617160627>	9.166667	15.1	60.706402	false	false	false	275	v4l2request-copy	true	"{""aspect"":0.566038,""dh"":848,""dw"":480,""h"":848,""par"":1.0,""pixelformat"":""nv12"",""rotate"":0,""stereo-in"":""mono"",""w"":480}"	"{""duration"":""success"",""eof-reached"":""success"",""estimated-frame-number"":""success"",""filename"":""success"",""hwdec-current"":""success"",""idle-active"":""success"",""path"":""success"",""pause"":""success"",""percent-pos"":""success"",""time-pos"":""success"",""video-params"":""success"",""vo-configured"":""success""}"	true	playing	media-b04db49d99	<media-path:2b030c3c41>	15100	1	true	"{""black_screen_risk_reason"":""null"",""blocked_media_count"":0,""consecutive_failures"":0,""current_index"":1,""current_item"":{""alias"":""media-b04db49d99"",""duration_ms"":15100,""offset_ms"":0,""path_alias"":""<media-path:2b030c3c41>"",""started_at_present"":true},""last_poll_error"":""null"",""last_render_error"":""null"",""mpv_running"":true,""next_item"":{""alias"":""media-8ffdc1f445"",""duration_ms"":14000,""path_alias"":""<media-path:fee4d36eb4>""},""playback_state"":""playing"",""playlist_size"":9,""present"":true,""uptime_sec"":38}"
31	30.382	2026-07-10T20:09:03+0000	success		2	<media-path:2b030c3c41>	<media-path:2b030c3c41>	<filename:c617160627>	10.166667	15.1	67.328918	false	false	false	305	v4l2request-copy	true	"{""aspect"":0.566038,""dh"":848,""dw"":480,""h"":848,""par"":1.0,""pixelformat"":""nv12"",""rotate"":0,""stereo-in"":""mono"",""w"":480}"	"{""duration"":""success"",""eof-reached"":""success"",""estimated-frame-number"":""success"",""filename"":""success"",""hwdec-current"":""success"",""idle-active"":""success"",""path"":""success"",""pause"":""success"",""percent-pos"":""success"",""time-pos"":""success"",""video-params"":""success"",""vo-configured"":""success""}"	true	playing	media-b04db49d99	<media-path:2b030c3c41>	15100	1	true	"{""black_screen_risk_reason"":""null"",""blocked_media_count"":0,""consecutive_failures"":0,""current_index"":1,""current_item"":{""alias"":""media-b04db49d99"",""duration_ms"":15100,""offset_ms"":0,""path_alias"":""<media-path:2b030c3c41>"",""started_at_present"":true},""last_poll_error"":""null"",""last_render_error"":""null"",""mpv_running"":true,""next_item"":{""alias"":""media-8ffdc1f445"",""duration_ms"":14000,""path_alias"":""<media-path:fee4d36eb4>""},""playback_state"":""playing"",""playlist_size"":9,""present"":true,""uptime_sec"":43}"
32	31.387	2026-07-10T20:09:05+0000	success		8	<media-path:2b030c3c41>	<media-path:2b030c3c41>	<filename:c617160627>	11.166667	15.1	73.951435	false	false	false	335	v4l2request-copy	true	"{""aspect"":0.566038,""dh"":848,""dw"":480,""h"":848,""par"":1.0,""pixelformat"":""nv12"",""rotate"":0,""stereo-in"":""mono"",""w"":480}"	"{""duration"":""success"",""eof-reached"":""success"",""estimated-frame-number"":""success"",""filename"":""success"",""hwdec-current"":""success"",""idle-active"":""success"",""path"":""success"",""pause"":""success"",""percent-pos"":""success"",""time-pos"":""success"",""video-params"":""success"",""vo-configured"":""success""}"	true	playing	media-b04db49d99	<media-path:2b030c3c41>	15100	1	true	"{""black_screen_risk_reason"":""null"",""blocked_media_count"":0,""consecutive_failures"":0,""current_index"":1,""current_item"":{""alias"":""media-b04db49d99"",""duration_ms"":15100,""offset_ms"":0,""path_alias"":""<media-path:2b030c3c41>"",""started_at_present"":true},""last_poll_error"":""null"",""last_render_error"":""null"",""mpv_running"":true,""next_item"":{""alias"":""media-8ffdc1f445"",""duration_ms"":14000,""path_alias"":""<media-path:fee4d36eb4>""},""playback_state"":""playing"",""playlist_size"":9,""present"":true,""uptime_sec"":43}"
33	32.398	2026-07-10T20:09:06+0000	success		2	<media-path:2b030c3c41>	<media-path:2b030c3c41>	<filename:c617160627>	12.166667	15.1	80.573951	false	false	false	365	v4l2request-copy	true	"{""aspect"":0.566038,""dh"":848,""dw"":480,""h"":848,""par"":1.0,""pixelformat"":""nv12"",""rotate"":0,""stereo-in"":""mono"",""w"":480}"	"{""duration"":""success"",""eof-reached"":""success"",""estimated-frame-number"":""success"",""filename"":""success"",""hwdec-current"":""success"",""idle-active"":""success"",""path"":""success"",""pause"":""success"",""percent-pos"":""success"",""time-pos"":""success"",""video-params"":""success"",""vo-configured"":""success""}"	true	playing	media-b04db49d99	<media-path:2b030c3c41>	15100	1	true	"{""black_screen_risk_reason"":""null"",""blocked_media_count"":0,""consecutive_failures"":0,""current_index"":1,""current_item"":{""alias"":""media-b04db49d99"",""duration_ms"":15100,""offset_ms"":0,""path_alias"":""<media-path:2b030c3c41>"",""started_at_present"":true},""last_poll_error"":""null"",""last_render_error"":""null"",""mpv_running"":true,""next_item"":{""alias"":""media-8ffdc1f445"",""duration_ms"":14000,""path_alias"":""<media-path:fee4d36eb4>""},""playback_state"":""playing"",""playlist_size"":9,""present"":true,""uptime_sec"":43}"
34	33.402	2026-07-10T20:09:07+0000	success		3	<media-path:2b030c3c41>	<media-path:2b030c3c41>	<filename:c617160627>	13.2	15.1	87.417219	false	false	false	396	v4l2request-copy	true	"{""aspect"":0.566038,""dh"":848,""dw"":480,""h"":848,""par"":1.0,""pixelformat"":""nv12"",""rotate"":0,""stereo-in"":""mono"",""w"":480}"	"{""duration"":""success"",""eof-reached"":""success"",""estimated-frame-number"":""success"",""filename"":""success"",""hwdec-current"":""success"",""idle-active"":""success"",""path"":""success"",""pause"":""success"",""percent-pos"":""success"",""time-pos"":""success"",""video-params"":""success"",""vo-configured"":""success""}"	true	playing	media-b04db49d99	<media-path:2b030c3c41>	15100	1	true	"{""black_screen_risk_reason"":""null"",""blocked_media_count"":0,""consecutive_failures"":0,""current_index"":1,""current_item"":{""alias"":""media-b04db49d99"",""duration_ms"":15100,""offset_ms"":0,""path_alias"":""<media-path:2b030c3c41>"",""started_at_present"":true},""last_poll_error"":""null"",""last_render_error"":""null"",""mpv_running"":true,""next_item"":{""alias"":""media-8ffdc1f445"",""duration_ms"":14000,""path_alias"":""<media-path:fee4d36eb4>""},""playback_state"":""playing"",""playlist_size"":9,""present"":true,""uptime_sec"":43}"
35	34.408	2026-07-10T20:09:08+0000	success		2	<media-path:2b030c3c41>	<media-path:2b030c3c41>	<filename:c617160627>	14.2	15.1	94.039735	false	false	false	426	v4l2request-copy	true	"{""aspect"":0.566038,""dh"":848,""dw"":480,""h"":848,""par"":1.0,""pixelformat"":""nv12"",""rotate"":0,""stereo-in"":""mono"",""w"":480}"	"{""duration"":""success"",""eof-reached"":""success"",""estimated-frame-number"":""success"",""filename"":""success"",""hwdec-current"":""success"",""idle-active"":""success"",""path"":""success"",""pause"":""success"",""percent-pos"":""success"",""time-pos"":""success"",""video-params"":""success"",""vo-configured"":""success""}"	true	playing	media-b04db49d99	<media-path:2b030c3c41>	15100	1	true	"{""black_screen_risk_reason"":""null"",""blocked_media_count"":0,""consecutive_failures"":0,""current_index"":1,""current_item"":{""alias"":""media-b04db49d99"",""duration_ms"":15100,""offset_ms"":0,""path_alias"":""<media-path:2b030c3c41>"",""started_at_present"":true},""last_poll_error"":""null"",""last_render_error"":""null"",""mpv_running"":true,""next_item"":{""alias"":""media-8ffdc1f445"",""duration_ms"":14000,""path_alias"":""<media-path:fee4d36eb4>""},""playback_state"":""playing"",""playlist_size"":9,""present"":true,""uptime_sec"":43}"
36	35.412	2026-07-10T20:09:09+0000	success		12	<media-path:2b030c3c41>	<media-path:2b030c3c41>	<filename:c617160627>	0.066667	15.1	0.441501	false	false	false	2	v4l2request-copy	true	"{""aspect"":0.566038,""dh"":848,""dw"":480,""h"":848,""par"":1.0,""pixelformat"":""nv12"",""rotate"":0,""stereo-in"":""mono"",""w"":480}"	"{""duration"":""success"",""eof-reached"":""success"",""estimated-frame-number"":""success"",""filename"":""success"",""hwdec-current"":""success"",""idle-active"":""success"",""path"":""success"",""pause"":""success"",""percent-pos"":""success"",""time-pos"":""success"",""video-params"":""success"",""vo-configured"":""success""}"	true	playing	media-b04db49d99	<media-path:2b030c3c41>	15100	1	true	"{""black_screen_risk_reason"":""null"",""blocked_media_count"":0,""consecutive_failures"":0,""current_index"":1,""current_item"":{""alias"":""media-b04db49d99"",""duration_ms"":15100,""offset_ms"":0,""path_alias"":""<media-path:2b030c3c41>"",""started_at_present"":true},""last_poll_error"":""null"",""last_render_error"":""null"",""mpv_running"":true,""next_item"":{""alias"":""media-8ffdc1f445"",""duration_ms"":14000,""path_alias"":""<media-path:fee4d36eb4>""},""playback_state"":""playing"",""playlist_size"":9,""present"":true,""uptime_sec"":48}"
37	36.427	2026-07-10T20:09:10+0000	success		2	<media-path:fee4d36eb4>	<media-path:fee4d36eb4>	<filename:8ba6df5956>	0.933333	14	6.666667	false	false	false	28	v4l2request-copy	true	"{""aspect"":0.557692,""dh"":832,""dw"":464,""h"":832,""par"":1.0,""pixelformat"":""nv12"",""rotate"":0,""stereo-in"":""mono"",""w"":464}"	"{""duration"":""success"",""eof-reached"":""success"",""estimated-frame-number"":""success"",""filename"":""success"",""hwdec-current"":""success"",""idle-active"":""success"",""path"":""success"",""pause"":""success"",""percent-pos"":""success"",""time-pos"":""success"",""video-params"":""success"",""vo-configured"":""success""}"	true	playing	media-b04db49d99	<media-path:2b030c3c41>	15100	1	true	"{""black_screen_risk_reason"":""null"",""blocked_media_count"":0,""consecutive_failures"":0,""current_index"":1,""current_item"":{""alias"":""media-b04db49d99"",""duration_ms"":15100,""offset_ms"":0,""path_alias"":""<media-path:2b030c3c41>"",""started_at_present"":true},""last_poll_error"":""null"",""last_render_error"":""null"",""mpv_running"":true,""next_item"":{""alias"":""media-8ffdc1f445"",""duration_ms"":14000,""path_alias"":""<media-path:fee4d36eb4>""},""playback_state"":""playing"",""playlist_size"":9,""present"":true,""uptime_sec"":48}"
38	37.432	2026-07-10T20:09:11+0000	success		3	<media-path:fee4d36eb4>	<media-path:fee4d36eb4>	<filename:8ba6df5956>	1.933333	14	13.809524	false	false	false	58	v4l2request-copy	true	"{""aspect"":0.557692,""dh"":832,""dw"":464,""h"":832,""par"":1.0,""pixelformat"":""nv12"",""rotate"":0,""stereo-in"":""mono"",""w"":464}"	"{""duration"":""success"",""eof-reached"":""success"",""estimated-frame-number"":""success"",""filename"":""success"",""hwdec-current"":""success"",""idle-active"":""success"",""path"":""success"",""pause"":""success"",""percent-pos"":""success"",""time-pos"":""success"",""video-params"":""success"",""vo-configured"":""success""}"	true	playing	media-b04db49d99	<media-path:2b030c3c41>	15100	1	true	"{""black_screen_risk_reason"":""null"",""blocked_media_count"":0,""consecutive_failures"":0,""current_index"":1,""current_item"":{""alias"":""media-b04db49d99"",""duration_ms"":15100,""offset_ms"":0,""path_alias"":""<media-path:2b030c3c41>"",""started_at_present"":true},""last_poll_error"":""null"",""last_render_error"":""null"",""mpv_running"":true,""next_item"":{""alias"":""media-8ffdc1f445"",""duration_ms"":14000,""path_alias"":""<media-path:fee4d36eb4>""},""playback_state"":""playing"",""playlist_size"":9,""present"":true,""uptime_sec"":48}"
39	38.438	2026-07-10T20:09:12+0000	success		2	<media-path:fee4d36eb4>	<media-path:fee4d36eb4>	<filename:8ba6df5956>	2.933333	14	20.952381	false	false	false	88	v4l2request-copy	true	"{""aspect"":0.557692,""dh"":832,""dw"":464,""h"":832,""par"":1.0,""pixelformat"":""nv12"",""rotate"":0,""stereo-in"":""mono"",""w"":464}"	"{""duration"":""success"",""eof-reached"":""success"",""estimated-frame-number"":""success"",""filename"":""success"",""hwdec-current"":""success"",""idle-active"":""success"",""path"":""success"",""pause"":""success"",""percent-pos"":""success"",""time-pos"":""success"",""video-params"":""success"",""vo-configured"":""success""}"	true	playing	media-b04db49d99	<media-path:2b030c3c41>	15100	1	true	"{""black_screen_risk_reason"":""null"",""blocked_media_count"":0,""consecutive_failures"":0,""current_index"":1,""current_item"":{""alias"":""media-b04db49d99"",""duration_ms"":15100,""offset_ms"":0,""path_alias"":""<media-path:2b030c3c41>"",""started_at_present"":true},""last_poll_error"":""null"",""last_render_error"":""null"",""mpv_running"":true,""next_item"":{""alias"":""media-8ffdc1f445"",""duration_ms"":14000,""path_alias"":""<media-path:fee4d36eb4>""},""playback_state"":""playing"",""playlist_size"":9,""present"":true,""uptime_sec"":48}"
40	39.442	2026-07-10T20:09:13+0000	success		2	<media-path:fee4d36eb4>	<media-path:fee4d36eb4>	<filename:8ba6df5956>	3.933333	14	28.095238	false	false	false	118	v4l2request-copy	true	"{""aspect"":0.557692,""dh"":832,""dw"":464,""h"":832,""par"":1.0,""pixelformat"":""nv12"",""rotate"":0,""stereo-in"":""mono"",""w"":464}"	"{""duration"":""success"",""eof-reached"":""success"",""estimated-frame-number"":""success"",""filename"":""success"",""hwdec-current"":""success"",""idle-active"":""success"",""path"":""success"",""pause"":""success"",""percent-pos"":""success"",""time-pos"":""success"",""video-params"":""success"",""vo-configured"":""success""}"	true	playing	media-b04db49d99	<media-path:2b030c3c41>	15100	1	true	"{""black_screen_risk_reason"":""null"",""blocked_media_count"":0,""consecutive_failures"":0,""current_index"":1,""current_item"":{""alias"":""media-b04db49d99"",""duration_ms"":15100,""offset_ms"":0,""path_alias"":""<media-path:2b030c3c41>"",""started_at_present"":true},""last_poll_error"":""null"",""last_render_error"":""null"",""mpv_running"":true,""next_item"":{""alias"":""media-8ffdc1f445"",""duration_ms"":14000,""path_alias"":""<media-path:fee4d36eb4>""},""playback_state"":""playing"",""playlist_size"":9,""present"":true,""uptime_sec"":48}"
41	40.447	2026-07-10T20:09:14+0000	success		14	<media-path:fee4d36eb4>	<media-path:fee4d36eb4>	<filename:8ba6df5956>	4.933333	14	35.238095	false	false	false	148	v4l2request-copy	true	"{""aspect"":0.557692,""dh"":832,""dw"":464,""h"":832,""par"":1.0,""pixelformat"":""nv12"",""rotate"":0,""stereo-in"":""mono"",""w"":464}"	"{""duration"":""success"",""eof-reached"":""success"",""estimated-frame-number"":""success"",""filename"":""success"",""hwdec-current"":""success"",""idle-active"":""success"",""path"":""success"",""pause"":""success"",""percent-pos"":""success"",""time-pos"":""success"",""video-params"":""success"",""vo-configured"":""success""}"	true	playing	media-8ffdc1f445	<media-path:fee4d36eb4>	14000	2	true	"{""black_screen_risk_reason"":""null"",""blocked_media_count"":0,""consecutive_failures"":0,""current_index"":2,""current_item"":{""alias"":""media-8ffdc1f445"",""duration_ms"":14000,""offset_ms"":0,""path_alias"":""<media-path:fee4d36eb4>"",""started_at_present"":true},""last_poll_error"":""null"",""last_render_error"":""null"",""mpv_running"":true,""next_item"":{""alias"":""media-907addee8b"",""duration_ms"":30800,""path_alias"":""<media-path:c58db4e1cc>""},""playback_state"":""playing"",""playlist_size"":9,""present"":true,""uptime_sec"":53}"
42	41.464	2026-07-10T20:09:15+0000	success		2	<media-path:fee4d36eb4>	<media-path:fee4d36eb4>	<filename:8ba6df5956>	5.966667	14	42.619048	false	false	false	179	v4l2request-copy	true	"{""aspect"":0.557692,""dh"":832,""dw"":464,""h"":832,""par"":1.0,""pixelformat"":""nv12"",""rotate"":0,""stereo-in"":""mono"",""w"":464}"	"{""duration"":""success"",""eof-reached"":""success"",""estimated-frame-number"":""success"",""filename"":""success"",""hwdec-current"":""success"",""idle-active"":""success"",""path"":""success"",""pause"":""success"",""percent-pos"":""success"",""time-pos"":""success"",""video-params"":""success"",""vo-configured"":""success""}"	true	playing	media-8ffdc1f445	<media-path:fee4d36eb4>	14000	2	true	"{""black_screen_risk_reason"":""null"",""blocked_media_count"":0,""consecutive_failures"":0,""current_index"":2,""current_item"":{""alias"":""media-8ffdc1f445"",""duration_ms"":14000,""offset_ms"":0,""path_alias"":""<media-path:fee4d36eb4>"",""started_at_present"":true},""last_poll_error"":""null"",""last_render_error"":""null"",""mpv_running"":true,""next_item"":{""alias"":""media-907addee8b"",""duration_ms"":30800,""path_alias"":""<media-path:c58db4e1cc>""},""playback_state"":""playing"",""playlist_size"":9,""present"":true,""uptime_sec"":53}"
43	42.468	2026-07-10T20:09:16+0000	success		2	<media-path:fee4d36eb4>	<media-path:fee4d36eb4>	<filename:8ba6df5956>	6.966667	14	49.761905	false	false	false	209	v4l2request-copy	true	"{""aspect"":0.557692,""dh"":832,""dw"":464,""h"":832,""par"":1.0,""pixelformat"":""nv12"",""rotate"":0,""stereo-in"":""mono"",""w"":464}"	"{""duration"":""success"",""eof-reached"":""success"",""estimated-frame-number"":""success"",""filename"":""success"",""hwdec-current"":""success"",""idle-active"":""success"",""path"":""success"",""pause"":""success"",""percent-pos"":""success"",""time-pos"":""success"",""video-params"":""success"",""vo-configured"":""success""}"	true	playing	media-8ffdc1f445	<media-path:fee4d36eb4>	14000	2	true	"{""black_screen_risk_reason"":""null"",""blocked_media_count"":0,""consecutive_failures"":0,""current_index"":2,""current_item"":{""alias"":""media-8ffdc1f445"",""duration_ms"":14000,""offset_ms"":0,""path_alias"":""<media-path:fee4d36eb4>"",""started_at_present"":true},""last_poll_error"":""null"",""last_render_error"":""null"",""mpv_running"":true,""next_item"":{""alias"":""media-907addee8b"",""duration_ms"":30800,""path_alias"":""<media-path:c58db4e1cc>""},""playback_state"":""playing"",""playlist_size"":9,""present"":true,""uptime_sec"":53}"
44	43.472	2026-07-10T20:09:17+0000	success		2	<media-path:fee4d36eb4>	<media-path:fee4d36eb4>	<filename:8ba6df5956>	7.966667	14	56.904762	false	false	false	239	v4l2request-copy	true	"{""aspect"":0.557692,""dh"":832,""dw"":464,""h"":832,""par"":1.0,""pixelformat"":""nv12"",""rotate"":0,""stereo-in"":""mono"",""w"":464}"	"{""duration"":""success"",""eof-reached"":""success"",""estimated-frame-number"":""success"",""filename"":""success"",""hwdec-current"":""success"",""idle-active"":""success"",""path"":""success"",""pause"":""success"",""percent-pos"":""success"",""time-pos"":""success"",""video-params"":""success"",""vo-configured"":""success""}"	true	playing	media-8ffdc1f445	<media-path:fee4d36eb4>	14000	2	true	"{""black_screen_risk_reason"":""null"",""blocked_media_count"":0,""consecutive_failures"":0,""current_index"":2,""current_item"":{""alias"":""media-8ffdc1f445"",""duration_ms"":14000,""offset_ms"":0,""path_alias"":""<media-path:fee4d36eb4>"",""started_at_present"":true},""last_poll_error"":""null"",""last_render_error"":""null"",""mpv_running"":true,""next_item"":{""alias"":""media-907addee8b"",""duration_ms"":30800,""path_alias"":""<media-path:c58db4e1cc>""},""playback_state"":""playing"",""playlist_size"":9,""present"":true,""uptime_sec"":53}"
45	44.476	2026-07-10T20:09:18+0000	success		2	<media-path:fee4d36eb4>	<media-path:fee4d36eb4>	<filename:8ba6df5956>	8.966667	14	64.047619	false	false	false	269	v4l2request-copy	true	"{""aspect"":0.557692,""dh"":832,""dw"":464,""h"":832,""par"":1.0,""pixelformat"":""nv12"",""rotate"":0,""stereo-in"":""mono"",""w"":464}"	"{""duration"":""success"",""eof-reached"":""success"",""estimated-frame-number"":""success"",""filename"":""success"",""hwdec-current"":""success"",""idle-active"":""success"",""path"":""success"",""pause"":""success"",""percent-pos"":""success"",""time-pos"":""success"",""video-params"":""success"",""vo-configured"":""success""}"	true	playing	media-8ffdc1f445	<media-path:fee4d36eb4>	14000	2	true	"{""black_screen_risk_reason"":""null"",""blocked_media_count"":0,""consecutive_failures"":0,""current_index"":2,""current_item"":{""alias"":""media-8ffdc1f445"",""duration_ms"":14000,""offset_ms"":0,""path_alias"":""<media-path:fee4d36eb4>"",""started_at_present"":true},""last_poll_error"":""null"",""last_render_error"":""null"",""mpv_running"":true,""next_item"":{""alias"":""media-907addee8b"",""duration_ms"":30800,""path_alias"":""<media-path:c58db4e1cc>""},""playback_state"":""playing"",""playlist_size"":9,""present"":true,""uptime_sec"":53}"
46	45.482	2026-07-10T20:09:19+0000	success		6	<media-path:fee4d36eb4>	<media-path:fee4d36eb4>	<filename:8ba6df5956>	9.966667	14	71.190476	false	false	false	299	v4l2request-copy	true	"{""aspect"":0.557692,""dh"":832,""dw"":464,""h"":832,""par"":1.0,""pixelformat"":""nv12"",""rotate"":0,""stereo-in"":""mono"",""w"":464}"	"{""duration"":""success"",""eof-reached"":""success"",""estimated-frame-number"":""success"",""filename"":""success"",""hwdec-current"":""success"",""idle-active"":""success"",""path"":""success"",""pause"":""success"",""percent-pos"":""success"",""time-pos"":""success"",""video-params"":""success"",""vo-configured"":""success""}"	true	playing	media-8ffdc1f445	<media-path:fee4d36eb4>	14000	2	true	"{""black_screen_risk_reason"":""null"",""blocked_media_count"":0,""consecutive_failures"":0,""current_index"":2,""current_item"":{""alias"":""media-8ffdc1f445"",""duration_ms"":14000,""offset_ms"":0,""path_alias"":""<media-path:fee4d36eb4>"",""started_at_present"":true},""last_poll_error"":""null"",""last_render_error"":""null"",""mpv_running"":true,""next_item"":{""alias"":""media-907addee8b"",""duration_ms"":30800,""path_alias"":""<media-path:c58db4e1cc>""},""playback_state"":""playing"",""playlist_size"":9,""present"":true,""uptime_sec"":58}"
47	46.490	2026-07-10T20:09:20+0000	success		2	<media-path:fee4d36eb4>	<media-path:fee4d36eb4>	<filename:8ba6df5956>	10.966667	14	78.333333	false	false	false	329	v4l2request-copy	true	"{""aspect"":0.557692,""dh"":832,""dw"":464,""h"":832,""par"":1.0,""pixelformat"":""nv12"",""rotate"":0,""stereo-in"":""mono"",""w"":464}"	"{""duration"":""success"",""eof-reached"":""success"",""estimated-frame-number"":""success"",""filename"":""success"",""hwdec-current"":""success"",""idle-active"":""success"",""path"":""success"",""pause"":""success"",""percent-pos"":""success"",""time-pos"":""success"",""video-params"":""success"",""vo-configured"":""success""}"	true	playing	media-8ffdc1f445	<media-path:fee4d36eb4>	14000	2	true	"{""black_screen_risk_reason"":""null"",""blocked_media_count"":0,""consecutive_failures"":0,""current_index"":2,""current_item"":{""alias"":""media-8ffdc1f445"",""duration_ms"":14000,""offset_ms"":0,""path_alias"":""<media-path:fee4d36eb4>"",""started_at_present"":true},""last_poll_error"":""null"",""last_render_error"":""null"",""mpv_running"":true,""next_item"":{""alias"":""media-907addee8b"",""duration_ms"":30800,""path_alias"":""<media-path:c58db4e1cc>""},""playback_state"":""playing"",""playlist_size"":9,""present"":true,""uptime_sec"":58}"
48	47.494	2026-07-10T20:09:21+0000	success		2	<media-path:fee4d36eb4>	<media-path:fee4d36eb4>	<filename:8ba6df5956>	12	14	85.714286	false	false	false	360	v4l2request-copy	true	"{""aspect"":0.557692,""dh"":832,""dw"":464,""h"":832,""par"":1.0,""pixelformat"":""nv12"",""rotate"":0,""stereo-in"":""mono"",""w"":464}"	"{""duration"":""success"",""eof-reached"":""success"",""estimated-frame-number"":""success"",""filename"":""success"",""hwdec-current"":""success"",""idle-active"":""success"",""path"":""success"",""pause"":""success"",""percent-pos"":""success"",""time-pos"":""success"",""video-params"":""success"",""vo-configured"":""success""}"	true	playing	media-8ffdc1f445	<media-path:fee4d36eb4>	14000	2	true	"{""black_screen_risk_reason"":""null"",""blocked_media_count"":0,""consecutive_failures"":0,""current_index"":2,""current_item"":{""alias"":""media-8ffdc1f445"",""duration_ms"":14000,""offset_ms"":0,""path_alias"":""<media-path:fee4d36eb4>"",""started_at_present"":true},""last_poll_error"":""null"",""last_render_error"":""null"",""mpv_running"":true,""next_item"":{""alias"":""media-907addee8b"",""duration_ms"":30800,""path_alias"":""<media-path:c58db4e1cc>""},""playback_state"":""playing"",""playlist_size"":9,""present"":true,""uptime_sec"":58}"
49	48.499	2026-07-10T20:09:22+0000	success		2	<media-path:fee4d36eb4>	<media-path:fee4d36eb4>	<filename:8ba6df5956>	13	14	92.857143	false	false	false	390	v4l2request-copy	true	"{""aspect"":0.557692,""dh"":832,""dw"":464,""h"":832,""par"":1.0,""pixelformat"":""nv12"",""rotate"":0,""stereo-in"":""mono"",""w"":464}"	"{""duration"":""success"",""eof-reached"":""success"",""estimated-frame-number"":""success"",""filename"":""success"",""hwdec-current"":""success"",""idle-active"":""success"",""path"":""success"",""pause"":""success"",""percent-pos"":""success"",""time-pos"":""success"",""video-params"":""success"",""vo-configured"":""success""}"	true	playing	media-8ffdc1f445	<media-path:fee4d36eb4>	14000	2	true	"{""black_screen_risk_reason"":""null"",""blocked_media_count"":0,""consecutive_failures"":0,""current_index"":2,""current_item"":{""alias"":""media-8ffdc1f445"",""duration_ms"":14000,""offset_ms"":0,""path_alias"":""<media-path:fee4d36eb4>"",""started_at_present"":true},""last_poll_error"":""null"",""last_render_error"":""null"",""mpv_running"":true,""next_item"":{""alias"":""media-907addee8b"",""duration_ms"":30800,""path_alias"":""<media-path:c58db4e1cc>""},""playback_state"":""playing"",""playlist_size"":9,""present"":true,""uptime_sec"":58}"
50	49.503	2026-07-10T20:09:23+0000	success		27	<media-path:fee4d36eb4>	<media-path:fee4d36eb4>	<filename:8ba6df5956>	0	14	0	false	false	false	0	v4l2request-copy	true	"{""aspect"":0.557692,""dh"":832,""dw"":464,""h"":832,""par"":1.0,""pixelformat"":""nv12"",""rotate"":0,""stereo-in"":""mono"",""w"":464}"	"{""duration"":""success"",""eof-reached"":""success"",""estimated-frame-number"":""success"",""filename"":""success"",""hwdec-current"":""success"",""idle-active"":""success"",""path"":""success"",""pause"":""success"",""percent-pos"":""success"",""time-pos"":""success"",""video-params"":""success"",""vo-configured"":""success""}"	true	playing	media-8ffdc1f445	<media-path:fee4d36eb4>	14000	2	true	"{""black_screen_risk_reason"":""null"",""blocked_media_count"":0,""consecutive_failures"":0,""current_index"":2,""current_item"":{""alias"":""media-8ffdc1f445"",""duration_ms"":14000,""offset_ms"":0,""path_alias"":""<media-path:fee4d36eb4>"",""started_at_present"":true},""last_poll_error"":""null"",""last_render_error"":""null"",""mpv_running"":true,""next_item"":{""alias"":""media-907addee8b"",""duration_ms"":30800,""path_alias"":""<media-path:c58db4e1cc>""},""playback_state"":""playing"",""playlist_size"":9,""present"":true,""uptime_sec"":58}"
51	50.534	2026-07-10T20:09:24+0000	success		2	<media-path:c58db4e1cc>	<media-path:c58db4e1cc>	<filename:9b95323d7d>	0.917583	30.805333	2.978651	false	false	false	22	v4l2request-copy	true	"{""aspect"":0.5625,""dh"":640,""dw"":360,""h"":640,""par"":1.0,""pixelformat"":""nv12"",""rotate"":0,""stereo-in"":""mono"",""w"":360}"	"{""duration"":""success"",""eof-reached"":""success"",""estimated-frame-number"":""success"",""filename"":""success"",""hwdec-current"":""success"",""idle-active"":""success"",""path"":""success"",""pause"":""success"",""percent-pos"":""success"",""time-pos"":""success"",""video-params"":""success"",""vo-configured"":""success""}"	true	playing	media-907addee8b	<media-path:c58db4e1cc>	30800	3	true	"{""black_screen_risk_reason"":""null"",""blocked_media_count"":0,""consecutive_failures"":0,""current_index"":3,""current_item"":{""alias"":""media-907addee8b"",""duration_ms"":30800,""offset_ms"":0,""path_alias"":""<media-path:c58db4e1cc>"",""started_at_present"":true},""last_poll_error"":""null"",""last_render_error"":""null"",""mpv_running"":true,""next_item"":{""alias"":""media-8e4d41f6c2"",""duration_ms"":7200,""path_alias"":""<media-path:3662a4e886>""},""playback_state"":""playing"",""playlist_size"":9,""present"":true,""uptime_sec"":63}"
52	51.538	2026-07-10T20:09:25+0000	success		2	<media-path:c58db4e1cc>	<media-path:c58db4e1cc>	<filename:9b95323d7d>	1.918583	30.805333	6.228088	false	false	false	46	v4l2request-copy	true	"{""aspect"":0.5625,""dh"":640,""dw"":360,""h"":640,""par"":1.0,""pixelformat"":""nv12"",""rotate"":0,""stereo-in"":""mono"",""w"":360}"	"{""duration"":""success"",""eof-reached"":""success"",""estimated-frame-number"":""success"",""filename"":""success"",""hwdec-current"":""success"",""idle-active"":""success"",""path"":""success"",""pause"":""success"",""percent-pos"":""success"",""time-pos"":""success"",""video-params"":""success"",""vo-configured"":""success""}"	true	playing	media-907addee8b	<media-path:c58db4e1cc>	30800	3	true	"{""black_screen_risk_reason"":""null"",""blocked_media_count"":0,""consecutive_failures"":0,""current_index"":3,""current_item"":{""alias"":""media-907addee8b"",""duration_ms"":30800,""offset_ms"":0,""path_alias"":""<media-path:c58db4e1cc>"",""started_at_present"":true},""last_poll_error"":""null"",""last_render_error"":""null"",""mpv_running"":true,""next_item"":{""alias"":""media-8e4d41f6c2"",""duration_ms"":7200,""path_alias"":""<media-path:3662a4e886>""},""playback_state"":""playing"",""playlist_size"":9,""present"":true,""uptime_sec"":63}"
53	52.542	2026-07-10T20:09:26+0000	success		2	<media-path:c58db4e1cc>	<media-path:c58db4e1cc>	<filename:9b95323d7d>	2.919583	30.805333	9.477526	false	false	false	70	v4l2request-copy	true	"{""aspect"":0.5625,""dh"":640,""dw"":360,""h"":640,""par"":1.0,""pixelformat"":""nv12"",""rotate"":0,""stereo-in"":""mono"",""w"":360}"	"{""duration"":""success"",""eof-reached"":""success"",""estimated-frame-number"":""success"",""filename"":""success"",""hwdec-current"":""success"",""idle-active"":""success"",""path"":""success"",""pause"":""success"",""percent-pos"":""success"",""time-pos"":""success"",""video-params"":""success"",""vo-configured"":""success""}"	true	playing	media-907addee8b	<media-path:c58db4e1cc>	30800	3	true	"{""black_screen_risk_reason"":""null"",""blocked_media_count"":0,""consecutive_failures"":0,""current_index"":3,""current_item"":{""alias"":""media-907addee8b"",""duration_ms"":30800,""offset_ms"":0,""path_alias"":""<media-path:c58db4e1cc>"",""started_at_present"":true},""last_poll_error"":""null"",""last_render_error"":""null"",""mpv_running"":true,""next_item"":{""alias"":""media-8e4d41f6c2"",""duration_ms"":7200,""path_alias"":""<media-path:3662a4e886>""},""playback_state"":""playing"",""playlist_size"":9,""present"":true,""uptime_sec"":63}"
54	53.548	2026-07-10T20:09:27+0000	success		4	<media-path:c58db4e1cc>	<media-path:c58db4e1cc>	<filename:9b95323d7d>	3.920583	30.805333	12.726963	false	false	false	94	v4l2request-copy	true	"{""aspect"":0.5625,""dh"":640,""dw"":360,""h"":640,""par"":1.0,""pixelformat"":""nv12"",""rotate"":0,""stereo-in"":""mono"",""w"":360}"	"{""duration"":""success"",""eof-reached"":""success"",""estimated-frame-number"":""success"",""filename"":""success"",""hwdec-current"":""success"",""idle-active"":""success"",""path"":""success"",""pause"":""success"",""percent-pos"":""success"",""time-pos"":""success"",""video-params"":""success"",""vo-configured"":""success""}"	true	playing	media-907addee8b	<media-path:c58db4e1cc>	30800	3	true	"{""black_screen_risk_reason"":""null"",""blocked_media_count"":0,""consecutive_failures"":0,""current_index"":3,""current_item"":{""alias"":""media-907addee8b"",""duration_ms"":30800,""offset_ms"":0,""path_alias"":""<media-path:c58db4e1cc>"",""started_at_present"":true},""last_poll_error"":""null"",""last_render_error"":""null"",""mpv_running"":true,""next_item"":{""alias"":""media-8e4d41f6c2"",""duration_ms"":7200,""path_alias"":""<media-path:3662a4e886>""},""playback_state"":""playing"",""playlist_size"":9,""present"":true,""uptime_sec"":63}"
55	54.556	2026-07-10T20:09:28+0000	success		2	<media-path:c58db4e1cc>	<media-path:c58db4e1cc>	<filename:9b95323d7d>	4.921583	30.805333	15.9764	false	false	false	118	v4l2request-copy	true	"{""aspect"":0.5625,""dh"":640,""dw"":360,""h"":640,""par"":1.0,""pixelformat"":""nv12"",""rotate"":0,""stereo-in"":""mono"",""w"":360}"	"{""duration"":""success"",""eof-reached"":""success"",""estimated-frame-number"":""success"",""filename"":""success"",""hwdec-current"":""success"",""idle-active"":""success"",""path"":""success"",""pause"":""success"",""percent-pos"":""success"",""time-pos"":""success"",""video-params"":""success"",""vo-configured"":""success""}"	true	playing	media-907addee8b	<media-path:c58db4e1cc>	30800	3	true	"{""black_screen_risk_reason"":""null"",""blocked_media_count"":0,""consecutive_failures"":0,""current_index"":3,""current_item"":{""alias"":""media-907addee8b"",""duration_ms"":30800,""offset_ms"":0,""path_alias"":""<media-path:c58db4e1cc>"",""started_at_present"":true},""last_poll_error"":""null"",""last_render_error"":""null"",""mpv_running"":true,""next_item"":{""alias"":""media-8e4d41f6c2"",""duration_ms"":7200,""path_alias"":""<media-path:3662a4e886>""},""playback_state"":""playing"",""playlist_size"":9,""present"":true,""uptime_sec"":63}"
56	55.561	2026-07-10T20:09:29+0000	success		2	<media-path:c58db4e1cc>	<media-path:c58db4e1cc>	<filename:9b95323d7d>	5.922583	30.805333	19.225838	false	false	false	142	v4l2request-copy	true	"{""aspect"":0.5625,""dh"":640,""dw"":360,""h"":640,""par"":1.0,""pixelformat"":""nv12"",""rotate"":0,""stereo-in"":""mono"",""w"":360}"	"{""duration"":""success"",""eof-reached"":""success"",""estimated-frame-number"":""success"",""filename"":""success"",""hwdec-current"":""success"",""idle-active"":""success"",""path"":""success"",""pause"":""success"",""percent-pos"":""success"",""time-pos"":""success"",""video-params"":""success"",""vo-configured"":""success""}"	true	playing	media-907addee8b	<media-path:c58db4e1cc>	30800	3	true	"{""black_screen_risk_reason"":""null"",""blocked_media_count"":0,""consecutive_failures"":0,""current_index"":3,""current_item"":{""alias"":""media-907addee8b"",""duration_ms"":30800,""offset_ms"":0,""path_alias"":""<media-path:c58db4e1cc>"",""started_at_present"":true},""last_poll_error"":""null"",""last_render_error"":""null"",""mpv_running"":true,""next_item"":{""alias"":""media-8e4d41f6c2"",""duration_ms"":7200,""path_alias"":""<media-path:3662a4e886>""},""playback_state"":""playing"",""playlist_size"":9,""present"":true,""uptime_sec"":68}"
57	56.567	2026-07-10T20:09:30+0000	success		1	<media-path:c58db4e1cc>	<media-path:c58db4e1cc>	<filename:9b95323d7d>	6.923583	30.805333	22.475275	false	false	false	166	v4l2request-copy	true	"{""aspect"":0.5625,""dh"":640,""dw"":360,""h"":640,""par"":1.0,""pixelformat"":""nv12"",""rotate"":0,""stereo-in"":""mono"",""w"":360}"	"{""duration"":""success"",""eof-reached"":""success"",""estimated-frame-number"":""success"",""filename"":""success"",""hwdec-current"":""success"",""idle-active"":""success"",""path"":""success"",""pause"":""success"",""percent-pos"":""success"",""time-pos"":""success"",""video-params"":""success"",""vo-configured"":""success""}"	true	playing	media-907addee8b	<media-path:c58db4e1cc>	30800	3	true	"{""black_screen_risk_reason"":""null"",""blocked_media_count"":0,""consecutive_failures"":0,""current_index"":3,""current_item"":{""alias"":""media-907addee8b"",""duration_ms"":30800,""offset_ms"":0,""path_alias"":""<media-path:c58db4e1cc>"",""started_at_present"":true},""last_poll_error"":""null"",""last_render_error"":""null"",""mpv_running"":true,""next_item"":{""alias"":""media-8e4d41f6c2"",""duration_ms"":7200,""path_alias"":""<media-path:3662a4e886>""},""playback_state"":""playing"",""playlist_size"":9,""present"":true,""uptime_sec"":68}"
58	57.570	2026-07-10T20:09:31+0000	success		2	<media-path:c58db4e1cc>	<media-path:c58db4e1cc>	<filename:9b95323d7d>	7.924583	30.805333	25.724712	false	false	false	190	v4l2request-copy	true	"{""aspect"":0.5625,""dh"":640,""dw"":360,""h"":640,""par"":1.0,""pixelformat"":""nv12"",""rotate"":0,""stereo-in"":""mono"",""w"":360}"	"{""duration"":""success"",""eof-reached"":""success"",""estimated-frame-number"":""success"",""filename"":""success"",""hwdec-current"":""success"",""idle-active"":""success"",""path"":""success"",""pause"":""success"",""percent-pos"":""success"",""time-pos"":""success"",""video-params"":""success"",""vo-configured"":""success""}"	true	playing	media-907addee8b	<media-path:c58db4e1cc>	30800	3	true	"{""black_screen_risk_reason"":""null"",""blocked_media_count"":0,""consecutive_failures"":0,""current_index"":3,""current_item"":{""alias"":""media-907addee8b"",""duration_ms"":30800,""offset_ms"":0,""path_alias"":""<media-path:c58db4e1cc>"",""started_at_present"":true},""last_poll_error"":""null"",""last_render_error"":""null"",""mpv_running"":true,""next_item"":{""alias"":""media-8e4d41f6c2"",""duration_ms"":7200,""path_alias"":""<media-path:3662a4e886>""},""playback_state"":""playing"",""playlist_size"":9,""present"":true,""uptime_sec"":68}"
59	58.574	2026-07-10T20:09:32+0000	success		3	<media-path:c58db4e1cc>	<media-path:c58db4e1cc>	<filename:9b95323d7d>	8.967292	30.805333	29.109543	false	false	false	215	v4l2request-copy	true	"{""aspect"":0.5625,""dh"":640,""dw"":360,""h"":640,""par"":1.0,""pixelformat"":""nv12"",""rotate"":0,""stereo-in"":""mono"",""w"":360}"	"{""duration"":""success"",""eof-reached"":""success"",""estimated-frame-number"":""success"",""filename"":""success"",""hwdec-current"":""success"",""idle-active"":""success"",""path"":""success"",""pause"":""success"",""percent-pos"":""success"",""time-pos"":""success"",""video-params"":""success"",""vo-configured"":""success""}"	true	playing	media-907addee8b	<media-path:c58db4e1cc>	30800	3	true	"{""black_screen_risk_reason"":""null"",""blocked_media_count"":0,""consecutive_failures"":0,""current_index"":3,""current_item"":{""alias"":""media-907addee8b"",""duration_ms"":30800,""offset_ms"":0,""path_alias"":""<media-path:c58db4e1cc>"",""started_at_present"":true},""last_poll_error"":""null"",""last_render_error"":""null"",""mpv_running"":true,""next_item"":{""alias"":""media-8e4d41f6c2"",""duration_ms"":7200,""path_alias"":""<media-path:3662a4e886>""},""playback_state"":""playing"",""playlist_size"":9,""present"":true,""uptime_sec"":68}"
60	59.580	2026-07-10T20:09:33+0000	success		3	<media-path:c58db4e1cc>	<media-path:c58db4e1cc>	<filename:9b95323d7d>	9.968292	30.805333	32.35898	false	false	false	239	v4l2request-copy	true	"{""aspect"":0.5625,""dh"":640,""dw"":360,""h"":640,""par"":1.0,""pixelformat"":""nv12"",""rotate"":0,""stereo-in"":""mono"",""w"":360}"	"{""duration"":""success"",""eof-reached"":""success"",""estimated-frame-number"":""success"",""filename"":""success"",""hwdec-current"":""success"",""idle-active"":""success"",""path"":""success"",""pause"":""success"",""percent-pos"":""success"",""time-pos"":""success"",""video-params"":""success"",""vo-configured"":""success""}"	true	playing	media-907addee8b	<media-path:c58db4e1cc>	30800	3	true	"{""black_screen_risk_reason"":""null"",""blocked_media_count"":0,""consecutive_failures"":0,""current_index"":3,""current_item"":{""alias"":""media-907addee8b"",""duration_ms"":30800,""offset_ms"":0,""path_alias"":""<media-path:c58db4e1cc>"",""started_at_present"":true},""last_poll_error"":""null"",""last_render_error"":""null"",""mpv_running"":true,""next_item"":{""alias"":""media-8e4d41f6c2"",""duration_ms"":7200,""path_alias"":""<media-path:3662a4e886>""},""playback_state"":""playing"",""playlist_size"":9,""present"":true,""uptime_sec"":68}"
61	60.587	2026-07-10T20:09:34+0000	success		4	<media-path:c58db4e1cc>	<media-path:c58db4e1cc>	<filename:9b95323d7d>	10.969292	30.805333	35.608417	false	false	false	263	v4l2request-copy	true	"{""aspect"":0.5625,""dh"":640,""dw"":360,""h"":640,""par"":1.0,""pixelformat"":""nv12"",""rotate"":0,""stereo-in"":""mono"",""w"":360}"	"{""duration"":""success"",""eof-reached"":""success"",""estimated-frame-number"":""success"",""filename"":""success"",""hwdec-current"":""success"",""idle-active"":""success"",""path"":""success"",""pause"":""success"",""percent-pos"":""success"",""time-pos"":""success"",""video-params"":""success"",""vo-configured"":""success""}"	true	playing	media-907addee8b	<media-path:c58db4e1cc>	30800	3	true	"{""black_screen_risk_reason"":""null"",""blocked_media_count"":0,""consecutive_failures"":0,""current_index"":3,""current_item"":{""alias"":""media-907addee8b"",""duration_ms"":30800,""offset_ms"":0,""path_alias"":""<media-path:c58db4e1cc>"",""started_at_present"":true},""last_poll_error"":""null"",""last_render_error"":""null"",""mpv_running"":true,""next_item"":{""alias"":""media-8e4d41f6c2"",""duration_ms"":7200,""path_alias"":""<media-path:3662a4e886>""},""playback_state"":""playing"",""playlist_size"":9,""present"":true,""uptime_sec"":73}"
62	61.595	2026-07-10T20:09:35+0000	success		3	<media-path:c58db4e1cc>	<media-path:c58db4e1cc>	<filename:9b95323d7d>	11.970292	30.805333	38.857855	false	false	false	287	v4l2request-copy	true	"{""aspect"":0.5625,""dh"":640,""dw"":360,""h"":640,""par"":1.0,""pixelformat"":""nv12"",""rotate"":0,""stereo-in"":""mono"",""w"":360}"	"{""duration"":""success"",""eof-reached"":""success"",""estimated-frame-number"":""success"",""filename"":""success"",""hwdec-current"":""success"",""idle-active"":""success"",""path"":""success"",""pause"":""success"",""percent-pos"":""success"",""time-pos"":""success"",""video-params"":""success"",""vo-configured"":""success""}"	true	playing	media-907addee8b	<media-path:c58db4e1cc>	30800	3	true	"{""black_screen_risk_reason"":""null"",""blocked_media_count"":0,""consecutive_failures"":0,""current_index"":3,""current_item"":{""alias"":""media-907addee8b"",""duration_ms"":30800,""offset_ms"":0,""path_alias"":""<media-path:c58db4e1cc>"",""started_at_present"":true},""last_poll_error"":""null"",""last_render_error"":""null"",""mpv_running"":true,""next_item"":{""alias"":""media-8e4d41f6c2"",""duration_ms"":7200,""path_alias"":""<media-path:3662a4e886>""},""playback_state"":""playing"",""playlist_size"":9,""present"":true,""uptime_sec"":73}"
63	62.601	2026-07-10T20:09:36+0000	success		2	<media-path:c58db4e1cc>	<media-path:c58db4e1cc>	<filename:9b95323d7d>	12.971292	30.805333	42.107292	false	false	false	311	v4l2request-copy	true	"{""aspect"":0.5625,""dh"":640,""dw"":360,""h"":640,""par"":1.0,""pixelformat"":""nv12"",""rotate"":0,""stereo-in"":""mono"",""w"":360}"	"{""duration"":""success"",""eof-reached"":""success"",""estimated-frame-number"":""success"",""filename"":""success"",""hwdec-current"":""success"",""idle-active"":""success"",""path"":""success"",""pause"":""success"",""percent-pos"":""success"",""time-pos"":""success"",""video-params"":""success"",""vo-configured"":""success""}"	true	playing	media-907addee8b	<media-path:c58db4e1cc>	30800	3	true	"{""black_screen_risk_reason"":""null"",""blocked_media_count"":0,""consecutive_failures"":0,""current_index"":3,""current_item"":{""alias"":""media-907addee8b"",""duration_ms"":30800,""offset_ms"":0,""path_alias"":""<media-path:c58db4e1cc>"",""started_at_present"":true},""last_poll_error"":""null"",""last_render_error"":""null"",""mpv_running"":true,""next_item"":{""alias"":""media-8e4d41f6c2"",""duration_ms"":7200,""path_alias"":""<media-path:3662a4e886>""},""playback_state"":""playing"",""playlist_size"":9,""present"":true,""uptime_sec"":73}"
64	63.605	2026-07-10T20:09:37+0000	success		2	<media-path:c58db4e1cc>	<media-path:c58db4e1cc>	<filename:9b95323d7d>	13.972292	30.805333	45.356729	false	false	false	335	v4l2request-copy	true	"{""aspect"":0.5625,""dh"":640,""dw"":360,""h"":640,""par"":1.0,""pixelformat"":""nv12"",""rotate"":0,""stereo-in"":""mono"",""w"":360}"	"{""duration"":""success"",""eof-reached"":""success"",""estimated-frame-number"":""success"",""filename"":""success"",""hwdec-current"":""success"",""idle-active"":""success"",""path"":""success"",""pause"":""success"",""percent-pos"":""success"",""time-pos"":""success"",""video-params"":""success"",""vo-configured"":""success""}"	true	playing	media-907addee8b	<media-path:c58db4e1cc>	30800	3	true	"{""black_screen_risk_reason"":""null"",""blocked_media_count"":0,""consecutive_failures"":0,""current_index"":3,""current_item"":{""alias"":""media-907addee8b"",""duration_ms"":30800,""offset_ms"":0,""path_alias"":""<media-path:c58db4e1cc>"",""started_at_present"":true},""last_poll_error"":""null"",""last_render_error"":""null"",""mpv_running"":true,""next_item"":{""alias"":""media-8e4d41f6c2"",""duration_ms"":7200,""path_alias"":""<media-path:3662a4e886>""},""playback_state"":""playing"",""playlist_size"":9,""present"":true,""uptime_sec"":73}"
65	64.609	2026-07-10T20:09:38+0000	success		2	<media-path:c58db4e1cc>	<media-path:c58db4e1cc>	<filename:9b95323d7d>	14.973292	30.805333	48.606167	false	false	false	359	v4l2request-copy	true	"{""aspect"":0.5625,""dh"":640,""dw"":360,""h"":640,""par"":1.0,""pixelformat"":""nv12"",""rotate"":0,""stereo-in"":""mono"",""w"":360}"	"{""duration"":""success"",""eof-reached"":""success"",""estimated-frame-number"":""success"",""filename"":""success"",""hwdec-current"":""success"",""idle-active"":""success"",""path"":""success"",""pause"":""success"",""percent-pos"":""success"",""time-pos"":""success"",""video-params"":""success"",""vo-configured"":""success""}"	true	playing	media-907addee8b	<media-path:c58db4e1cc>	30800	3	true	"{""black_screen_risk_reason"":""null"",""blocked_media_count"":0,""consecutive_failures"":0,""current_index"":3,""current_item"":{""alias"":""media-907addee8b"",""duration_ms"":30800,""offset_ms"":0,""path_alias"":""<media-path:c58db4e1cc>"",""started_at_present"":true},""last_poll_error"":""null"",""last_render_error"":""null"",""mpv_running"":true,""next_item"":{""alias"":""media-8e4d41f6c2"",""duration_ms"":7200,""path_alias"":""<media-path:3662a4e886>""},""playback_state"":""playing"",""playlist_size"":9,""present"":true,""uptime_sec"":73}"
66	65.615	2026-07-10T20:09:39+0000	success		3	<media-path:c58db4e1cc>	<media-path:c58db4e1cc>	<filename:9b95323d7d>	15.974292	30.805333	51.855604	false	false	false	383	v4l2request-copy	true	"{""aspect"":0.5625,""dh"":640,""dw"":360,""h"":640,""par"":1.0,""pixelformat"":""nv12"",""rotate"":0,""stereo-in"":""mono"",""w"":360}"	"{""duration"":""success"",""eof-reached"":""success"",""estimated-frame-number"":""success"",""filename"":""success"",""hwdec-current"":""success"",""idle-active"":""success"",""path"":""success"",""pause"":""success"",""percent-pos"":""success"",""time-pos"":""success"",""video-params"":""success"",""vo-configured"":""success""}"	true	playing	media-907addee8b	<media-path:c58db4e1cc>	30800	3	true	"{""black_screen_risk_reason"":""null"",""blocked_media_count"":0,""consecutive_failures"":0,""current_index"":3,""current_item"":{""alias"":""media-907addee8b"",""duration_ms"":30800,""offset_ms"":0,""path_alias"":""<media-path:c58db4e1cc>"",""started_at_present"":true},""last_poll_error"":""null"",""last_render_error"":""null"",""mpv_running"":true,""next_item"":{""alias"":""media-8e4d41f6c2"",""duration_ms"":7200,""path_alias"":""<media-path:3662a4e886>""},""playback_state"":""playing"",""playlist_size"":9,""present"":true,""uptime_sec"":78}"
67	66.622	2026-07-10T20:09:40+0000	success		3	<media-path:c58db4e1cc>	<media-path:c58db4e1cc>	<filename:9b95323d7d>	17.017	30.805333	55.240435	false	false	false	408	v4l2request-copy	true	"{""aspect"":0.5625,""dh"":640,""dw"":360,""h"":640,""par"":1.0,""pixelformat"":""nv12"",""rotate"":0,""stereo-in"":""mono"",""w"":360}"	"{""duration"":""success"",""eof-reached"":""success"",""estimated-frame-number"":""success"",""filename"":""success"",""hwdec-current"":""success"",""idle-active"":""success"",""path"":""success"",""pause"":""success"",""percent-pos"":""success"",""time-pos"":""success"",""video-params"":""success"",""vo-configured"":""success""}"	true	playing	media-907addee8b	<media-path:c58db4e1cc>	30800	3	true	"{""black_screen_risk_reason"":""null"",""blocked_media_count"":0,""consecutive_failures"":0,""current_index"":3,""current_item"":{""alias"":""media-907addee8b"",""duration_ms"":30800,""offset_ms"":0,""path_alias"":""<media-path:c58db4e1cc>"",""started_at_present"":true},""last_poll_error"":""null"",""last_render_error"":""null"",""mpv_running"":true,""next_item"":{""alias"":""media-8e4d41f6c2"",""duration_ms"":7200,""path_alias"":""<media-path:3662a4e886>""},""playback_state"":""playing"",""playlist_size"":9,""present"":true,""uptime_sec"":78}"
68	67.628	2026-07-10T20:09:41+0000	success		2	<media-path:c58db4e1cc>	<media-path:c58db4e1cc>	<filename:9b95323d7d>	18.018	30.805333	58.489872	false	false	false	432	v4l2request-copy	true	"{""aspect"":0.5625,""dh"":640,""dw"":360,""h"":640,""par"":1.0,""pixelformat"":""nv12"",""rotate"":0,""stereo-in"":""mono"",""w"":360}"	"{""duration"":""success"",""eof-reached"":""success"",""estimated-frame-number"":""success"",""filename"":""success"",""hwdec-current"":""success"",""idle-active"":""success"",""path"":""success"",""pause"":""success"",""percent-pos"":""success"",""time-pos"":""success"",""video-params"":""success"",""vo-configured"":""success""}"	true	playing	media-907addee8b	<media-path:c58db4e1cc>	30800	3	true	"{""black_screen_risk_reason"":""null"",""blocked_media_count"":0,""consecutive_failures"":0,""current_index"":3,""current_item"":{""alias"":""media-907addee8b"",""duration_ms"":30800,""offset_ms"":0,""path_alias"":""<media-path:c58db4e1cc>"",""started_at_present"":true},""last_poll_error"":""null"",""last_render_error"":""null"",""mpv_running"":true,""next_item"":{""alias"":""media-8e4d41f6c2"",""duration_ms"":7200,""path_alias"":""<media-path:3662a4e886>""},""playback_state"":""playing"",""playlist_size"":9,""present"":true,""uptime_sec"":78}"
69	68.633	2026-07-10T20:09:42+0000	success		7	<media-path:c58db4e1cc>	<media-path:c58db4e1cc>	<filename:9b95323d7d>	19.019	30.805333	61.739309	false	false	false	456	v4l2request-copy	true	"{""aspect"":0.5625,""dh"":640,""dw"":360,""h"":640,""par"":1.0,""pixelformat"":""nv12"",""rotate"":0,""stereo-in"":""mono"",""w"":360}"	"{""duration"":""success"",""eof-reached"":""success"",""estimated-frame-number"":""success"",""filename"":""success"",""hwdec-current"":""success"",""idle-active"":""success"",""path"":""success"",""pause"":""success"",""percent-pos"":""success"",""time-pos"":""success"",""video-params"":""success"",""vo-configured"":""success""}"	true	playing	media-907addee8b	<media-path:c58db4e1cc>	30800	3	true	"{""black_screen_risk_reason"":""null"",""blocked_media_count"":0,""consecutive_failures"":0,""current_index"":3,""current_item"":{""alias"":""media-907addee8b"",""duration_ms"":30800,""offset_ms"":0,""path_alias"":""<media-path:c58db4e1cc>"",""started_at_present"":true},""last_poll_error"":""null"",""last_render_error"":""null"",""mpv_running"":true,""next_item"":{""alias"":""media-8e4d41f6c2"",""duration_ms"":7200,""path_alias"":""<media-path:3662a4e886>""},""playback_state"":""playing"",""playlist_size"":9,""present"":true,""uptime_sec"":78}"
70	69.642	2026-07-10T20:09:43+0000	success		3	<media-path:c58db4e1cc>	<media-path:c58db4e1cc>	<filename:9b95323d7d>	20.02	30.805333	64.988747	false	false	false	480	v4l2request-copy	true	"{""aspect"":0.5625,""dh"":640,""dw"":360,""h"":640,""par"":1.0,""pixelformat"":""nv12"",""rotate"":0,""stereo-in"":""mono"",""w"":360}"	"{""duration"":""success"",""eof-reached"":""success"",""estimated-frame-number"":""success"",""filename"":""success"",""hwdec-current"":""success"",""idle-active"":""success"",""path"":""success"",""pause"":""success"",""percent-pos"":""success"",""time-pos"":""success"",""video-params"":""success"",""vo-configured"":""success""}"	true	playing	media-907addee8b	<media-path:c58db4e1cc>	30800	3	true	"{""black_screen_risk_reason"":""null"",""blocked_media_count"":0,""consecutive_failures"":0,""current_index"":3,""current_item"":{""alias"":""media-907addee8b"",""duration_ms"":30800,""offset_ms"":0,""path_alias"":""<media-path:c58db4e1cc>"",""started_at_present"":true},""last_poll_error"":""null"",""last_render_error"":""null"",""mpv_running"":true,""next_item"":{""alias"":""media-8e4d41f6c2"",""duration_ms"":7200,""path_alias"":""<media-path:3662a4e886>""},""playback_state"":""playing"",""playlist_size"":9,""present"":true,""uptime_sec"":78}"
71	70.648	2026-07-10T20:09:44+0000	success		2	<media-path:c58db4e1cc>	<media-path:c58db4e1cc>	<filename:9b95323d7d>	21.021	30.805333	68.238184	false	false	false	504	v4l2request-copy	true	"{""aspect"":0.5625,""dh"":640,""dw"":360,""h"":640,""par"":1.0,""pixelformat"":""nv12"",""rotate"":0,""stereo-in"":""mono"",""w"":360}"	"{""duration"":""success"",""eof-reached"":""success"",""estimated-frame-number"":""success"",""filename"":""success"",""hwdec-current"":""success"",""idle-active"":""success"",""path"":""success"",""pause"":""success"",""percent-pos"":""success"",""time-pos"":""success"",""video-params"":""success"",""vo-configured"":""success""}"	true	playing	media-907addee8b	<media-path:c58db4e1cc>	30800	3	true	"{""black_screen_risk_reason"":""null"",""blocked_media_count"":0,""consecutive_failures"":0,""current_index"":3,""current_item"":{""alias"":""media-907addee8b"",""duration_ms"":30800,""offset_ms"":0,""path_alias"":""<media-path:c58db4e1cc>"",""started_at_present"":true},""last_poll_error"":""null"",""last_render_error"":""null"",""mpv_running"":true,""next_item"":{""alias"":""media-8e4d41f6c2"",""duration_ms"":7200,""path_alias"":""<media-path:3662a4e886>""},""playback_state"":""playing"",""playlist_size"":9,""present"":true,""uptime_sec"":83}"
72	71.652	2026-07-10T20:09:45+0000	success		2	<media-path:c58db4e1cc>	<media-path:c58db4e1cc>	<filename:9b95323d7d>	22.022	30.805333	71.487621	false	false	false	528	v4l2request-copy	true	"{""aspect"":0.5625,""dh"":640,""dw"":360,""h"":640,""par"":1.0,""pixelformat"":""nv12"",""rotate"":0,""stereo-in"":""mono"",""w"":360}"	"{""duration"":""success"",""eof-reached"":""success"",""estimated-frame-number"":""success"",""filename"":""success"",""hwdec-current"":""success"",""idle-active"":""success"",""path"":""success"",""pause"":""success"",""percent-pos"":""success"",""time-pos"":""success"",""video-params"":""success"",""vo-configured"":""success""}"	true	playing	media-907addee8b	<media-path:c58db4e1cc>	30800	3	true	"{""black_screen_risk_reason"":""null"",""blocked_media_count"":0,""consecutive_failures"":0,""current_index"":3,""current_item"":{""alias"":""media-907addee8b"",""duration_ms"":30800,""offset_ms"":0,""path_alias"":""<media-path:c58db4e1cc>"",""started_at_present"":true},""last_poll_error"":""null"",""last_render_error"":""null"",""mpv_running"":true,""next_item"":{""alias"":""media-8e4d41f6c2"",""duration_ms"":7200,""path_alias"":""<media-path:3662a4e886>""},""playback_state"":""playing"",""playlist_size"":9,""present"":true,""uptime_sec"":83}"
73	72.656	2026-07-10T20:09:46+0000	success		3	<media-path:c58db4e1cc>	<media-path:c58db4e1cc>	<filename:9b95323d7d>	23.023	30.805333	74.737059	false	false	false	552	v4l2request-copy	true	"{""aspect"":0.5625,""dh"":640,""dw"":360,""h"":640,""par"":1.0,""pixelformat"":""nv12"",""rotate"":0,""stereo-in"":""mono"",""w"":360}"	"{""duration"":""success"",""eof-reached"":""success"",""estimated-frame-number"":""success"",""filename"":""success"",""hwdec-current"":""success"",""idle-active"":""success"",""path"":""success"",""pause"":""success"",""percent-pos"":""success"",""time-pos"":""success"",""video-params"":""success"",""vo-configured"":""success""}"	true	playing	media-907addee8b	<media-path:c58db4e1cc>	30800	3	true	"{""black_screen_risk_reason"":""null"",""blocked_media_count"":0,""consecutive_failures"":0,""current_index"":3,""current_item"":{""alias"":""media-907addee8b"",""duration_ms"":30800,""offset_ms"":0,""path_alias"":""<media-path:c58db4e1cc>"",""started_at_present"":true},""last_poll_error"":""null"",""last_render_error"":""null"",""mpv_running"":true,""next_item"":{""alias"":""media-8e4d41f6c2"",""duration_ms"":7200,""path_alias"":""<media-path:3662a4e886>""},""playback_state"":""playing"",""playlist_size"":9,""present"":true,""uptime_sec"":83}"
74	73.661	2026-07-10T20:09:47+0000	success		2	<media-path:c58db4e1cc>	<media-path:c58db4e1cc>	<filename:9b95323d7d>	24.024	30.805333	77.986496	false	false	false	576	v4l2request-copy	true	"{""aspect"":0.5625,""dh"":640,""dw"":360,""h"":640,""par"":1.0,""pixelformat"":""nv12"",""rotate"":0,""stereo-in"":""mono"",""w"":360}"	"{""duration"":""success"",""eof-reached"":""success"",""estimated-frame-number"":""success"",""filename"":""success"",""hwdec-current"":""success"",""idle-active"":""success"",""path"":""success"",""pause"":""success"",""percent-pos"":""success"",""time-pos"":""success"",""video-params"":""success"",""vo-configured"":""success""}"	true	playing	media-907addee8b	<media-path:c58db4e1cc>	30800	3	true	"{""black_screen_risk_reason"":""null"",""blocked_media_count"":0,""consecutive_failures"":0,""current_index"":3,""current_item"":{""alias"":""media-907addee8b"",""duration_ms"":30800,""offset_ms"":0,""path_alias"":""<media-path:c58db4e1cc>"",""started_at_present"":true},""last_poll_error"":""null"",""last_render_error"":""null"",""mpv_running"":true,""next_item"":{""alias"":""media-8e4d41f6c2"",""duration_ms"":7200,""path_alias"":""<media-path:3662a4e886>""},""playback_state"":""playing"",""playlist_size"":9,""present"":true,""uptime_sec"":83}"
75	74.665	2026-07-10T20:09:48+0000	success		2	<media-path:c58db4e1cc>	<media-path:c58db4e1cc>	<filename:9b95323d7d>	25.025	30.805333	81.235933	false	false	false	600	v4l2request-copy	true	"{""aspect"":0.5625,""dh"":640,""dw"":360,""h"":640,""par"":1.0,""pixelformat"":""nv12"",""rotate"":0,""stereo-in"":""mono"",""w"":360}"	"{""duration"":""success"",""eof-reached"":""success"",""estimated-frame-number"":""success"",""filename"":""success"",""hwdec-current"":""success"",""idle-active"":""success"",""path"":""success"",""pause"":""success"",""percent-pos"":""success"",""time-pos"":""success"",""video-params"":""success"",""vo-configured"":""success""}"	true	playing	media-907addee8b	<media-path:c58db4e1cc>	30800	3	true	"{""black_screen_risk_reason"":""null"",""blocked_media_count"":0,""consecutive_failures"":0,""current_index"":3,""current_item"":{""alias"":""media-907addee8b"",""duration_ms"":30800,""offset_ms"":0,""path_alias"":""<media-path:c58db4e1cc>"",""started_at_present"":true},""last_poll_error"":""null"",""last_render_error"":""null"",""mpv_running"":true,""next_item"":{""alias"":""media-8e4d41f6c2"",""duration_ms"":7200,""path_alias"":""<media-path:3662a4e886>""},""playback_state"":""playing"",""playlist_size"":9,""present"":true,""uptime_sec"":83}"
76	75.668	2026-07-10T20:09:49+0000	success		2	<media-path:c58db4e1cc>	<media-path:c58db4e1cc>	<filename:9b95323d7d>	26.026	30.805333	84.48537	false	false	false	624	v4l2request-copy	true	"{""aspect"":0.5625,""dh"":640,""dw"":360,""h"":640,""par"":1.0,""pixelformat"":""nv12"",""rotate"":0,""stereo-in"":""mono"",""w"":360}"	"{""duration"":""success"",""eof-reached"":""success"",""estimated-frame-number"":""success"",""filename"":""success"",""hwdec-current"":""success"",""idle-active"":""success"",""path"":""success"",""pause"":""success"",""percent-pos"":""success"",""time-pos"":""success"",""video-params"":""success"",""vo-configured"":""success""}"	true	playing	media-907addee8b	<media-path:c58db4e1cc>	30800	3	true	"{""black_screen_risk_reason"":""null"",""blocked_media_count"":0,""consecutive_failures"":0,""current_index"":3,""current_item"":{""alias"":""media-907addee8b"",""duration_ms"":30800,""offset_ms"":0,""path_alias"":""<media-path:c58db4e1cc>"",""started_at_present"":true},""last_poll_error"":""null"",""last_render_error"":""null"",""mpv_running"":true,""next_item"":{""alias"":""media-8e4d41f6c2"",""duration_ms"":7200,""path_alias"":""<media-path:3662a4e886>""},""playback_state"":""playing"",""playlist_size"":9,""present"":true,""uptime_sec"":88}"
77	76.674	2026-07-10T20:09:50+0000	success		2	<media-path:c58db4e1cc>	<media-path:c58db4e1cc>	<filename:9b95323d7d>	27.068708	30.805333	87.870201	false	false	false	648	v4l2request-copy	true	"{""aspect"":0.5625,""dh"":640,""dw"":360,""h"":640,""par"":1.0,""pixelformat"":""nv12"",""rotate"":0,""stereo-in"":""mono"",""w"":360}"	"{""duration"":""success"",""eof-reached"":""success"",""estimated-frame-number"":""success"",""filename"":""success"",""hwdec-current"":""success"",""idle-active"":""success"",""path"":""success"",""pause"":""success"",""percent-pos"":""success"",""time-pos"":""success"",""video-params"":""success"",""vo-configured"":""success""}"	true	playing	media-907addee8b	<media-path:c58db4e1cc>	30800	3	true	"{""black_screen_risk_reason"":""null"",""blocked_media_count"":0,""consecutive_failures"":0,""current_index"":3,""current_item"":{""alias"":""media-907addee8b"",""duration_ms"":30800,""offset_ms"":0,""path_alias"":""<media-path:c58db4e1cc>"",""started_at_present"":true},""last_poll_error"":""null"",""last_render_error"":""null"",""mpv_running"":true,""next_item"":{""alias"":""media-8e4d41f6c2"",""duration_ms"":7200,""path_alias"":""<media-path:3662a4e886>""},""playback_state"":""playing"",""playlist_size"":9,""present"":true,""uptime_sec"":88}"
78	77.680	2026-07-10T20:09:51+0000	success		2	<media-path:c58db4e1cc>	<media-path:c58db4e1cc>	<filename:9b95323d7d>	28.069708	30.805333	91.119638	false	false	false	672	v4l2request-copy	true	"{""aspect"":0.5625,""dh"":640,""dw"":360,""h"":640,""par"":1.0,""pixelformat"":""nv12"",""rotate"":0,""stereo-in"":""mono"",""w"":360}"	"{""duration"":""success"",""eof-reached"":""success"",""estimated-frame-number"":""success"",""filename"":""success"",""hwdec-current"":""success"",""idle-active"":""success"",""path"":""success"",""pause"":""success"",""percent-pos"":""success"",""time-pos"":""success"",""video-params"":""success"",""vo-configured"":""success""}"	true	playing	media-907addee8b	<media-path:c58db4e1cc>	30800	3	true	"{""black_screen_risk_reason"":""null"",""blocked_media_count"":0,""consecutive_failures"":0,""current_index"":3,""current_item"":{""alias"":""media-907addee8b"",""duration_ms"":30800,""offset_ms"":0,""path_alias"":""<media-path:c58db4e1cc>"",""started_at_present"":true},""last_poll_error"":""null"",""last_render_error"":""null"",""mpv_running"":true,""next_item"":{""alias"":""media-8e4d41f6c2"",""duration_ms"":7200,""path_alias"":""<media-path:3662a4e886>""},""playback_state"":""playing"",""playlist_size"":9,""present"":true,""uptime_sec"":88}"
79	78.684	2026-07-10T20:09:52+0000	success		2	<media-path:c58db4e1cc>	<media-path:c58db4e1cc>	<filename:9b95323d7d>	29.070708	30.805333	94.369076	false	false	false	696	v4l2request-copy	true	"{""aspect"":0.5625,""dh"":640,""dw"":360,""h"":640,""par"":1.0,""pixelformat"":""nv12"",""rotate"":0,""stereo-in"":""mono"",""w"":360}"	"{""duration"":""success"",""eof-reached"":""success"",""estimated-frame-number"":""success"",""filename"":""success"",""hwdec-current"":""success"",""idle-active"":""success"",""path"":""success"",""pause"":""success"",""percent-pos"":""success"",""time-pos"":""success"",""video-params"":""success"",""vo-configured"":""success""}"	true	playing	media-907addee8b	<media-path:c58db4e1cc>	30800	3	true	"{""black_screen_risk_reason"":""null"",""blocked_media_count"":0,""consecutive_failures"":0,""current_index"":3,""current_item"":{""alias"":""media-907addee8b"",""duration_ms"":30800,""offset_ms"":0,""path_alias"":""<media-path:c58db4e1cc>"",""started_at_present"":true},""last_poll_error"":""null"",""last_render_error"":""null"",""mpv_running"":true,""next_item"":{""alias"":""media-8e4d41f6c2"",""duration_ms"":7200,""path_alias"":""<media-path:3662a4e886>""},""playback_state"":""playing"",""playlist_size"":9,""present"":true,""uptime_sec"":88}"
80	79.690	2026-07-10T20:09:53+0000	success		3	<media-path:c58db4e1cc>	<media-path:c58db4e1cc>	<filename:9b95323d7d>	30.071708	30.805333	97.618513	false	false	false	720	v4l2request-copy	true	"{""aspect"":0.5625,""dh"":640,""dw"":360,""h"":640,""par"":1.0,""pixelformat"":""nv12"",""rotate"":0,""stereo-in"":""mono"",""w"":360}"	"{""duration"":""success"",""eof-reached"":""success"",""estimated-frame-number"":""success"",""filename"":""success"",""hwdec-current"":""success"",""idle-active"":""success"",""path"":""success"",""pause"":""success"",""percent-pos"":""success"",""time-pos"":""success"",""video-params"":""success"",""vo-configured"":""success""}"	true	playing	media-907addee8b	<media-path:c58db4e1cc>	30800	3	true	"{""black_screen_risk_reason"":""null"",""blocked_media_count"":0,""consecutive_failures"":0,""current_index"":3,""current_item"":{""alias"":""media-907addee8b"",""duration_ms"":30800,""offset_ms"":0,""path_alias"":""<media-path:c58db4e1cc>"",""started_at_present"":true},""last_poll_error"":""null"",""last_render_error"":""null"",""mpv_running"":true,""next_item"":{""alias"":""media-8e4d41f6c2"",""duration_ms"":7200,""path_alias"":""<media-path:3662a4e886>""},""playback_state"":""playing"",""playlist_size"":9,""present"":true,""uptime_sec"":88}"
81	80.697	2026-07-10T20:09:54+0000	success		10	<media-path:3662a4e886>	<media-path:3662a4e886>	<filename:0a2aeee29a>	0.1	7.221406	1.384772	false	false	false	3	v4l2request-copy	true	"{""aspect"":0.5625,""dh"":1024,""dw"":576,""h"":1024,""par"":1.0,""pixelformat"":""nv12"",""rotate"":0,""stereo-in"":""mono"",""w"":576}"	"{""duration"":""success"",""eof-reached"":""success"",""estimated-frame-number"":""success"",""filename"":""success"",""hwdec-current"":""success"",""idle-active"":""success"",""path"":""success"",""pause"":""success"",""percent-pos"":""success"",""time-pos"":""success"",""video-params"":""success"",""vo-configured"":""success""}"	true	playing	media-907addee8b	<media-path:c58db4e1cc>	30800	3	true	"{""black_screen_risk_reason"":""null"",""blocked_media_count"":0,""consecutive_failures"":0,""current_index"":3,""current_item"":{""alias"":""media-907addee8b"",""duration_ms"":30800,""offset_ms"":0,""path_alias"":""<media-path:c58db4e1cc>"",""started_at_present"":true},""last_poll_error"":""null"",""last_render_error"":""null"",""mpv_running"":true,""next_item"":{""alias"":""media-8e4d41f6c2"",""duration_ms"":7200,""path_alias"":""<media-path:3662a4e886>""},""playback_state"":""playing"",""playlist_size"":9,""present"":true,""uptime_sec"":93}"
82	81.710	2026-07-10T20:09:55+0000	success		2	<media-path:3662a4e886>	<media-path:3662a4e886>	<filename:0a2aeee29a>	1.1	7.221406	15.232491	false	false	false	33	v4l2request-copy	true	"{""aspect"":0.5625,""dh"":1024,""dw"":576,""h"":1024,""par"":1.0,""pixelformat"":""nv12"",""rotate"":0,""stereo-in"":""mono"",""w"":576}"	"{""duration"":""success"",""eof-reached"":""success"",""estimated-frame-number"":""success"",""filename"":""success"",""hwdec-current"":""success"",""idle-active"":""success"",""path"":""success"",""pause"":""success"",""percent-pos"":""success"",""time-pos"":""success"",""video-params"":""success"",""vo-configured"":""success""}"	true	playing	media-907addee8b	<media-path:c58db4e1cc>	30800	3	true	"{""black_screen_risk_reason"":""null"",""blocked_media_count"":0,""consecutive_failures"":0,""current_index"":3,""current_item"":{""alias"":""media-907addee8b"",""duration_ms"":30800,""offset_ms"":0,""path_alias"":""<media-path:c58db4e1cc>"",""started_at_present"":true},""last_poll_error"":""null"",""last_render_error"":""null"",""mpv_running"":true,""next_item"":{""alias"":""media-8e4d41f6c2"",""duration_ms"":7200,""path_alias"":""<media-path:3662a4e886>""},""playback_state"":""playing"",""playlist_size"":9,""present"":true,""uptime_sec"":93}"
83	82.714	2026-07-10T20:09:56+0000	success		2	<media-path:3662a4e886>	<media-path:3662a4e886>	<filename:0a2aeee29a>	2.133333	7.221406	29.541801	false	false	false	64	v4l2request-copy	true	"{""aspect"":0.5625,""dh"":1024,""dw"":576,""h"":1024,""par"":1.0,""pixelformat"":""nv12"",""rotate"":0,""stereo-in"":""mono"",""w"":576}"	"{""duration"":""success"",""eof-reached"":""success"",""estimated-frame-number"":""success"",""filename"":""success"",""hwdec-current"":""success"",""idle-active"":""success"",""path"":""success"",""pause"":""success"",""percent-pos"":""success"",""time-pos"":""success"",""video-params"":""success"",""vo-configured"":""success""}"	true	playing	media-907addee8b	<media-path:c58db4e1cc>	30800	3	true	"{""black_screen_risk_reason"":""null"",""blocked_media_count"":0,""consecutive_failures"":0,""current_index"":3,""current_item"":{""alias"":""media-907addee8b"",""duration_ms"":30800,""offset_ms"":0,""path_alias"":""<media-path:c58db4e1cc>"",""started_at_present"":true},""last_poll_error"":""null"",""last_render_error"":""null"",""mpv_running"":true,""next_item"":{""alias"":""media-8e4d41f6c2"",""duration_ms"":7200,""path_alias"":""<media-path:3662a4e886>""},""playback_state"":""playing"",""playlist_size"":9,""present"":true,""uptime_sec"":93}"
84	83.720	2026-07-10T20:09:57+0000	success		2	<media-path:3662a4e886>	<media-path:3662a4e886>	<filename:0a2aeee29a>	3.133333	7.221406	43.38952	false	false	false	93	v4l2request-copy	true	"{""aspect"":0.5625,""dh"":1024,""dw"":576,""h"":1024,""par"":1.0,""pixelformat"":""nv12"",""rotate"":0,""stereo-in"":""mono"",""w"":576}"	"{""duration"":""success"",""eof-reached"":""success"",""estimated-frame-number"":""success"",""filename"":""success"",""hwdec-current"":""success"",""idle-active"":""success"",""path"":""success"",""pause"":""success"",""percent-pos"":""success"",""time-pos"":""success"",""video-params"":""success"",""vo-configured"":""success""}"	true	playing	media-907addee8b	<media-path:c58db4e1cc>	30800	3	true	"{""black_screen_risk_reason"":""null"",""blocked_media_count"":0,""consecutive_failures"":0,""current_index"":3,""current_item"":{""alias"":""media-907addee8b"",""duration_ms"":30800,""offset_ms"":0,""path_alias"":""<media-path:c58db4e1cc>"",""started_at_present"":true},""last_poll_error"":""null"",""last_render_error"":""null"",""mpv_running"":true,""next_item"":{""alias"":""media-8e4d41f6c2"",""duration_ms"":7200,""path_alias"":""<media-path:3662a4e886>""},""playback_state"":""playing"",""playlist_size"":9,""present"":true,""uptime_sec"":93}"
85	84.724	2026-07-10T20:09:58+0000	success		14	<media-path:3662a4e886>	<media-path:3662a4e886>	<filename:0a2aeee29a>	4.133333	7.221406	57.237239	false	false	false	123	v4l2request-copy	true	"{""aspect"":0.5625,""dh"":1024,""dw"":576,""h"":1024,""par"":1.0,""pixelformat"":""nv12"",""rotate"":0,""stereo-in"":""mono"",""w"":576}"	"{""duration"":""success"",""eof-reached"":""success"",""estimated-frame-number"":""success"",""filename"":""success"",""hwdec-current"":""success"",""idle-active"":""success"",""path"":""success"",""pause"":""success"",""percent-pos"":""success"",""time-pos"":""success"",""video-params"":""success"",""vo-configured"":""success""}"	true	playing	media-907addee8b	<media-path:c58db4e1cc>	30800	3	true	"{""black_screen_risk_reason"":""null"",""blocked_media_count"":0,""consecutive_failures"":0,""current_index"":3,""current_item"":{""alias"":""media-907addee8b"",""duration_ms"":30800,""offset_ms"":0,""path_alias"":""<media-path:c58db4e1cc>"",""started_at_present"":true},""last_poll_error"":""null"",""last_render_error"":""null"",""mpv_running"":true,""next_item"":{""alias"":""media-8e4d41f6c2"",""duration_ms"":7200,""path_alias"":""<media-path:3662a4e886>""},""playback_state"":""playing"",""playlist_size"":9,""present"":true,""uptime_sec"":93}"
86	85.740	2026-07-10T20:09:59+0000	success		3	<media-path:3662a4e886>	<media-path:3662a4e886>	<filename:0a2aeee29a>	5.133333	7.221406	71.084958	false	false	false	153	v4l2request-copy	true	"{""aspect"":0.5625,""dh"":1024,""dw"":576,""h"":1024,""par"":1.0,""pixelformat"":""nv12"",""rotate"":0,""stereo-in"":""mono"",""w"":576}"	"{""duration"":""success"",""eof-reached"":""success"",""estimated-frame-number"":""success"",""filename"":""success"",""hwdec-current"":""success"",""idle-active"":""success"",""path"":""success"",""pause"":""success"",""percent-pos"":""success"",""time-pos"":""success"",""video-params"":""success"",""vo-configured"":""success""}"	true	playing	media-8e4d41f6c2	<media-path:3662a4e886>	7200	4	true	"{""black_screen_risk_reason"":""null"",""blocked_media_count"":0,""consecutive_failures"":0,""current_index"":4,""current_item"":{""alias"":""media-8e4d41f6c2"",""duration_ms"":7200,""offset_ms"":0,""path_alias"":""<media-path:3662a4e886>"",""started_at_present"":true},""last_poll_error"":""null"",""last_render_error"":""null"",""mpv_running"":true,""next_item"":{""alias"":""media-fba32b0055"",""duration_ms"":5100,""path_alias"":""<media-path:97100fcdae>""},""playback_state"":""playing"",""playlist_size"":9,""present"":true,""uptime_sec"":98}"
87	86.745	2026-07-10T20:10:00+0000	success		2	<media-path:3662a4e886>	<media-path:3662a4e886>	<filename:0a2aeee29a>	6.166667	7.221406	85.394267	false	false	false	184	v4l2request-copy	true	"{""aspect"":0.5625,""dh"":1024,""dw"":576,""h"":1024,""par"":1.0,""pixelformat"":""nv12"",""rotate"":0,""stereo-in"":""mono"",""w"":576}"	"{""duration"":""success"",""eof-reached"":""success"",""estimated-frame-number"":""success"",""filename"":""success"",""hwdec-current"":""success"",""idle-active"":""success"",""path"":""success"",""pause"":""success"",""percent-pos"":""success"",""time-pos"":""success"",""video-params"":""success"",""vo-configured"":""success""}"	true	playing	media-8e4d41f6c2	<media-path:3662a4e886>	7200	4	true	"{""black_screen_risk_reason"":""null"",""blocked_media_count"":0,""consecutive_failures"":0,""current_index"":4,""current_item"":{""alias"":""media-8e4d41f6c2"",""duration_ms"":7200,""offset_ms"":0,""path_alias"":""<media-path:3662a4e886>"",""started_at_present"":true},""last_poll_error"":""null"",""last_render_error"":""null"",""mpv_running"":true,""next_item"":{""alias"":""media-fba32b0055"",""duration_ms"":5100,""path_alias"":""<media-path:97100fcdae>""},""playback_state"":""playing"",""playlist_size"":9,""present"":true,""uptime_sec"":98}"
88	87.750	2026-07-10T20:10:01+0000	success		49	<media-path:3662a4e886>	<media-path:3662a4e886>	<filename:0a2aeee29a>	0	7.221406	0	false	false	false	0	v4l2request-copy	true	"{""aspect"":0.5625,""dh"":1024,""dw"":576,""h"":1024,""par"":1.0,""pixelformat"":""nv12"",""rotate"":0,""stereo-in"":""mono"",""w"":576}"	"{""duration"":""success"",""eof-reached"":""success"",""estimated-frame-number"":""success"",""filename"":""success"",""hwdec-current"":""success"",""idle-active"":""success"",""path"":""success"",""pause"":""success"",""percent-pos"":""success"",""time-pos"":""success"",""video-params"":""success"",""vo-configured"":""success""}"	true	playing	media-8e4d41f6c2	<media-path:3662a4e886>	7200	4	true	"{""black_screen_risk_reason"":""null"",""blocked_media_count"":0,""consecutive_failures"":0,""current_index"":4,""current_item"":{""alias"":""media-8e4d41f6c2"",""duration_ms"":7200,""offset_ms"":0,""path_alias"":""<media-path:3662a4e886>"",""started_at_present"":true},""last_poll_error"":""null"",""last_render_error"":""null"",""mpv_running"":true,""next_item"":{""alias"":""media-fba32b0055"",""duration_ms"":5100,""path_alias"":""<media-path:97100fcdae>""},""playback_state"":""playing"",""playlist_size"":9,""present"":true,""uptime_sec"":98}"
89	88.801	2026-07-10T20:10:02+0000	success		9	<media-path:97100fcdae>	<media-path:97100fcdae>	<filename:a4bfef2b1b>	0.933333	5.06195	18.438217	false	false	false	28	v4l2request-copy	true	"{""aspect"":0.697674,""dh"":688,""dw"":480,""h"":688,""par"":1.0,""pixelformat"":""nv12"",""rotate"":0,""stereo-in"":""mono"",""w"":480}"	"{""duration"":""success"",""eof-reached"":""success"",""estimated-frame-number"":""success"",""filename"":""success"",""hwdec-current"":""success"",""idle-active"":""success"",""path"":""success"",""pause"":""success"",""percent-pos"":""success"",""time-pos"":""success"",""video-params"":""success"",""vo-configured"":""success""}"	true	playing	media-8e4d41f6c2	<media-path:3662a4e886>	7200	4	true	"{""black_screen_risk_reason"":""null"",""blocked_media_count"":0,""consecutive_failures"":0,""current_index"":4,""current_item"":{""alias"":""media-8e4d41f6c2"",""duration_ms"":7200,""offset_ms"":0,""path_alias"":""<media-path:3662a4e886>"",""started_at_present"":true},""last_poll_error"":""null"",""last_render_error"":""null"",""mpv_running"":true,""next_item"":{""alias"":""media-fba32b0055"",""duration_ms"":5100,""path_alias"":""<media-path:97100fcdae>""},""playback_state"":""playing"",""playlist_size"":9,""present"":true,""uptime_sec"":98}"
90	89.813	2026-07-10T20:10:03+0000	success		3	<media-path:97100fcdae>	<media-path:97100fcdae>	<filename:a4bfef2b1b>	1.933333	5.06195	38.193449	false	false	false	58	v4l2request-copy	true	"{""aspect"":0.697674,""dh"":688,""dw"":480,""h"":688,""par"":1.0,""pixelformat"":""nv12"",""rotate"":0,""stereo-in"":""mono"",""w"":480}"	"{""duration"":""success"",""eof-reached"":""success"",""estimated-frame-number"":""success"",""filename"":""success"",""hwdec-current"":""success"",""idle-active"":""success"",""path"":""success"",""pause"":""success"",""percent-pos"":""success"",""time-pos"":""success"",""video-params"":""success"",""vo-configured"":""success""}"	true	playing	media-fba32b0055	<media-path:97100fcdae>	5100	5	true	"{""black_screen_risk_reason"":""null"",""blocked_media_count"":0,""consecutive_failures"":0,""current_index"":5,""current_item"":{""alias"":""media-fba32b0055"",""duration_ms"":5100,""offset_ms"":0,""path_alias"":""<media-path:97100fcdae>"",""started_at_present"":true},""last_poll_error"":""null"",""last_render_error"":""null"",""mpv_running"":true,""next_item"":{""alias"":""media-749f1db21b"",""duration_ms"":3900,""path_alias"":""<media-path:31af3d58a2>""},""playback_state"":""playing"",""playlist_size"":9,""present"":true,""uptime_sec"":103}"
91	90.818	2026-07-10T20:10:04+0000	success		2	<media-path:97100fcdae>	<media-path:97100fcdae>	<filename:a4bfef2b1b>	2.966667	5.06195	58.607189	false	false	false	88	v4l2request-copy	true	"{""aspect"":0.697674,""dh"":688,""dw"":480,""h"":688,""par"":1.0,""pixelformat"":""nv12"",""rotate"":0,""stereo-in"":""mono"",""w"":480}"	"{""duration"":""success"",""eof-reached"":""success"",""estimated-frame-number"":""success"",""filename"":""success"",""hwdec-current"":""success"",""idle-active"":""success"",""path"":""success"",""pause"":""success"",""percent-pos"":""success"",""time-pos"":""success"",""video-params"":""success"",""vo-configured"":""success""}"	true	playing	media-fba32b0055	<media-path:97100fcdae>	5100	5	true	"{""black_screen_risk_reason"":""null"",""blocked_media_count"":0,""consecutive_failures"":0,""current_index"":5,""current_item"":{""alias"":""media-fba32b0055"",""duration_ms"":5100,""offset_ms"":0,""path_alias"":""<media-path:97100fcdae>"",""started_at_present"":true},""last_poll_error"":""null"",""last_render_error"":""null"",""mpv_running"":true,""next_item"":{""alias"":""media-749f1db21b"",""duration_ms"":3900,""path_alias"":""<media-path:31af3d58a2>""},""playback_state"":""playing"",""playlist_size"":9,""present"":true,""uptime_sec"":103}"
92	91.823	2026-07-10T20:10:05+0000	success		3	<media-path:97100fcdae>	<media-path:97100fcdae>	<filename:a4bfef2b1b>	3.966667	5.06195	78.362421	false	false	false	118	v4l2request-copy	true	"{""aspect"":0.697674,""dh"":688,""dw"":480,""h"":688,""par"":1.0,""pixelformat"":""nv12"",""rotate"":0,""stereo-in"":""mono"",""w"":480}"	"{""duration"":""success"",""eof-reached"":""success"",""estimated-frame-number"":""success"",""filename"":""success"",""hwdec-current"":""success"",""idle-active"":""success"",""path"":""success"",""pause"":""success"",""percent-pos"":""success"",""time-pos"":""success"",""video-params"":""success"",""vo-configured"":""success""}"	true	playing	media-fba32b0055	<media-path:97100fcdae>	5100	5	true	"{""black_screen_risk_reason"":""null"",""blocked_media_count"":0,""consecutive_failures"":0,""current_index"":5,""current_item"":{""alias"":""media-fba32b0055"",""duration_ms"":5100,""offset_ms"":0,""path_alias"":""<media-path:97100fcdae>"",""started_at_present"":true},""last_poll_error"":""null"",""last_render_error"":""null"",""mpv_running"":true,""next_item"":{""alias"":""media-749f1db21b"",""duration_ms"":3900,""path_alias"":""<media-path:31af3d58a2>""},""playback_state"":""playing"",""playlist_size"":9,""present"":true,""uptime_sec"":103}"
93	92.829	2026-07-10T20:10:06+0000	success		37	<media-path:97100fcdae>	<media-path:97100fcdae>	<filename:a4bfef2b1b>	0	5.06195	0	false	false	false	0	v4l2request-copy	true	"{""aspect"":0.697674,""dh"":688,""dw"":480,""h"":688,""par"":1.0,""pixelformat"":""nv12"",""rotate"":0,""stereo-in"":""mono"",""w"":480}"	"{""duration"":""success"",""eof-reached"":""success"",""estimated-frame-number"":""success"",""filename"":""success"",""hwdec-current"":""success"",""idle-active"":""success"",""path"":""success"",""pause"":""success"",""percent-pos"":""success"",""time-pos"":""success"",""video-params"":""success"",""vo-configured"":""success""}"	true	playing	media-fba32b0055	<media-path:97100fcdae>	5100	5	true	"{""black_screen_risk_reason"":""null"",""blocked_media_count"":0,""consecutive_failures"":0,""current_index"":5,""current_item"":{""alias"":""media-fba32b0055"",""duration_ms"":5100,""offset_ms"":0,""path_alias"":""<media-path:97100fcdae>"",""started_at_present"":true},""last_poll_error"":""null"",""last_render_error"":""null"",""mpv_running"":true,""next_item"":{""alias"":""media-749f1db21b"",""duration_ms"":3900,""path_alias"":""<media-path:31af3d58a2>""},""playback_state"":""playing"",""playlist_size"":9,""present"":true,""uptime_sec"":103}"
94	93.868	2026-07-10T20:10:07+0000	success		2	<media-path:31af3d58a2>	<media-path:31af3d58a2>	<filename:92829f14a9>	0.7	3.9	17.948718	false	false	false	21	v4l2request-copy	true	"{""aspect"":0.566038,""dh"":848,""dw"":480,""h"":848,""par"":1.0,""pixelformat"":""nv12"",""rotate"":0,""stereo-in"":""mono"",""w"":480}"	"{""duration"":""success"",""eof-reached"":""success"",""estimated-frame-number"":""success"",""filename"":""success"",""hwdec-current"":""success"",""idle-active"":""success"",""path"":""success"",""pause"":""success"",""percent-pos"":""success"",""time-pos"":""success"",""video-params"":""success"",""vo-configured"":""success""}"	true	playing	media-fba32b0055	<media-path:97100fcdae>	5100	5	true	"{""black_screen_risk_reason"":""null"",""blocked_media_count"":0,""consecutive_failures"":0,""current_index"":5,""current_item"":{""alias"":""media-fba32b0055"",""duration_ms"":5100,""offset_ms"":0,""path_alias"":""<media-path:97100fcdae>"",""started_at_present"":true},""last_poll_error"":""null"",""last_render_error"":""null"",""mpv_running"":true,""next_item"":{""alias"":""media-749f1db21b"",""duration_ms"":3900,""path_alias"":""<media-path:31af3d58a2>""},""playback_state"":""playing"",""playlist_size"":9,""present"":true,""uptime_sec"":103}"
95	94.873	2026-07-10T20:10:08+0000	success		3	<media-path:31af3d58a2>	<media-path:31af3d58a2>	<filename:92829f14a9>	1.733333	3.9	44.444444	false	false	false	52	v4l2request-copy	true	"{""aspect"":0.566038,""dh"":848,""dw"":480,""h"":848,""par"":1.0,""pixelformat"":""nv12"",""rotate"":0,""stereo-in"":""mono"",""w"":480}"	"{""duration"":""success"",""eof-reached"":""success"",""estimated-frame-number"":""success"",""filename"":""success"",""hwdec-current"":""success"",""idle-active"":""success"",""path"":""success"",""pause"":""success"",""percent-pos"":""success"",""time-pos"":""success"",""video-params"":""success"",""vo-configured"":""success""}"	true	playing	media-749f1db21b	<media-path:31af3d58a2>	3900	6	true	"{""black_screen_risk_reason"":""null"",""blocked_media_count"":0,""consecutive_failures"":0,""current_index"":6,""current_item"":{""alias"":""media-749f1db21b"",""duration_ms"":3900,""offset_ms"":0,""path_alias"":""<media-path:31af3d58a2>"",""started_at_present"":true},""last_poll_error"":""null"",""last_render_error"":""null"",""mpv_running"":true,""next_item"":{""alias"":""media-b8c9a5f04c"",""duration_ms"":28100,""path_alias"":""<media-path:3ba49b8978>""},""playback_state"":""playing"",""playlist_size"":9,""present"":true,""uptime_sec"":108}"
96	95.880	2026-07-10T20:10:09+0000	success		2	<media-path:31af3d58a2>	<media-path:31af3d58a2>	<filename:92829f14a9>	2.733333	3.9	70.08547	false	false	false	81	v4l2request-copy	true	"{""aspect"":0.566038,""dh"":848,""dw"":480,""h"":848,""par"":1.0,""pixelformat"":""nv12"",""rotate"":0,""stereo-in"":""mono"",""w"":480}"	"{""duration"":""success"",""eof-reached"":""success"",""estimated-frame-number"":""success"",""filename"":""success"",""hwdec-current"":""success"",""idle-active"":""success"",""path"":""success"",""pause"":""success"",""percent-pos"":""success"",""time-pos"":""success"",""video-params"":""success"",""vo-configured"":""success""}"	true	playing	media-749f1db21b	<media-path:31af3d58a2>	3900	6	true	"{""black_screen_risk_reason"":""null"",""blocked_media_count"":0,""consecutive_failures"":0,""current_index"":6,""current_item"":{""alias"":""media-749f1db21b"",""duration_ms"":3900,""offset_ms"":0,""path_alias"":""<media-path:31af3d58a2>"",""started_at_present"":true},""last_poll_error"":""null"",""last_render_error"":""null"",""mpv_running"":true,""next_item"":{""alias"":""media-b8c9a5f04c"",""duration_ms"":28100,""path_alias"":""<media-path:3ba49b8978>""},""playback_state"":""playing"",""playlist_size"":9,""present"":true,""uptime_sec"":108}"
97	96.884	2026-07-10T20:10:10+0000	success		2	<media-path:31af3d58a2>	<media-path:31af3d58a2>	<filename:92829f14a9>	3.733333	3.9	95.726496	false	false	false	111	v4l2request-copy	true	"{""aspect"":0.566038,""dh"":848,""dw"":480,""h"":848,""par"":1.0,""pixelformat"":""nv12"",""rotate"":0,""stereo-in"":""mono"",""w"":480}"	"{""duration"":""success"",""eof-reached"":""success"",""estimated-frame-number"":""success"",""filename"":""success"",""hwdec-current"":""success"",""idle-active"":""success"",""path"":""success"",""pause"":""success"",""percent-pos"":""success"",""time-pos"":""success"",""video-params"":""success"",""vo-configured"":""success""}"	true	playing	media-749f1db21b	<media-path:31af3d58a2>	3900	6	true	"{""black_screen_risk_reason"":""null"",""blocked_media_count"":0,""consecutive_failures"":0,""current_index"":6,""current_item"":{""alias"":""media-749f1db21b"",""duration_ms"":3900,""offset_ms"":0,""path_alias"":""<media-path:31af3d58a2>"",""started_at_present"":true},""last_poll_error"":""null"",""last_render_error"":""null"",""mpv_running"":true,""next_item"":{""alias"":""media-b8c9a5f04c"",""duration_ms"":28100,""path_alias"":""<media-path:3ba49b8978>""},""playback_state"":""playing"",""playlist_size"":9,""present"":true,""uptime_sec"":108}"
98	97.889	2026-07-10T20:10:11+0000	success		466	<media-path:3ba49b8978>	<media-path:3ba49b8978>	<filename:e511e8bce0>	0.4004	28.061367	1.664685	false	false	false	16	v4l2request-copy	true	"{""aspect"":0.5625,""dh"":1920,""dw"":1080,""h"":1920,""par"":1.0,""pixelformat"":""nv12"",""rotate"":0,""stereo-in"":""mono"",""w"":1080}"	"{""duration"":""success"",""eof-reached"":""success"",""estimated-frame-number"":""success"",""filename"":""success"",""hwdec-current"":""success"",""idle-active"":""success"",""path"":""success"",""pause"":""success"",""percent-pos"":""success"",""time-pos"":""success"",""video-params"":""success"",""vo-configured"":""success""}"	true	playing	media-749f1db21b	<media-path:31af3d58a2>	3900	6	true	"{""black_screen_risk_reason"":""null"",""blocked_media_count"":0,""consecutive_failures"":0,""current_index"":6,""current_item"":{""alias"":""media-749f1db21b"",""duration_ms"":3900,""offset_ms"":0,""path_alias"":""<media-path:31af3d58a2>"",""started_at_present"":true},""last_poll_error"":""null"",""last_render_error"":""null"",""mpv_running"":true,""next_item"":{""alias"":""media-b8c9a5f04c"",""duration_ms"":28100,""path_alias"":""<media-path:3ba49b8978>""},""playback_state"":""playing"",""playlist_size"":9,""present"":true,""uptime_sec"":108}"
99	99.358	2026-07-10T20:10:13+0000	success		475	<media-path:3ba49b8978>	<media-path:3ba49b8978>	<filename:e511e8bce0>	1.534867	28.061367	5.707491	false	false	false	50	v4l2request-copy	true	"{""aspect"":0.5625,""dh"":1920,""dw"":1080,""h"":1920,""par"":1.0,""pixelformat"":""nv12"",""rotate"":0,""stereo-in"":""mono"",""w"":1080}"	"{""duration"":""success"",""eof-reached"":""success"",""estimated-frame-number"":""success"",""filename"":""success"",""hwdec-current"":""success"",""idle-active"":""success"",""path"":""success"",""pause"":""success"",""percent-pos"":""success"",""time-pos"":""success"",""video-params"":""success"",""vo-configured"":""success""}"	true	playing	media-b8c9a5f04c	<media-path:3ba49b8978>	28100	7	true	"{""black_screen_risk_reason"":""null"",""blocked_media_count"":0,""consecutive_failures"":0,""current_index"":7,""current_item"":{""alias"":""media-b8c9a5f04c"",""duration_ms"":28100,""offset_ms"":0,""path_alias"":""<media-path:3ba49b8978>"",""started_at_present"":true},""last_poll_error"":""null"",""last_render_error"":""null"",""mpv_running"":true,""next_item"":{""alias"":""media-7eefea6ba2"",""duration_ms"":5000,""path_alias"":""<media-path:9e48f6362b>""},""playback_state"":""playing"",""playlist_size"":9,""present"":true,""uptime_sec"":113}"
100	100.837	2026-07-10T20:10:14+0000	success		292	<media-path:3ba49b8978>	<media-path:3ba49b8978>	<filename:e511e8bce0>	2.7027	28.061367	9.869203	false	false	false	85	v4l2request-copy	true	"{""aspect"":0.5625,""dh"":1920,""dw"":1080,""h"":1920,""par"":1.0,""pixelformat"":""nv12"",""rotate"":0,""stereo-in"":""mono"",""w"":1080}"	"{""duration"":""success"",""eof-reached"":""success"",""estimated-frame-number"":""success"",""filename"":""success"",""hwdec-current"":""success"",""idle-active"":""success"",""path"":""success"",""pause"":""success"",""percent-pos"":""success"",""time-pos"":""success"",""video-params"":""success"",""vo-configured"":""success""}"	true	playing	media-b8c9a5f04c	<media-path:3ba49b8978>	28100	7	true	"{""black_screen_risk_reason"":""null"",""blocked_media_count"":0,""consecutive_failures"":0,""current_index"":7,""current_item"":{""alias"":""media-b8c9a5f04c"",""duration_ms"":28100,""offset_ms"":0,""path_alias"":""<media-path:3ba49b8978>"",""started_at_present"":true},""last_poll_error"":""null"",""last_render_error"":""null"",""mpv_running"":true,""next_item"":{""alias"":""media-7eefea6ba2"",""duration_ms"":5000,""path_alias"":""<media-path:9e48f6362b>""},""playback_state"":""playing"",""playlist_size"":9,""present"":true,""uptime_sec"":113}"
101	102.133	2026-07-10T20:10:16+0000	success		467	<media-path:3ba49b8978>	<media-path:3ba49b8978>	<filename:e511e8bce0>	3.7037	28.061367	13.436385	false	false	false	115	v4l2request-copy	true	"{""aspect"":0.5625,""dh"":1920,""dw"":1080,""h"":1920,""par"":1.0,""pixelformat"":""nv12"",""rotate"":0,""stereo-in"":""mono"",""w"":1080}"	"{""duration"":""success"",""eof-reached"":""success"",""estimated-frame-number"":""success"",""filename"":""success"",""hwdec-current"":""success"",""idle-active"":""success"",""path"":""success"",""pause"":""success"",""percent-pos"":""success"",""time-pos"":""success"",""video-params"":""success"",""vo-configured"":""success""}"	true	playing	media-b8c9a5f04c	<media-path:3ba49b8978>	28100	7	true	"{""black_screen_risk_reason"":""null"",""blocked_media_count"":0,""consecutive_failures"":0,""current_index"":7,""current_item"":{""alias"":""media-b8c9a5f04c"",""duration_ms"":28100,""offset_ms"":0,""path_alias"":""<media-path:3ba49b8978>"",""started_at_present"":true},""last_poll_error"":""null"",""last_render_error"":""null"",""mpv_running"":true,""next_item"":{""alias"":""media-7eefea6ba2"",""duration_ms"":5000,""path_alias"":""<media-path:9e48f6362b>""},""playback_state"":""playing"",""playlist_size"":9,""present"":true,""uptime_sec"":113}"
102	103.604	2026-07-10T20:10:17+0000	success		367	<media-path:3ba49b8978>	<media-path:3ba49b8978>	<filename:e511e8bce0>	4.871533	28.061367	17.598098	false	false	false	150	v4l2request-copy	true	"{""aspect"":0.5625,""dh"":1920,""dw"":1080,""h"":1920,""par"":1.0,""pixelformat"":""nv12"",""rotate"":0,""stereo-in"":""mono"",""w"":1080}"	"{""duration"":""success"",""eof-reached"":""success"",""estimated-frame-number"":""success"",""filename"":""success"",""hwdec-current"":""success"",""idle-active"":""success"",""path"":""success"",""pause"":""success"",""percent-pos"":""success"",""time-pos"":""success"",""video-params"":""success"",""vo-configured"":""success""}"	true	playing	media-b8c9a5f04c	<media-path:3ba49b8978>	28100	7	true	"{""black_screen_risk_reason"":""null"",""blocked_media_count"":0,""consecutive_failures"":0,""current_index"":7,""current_item"":{""alias"":""media-b8c9a5f04c"",""duration_ms"":28100,""offset_ms"":0,""path_alias"":""<media-path:3ba49b8978>"",""started_at_present"":true},""last_poll_error"":""null"",""last_render_error"":""null"",""mpv_running"":true,""next_item"":{""alias"":""media-7eefea6ba2"",""duration_ms"":5000,""path_alias"":""<media-path:9e48f6362b>""},""playback_state"":""playing"",""playlist_size"":9,""present"":true,""uptime_sec"":113}"
103	104.974	2026-07-10T20:10:19+0000	success		474	<media-path:3ba49b8978>	<media-path:3ba49b8978>	<filename:e511e8bce0>	5.939267	28.061367	21.403092	false	false	false	182	v4l2request-copy	true	"{""aspect"":0.5625,""dh"":1920,""dw"":1080,""h"":1920,""par"":1.0,""pixelformat"":""nv12"",""rotate"":0,""stereo-in"":""mono"",""w"":1080}"	"{""duration"":""success"",""eof-reached"":""success"",""estimated-frame-number"":""success"",""filename"":""success"",""hwdec-current"":""success"",""idle-active"":""success"",""path"":""success"",""pause"":""success"",""percent-pos"":""success"",""time-pos"":""success"",""video-params"":""success"",""vo-configured"":""success""}"	true	playing	media-b8c9a5f04c	<media-path:3ba49b8978>	28100	7	true	"{""black_screen_risk_reason"":""null"",""blocked_media_count"":0,""consecutive_failures"":0,""current_index"":7,""current_item"":{""alias"":""media-b8c9a5f04c"",""duration_ms"":28100,""offset_ms"":0,""path_alias"":""<media-path:3ba49b8978>"",""started_at_present"":true},""last_poll_error"":""null"",""last_render_error"":""null"",""mpv_running"":true,""next_item"":{""alias"":""media-7eefea6ba2"",""duration_ms"":5000,""path_alias"":""<media-path:9e48f6362b>""},""playback_state"":""playing"",""playlist_size"":9,""present"":true,""uptime_sec"":118}"
104	106.451	2026-07-10T20:10:20+0000	success		508	<media-path:3ba49b8978>	<media-path:3ba49b8978>	<filename:e511e8bce0>	7.1071	28.061367	25.564804	false	false	false	217	v4l2request-copy	true	"{""aspect"":0.5625,""dh"":1920,""dw"":1080,""h"":1920,""par"":1.0,""pixelformat"":""nv12"",""rotate"":0,""stereo-in"":""mono"",""w"":1080}"	"{""duration"":""success"",""eof-reached"":""success"",""estimated-frame-number"":""success"",""filename"":""success"",""hwdec-current"":""success"",""idle-active"":""success"",""path"":""success"",""pause"":""success"",""percent-pos"":""success"",""time-pos"":""success"",""video-params"":""success"",""vo-configured"":""success""}"	true	playing	media-b8c9a5f04c	<media-path:3ba49b8978>	28100	7	true	"{""black_screen_risk_reason"":""null"",""blocked_media_count"":0,""consecutive_failures"":0,""current_index"":7,""current_item"":{""alias"":""media-b8c9a5f04c"",""duration_ms"":28100,""offset_ms"":0,""path_alias"":""<media-path:3ba49b8978>"",""started_at_present"":true},""last_poll_error"":""null"",""last_render_error"":""null"",""mpv_running"":true,""next_item"":{""alias"":""media-7eefea6ba2"",""duration_ms"":5000,""path_alias"":""<media-path:9e48f6362b>""},""playback_state"":""playing"",""playlist_size"":9,""present"":true,""uptime_sec"":118}"
105	107.963	2026-07-10T20:10:22+0000	success		475	<media-path:3ba49b8978>	<media-path:3ba49b8978>	<filename:e511e8bce0>	8.274933	28.061367	29.726516	false	false	false	252	v4l2request-copy	true	"{""aspect"":0.5625,""dh"":1920,""dw"":1080,""h"":1920,""par"":1.0,""pixelformat"":""nv12"",""rotate"":0,""stereo-in"":""mono"",""w"":1080}"	"{""duration"":""success"",""eof-reached"":""success"",""estimated-frame-number"":""success"",""filename"":""success"",""hwdec-current"":""success"",""idle-active"":""success"",""path"":""success"",""pause"":""success"",""percent-pos"":""success"",""time-pos"":""success"",""video-params"":""success"",""vo-configured"":""success""}"	true	playing	media-b8c9a5f04c	<media-path:3ba49b8978>	28100	7	true	"{""black_screen_risk_reason"":""null"",""blocked_media_count"":0,""consecutive_failures"":0,""current_index"":7,""current_item"":{""alias"":""media-b8c9a5f04c"",""duration_ms"":28100,""offset_ms"":0,""path_alias"":""<media-path:3ba49b8978>"",""started_at_present"":true},""last_poll_error"":""null"",""last_render_error"":""null"",""mpv_running"":true,""next_item"":{""alias"":""media-7eefea6ba2"",""duration_ms"":5000,""path_alias"":""<media-path:9e48f6362b>""},""playback_state"":""playing"",""playlist_size"":9,""present"":true,""uptime_sec"":118}"
106	109.443	2026-07-10T20:10:23+0000	success		264	<media-path:3ba49b8978>	<media-path:3ba49b8978>	<filename:e511e8bce0>	9.476133	28.061367	34.007134	false	false	false	287	v4l2request-copy	true	"{""aspect"":0.5625,""dh"":1920,""dw"":1080,""h"":1920,""par"":1.0,""pixelformat"":""nv12"",""rotate"":0,""stereo-in"":""mono"",""w"":1080}"	"{""duration"":""success"",""eof-reached"":""success"",""estimated-frame-number"":""success"",""filename"":""success"",""hwdec-current"":""success"",""idle-active"":""success"",""path"":""success"",""pause"":""success"",""percent-pos"":""success"",""time-pos"":""success"",""video-params"":""success"",""vo-configured"":""success""}"	true	playing	media-b8c9a5f04c	<media-path:3ba49b8978>	28100	7	true	"{""black_screen_risk_reason"":""null"",""blocked_media_count"":0,""consecutive_failures"":0,""current_index"":7,""current_item"":{""alias"":""media-b8c9a5f04c"",""duration_ms"":28100,""offset_ms"":0,""path_alias"":""<media-path:3ba49b8978>"",""started_at_present"":true},""last_poll_error"":""null"",""last_render_error"":""null"",""mpv_running"":true,""next_item"":{""alias"":""media-7eefea6ba2"",""duration_ms"":5000,""path_alias"":""<media-path:9e48f6362b>""},""playback_state"":""playing"",""playlist_size"":9,""present"":true,""uptime_sec"":118}"
107	110.711	2026-07-10T20:10:24+0000	success		463	<media-path:3ba49b8978>	<media-path:3ba49b8978>	<filename:e511e8bce0>	10.443767	28.061367	37.45541	false	false	false	317	v4l2request-copy	true	"{""aspect"":0.5625,""dh"":1920,""dw"":1080,""h"":1920,""par"":1.0,""pixelformat"":""nv12"",""rotate"":0,""stereo-in"":""mono"",""w"":1080}"	"{""duration"":""success"",""eof-reached"":""success"",""estimated-frame-number"":""success"",""filename"":""success"",""hwdec-current"":""success"",""idle-active"":""success"",""path"":""success"",""pause"":""success"",""percent-pos"":""success"",""time-pos"":""success"",""video-params"":""success"",""vo-configured"":""success""}"	true	playing	media-b8c9a5f04c	<media-path:3ba49b8978>	28100	7	true	"{""black_screen_risk_reason"":""null"",""blocked_media_count"":0,""consecutive_failures"":0,""current_index"":7,""current_item"":{""alias"":""media-b8c9a5f04c"",""duration_ms"":28100,""offset_ms"":0,""path_alias"":""<media-path:3ba49b8978>"",""started_at_present"":true},""last_poll_error"":""null"",""last_render_error"":""null"",""mpv_running"":true,""next_item"":{""alias"":""media-7eefea6ba2"",""duration_ms"":5000,""path_alias"":""<media-path:9e48f6362b>""},""playback_state"":""playing"",""playlist_size"":9,""present"":true,""uptime_sec"":123}"
108	112.177	2026-07-10T20:10:26+0000	success		416	<media-path:3ba49b8978>	<media-path:3ba49b8978>	<filename:e511e8bce0>	11.6116	28.061367	41.617122	false	false	false	352	v4l2request-copy	true	"{""aspect"":0.5625,""dh"":1920,""dw"":1080,""h"":1920,""par"":1.0,""pixelformat"":""nv12"",""rotate"":0,""stereo-in"":""mono"",""w"":1080}"	"{""duration"":""success"",""eof-reached"":""success"",""estimated-frame-number"":""success"",""filename"":""success"",""hwdec-current"":""success"",""idle-active"":""success"",""path"":""success"",""pause"":""success"",""percent-pos"":""success"",""time-pos"":""success"",""video-params"":""success"",""vo-configured"":""success""}"	true	playing	media-b8c9a5f04c	<media-path:3ba49b8978>	28100	7	true	"{""black_screen_risk_reason"":""null"",""blocked_media_count"":0,""consecutive_failures"":0,""current_index"":7,""current_item"":{""alias"":""media-b8c9a5f04c"",""duration_ms"":28100,""offset_ms"":0,""path_alias"":""<media-path:3ba49b8978>"",""started_at_present"":true},""last_poll_error"":""null"",""last_render_error"":""null"",""mpv_running"":true,""next_item"":{""alias"":""media-7eefea6ba2"",""duration_ms"":5000,""path_alias"":""<media-path:9e48f6362b>""},""playback_state"":""playing"",""playlist_size"":9,""present"":true,""uptime_sec"":123}"
109	113.598	2026-07-10T20:10:27+0000	success		487	<media-path:3ba49b8978>	<media-path:3ba49b8978>	<filename:e511e8bce0>	12.7127	28.061367	45.541023	false	false	false	385	v4l2request-copy	true	"{""aspect"":0.5625,""dh"":1920,""dw"":1080,""h"":1920,""par"":1.0,""pixelformat"":""nv12"",""rotate"":0,""stereo-in"":""mono"",""w"":1080}"	"{""duration"":""success"",""eof-reached"":""success"",""estimated-frame-number"":""success"",""filename"":""success"",""hwdec-current"":""success"",""idle-active"":""success"",""path"":""success"",""pause"":""success"",""percent-pos"":""success"",""time-pos"":""success"",""video-params"":""success"",""vo-configured"":""success""}"	true	playing	media-b8c9a5f04c	<media-path:3ba49b8978>	28100	7	true	"{""black_screen_risk_reason"":""null"",""blocked_media_count"":0,""consecutive_failures"":0,""current_index"":7,""current_item"":{""alias"":""media-b8c9a5f04c"",""duration_ms"":28100,""offset_ms"":0,""path_alias"":""<media-path:3ba49b8978>"",""started_at_present"":true},""last_poll_error"":""null"",""last_render_error"":""null"",""mpv_running"":true,""next_item"":{""alias"":""media-7eefea6ba2"",""duration_ms"":5000,""path_alias"":""<media-path:9e48f6362b>""},""playback_state"":""playing"",""playlist_size"":9,""present"":true,""uptime_sec"":123}"
110	115.088	2026-07-10T20:10:29+0000	success		393	<media-path:3ba49b8978>	<media-path:3ba49b8978>	<filename:e511e8bce0>	13.880533	28.061367	49.702735	false	false	false	420	v4l2request-copy	true	"{""aspect"":0.5625,""dh"":1920,""dw"":1080,""h"":1920,""par"":1.0,""pixelformat"":""nv12"",""rotate"":0,""stereo-in"":""mono"",""w"":1080}"	"{""duration"":""success"",""eof-reached"":""success"",""estimated-frame-number"":""success"",""filename"":""success"",""hwdec-current"":""success"",""idle-active"":""success"",""path"":""success"",""pause"":""success"",""percent-pos"":""success"",""time-pos"":""success"",""video-params"":""success"",""vo-configured"":""success""}"	true	playing	media-b8c9a5f04c	<media-path:3ba49b8978>	28100	7	true	"{""black_screen_risk_reason"":""null"",""blocked_media_count"":0,""consecutive_failures"":0,""current_index"":7,""current_item"":{""alias"":""media-b8c9a5f04c"",""duration_ms"":28100,""offset_ms"":0,""path_alias"":""<media-path:3ba49b8978>"",""started_at_present"":true},""last_poll_error"":""null"",""last_render_error"":""null"",""mpv_running"":true,""next_item"":{""alias"":""media-7eefea6ba2"",""duration_ms"":5000,""path_alias"":""<media-path:9e48f6362b>""},""playback_state"":""playing"",""playlist_size"":9,""present"":true,""uptime_sec"":128}"
111	116.485	2026-07-10T20:10:30+0000	success		509	<media-path:3ba49b8978>	<media-path:3ba49b8978>	<filename:e511e8bce0>	15.015	28.061367	53.745541	false	false	false	454	v4l2request-copy	true	"{""aspect"":0.5625,""dh"":1920,""dw"":1080,""h"":1920,""par"":1.0,""pixelformat"":""nv12"",""rotate"":0,""stereo-in"":""mono"",""w"":1080}"	"{""duration"":""success"",""eof-reached"":""success"",""estimated-frame-number"":""success"",""filename"":""success"",""hwdec-current"":""success"",""idle-active"":""success"",""path"":""success"",""pause"":""success"",""percent-pos"":""success"",""time-pos"":""success"",""video-params"":""success"",""vo-configured"":""success""}"	true	playing	media-b8c9a5f04c	<media-path:3ba49b8978>	28100	7	true	"{""black_screen_risk_reason"":""null"",""blocked_media_count"":0,""consecutive_failures"":0,""current_index"":7,""current_item"":{""alias"":""media-b8c9a5f04c"",""duration_ms"":28100,""offset_ms"":0,""path_alias"":""<media-path:3ba49b8978>"",""started_at_present"":true},""last_poll_error"":""null"",""last_render_error"":""null"",""mpv_running"":true,""next_item"":{""alias"":""media-7eefea6ba2"",""duration_ms"":5000,""path_alias"":""<media-path:9e48f6362b>""},""playback_state"":""playing"",""playlist_size"":9,""present"":true,""uptime_sec"":128}"
112	118.000	2026-07-10T20:10:32+0000	success		399	<media-path:3ba49b8978>	<media-path:3ba49b8978>	<filename:e511e8bce0>	16.182833	28.061367	57.907253	false	false	false	489	v4l2request-copy	true	"{""aspect"":0.5625,""dh"":1920,""dw"":1080,""h"":1920,""par"":1.0,""pixelformat"":""nv12"",""rotate"":0,""stereo-in"":""mono"",""w"":1080}"	"{""duration"":""success"",""eof-reached"":""success"",""estimated-frame-number"":""success"",""filename"":""success"",""hwdec-current"":""success"",""idle-active"":""success"",""path"":""success"",""pause"":""success"",""percent-pos"":""success"",""time-pos"":""success"",""video-params"":""success"",""vo-configured"":""success""}"	true	playing	media-b8c9a5f04c	<media-path:3ba49b8978>	28100	7	true	"{""black_screen_risk_reason"":""null"",""blocked_media_count"":0,""consecutive_failures"":0,""current_index"":7,""current_item"":{""alias"":""media-b8c9a5f04c"",""duration_ms"":28100,""offset_ms"":0,""path_alias"":""<media-path:3ba49b8978>"",""started_at_present"":true},""last_poll_error"":""null"",""last_render_error"":""null"",""mpv_running"":true,""next_item"":{""alias"":""media-7eefea6ba2"",""duration_ms"":5000,""path_alias"":""<media-path:9e48f6362b>""},""playback_state"":""playing"",""playlist_size"":9,""present"":true,""uptime_sec"":128}"
113	119.403	2026-07-10T20:10:33+0000	success		468	<media-path:3ba49b8978>	<media-path:3ba49b8978>	<filename:e511e8bce0>	17.283933	28.061367	61.831153	false	false	false	522	v4l2request-copy	true	"{""aspect"":0.5625,""dh"":1920,""dw"":1080,""h"":1920,""par"":1.0,""pixelformat"":""nv12"",""rotate"":0,""stereo-in"":""mono"",""w"":1080}"	"{""duration"":""success"",""eof-reached"":""success"",""estimated-frame-number"":""success"",""filename"":""success"",""hwdec-current"":""success"",""idle-active"":""success"",""path"":""success"",""pause"":""success"",""percent-pos"":""success"",""time-pos"":""success"",""video-params"":""success"",""vo-configured"":""success""}"	true	playing	media-b8c9a5f04c	<media-path:3ba49b8978>	28100	7	true	"{""black_screen_risk_reason"":""null"",""blocked_media_count"":0,""consecutive_failures"":0,""current_index"":7,""current_item"":{""alias"":""media-b8c9a5f04c"",""duration_ms"":28100,""offset_ms"":0,""path_alias"":""<media-path:3ba49b8978>"",""started_at_present"":true},""last_poll_error"":""null"",""last_render_error"":""null"",""mpv_running"":true,""next_item"":{""alias"":""media-7eefea6ba2"",""duration_ms"":5000,""path_alias"":""<media-path:9e48f6362b>""},""playback_state"":""playing"",""playlist_size"":9,""present"":true,""uptime_sec"":133}"
114	120.874	2026-07-10T20:10:34+0000	success		477	<media-path:3ba49b8978>	<media-path:3ba49b8978>	<filename:e511e8bce0>	18.451767	28.061367	65.992866	false	false	false	557	v4l2request-copy	true	"{""aspect"":0.5625,""dh"":1920,""dw"":1080,""h"":1920,""par"":1.0,""pixelformat"":""nv12"",""rotate"":0,""stereo-in"":""mono"",""w"":1080}"	"{""duration"":""success"",""eof-reached"":""success"",""estimated-frame-number"":""success"",""filename"":""success"",""hwdec-current"":""success"",""idle-active"":""success"",""path"":""success"",""pause"":""success"",""percent-pos"":""success"",""time-pos"":""success"",""video-params"":""success"",""vo-configured"":""success""}"	true	playing	media-b8c9a5f04c	<media-path:3ba49b8978>	28100	7	true	"{""black_screen_risk_reason"":""null"",""blocked_media_count"":0,""consecutive_failures"":0,""current_index"":7,""current_item"":{""alias"":""media-b8c9a5f04c"",""duration_ms"":28100,""offset_ms"":0,""path_alias"":""<media-path:3ba49b8978>"",""started_at_present"":true},""last_poll_error"":""null"",""last_render_error"":""null"",""mpv_running"":true,""next_item"":{""alias"":""media-7eefea6ba2"",""duration_ms"":5000,""path_alias"":""<media-path:9e48f6362b>""},""playback_state"":""playing"",""playlist_size"":9,""present"":true,""uptime_sec"":133}"
115	122.356	2026-07-10T20:10:36+0000	success		503	<media-path:3ba49b8978>	<media-path:3ba49b8978>	<filename:e511e8bce0>	19.6196	28.061367	70.154578	false	false	false	592	v4l2request-copy	true	"{""aspect"":0.5625,""dh"":1920,""dw"":1080,""h"":1920,""par"":1.0,""pixelformat"":""nv12"",""rotate"":0,""stereo-in"":""mono"",""w"":1080}"	"{""duration"":""success"",""eof-reached"":""success"",""estimated-frame-number"":""success"",""filename"":""success"",""hwdec-current"":""success"",""idle-active"":""success"",""path"":""success"",""pause"":""success"",""percent-pos"":""success"",""time-pos"":""success"",""video-params"":""success"",""vo-configured"":""success""}"	true	playing	media-b8c9a5f04c	<media-path:3ba49b8978>	28100	7	true	"{""black_screen_risk_reason"":""null"",""blocked_media_count"":0,""consecutive_failures"":0,""current_index"":7,""current_item"":{""alias"":""media-b8c9a5f04c"",""duration_ms"":28100,""offset_ms"":0,""path_alias"":""<media-path:3ba49b8978>"",""started_at_present"":true},""last_poll_error"":""null"",""last_render_error"":""null"",""mpv_running"":true,""next_item"":{""alias"":""media-7eefea6ba2"",""duration_ms"":5000,""path_alias"":""<media-path:9e48f6362b>""},""playback_state"":""playing"",""playlist_size"":9,""present"":true,""uptime_sec"":133}"
116	123.863	2026-07-10T20:10:37+0000	success		164	<media-path:3ba49b8978>	<media-path:3ba49b8978>	<filename:e511e8bce0>	20.787433	28.061367	74.197384	false	false	false	624	v4l2request-copy	true	"{""aspect"":0.5625,""dh"":1920,""dw"":1080,""h"":1920,""par"":1.0,""pixelformat"":""nv12"",""rotate"":0,""stereo-in"":""mono"",""w"":1080}"	"{""duration"":""success"",""eof-reached"":""success"",""estimated-frame-number"":""success"",""filename"":""success"",""hwdec-current"":""success"",""idle-active"":""success"",""path"":""success"",""pause"":""success"",""percent-pos"":""success"",""time-pos"":""success"",""video-params"":""success"",""vo-configured"":""success""}"	true	playing	media-b8c9a5f04c	<media-path:3ba49b8978>	28100	7	true	"{""black_screen_risk_reason"":""null"",""blocked_media_count"":0,""consecutive_failures"":0,""current_index"":7,""current_item"":{""alias"":""media-b8c9a5f04c"",""duration_ms"":28100,""offset_ms"":0,""path_alias"":""<media-path:3ba49b8978>"",""started_at_present"":true},""last_poll_error"":""null"",""last_render_error"":""null"",""mpv_running"":true,""next_item"":{""alias"":""media-7eefea6ba2"",""duration_ms"":5000,""path_alias"":""<media-path:9e48f6362b>""},""playback_state"":""playing"",""playlist_size"":9,""present"":true,""uptime_sec"":133}"
117	125.030	2026-07-10T20:10:39+0000	success		482	<media-path:3ba49b8978>	<media-path:3ba49b8978>	<filename:e511e8bce0>	21.688333	28.061367	77.526754	false	false	false	654	v4l2request-copy	true	"{""aspect"":0.5625,""dh"":1920,""dw"":1080,""h"":1920,""par"":1.0,""pixelformat"":""nv12"",""rotate"":0,""stereo-in"":""mono"",""w"":1080}"	"{""duration"":""success"",""eof-reached"":""success"",""estimated-frame-number"":""success"",""filename"":""success"",""hwdec-current"":""success"",""idle-active"":""success"",""path"":""success"",""pause"":""success"",""percent-pos"":""success"",""time-pos"":""success"",""video-params"":""success"",""vo-configured"":""success""}"	true	playing	media-b8c9a5f04c	<media-path:3ba49b8978>	28100	7	true	"{""black_screen_risk_reason"":""null"",""blocked_media_count"":0,""consecutive_failures"":0,""current_index"":7,""current_item"":{""alias"":""media-b8c9a5f04c"",""duration_ms"":28100,""offset_ms"":0,""path_alias"":""<media-path:3ba49b8978>"",""started_at_present"":true},""last_poll_error"":""null"",""last_render_error"":""null"",""mpv_running"":true,""next_item"":{""alias"":""media-7eefea6ba2"",""duration_ms"":5000,""path_alias"":""<media-path:9e48f6362b>""},""playback_state"":""playing"",""playlist_size"":9,""present"":true,""uptime_sec"":138}"
118	126.516	2026-07-10T20:10:40+0000	success		2	<media-path:9e48f6362b>	<media-path:9e48f6362b>	<filename:4e569cdfc9>	0.666667	5.041667	13.22314	false	false	false	16	v4l2request-copy	true	"{""aspect"":0.666667,""dh"":720,""dw"":480,""h"":720,""par"":1.0,""pixelformat"":""nv12"",""rotate"":0,""stereo-in"":""mono"",""w"":480}"	"{""duration"":""success"",""eof-reached"":""success"",""estimated-frame-number"":""success"",""filename"":""success"",""hwdec-current"":""success"",""idle-active"":""success"",""path"":""success"",""pause"":""success"",""percent-pos"":""success"",""time-pos"":""success"",""video-params"":""success"",""vo-configured"":""success""}"	true	playing	media-b8c9a5f04c	<media-path:3ba49b8978>	28100	7	true	"{""black_screen_risk_reason"":""null"",""blocked_media_count"":0,""consecutive_failures"":0,""current_index"":7,""current_item"":{""alias"":""media-b8c9a5f04c"",""duration_ms"":28100,""offset_ms"":0,""path_alias"":""<media-path:3ba49b8978>"",""started_at_present"":true},""last_poll_error"":""null"",""last_render_error"":""null"",""mpv_running"":true,""next_item"":{""alias"":""media-7eefea6ba2"",""duration_ms"":5000,""path_alias"":""<media-path:9e48f6362b>""},""playback_state"":""playing"",""playlist_size"":9,""present"":true,""uptime_sec"":138}"
119	127.519	2026-07-10T20:10:41+0000	success		3	<media-path:9e48f6362b>	<media-path:9e48f6362b>	<filename:4e569cdfc9>	1.708333	5.041667	33.884298	false	false	false	41	v4l2request-copy	true	"{""aspect"":0.666667,""dh"":720,""dw"":480,""h"":720,""par"":1.0,""pixelformat"":""nv12"",""rotate"":0,""stereo-in"":""mono"",""w"":480}"	"{""duration"":""success"",""eof-reached"":""success"",""estimated-frame-number"":""success"",""filename"":""success"",""hwdec-current"":""success"",""idle-active"":""success"",""path"":""success"",""pause"":""success"",""percent-pos"":""success"",""time-pos"":""success"",""video-params"":""success"",""vo-configured"":""success""}"	true	playing	media-b8c9a5f04c	<media-path:3ba49b8978>	28100	7	true	"{""black_screen_risk_reason"":""null"",""blocked_media_count"":0,""consecutive_failures"":0,""current_index"":7,""current_item"":{""alias"":""media-b8c9a5f04c"",""duration_ms"":28100,""offset_ms"":0,""path_alias"":""<media-path:3ba49b8978>"",""started_at_present"":true},""last_poll_error"":""null"",""last_render_error"":""null"",""mpv_running"":true,""next_item"":{""alias"":""media-7eefea6ba2"",""duration_ms"":5000,""path_alias"":""<media-path:9e48f6362b>""},""playback_state"":""playing"",""playlist_size"":9,""present"":true,""uptime_sec"":138}"
120	128.525	2026-07-10T20:10:42+0000	success		2	<media-path:9e48f6362b>	<media-path:9e48f6362b>	<filename:4e569cdfc9>	2.708333	5.041667	53.719008	false	false	false	65	v4l2request-copy	true	"{""aspect"":0.666667,""dh"":720,""dw"":480,""h"":720,""par"":1.0,""pixelformat"":""nv12"",""rotate"":0,""stereo-in"":""mono"",""w"":480}"	"{""duration"":""success"",""eof-reached"":""success"",""estimated-frame-number"":""success"",""filename"":""success"",""hwdec-current"":""success"",""idle-active"":""success"",""path"":""success"",""pause"":""success"",""percent-pos"":""success"",""time-pos"":""success"",""video-params"":""success"",""vo-configured"":""success""}"	true	playing	media-b8c9a5f04c	<media-path:3ba49b8978>	28100	7	true	"{""black_screen_risk_reason"":""null"",""blocked_media_count"":0,""consecutive_failures"":0,""current_index"":7,""current_item"":{""alias"":""media-b8c9a5f04c"",""duration_ms"":28100,""offset_ms"":0,""path_alias"":""<media-path:3ba49b8978>"",""started_at_present"":true},""last_poll_error"":""null"",""last_render_error"":""null"",""mpv_running"":true,""next_item"":{""alias"":""media-7eefea6ba2"",""duration_ms"":5000,""path_alias"":""<media-path:9e48f6362b>""},""playback_state"":""playing"",""playlist_size"":9,""present"":true,""uptime_sec"":138}"
121	129.530	2026-07-10T20:10:43+0000	success		7	<media-path:9e48f6362b>	<media-path:9e48f6362b>	<filename:4e569cdfc9>	3.708333	5.041667	73.553719	false	false	false	89	v4l2request-copy	true	"{""aspect"":0.666667,""dh"":720,""dw"":480,""h"":720,""par"":1.0,""pixelformat"":""nv12"",""rotate"":0,""stereo-in"":""mono"",""w"":480}"	"{""duration"":""success"",""eof-reached"":""success"",""estimated-frame-number"":""success"",""filename"":""success"",""hwdec-current"":""success"",""idle-active"":""success"",""path"":""success"",""pause"":""success"",""percent-pos"":""success"",""time-pos"":""success"",""video-params"":""success"",""vo-configured"":""success""}"	true	playing	media-b8c9a5f04c	<media-path:3ba49b8978>	28100	7	true	"{""black_screen_risk_reason"":""null"",""blocked_media_count"":0,""consecutive_failures"":0,""current_index"":7,""current_item"":{""alias"":""media-b8c9a5f04c"",""duration_ms"":28100,""offset_ms"":0,""path_alias"":""<media-path:3ba49b8978>"",""started_at_present"":true},""last_poll_error"":""null"",""last_render_error"":""null"",""mpv_running"":true,""next_item"":{""alias"":""media-7eefea6ba2"",""duration_ms"":5000,""path_alias"":""<media-path:9e48f6362b>""},""playback_state"":""playing"",""playlist_size"":9,""present"":true,""uptime_sec"":138}"
122	130.539	2026-07-10T20:10:44+0000	success		3	<media-path:9e48f6362b>	<media-path:9e48f6362b>	<filename:4e569cdfc9>	4.708333	5.041667	93.38843	false	false	false	113	v4l2request-copy	true	"{""aspect"":0.666667,""dh"":720,""dw"":480,""h"":720,""par"":1.0,""pixelformat"":""nv12"",""rotate"":0,""stereo-in"":""mono"",""w"":480}"	"{""duration"":""success"",""eof-reached"":""success"",""estimated-frame-number"":""success"",""filename"":""success"",""hwdec-current"":""success"",""idle-active"":""success"",""path"":""success"",""pause"":""success"",""percent-pos"":""success"",""time-pos"":""success"",""video-params"":""success"",""vo-configured"":""success""}"	true	playing	media-7eefea6ba2	<media-path:9e48f6362b>	5000	8	true	"{""black_screen_risk_reason"":""null"",""blocked_media_count"":0,""consecutive_failures"":0,""current_index"":8,""current_item"":{""alias"":""media-7eefea6ba2"",""duration_ms"":5000,""offset_ms"":0,""path_alias"":""<media-path:9e48f6362b>"",""started_at_present"":true},""last_poll_error"":""null"",""last_render_error"":""null"",""mpv_running"":true,""next_item"":{""alias"":""media-63e22e276f"",""duration_ms"":15100,""path_alias"":""<media-path:c406539999>""},""playback_state"":""playing"",""playlist_size"":9,""present"":true,""uptime_sec"":143}"
123	131.545	2026-07-10T20:10:45+0000	success		9	<media-path:c406539999>	<media-path:c406539999>	<filename:aaf3979e21>	0.633333	15.069751	4.20268	false	false	false	19	v4l2request-copy	true	"{""aspect"":0.566038,""dh"":848,""dw"":480,""h"":848,""par"":1.0,""pixelformat"":""nv12"",""rotate"":0,""stereo-in"":""mono"",""w"":480}"	"{""duration"":""success"",""eof-reached"":""success"",""estimated-frame-number"":""success"",""filename"":""success"",""hwdec-current"":""success"",""idle-active"":""success"",""path"":""success"",""pause"":""success"",""percent-pos"":""success"",""time-pos"":""success"",""video-params"":""success"",""vo-configured"":""success""}"	true	playing	media-7eefea6ba2	<media-path:9e48f6362b>	5000	8	true	"{""black_screen_risk_reason"":""null"",""blocked_media_count"":0,""consecutive_failures"":0,""current_index"":8,""current_item"":{""alias"":""media-7eefea6ba2"",""duration_ms"":5000,""offset_ms"":0,""path_alias"":""<media-path:9e48f6362b>"",""started_at_present"":true},""last_poll_error"":""null"",""last_render_error"":""null"",""mpv_running"":true,""next_item"":{""alias"":""media-63e22e276f"",""duration_ms"":15100,""path_alias"":""<media-path:c406539999>""},""playback_state"":""playing"",""playlist_size"":9,""present"":true,""uptime_sec"":143}"
124	132.557	2026-07-10T20:10:46+0000	success		2	<media-path:c406539999>	<media-path:c406539999>	<filename:aaf3979e21>	1.633333	15.069751	10.83849	false	false	false	49	v4l2request-copy	true	"{""aspect"":0.566038,""dh"":848,""dw"":480,""h"":848,""par"":1.0,""pixelformat"":""nv12"",""rotate"":0,""stereo-in"":""mono"",""w"":480}"	"{""duration"":""success"",""eof-reached"":""success"",""estimated-frame-number"":""success"",""filename"":""success"",""hwdec-current"":""success"",""idle-active"":""success"",""path"":""success"",""pause"":""success"",""percent-pos"":""success"",""time-pos"":""success"",""video-params"":""success"",""vo-configured"":""success""}"	true	playing	media-7eefea6ba2	<media-path:9e48f6362b>	5000	8	true	"{""black_screen_risk_reason"":""null"",""blocked_media_count"":0,""consecutive_failures"":0,""current_index"":8,""current_item"":{""alias"":""media-7eefea6ba2"",""duration_ms"":5000,""offset_ms"":0,""path_alias"":""<media-path:9e48f6362b>"",""started_at_present"":true},""last_poll_error"":""null"",""last_render_error"":""null"",""mpv_running"":true,""next_item"":{""alias"":""media-63e22e276f"",""duration_ms"":15100,""path_alias"":""<media-path:c406539999>""},""playback_state"":""playing"",""playlist_size"":9,""present"":true,""uptime_sec"":143}"
125	133.562	2026-07-10T20:10:47+0000	success		2	<media-path:c406539999>	<media-path:c406539999>	<filename:aaf3979e21>	2.666667	15.069751	17.695493	false	false	false	80	v4l2request-copy	true	"{""aspect"":0.566038,""dh"":848,""dw"":480,""h"":848,""par"":1.0,""pixelformat"":""nv12"",""rotate"":0,""stereo-in"":""mono"",""w"":480}"	"{""duration"":""success"",""eof-reached"":""success"",""estimated-frame-number"":""success"",""filename"":""success"",""hwdec-current"":""success"",""idle-active"":""success"",""path"":""success"",""pause"":""success"",""percent-pos"":""success"",""time-pos"":""success"",""video-params"":""success"",""vo-configured"":""success""}"	true	playing	media-7eefea6ba2	<media-path:9e48f6362b>	5000	8	true	"{""black_screen_risk_reason"":""null"",""blocked_media_count"":0,""consecutive_failures"":0,""current_index"":8,""current_item"":{""alias"":""media-7eefea6ba2"",""duration_ms"":5000,""offset_ms"":0,""path_alias"":""<media-path:9e48f6362b>"",""started_at_present"":true},""last_poll_error"":""null"",""last_render_error"":""null"",""mpv_running"":true,""next_item"":{""alias"":""media-63e22e276f"",""duration_ms"":15100,""path_alias"":""<media-path:c406539999>""},""playback_state"":""playing"",""playlist_size"":9,""present"":true,""uptime_sec"":143}"
126	134.567	2026-07-10T20:10:48+0000	success		2	<media-path:c406539999>	<media-path:c406539999>	<filename:aaf3979e21>	3.666667	15.069751	24.331303	false	false	false	110	v4l2request-copy	true	"{""aspect"":0.566038,""dh"":848,""dw"":480,""h"":848,""par"":1.0,""pixelformat"":""nv12"",""rotate"":0,""stereo-in"":""mono"",""w"":480}"	"{""duration"":""success"",""eof-reached"":""success"",""estimated-frame-number"":""success"",""filename"":""success"",""hwdec-current"":""success"",""idle-active"":""success"",""path"":""success"",""pause"":""success"",""percent-pos"":""success"",""time-pos"":""success"",""video-params"":""success"",""vo-configured"":""success""}"	true	playing	media-7eefea6ba2	<media-path:9e48f6362b>	5000	8	true	"{""black_screen_risk_reason"":""null"",""blocked_media_count"":0,""consecutive_failures"":0,""current_index"":8,""current_item"":{""alias"":""media-7eefea6ba2"",""duration_ms"":5000,""offset_ms"":0,""path_alias"":""<media-path:9e48f6362b>"",""started_at_present"":true},""last_poll_error"":""null"",""last_render_error"":""null"",""mpv_running"":true,""next_item"":{""alias"":""media-63e22e276f"",""duration_ms"":15100,""path_alias"":""<media-path:c406539999>""},""playback_state"":""playing"",""playlist_size"":9,""present"":true,""uptime_sec"":143}"
127	135.571	2026-07-10T20:10:49+0000	success		2	<media-path:c406539999>	<media-path:c406539999>	<filename:aaf3979e21>	4.666667	15.069751	30.967113	false	false	false	140	v4l2request-copy	true	"{""aspect"":0.566038,""dh"":848,""dw"":480,""h"":848,""par"":1.0,""pixelformat"":""nv12"",""rotate"":0,""stereo-in"":""mono"",""w"":480}"	"{""duration"":""success"",""eof-reached"":""success"",""estimated-frame-number"":""success"",""filename"":""success"",""hwdec-current"":""success"",""idle-active"":""success"",""path"":""success"",""pause"":""success"",""percent-pos"":""success"",""time-pos"":""success"",""video-params"":""success"",""vo-configured"":""success""}"	true	playing	media-63e22e276f	<media-path:c406539999>	15100	0	true	"{""black_screen_risk_reason"":""null"",""blocked_media_count"":0,""consecutive_failures"":0,""current_index"":0,""current_item"":{""alias"":""media-63e22e276f"",""duration_ms"":15100,""offset_ms"":0,""path_alias"":""<media-path:c406539999>"",""started_at_present"":true},""last_poll_error"":""null"",""last_render_error"":""null"",""mpv_running"":true,""next_item"":{""alias"":""media-b04db49d99"",""duration_ms"":15100,""path_alias"":""<media-path:2b030c3c41>""},""playback_state"":""playing"",""playlist_size"":9,""present"":true,""uptime_sec"":148}"
128	136.576	2026-07-10T20:10:50+0000	success		11	<media-path:c406539999>	<media-path:c406539999>	<filename:aaf3979e21>	5.666667	15.069751	37.602923	false	false	false	170	v4l2request-copy	true	"{""aspect"":0.566038,""dh"":848,""dw"":480,""h"":848,""par"":1.0,""pixelformat"":""nv12"",""rotate"":0,""stereo-in"":""mono"",""w"":480}"	"{""duration"":""success"",""eof-reached"":""success"",""estimated-frame-number"":""success"",""filename"":""success"",""hwdec-current"":""success"",""idle-active"":""success"",""path"":""success"",""pause"":""success"",""percent-pos"":""success"",""time-pos"":""success"",""video-params"":""success"",""vo-configured"":""success""}"	true	playing	media-63e22e276f	<media-path:c406539999>	15100	0	true	"{""black_screen_risk_reason"":""null"",""blocked_media_count"":0,""consecutive_failures"":0,""current_index"":0,""current_item"":{""alias"":""media-63e22e276f"",""duration_ms"":15100,""offset_ms"":0,""path_alias"":""<media-path:c406539999>"",""started_at_present"":true},""last_poll_error"":""null"",""last_render_error"":""null"",""mpv_running"":true,""next_item"":{""alias"":""media-b04db49d99"",""duration_ms"":15100,""path_alias"":""<media-path:2b030c3c41>""},""playback_state"":""playing"",""playlist_size"":9,""present"":true,""uptime_sec"":148}"
129	137.590	2026-07-10T20:10:51+0000	success		2	<media-path:c406539999>	<media-path:c406539999>	<filename:aaf3979e21>	6.666667	15.069751	44.238733	false	false	false	200	v4l2request-copy	true	"{""aspect"":0.566038,""dh"":848,""dw"":480,""h"":848,""par"":1.0,""pixelformat"":""nv12"",""rotate"":0,""stereo-in"":""mono"",""w"":480}"	"{""duration"":""success"",""eof-reached"":""success"",""estimated-frame-number"":""success"",""filename"":""success"",""hwdec-current"":""success"",""idle-active"":""success"",""path"":""success"",""pause"":""success"",""percent-pos"":""success"",""time-pos"":""success"",""video-params"":""success"",""vo-configured"":""success""}"	true	playing	media-63e22e276f	<media-path:c406539999>	15100	0	true	"{""black_screen_risk_reason"":""null"",""blocked_media_count"":0,""consecutive_failures"":0,""current_index"":0,""current_item"":{""alias"":""media-63e22e276f"",""duration_ms"":15100,""offset_ms"":0,""path_alias"":""<media-path:c406539999>"",""started_at_present"":true},""last_poll_error"":""null"",""last_render_error"":""null"",""mpv_running"":true,""next_item"":{""alias"":""media-b04db49d99"",""duration_ms"":15100,""path_alias"":""<media-path:2b030c3c41>""},""playback_state"":""playing"",""playlist_size"":9,""present"":true,""uptime_sec"":148}"
130	138.594	2026-07-10T20:10:52+0000	success		2	<media-path:c406539999>	<media-path:c406539999>	<filename:aaf3979e21>	7.7	15.069751	51.095736	false	false	false	231	v4l2request-copy	true	"{""aspect"":0.566038,""dh"":848,""dw"":480,""h"":848,""par"":1.0,""pixelformat"":""nv12"",""rotate"":0,""stereo-in"":""mono"",""w"":480}"	"{""duration"":""success"",""eof-reached"":""success"",""estimated-frame-number"":""success"",""filename"":""success"",""hwdec-current"":""success"",""idle-active"":""success"",""path"":""success"",""pause"":""success"",""percent-pos"":""success"",""time-pos"":""success"",""video-params"":""success"",""vo-configured"":""success""}"	true	playing	media-63e22e276f	<media-path:c406539999>	15100	0	true	"{""black_screen_risk_reason"":""null"",""blocked_media_count"":0,""consecutive_failures"":0,""current_index"":0,""current_item"":{""alias"":""media-63e22e276f"",""duration_ms"":15100,""offset_ms"":0,""path_alias"":""<media-path:c406539999>"",""started_at_present"":true},""last_poll_error"":""null"",""last_render_error"":""null"",""mpv_running"":true,""next_item"":{""alias"":""media-b04db49d99"",""duration_ms"":15100,""path_alias"":""<media-path:2b030c3c41>""},""playback_state"":""playing"",""playlist_size"":9,""present"":true,""uptime_sec"":148}"
131	139.599	2026-07-10T20:10:53+0000	success		2	<media-path:c406539999>	<media-path:c406539999>	<filename:aaf3979e21>	8.7	15.069751	57.731546	false	false	false	261	v4l2request-copy	true	"{""aspect"":0.566038,""dh"":848,""dw"":480,""h"":848,""par"":1.0,""pixelformat"":""nv12"",""rotate"":0,""stereo-in"":""mono"",""w"":480}"	"{""duration"":""success"",""eof-reached"":""success"",""estimated-frame-number"":""success"",""filename"":""success"",""hwdec-current"":""success"",""idle-active"":""success"",""path"":""success"",""pause"":""success"",""percent-pos"":""success"",""time-pos"":""success"",""video-params"":""success"",""vo-configured"":""success""}"	true	playing	media-63e22e276f	<media-path:c406539999>	15100	0	true	"{""black_screen_risk_reason"":""null"",""blocked_media_count"":0,""consecutive_failures"":0,""current_index"":0,""current_item"":{""alias"":""media-63e22e276f"",""duration_ms"":15100,""offset_ms"":0,""path_alias"":""<media-path:c406539999>"",""started_at_present"":true},""last_poll_error"":""null"",""last_render_error"":""null"",""mpv_running"":true,""next_item"":{""alias"":""media-b04db49d99"",""duration_ms"":15100,""path_alias"":""<media-path:2b030c3c41>""},""playback_state"":""playing"",""playlist_size"":9,""present"":true,""uptime_sec"":148}"
132	140.603	2026-07-10T20:10:54+0000	success		2	<media-path:c406539999>	<media-path:c406539999>	<filename:aaf3979e21>	9.7	15.069751	64.367356	false	false	false	291	v4l2request-copy	true	"{""aspect"":0.566038,""dh"":848,""dw"":480,""h"":848,""par"":1.0,""pixelformat"":""nv12"",""rotate"":0,""stereo-in"":""mono"",""w"":480}"	"{""duration"":""success"",""eof-reached"":""success"",""estimated-frame-number"":""success"",""filename"":""success"",""hwdec-current"":""success"",""idle-active"":""success"",""path"":""success"",""pause"":""success"",""percent-pos"":""success"",""time-pos"":""success"",""video-params"":""success"",""vo-configured"":""success""}"	true	playing	media-63e22e276f	<media-path:c406539999>	15100	0	true	"{""black_screen_risk_reason"":""null"",""blocked_media_count"":0,""consecutive_failures"":0,""current_index"":0,""current_item"":{""alias"":""media-63e22e276f"",""duration_ms"":15100,""offset_ms"":0,""path_alias"":""<media-path:c406539999>"",""started_at_present"":true},""last_poll_error"":""null"",""last_render_error"":""null"",""mpv_running"":true,""next_item"":{""alias"":""media-b04db49d99"",""duration_ms"":15100,""path_alias"":""<media-path:2b030c3c41>""},""playback_state"":""playing"",""playlist_size"":9,""present"":true,""uptime_sec"":153}"
133	141.607	2026-07-10T20:10:55+0000	success		3	<media-path:c406539999>	<media-path:c406539999>	<filename:aaf3979e21>	10.7	15.069751	71.003166	false	false	false	321	v4l2request-copy	true	"{""aspect"":0.566038,""dh"":848,""dw"":480,""h"":848,""par"":1.0,""pixelformat"":""nv12"",""rotate"":0,""stereo-in"":""mono"",""w"":480}"	"{""duration"":""success"",""eof-reached"":""success"",""estimated-frame-number"":""success"",""filename"":""success"",""hwdec-current"":""success"",""idle-active"":""success"",""path"":""success"",""pause"":""success"",""percent-pos"":""success"",""time-pos"":""success"",""video-params"":""success"",""vo-configured"":""success""}"	true	playing	media-63e22e276f	<media-path:c406539999>	15100	0	true	"{""black_screen_risk_reason"":""null"",""blocked_media_count"":0,""consecutive_failures"":0,""current_index"":0,""current_item"":{""alias"":""media-63e22e276f"",""duration_ms"":15100,""offset_ms"":0,""path_alias"":""<media-path:c406539999>"",""started_at_present"":true},""last_poll_error"":""null"",""last_render_error"":""null"",""mpv_running"":true,""next_item"":{""alias"":""media-b04db49d99"",""duration_ms"":15100,""path_alias"":""<media-path:2b030c3c41>""},""playback_state"":""playing"",""playlist_size"":9,""present"":true,""uptime_sec"":153}"
134	142.614	2026-07-10T20:10:56+0000	success		7	<media-path:c406539999>	<media-path:c406539999>	<filename:aaf3979e21>	11.7	15.069751	77.638976	false	false	false	351	v4l2request-copy	true	"{""aspect"":0.566038,""dh"":848,""dw"":480,""h"":848,""par"":1.0,""pixelformat"":""nv12"",""rotate"":0,""stereo-in"":""mono"",""w"":480}"	"{""duration"":""success"",""eof-reached"":""success"",""estimated-frame-number"":""success"",""filename"":""success"",""hwdec-current"":""success"",""idle-active"":""success"",""path"":""success"",""pause"":""success"",""percent-pos"":""success"",""time-pos"":""success"",""video-params"":""success"",""vo-configured"":""success""}"	true	playing	media-63e22e276f	<media-path:c406539999>	15100	0	true	"{""black_screen_risk_reason"":""null"",""blocked_media_count"":0,""consecutive_failures"":0,""current_index"":0,""current_item"":{""alias"":""media-63e22e276f"",""duration_ms"":15100,""offset_ms"":0,""path_alias"":""<media-path:c406539999>"",""started_at_present"":true},""last_poll_error"":""null"",""last_render_error"":""null"",""mpv_running"":true,""next_item"":{""alias"":""media-b04db49d99"",""duration_ms"":15100,""path_alias"":""<media-path:2b030c3c41>""},""playback_state"":""playing"",""playlist_size"":9,""present"":true,""uptime_sec"":153}"
135	143.624	2026-07-10T20:10:57+0000	success		2	<media-path:c406539999>	<media-path:c406539999>	<filename:aaf3979e21>	12.7	15.069751	84.274786	false	false	false	381	v4l2request-copy	true	"{""aspect"":0.566038,""dh"":848,""dw"":480,""h"":848,""par"":1.0,""pixelformat"":""nv12"",""rotate"":0,""stereo-in"":""mono"",""w"":480}"	"{""duration"":""success"",""eof-reached"":""success"",""estimated-frame-number"":""success"",""filename"":""success"",""hwdec-current"":""success"",""idle-active"":""success"",""path"":""success"",""pause"":""success"",""percent-pos"":""success"",""time-pos"":""success"",""video-params"":""success"",""vo-configured"":""success""}"	true	playing	media-63e22e276f	<media-path:c406539999>	15100	0	true	"{""black_screen_risk_reason"":""null"",""blocked_media_count"":0,""consecutive_failures"":0,""current_index"":0,""current_item"":{""alias"":""media-63e22e276f"",""duration_ms"":15100,""offset_ms"":0,""path_alias"":""<media-path:c406539999>"",""started_at_present"":true},""last_poll_error"":""null"",""last_render_error"":""null"",""mpv_running"":true,""next_item"":{""alias"":""media-b04db49d99"",""duration_ms"":15100,""path_alias"":""<media-path:2b030c3c41>""},""playback_state"":""playing"",""playlist_size"":9,""present"":true,""uptime_sec"":153}"
136	144.628	2026-07-10T20:10:58+0000	success		2	<media-path:c406539999>	<media-path:c406539999>	<filename:aaf3979e21>	13.733333	15.069751	91.131789	false	false	false	412	v4l2request-copy	true	"{""aspect"":0.566038,""dh"":848,""dw"":480,""h"":848,""par"":1.0,""pixelformat"":""nv12"",""rotate"":0,""stereo-in"":""mono"",""w"":480}"	"{""duration"":""success"",""eof-reached"":""success"",""estimated-frame-number"":""success"",""filename"":""success"",""hwdec-current"":""success"",""idle-active"":""success"",""path"":""success"",""pause"":""success"",""percent-pos"":""success"",""time-pos"":""success"",""video-params"":""success"",""vo-configured"":""success""}"	true	playing	media-63e22e276f	<media-path:c406539999>	15100	0	true	"{""black_screen_risk_reason"":""null"",""blocked_media_count"":0,""consecutive_failures"":0,""current_index"":0,""current_item"":{""alias"":""media-63e22e276f"",""duration_ms"":15100,""offset_ms"":0,""path_alias"":""<media-path:c406539999>"",""started_at_present"":true},""last_poll_error"":""null"",""last_render_error"":""null"",""mpv_running"":true,""next_item"":{""alias"":""media-b04db49d99"",""duration_ms"":15100,""path_alias"":""<media-path:2b030c3c41>""},""playback_state"":""playing"",""playlist_size"":9,""present"":true,""uptime_sec"":153}"
137	145.633	2026-07-10T20:10:59+0000	success		2	<media-path:c406539999>	<media-path:c406539999>	<filename:aaf3979e21>	14.733333	15.069751	97.767599	false	false	false	442	v4l2request-copy	true	"{""aspect"":0.566038,""dh"":848,""dw"":480,""h"":848,""par"":1.0,""pixelformat"":""nv12"",""rotate"":0,""stereo-in"":""mono"",""w"":480}"	"{""duration"":""success"",""eof-reached"":""success"",""estimated-frame-number"":""success"",""filename"":""success"",""hwdec-current"":""success"",""idle-active"":""success"",""path"":""success"",""pause"":""success"",""percent-pos"":""success"",""time-pos"":""success"",""video-params"":""success"",""vo-configured"":""success""}"	true	playing	media-63e22e276f	<media-path:c406539999>	15100	0	true	"{""black_screen_risk_reason"":""null"",""blocked_media_count"":0,""consecutive_failures"":0,""current_index"":0,""current_item"":{""alias"":""media-63e22e276f"",""duration_ms"":15100,""offset_ms"":0,""path_alias"":""<media-path:c406539999>"",""started_at_present"":true},""last_poll_error"":""null"",""last_render_error"":""null"",""mpv_running"":true,""next_item"":{""alias"":""media-b04db49d99"",""duration_ms"":15100,""path_alias"":""<media-path:2b030c3c41>""},""playback_state"":""playing"",""playlist_size"":9,""present"":true,""uptime_sec"":158}"
138	146.638	2026-07-10T20:11:00+0000	success		2	<media-path:2b030c3c41>	<media-path:2b030c3c41>	<filename:c617160627>	0.433333	15.1	2.869757	false	false	false	13	v4l2request-copy	true	"{""aspect"":0.566038,""dh"":848,""dw"":480,""h"":848,""par"":1.0,""pixelformat"":""nv12"",""rotate"":0,""stereo-in"":""mono"",""w"":480}"	"{""duration"":""success"",""eof-reached"":""success"",""estimated-frame-number"":""success"",""filename"":""success"",""hwdec-current"":""success"",""idle-active"":""success"",""path"":""success"",""pause"":""success"",""percent-pos"":""success"",""time-pos"":""success"",""video-params"":""success"",""vo-configured"":""success""}"	true	playing	media-63e22e276f	<media-path:c406539999>	15100	0	true	"{""black_screen_risk_reason"":""null"",""blocked_media_count"":0,""consecutive_failures"":0,""current_index"":0,""current_item"":{""alias"":""media-63e22e276f"",""duration_ms"":15100,""offset_ms"":0,""path_alias"":""<media-path:c406539999>"",""started_at_present"":true},""last_poll_error"":""null"",""last_render_error"":""null"",""mpv_running"":true,""next_item"":{""alias"":""media-b04db49d99"",""duration_ms"":15100,""path_alias"":""<media-path:2b030c3c41>""},""playback_state"":""playing"",""playlist_size"":9,""present"":true,""uptime_sec"":158}"
139	147.642	2026-07-10T20:11:01+0000	success		2	<media-path:2b030c3c41>	<media-path:2b030c3c41>	<filename:c617160627>	1.466667	15.1	9.713024	false	false	false	44	v4l2request-copy	true	"{""aspect"":0.566038,""dh"":848,""dw"":480,""h"":848,""par"":1.0,""pixelformat"":""nv12"",""rotate"":0,""stereo-in"":""mono"",""w"":480}"	"{""duration"":""success"",""eof-reached"":""success"",""estimated-frame-number"":""success"",""filename"":""success"",""hwdec-current"":""success"",""idle-active"":""success"",""path"":""success"",""pause"":""success"",""percent-pos"":""success"",""time-pos"":""success"",""video-params"":""success"",""vo-configured"":""success""}"	true	playing	media-63e22e276f	<media-path:c406539999>	15100	0	true	"{""black_screen_risk_reason"":""null"",""blocked_media_count"":0,""consecutive_failures"":0,""current_index"":0,""current_item"":{""alias"":""media-63e22e276f"",""duration_ms"":15100,""offset_ms"":0,""path_alias"":""<media-path:c406539999>"",""started_at_present"":true},""last_poll_error"":""null"",""last_render_error"":""null"",""mpv_running"":true,""next_item"":{""alias"":""media-b04db49d99"",""duration_ms"":15100,""path_alias"":""<media-path:2b030c3c41>""},""playback_state"":""playing"",""playlist_size"":9,""present"":true,""uptime_sec"":158}"
140	148.646	2026-07-10T20:11:02+0000	success		2	<media-path:2b030c3c41>	<media-path:2b030c3c41>	<filename:c617160627>	2.466667	15.1	16.335541	false	false	false	74	v4l2request-copy	true	"{""aspect"":0.566038,""dh"":848,""dw"":480,""h"":848,""par"":1.0,""pixelformat"":""nv12"",""rotate"":0,""stereo-in"":""mono"",""w"":480}"	"{""duration"":""success"",""eof-reached"":""success"",""estimated-frame-number"":""success"",""filename"":""success"",""hwdec-current"":""success"",""idle-active"":""success"",""path"":""success"",""pause"":""success"",""percent-pos"":""success"",""time-pos"":""success"",""video-params"":""success"",""vo-configured"":""success""}"	true	playing	media-63e22e276f	<media-path:c406539999>	15100	0	true	"{""black_screen_risk_reason"":""null"",""blocked_media_count"":0,""consecutive_failures"":0,""current_index"":0,""current_item"":{""alias"":""media-63e22e276f"",""duration_ms"":15100,""offset_ms"":0,""path_alias"":""<media-path:c406539999>"",""started_at_present"":true},""last_poll_error"":""null"",""last_render_error"":""null"",""mpv_running"":true,""next_item"":{""alias"":""media-b04db49d99"",""duration_ms"":15100,""path_alias"":""<media-path:2b030c3c41>""},""playback_state"":""playing"",""playlist_size"":9,""present"":true,""uptime_sec"":158}"
141	149.651	2026-07-10T20:11:03+0000	success		2	<media-path:2b030c3c41>	<media-path:2b030c3c41>	<filename:c617160627>	3.466667	15.1	22.958057	false	false	false	104	v4l2request-copy	true	"{""aspect"":0.566038,""dh"":848,""dw"":480,""h"":848,""par"":1.0,""pixelformat"":""nv12"",""rotate"":0,""stereo-in"":""mono"",""w"":480}"	"{""duration"":""success"",""eof-reached"":""success"",""estimated-frame-number"":""success"",""filename"":""success"",""hwdec-current"":""success"",""idle-active"":""success"",""path"":""success"",""pause"":""success"",""percent-pos"":""success"",""time-pos"":""success"",""video-params"":""success"",""vo-configured"":""success""}"	true	playing	media-63e22e276f	<media-path:c406539999>	15100	0	true	"{""black_screen_risk_reason"":""null"",""blocked_media_count"":0,""consecutive_failures"":0,""current_index"":0,""current_item"":{""alias"":""media-63e22e276f"",""duration_ms"":15100,""offset_ms"":0,""path_alias"":""<media-path:c406539999>"",""started_at_present"":true},""last_poll_error"":""null"",""last_render_error"":""null"",""mpv_running"":true,""next_item"":{""alias"":""media-b04db49d99"",""duration_ms"":15100,""path_alias"":""<media-path:2b030c3c41>""},""playback_state"":""playing"",""playlist_size"":9,""present"":true,""uptime_sec"":158}"
142	150.655	2026-07-10T20:11:04+0000	success		2	<media-path:2b030c3c41>	<media-path:2b030c3c41>	<filename:c617160627>	4.466667	15.1	29.580574	false	false	false	134	v4l2request-copy	true	"{""aspect"":0.566038,""dh"":848,""dw"":480,""h"":848,""par"":1.0,""pixelformat"":""nv12"",""rotate"":0,""stereo-in"":""mono"",""w"":480}"	"{""duration"":""success"",""eof-reached"":""success"",""estimated-frame-number"":""success"",""filename"":""success"",""hwdec-current"":""success"",""idle-active"":""success"",""path"":""success"",""pause"":""success"",""percent-pos"":""success"",""time-pos"":""success"",""video-params"":""success"",""vo-configured"":""success""}"	true	playing	media-b04db49d99	<media-path:2b030c3c41>	15100	1	true	"{""black_screen_risk_reason"":""null"",""blocked_media_count"":0,""consecutive_failures"":0,""current_index"":1,""current_item"":{""alias"":""media-b04db49d99"",""duration_ms"":15100,""offset_ms"":0,""path_alias"":""<media-path:2b030c3c41>"",""started_at_present"":true},""last_poll_error"":""null"",""last_render_error"":""null"",""mpv_running"":true,""next_item"":{""alias"":""media-8ffdc1f445"",""duration_ms"":14000,""path_alias"":""<media-path:fee4d36eb4>""},""playback_state"":""playing"",""playlist_size"":9,""present"":true,""uptime_sec"":163}"
143	151.660	2026-07-10T20:11:05+0000	success		7	<media-path:2b030c3c41>	<media-path:2b030c3c41>	<filename:c617160627>	5.466667	15.1	36.203091	false	false	false	164	v4l2request-copy	true	"{""aspect"":0.566038,""dh"":848,""dw"":480,""h"":848,""par"":1.0,""pixelformat"":""nv12"",""rotate"":0,""stereo-in"":""mono"",""w"":480}"	"{""duration"":""success"",""eof-reached"":""success"",""estimated-frame-number"":""success"",""filename"":""success"",""hwdec-current"":""success"",""idle-active"":""success"",""path"":""success"",""pause"":""success"",""percent-pos"":""success"",""time-pos"":""success"",""video-params"":""success"",""vo-configured"":""success""}"	true	playing	media-b04db49d99	<media-path:2b030c3c41>	15100	1	true	"{""black_screen_risk_reason"":""null"",""blocked_media_count"":0,""consecutive_failures"":0,""current_index"":1,""current_item"":{""alias"":""media-b04db49d99"",""duration_ms"":15100,""offset_ms"":0,""path_alias"":""<media-path:2b030c3c41>"",""started_at_present"":true},""last_poll_error"":""null"",""last_render_error"":""null"",""mpv_running"":true,""next_item"":{""alias"":""media-8ffdc1f445"",""duration_ms"":14000,""path_alias"":""<media-path:fee4d36eb4>""},""playback_state"":""playing"",""playlist_size"":9,""present"":true,""uptime_sec"":163}"
144	152.670	2026-07-10T20:11:06+0000	success		2	<media-path:2b030c3c41>	<media-path:2b030c3c41>	<filename:c617160627>	6.466667	15.1	42.825607	false	false	false	194	v4l2request-copy	true	"{""aspect"":0.566038,""dh"":848,""dw"":480,""h"":848,""par"":1.0,""pixelformat"":""nv12"",""rotate"":0,""stereo-in"":""mono"",""w"":480}"	"{""duration"":""success"",""eof-reached"":""success"",""estimated-frame-number"":""success"",""filename"":""success"",""hwdec-current"":""success"",""idle-active"":""success"",""path"":""success"",""pause"":""success"",""percent-pos"":""success"",""time-pos"":""success"",""video-params"":""success"",""vo-configured"":""success""}"	true	playing	media-b04db49d99	<media-path:2b030c3c41>	15100	1	true	"{""black_screen_risk_reason"":""null"",""blocked_media_count"":0,""consecutive_failures"":0,""current_index"":1,""current_item"":{""alias"":""media-b04db49d99"",""duration_ms"":15100,""offset_ms"":0,""path_alias"":""<media-path:2b030c3c41>"",""started_at_present"":true},""last_poll_error"":""null"",""last_render_error"":""null"",""mpv_running"":true,""next_item"":{""alias"":""media-8ffdc1f445"",""duration_ms"":14000,""path_alias"":""<media-path:fee4d36eb4>""},""playback_state"":""playing"",""playlist_size"":9,""present"":true,""uptime_sec"":163}"
145	153.674	2026-07-10T20:11:07+0000	success		2	<media-path:2b030c3c41>	<media-path:2b030c3c41>	<filename:c617160627>	7.5	15.1	49.668874	false	false	false	225	v4l2request-copy	true	"{""aspect"":0.566038,""dh"":848,""dw"":480,""h"":848,""par"":1.0,""pixelformat"":""nv12"",""rotate"":0,""stereo-in"":""mono"",""w"":480}"	"{""duration"":""success"",""eof-reached"":""success"",""estimated-frame-number"":""success"",""filename"":""success"",""hwdec-current"":""success"",""idle-active"":""success"",""path"":""success"",""pause"":""success"",""percent-pos"":""success"",""time-pos"":""success"",""video-params"":""success"",""vo-configured"":""success""}"	true	playing	media-b04db49d99	<media-path:2b030c3c41>	15100	1	true	"{""black_screen_risk_reason"":""null"",""blocked_media_count"":0,""consecutive_failures"":0,""current_index"":1,""current_item"":{""alias"":""media-b04db49d99"",""duration_ms"":15100,""offset_ms"":0,""path_alias"":""<media-path:2b030c3c41>"",""started_at_present"":true},""last_poll_error"":""null"",""last_render_error"":""null"",""mpv_running"":true,""next_item"":{""alias"":""media-8ffdc1f445"",""duration_ms"":14000,""path_alias"":""<media-path:fee4d36eb4>""},""playback_state"":""playing"",""playlist_size"":9,""present"":true,""uptime_sec"":163}"
146	154.679	2026-07-10T20:11:08+0000	success		2	<media-path:2b030c3c41>	<media-path:2b030c3c41>	<filename:c617160627>	8.5	15.1	56.291391	false	false	false	255	v4l2request-copy	true	"{""aspect"":0.566038,""dh"":848,""dw"":480,""h"":848,""par"":1.0,""pixelformat"":""nv12"",""rotate"":0,""stereo-in"":""mono"",""w"":480}"	"{""duration"":""success"",""eof-reached"":""success"",""estimated-frame-number"":""success"",""filename"":""success"",""hwdec-current"":""success"",""idle-active"":""success"",""path"":""success"",""pause"":""success"",""percent-pos"":""success"",""time-pos"":""success"",""video-params"":""success"",""vo-configured"":""success""}"	true	playing	media-b04db49d99	<media-path:2b030c3c41>	15100	1	true	"{""black_screen_risk_reason"":""null"",""blocked_media_count"":0,""consecutive_failures"":0,""current_index"":1,""current_item"":{""alias"":""media-b04db49d99"",""duration_ms"":15100,""offset_ms"":0,""path_alias"":""<media-path:2b030c3c41>"",""started_at_present"":true},""last_poll_error"":""null"",""last_render_error"":""null"",""mpv_running"":true,""next_item"":{""alias"":""media-8ffdc1f445"",""duration_ms"":14000,""path_alias"":""<media-path:fee4d36eb4>""},""playback_state"":""playing"",""playlist_size"":9,""present"":true,""uptime_sec"":163}"
147	155.683	2026-07-10T20:11:09+0000	success		2	<media-path:2b030c3c41>	<media-path:2b030c3c41>	<filename:c617160627>	9.5	15.1	62.913907	false	false	false	285	v4l2request-copy	true	"{""aspect"":0.566038,""dh"":848,""dw"":480,""h"":848,""par"":1.0,""pixelformat"":""nv12"",""rotate"":0,""stereo-in"":""mono"",""w"":480}"	"{""duration"":""success"",""eof-reached"":""success"",""estimated-frame-number"":""success"",""filename"":""success"",""hwdec-current"":""success"",""idle-active"":""success"",""path"":""success"",""pause"":""success"",""percent-pos"":""success"",""time-pos"":""success"",""video-params"":""success"",""vo-configured"":""success""}"	true	playing	media-b04db49d99	<media-path:2b030c3c41>	15100	1	true	"{""black_screen_risk_reason"":""null"",""blocked_media_count"":0,""consecutive_failures"":0,""current_index"":1,""current_item"":{""alias"":""media-b04db49d99"",""duration_ms"":15100,""offset_ms"":0,""path_alias"":""<media-path:2b030c3c41>"",""started_at_present"":true},""last_poll_error"":""null"",""last_render_error"":""null"",""mpv_running"":true,""next_item"":{""alias"":""media-8ffdc1f445"",""duration_ms"":14000,""path_alias"":""<media-path:fee4d36eb4>""},""playback_state"":""playing"",""playlist_size"":9,""present"":true,""uptime_sec"":168}"
148	156.687	2026-07-10T20:11:10+0000	success		2	<media-path:2b030c3c41>	<media-path:2b030c3c41>	<filename:c617160627>	10.5	15.1	69.536424	false	false	false	315	v4l2request-copy	true	"{""aspect"":0.566038,""dh"":848,""dw"":480,""h"":848,""par"":1.0,""pixelformat"":""nv12"",""rotate"":0,""stereo-in"":""mono"",""w"":480}"	"{""duration"":""success"",""eof-reached"":""success"",""estimated-frame-number"":""success"",""filename"":""success"",""hwdec-current"":""success"",""idle-active"":""success"",""path"":""success"",""pause"":""success"",""percent-pos"":""success"",""time-pos"":""success"",""video-params"":""success"",""vo-configured"":""success""}"	true	playing	media-b04db49d99	<media-path:2b030c3c41>	15100	1	true	"{""black_screen_risk_reason"":""null"",""blocked_media_count"":0,""consecutive_failures"":0,""current_index"":1,""current_item"":{""alias"":""media-b04db49d99"",""duration_ms"":15100,""offset_ms"":0,""path_alias"":""<media-path:2b030c3c41>"",""started_at_present"":true},""last_poll_error"":""null"",""last_render_error"":""null"",""mpv_running"":true,""next_item"":{""alias"":""media-8ffdc1f445"",""duration_ms"":14000,""path_alias"":""<media-path:fee4d36eb4>""},""playback_state"":""playing"",""playlist_size"":9,""present"":true,""uptime_sec"":168}"
149	157.692	2026-07-10T20:11:11+0000	success		8	<media-path:2b030c3c41>	<media-path:2b030c3c41>	<filename:c617160627>	11.5	15.1	76.15894	false	false	false	345	v4l2request-copy	true	"{""aspect"":0.566038,""dh"":848,""dw"":480,""h"":848,""par"":1.0,""pixelformat"":""nv12"",""rotate"":0,""stereo-in"":""mono"",""w"":480}"	"{""duration"":""success"",""eof-reached"":""success"",""estimated-frame-number"":""success"",""filename"":""success"",""hwdec-current"":""success"",""idle-active"":""success"",""path"":""success"",""pause"":""success"",""percent-pos"":""success"",""time-pos"":""success"",""video-params"":""success"",""vo-configured"":""success""}"	true	playing	media-b04db49d99	<media-path:2b030c3c41>	15100	1	true	"{""black_screen_risk_reason"":""null"",""blocked_media_count"":0,""consecutive_failures"":0,""current_index"":1,""current_item"":{""alias"":""media-b04db49d99"",""duration_ms"":15100,""offset_ms"":0,""path_alias"":""<media-path:2b030c3c41>"",""started_at_present"":true},""last_poll_error"":""null"",""last_render_error"":""null"",""mpv_running"":true,""next_item"":{""alias"":""media-8ffdc1f445"",""duration_ms"":14000,""path_alias"":""<media-path:fee4d36eb4>""},""playback_state"":""playing"",""playlist_size"":9,""present"":true,""uptime_sec"":168}"
150	158.703	2026-07-10T20:11:12+0000	success		3	<media-path:2b030c3c41>	<media-path:2b030c3c41>	<filename:c617160627>	12.5	15.1	82.781457	false	false	false	375	v4l2request-copy	true	"{""aspect"":0.566038,""dh"":848,""dw"":480,""h"":848,""par"":1.0,""pixelformat"":""nv12"",""rotate"":0,""stereo-in"":""mono"",""w"":480}"	"{""duration"":""success"",""eof-reached"":""success"",""estimated-frame-number"":""success"",""filename"":""success"",""hwdec-current"":""success"",""idle-active"":""success"",""path"":""success"",""pause"":""success"",""percent-pos"":""success"",""time-pos"":""success"",""video-params"":""success"",""vo-configured"":""success""}"	true	playing	media-b04db49d99	<media-path:2b030c3c41>	15100	1	true	"{""black_screen_risk_reason"":""null"",""blocked_media_count"":0,""consecutive_failures"":0,""current_index"":1,""current_item"":{""alias"":""media-b04db49d99"",""duration_ms"":15100,""offset_ms"":0,""path_alias"":""<media-path:2b030c3c41>"",""started_at_present"":true},""last_poll_error"":""null"",""last_render_error"":""null"",""mpv_running"":true,""next_item"":{""alias"":""media-8ffdc1f445"",""duration_ms"":14000,""path_alias"":""<media-path:fee4d36eb4>""},""playback_state"":""playing"",""playlist_size"":9,""present"":true,""uptime_sec"":168}"
151	159.709	2026-07-10T20:11:13+0000	success		2	<media-path:2b030c3c41>	<media-path:2b030c3c41>	<filename:c617160627>	13.533333	15.1	89.624724	false	false	false	406	v4l2request-copy	true	"{""aspect"":0.566038,""dh"":848,""dw"":480,""h"":848,""par"":1.0,""pixelformat"":""nv12"",""rotate"":0,""stereo-in"":""mono"",""w"":480}"	"{""duration"":""success"",""eof-reached"":""success"",""estimated-frame-number"":""success"",""filename"":""success"",""hwdec-current"":""success"",""idle-active"":""success"",""path"":""success"",""pause"":""success"",""percent-pos"":""success"",""time-pos"":""success"",""video-params"":""success"",""vo-configured"":""success""}"	true	playing	media-b04db49d99	<media-path:2b030c3c41>	15100	1	true	"{""black_screen_risk_reason"":""null"",""blocked_media_count"":0,""consecutive_failures"":0,""current_index"":1,""current_item"":{""alias"":""media-b04db49d99"",""duration_ms"":15100,""offset_ms"":0,""path_alias"":""<media-path:2b030c3c41>"",""started_at_present"":true},""last_poll_error"":""null"",""last_render_error"":""null"",""mpv_running"":true,""next_item"":{""alias"":""media-8ffdc1f445"",""duration_ms"":14000,""path_alias"":""<media-path:fee4d36eb4>""},""playback_state"":""playing"",""playlist_size"":9,""present"":true,""uptime_sec"":168}"
152	160.713	2026-07-10T20:11:14+0000	success		2	<media-path:2b030c3c41>	<media-path:2b030c3c41>	<filename:c617160627>	14.533333	15.1	96.247241	false	false	false	436	v4l2request-copy	true	"{""aspect"":0.566038,""dh"":848,""dw"":480,""h"":848,""par"":1.0,""pixelformat"":""nv12"",""rotate"":0,""stereo-in"":""mono"",""w"":480}"	"{""duration"":""success"",""eof-reached"":""success"",""estimated-frame-number"":""success"",""filename"":""success"",""hwdec-current"":""success"",""idle-active"":""success"",""path"":""success"",""pause"":""success"",""percent-pos"":""success"",""time-pos"":""success"",""video-params"":""success"",""vo-configured"":""success""}"	true	playing	media-b04db49d99	<media-path:2b030c3c41>	15100	1	true	"{""black_screen_risk_reason"":""null"",""blocked_media_count"":0,""consecutive_failures"":0,""current_index"":1,""current_item"":{""alias"":""media-b04db49d99"",""duration_ms"":15100,""offset_ms"":0,""path_alias"":""<media-path:2b030c3c41>"",""started_at_present"":true},""last_poll_error"":""null"",""last_render_error"":""null"",""mpv_running"":true,""next_item"":{""alias"":""media-8ffdc1f445"",""duration_ms"":14000,""path_alias"":""<media-path:fee4d36eb4>""},""playback_state"":""playing"",""playlist_size"":9,""present"":true,""uptime_sec"":173}"
153	161.718	2026-07-10T20:11:15+0000	success		2	<media-path:fee4d36eb4>	<media-path:fee4d36eb4>	<filename:8ba6df5956>	0.266667	14	1.904762	false	false	false	8	v4l2request-copy	true	"{""aspect"":0.557692,""dh"":832,""dw"":464,""h"":832,""par"":1.0,""pixelformat"":""nv12"",""rotate"":0,""stereo-in"":""mono"",""w"":464}"	"{""duration"":""success"",""eof-reached"":""success"",""estimated-frame-number"":""success"",""filename"":""success"",""hwdec-current"":""success"",""idle-active"":""success"",""path"":""success"",""pause"":""success"",""percent-pos"":""success"",""time-pos"":""success"",""video-params"":""success"",""vo-configured"":""success""}"	true	playing	media-b04db49d99	<media-path:2b030c3c41>	15100	1	true	"{""black_screen_risk_reason"":""null"",""blocked_media_count"":0,""consecutive_failures"":0,""current_index"":1,""current_item"":{""alias"":""media-b04db49d99"",""duration_ms"":15100,""offset_ms"":0,""path_alias"":""<media-path:2b030c3c41>"",""started_at_present"":true},""last_poll_error"":""null"",""last_render_error"":""null"",""mpv_running"":true,""next_item"":{""alias"":""media-8ffdc1f445"",""duration_ms"":14000,""path_alias"":""<media-path:fee4d36eb4>""},""playback_state"":""playing"",""playlist_size"":9,""present"":true,""uptime_sec"":173}"
154	162.722	2026-07-10T20:11:16+0000	success		3	<media-path:fee4d36eb4>	<media-path:fee4d36eb4>	<filename:8ba6df5956>	1.233333	14	8.809524	false	false	false	37	v4l2request-copy	true	"{""aspect"":0.557692,""dh"":832,""dw"":464,""h"":832,""par"":1.0,""pixelformat"":""nv12"",""rotate"":0,""stereo-in"":""mono"",""w"":464}"	"{""duration"":""success"",""eof-reached"":""success"",""estimated-frame-number"":""success"",""filename"":""success"",""hwdec-current"":""success"",""idle-active"":""success"",""path"":""success"",""pause"":""success"",""percent-pos"":""success"",""time-pos"":""success"",""video-params"":""success"",""vo-configured"":""success""}"	true	playing	media-b04db49d99	<media-path:2b030c3c41>	15100	1	true	"{""black_screen_risk_reason"":""null"",""blocked_media_count"":0,""consecutive_failures"":0,""current_index"":1,""current_item"":{""alias"":""media-b04db49d99"",""duration_ms"":15100,""offset_ms"":0,""path_alias"":""<media-path:2b030c3c41>"",""started_at_present"":true},""last_poll_error"":""null"",""last_render_error"":""null"",""mpv_running"":true,""next_item"":{""alias"":""media-8ffdc1f445"",""duration_ms"":14000,""path_alias"":""<media-path:fee4d36eb4>""},""playback_state"":""playing"",""playlist_size"":9,""present"":true,""uptime_sec"":173}"
155	163.728	2026-07-10T20:11:17+0000	success		3	<media-path:fee4d36eb4>	<media-path:fee4d36eb4>	<filename:8ba6df5956>	2.233333	14	15.952381	false	false	false	67	v4l2request-copy	true	"{""aspect"":0.557692,""dh"":832,""dw"":464,""h"":832,""par"":1.0,""pixelformat"":""nv12"",""rotate"":0,""stereo-in"":""mono"",""w"":464}"	"{""duration"":""success"",""eof-reached"":""success"",""estimated-frame-number"":""success"",""filename"":""success"",""hwdec-current"":""success"",""idle-active"":""success"",""path"":""success"",""pause"":""success"",""percent-pos"":""success"",""time-pos"":""success"",""video-params"":""success"",""vo-configured"":""success""}"	true	playing	media-b04db49d99	<media-path:2b030c3c41>	15100	1	true	"{""black_screen_risk_reason"":""null"",""blocked_media_count"":0,""consecutive_failures"":0,""current_index"":1,""current_item"":{""alias"":""media-b04db49d99"",""duration_ms"":15100,""offset_ms"":0,""path_alias"":""<media-path:2b030c3c41>"",""started_at_present"":true},""last_poll_error"":""null"",""last_render_error"":""null"",""mpv_running"":true,""next_item"":{""alias"":""media-8ffdc1f445"",""duration_ms"":14000,""path_alias"":""<media-path:fee4d36eb4>""},""playback_state"":""playing"",""playlist_size"":9,""present"":true,""uptime_sec"":173}"
156	164.734	2026-07-10T20:11:18+0000	success		3	<media-path:fee4d36eb4>	<media-path:fee4d36eb4>	<filename:8ba6df5956>	3.266667	14	23.333333	false	false	false	98	v4l2request-copy	true	"{""aspect"":0.557692,""dh"":832,""dw"":464,""h"":832,""par"":1.0,""pixelformat"":""nv12"",""rotate"":0,""stereo-in"":""mono"",""w"":464}"	"{""duration"":""success"",""eof-reached"":""success"",""estimated-frame-number"":""success"",""filename"":""success"",""hwdec-current"":""success"",""idle-active"":""success"",""path"":""success"",""pause"":""success"",""percent-pos"":""success"",""time-pos"":""success"",""video-params"":""success"",""vo-configured"":""success""}"	true	playing	media-b04db49d99	<media-path:2b030c3c41>	15100	1	true	"{""black_screen_risk_reason"":""null"",""blocked_media_count"":0,""consecutive_failures"":0,""current_index"":1,""current_item"":{""alias"":""media-b04db49d99"",""duration_ms"":15100,""offset_ms"":0,""path_alias"":""<media-path:2b030c3c41>"",""started_at_present"":true},""last_poll_error"":""null"",""last_render_error"":""null"",""mpv_running"":true,""next_item"":{""alias"":""media-8ffdc1f445"",""duration_ms"":14000,""path_alias"":""<media-path:fee4d36eb4>""},""playback_state"":""playing"",""playlist_size"":9,""present"":true,""uptime_sec"":173}"
157	165.740	2026-07-10T20:11:19+0000	success		2	<media-path:fee4d36eb4>	<media-path:fee4d36eb4>	<filename:8ba6df5956>	4.266667	14	30.47619	false	false	false	128	v4l2request-copy	true	"{""aspect"":0.557692,""dh"":832,""dw"":464,""h"":832,""par"":1.0,""pixelformat"":""nv12"",""rotate"":0,""stereo-in"":""mono"",""w"":464}"	"{""duration"":""success"",""eof-reached"":""success"",""estimated-frame-number"":""success"",""filename"":""success"",""hwdec-current"":""success"",""idle-active"":""success"",""path"":""success"",""pause"":""success"",""percent-pos"":""success"",""time-pos"":""success"",""video-params"":""success"",""vo-configured"":""success""}"	true	playing	media-8ffdc1f445	<media-path:fee4d36eb4>	14000	2	true	"{""black_screen_risk_reason"":""null"",""blocked_media_count"":0,""consecutive_failures"":0,""current_index"":2,""current_item"":{""alias"":""media-8ffdc1f445"",""duration_ms"":14000,""offset_ms"":0,""path_alias"":""<media-path:fee4d36eb4>"",""started_at_present"":true},""last_poll_error"":""null"",""last_render_error"":""null"",""mpv_running"":true,""next_item"":{""alias"":""media-907addee8b"",""duration_ms"":30800,""path_alias"":""<media-path:c58db4e1cc>""},""playback_state"":""playing"",""playlist_size"":9,""present"":true,""uptime_sec"":178}"
158	166.744	2026-07-10T20:11:20+0000	success		2	<media-path:fee4d36eb4>	<media-path:fee4d36eb4>	<filename:8ba6df5956>	5.266667	14	37.619048	false	false	false	158	v4l2request-copy	true	"{""aspect"":0.557692,""dh"":832,""dw"":464,""h"":832,""par"":1.0,""pixelformat"":""nv12"",""rotate"":0,""stereo-in"":""mono"",""w"":464}"	"{""duration"":""success"",""eof-reached"":""success"",""estimated-frame-number"":""success"",""filename"":""success"",""hwdec-current"":""success"",""idle-active"":""success"",""path"":""success"",""pause"":""success"",""percent-pos"":""success"",""time-pos"":""success"",""video-params"":""success"",""vo-configured"":""success""}"	true	playing	media-8ffdc1f445	<media-path:fee4d36eb4>	14000	2	true	"{""black_screen_risk_reason"":""null"",""blocked_media_count"":0,""consecutive_failures"":0,""current_index"":2,""current_item"":{""alias"":""media-8ffdc1f445"",""duration_ms"":14000,""offset_ms"":0,""path_alias"":""<media-path:fee4d36eb4>"",""started_at_present"":true},""last_poll_error"":""null"",""last_render_error"":""null"",""mpv_running"":true,""next_item"":{""alias"":""media-907addee8b"",""duration_ms"":30800,""path_alias"":""<media-path:c58db4e1cc>""},""playback_state"":""playing"",""playlist_size"":9,""present"":true,""uptime_sec"":178}"
159	167.748	2026-07-10T20:11:21+0000	success		2	<media-path:fee4d36eb4>	<media-path:fee4d36eb4>	<filename:8ba6df5956>	6.266667	14	44.761905	false	false	false	188	v4l2request-copy	true	"{""aspect"":0.557692,""dh"":832,""dw"":464,""h"":832,""par"":1.0,""pixelformat"":""nv12"",""rotate"":0,""stereo-in"":""mono"",""w"":464}"	"{""duration"":""success"",""eof-reached"":""success"",""estimated-frame-number"":""success"",""filename"":""success"",""hwdec-current"":""success"",""idle-active"":""success"",""path"":""success"",""pause"":""success"",""percent-pos"":""success"",""time-pos"":""success"",""video-params"":""success"",""vo-configured"":""success""}"	true	playing	media-8ffdc1f445	<media-path:fee4d36eb4>	14000	2	true	"{""black_screen_risk_reason"":""null"",""blocked_media_count"":0,""consecutive_failures"":0,""current_index"":2,""current_item"":{""alias"":""media-8ffdc1f445"",""duration_ms"":14000,""offset_ms"":0,""path_alias"":""<media-path:fee4d36eb4>"",""started_at_present"":true},""last_poll_error"":""null"",""last_render_error"":""null"",""mpv_running"":true,""next_item"":{""alias"":""media-907addee8b"",""duration_ms"":30800,""path_alias"":""<media-path:c58db4e1cc>""},""playback_state"":""playing"",""playlist_size"":9,""present"":true,""uptime_sec"":178}"
160	168.754	2026-07-10T20:11:22+0000	success		6	<media-path:fee4d36eb4>	<media-path:fee4d36eb4>	<filename:8ba6df5956>	7.266667	14	51.904762	false	false	false	218	v4l2request-copy	true	"{""aspect"":0.557692,""dh"":832,""dw"":464,""h"":832,""par"":1.0,""pixelformat"":""nv12"",""rotate"":0,""stereo-in"":""mono"",""w"":464}"	"{""duration"":""success"",""eof-reached"":""success"",""estimated-frame-number"":""success"",""filename"":""success"",""hwdec-current"":""success"",""idle-active"":""success"",""path"":""success"",""pause"":""success"",""percent-pos"":""success"",""time-pos"":""success"",""video-params"":""success"",""vo-configured"":""success""}"	true	playing	media-8ffdc1f445	<media-path:fee4d36eb4>	14000	2	true	"{""black_screen_risk_reason"":""null"",""blocked_media_count"":0,""consecutive_failures"":0,""current_index"":2,""current_item"":{""alias"":""media-8ffdc1f445"",""duration_ms"":14000,""offset_ms"":0,""path_alias"":""<media-path:fee4d36eb4>"",""started_at_present"":true},""last_poll_error"":""null"",""last_render_error"":""null"",""mpv_running"":true,""next_item"":{""alias"":""media-907addee8b"",""duration_ms"":30800,""path_alias"":""<media-path:c58db4e1cc>""},""playback_state"":""playing"",""playlist_size"":9,""present"":true,""uptime_sec"":178}"
161	169.762	2026-07-10T20:11:23+0000	success		4	<media-path:fee4d36eb4>	<media-path:fee4d36eb4>	<filename:8ba6df5956>	8.266667	14	59.047619	false	false	false	248	v4l2request-copy	true	"{""aspect"":0.557692,""dh"":832,""dw"":464,""h"":832,""par"":1.0,""pixelformat"":""nv12"",""rotate"":0,""stereo-in"":""mono"",""w"":464}"	"{""duration"":""success"",""eof-reached"":""success"",""estimated-frame-number"":""success"",""filename"":""success"",""hwdec-current"":""success"",""idle-active"":""success"",""path"":""success"",""pause"":""success"",""percent-pos"":""success"",""time-pos"":""success"",""video-params"":""success"",""vo-configured"":""success""}"	true	playing	media-8ffdc1f445	<media-path:fee4d36eb4>	14000	2	true	"{""black_screen_risk_reason"":""null"",""blocked_media_count"":0,""consecutive_failures"":0,""current_index"":2,""current_item"":{""alias"":""media-8ffdc1f445"",""duration_ms"":14000,""offset_ms"":0,""path_alias"":""<media-path:fee4d36eb4>"",""started_at_present"":true},""last_poll_error"":""null"",""last_render_error"":""null"",""mpv_running"":true,""next_item"":{""alias"":""media-907addee8b"",""duration_ms"":30800,""path_alias"":""<media-path:c58db4e1cc>""},""playback_state"":""playing"",""playlist_size"":9,""present"":true,""uptime_sec"":178}"
162	170.770	2026-07-10T20:11:24+0000	success		2	<media-path:fee4d36eb4>	<media-path:fee4d36eb4>	<filename:8ba6df5956>	9.3	14	66.428571	false	false	false	279	v4l2request-copy	true	"{""aspect"":0.557692,""dh"":832,""dw"":464,""h"":832,""par"":1.0,""pixelformat"":""nv12"",""rotate"":0,""stereo-in"":""mono"",""w"":464}"	"{""duration"":""success"",""eof-reached"":""success"",""estimated-frame-number"":""success"",""filename"":""success"",""hwdec-current"":""success"",""idle-active"":""success"",""path"":""success"",""pause"":""success"",""percent-pos"":""success"",""time-pos"":""success"",""video-params"":""success"",""vo-configured"":""success""}"	true	playing	media-8ffdc1f445	<media-path:fee4d36eb4>	14000	2	true	"{""black_screen_risk_reason"":""null"",""blocked_media_count"":0,""consecutive_failures"":0,""current_index"":2,""current_item"":{""alias"":""media-8ffdc1f445"",""duration_ms"":14000,""offset_ms"":0,""path_alias"":""<media-path:fee4d36eb4>"",""started_at_present"":true},""last_poll_error"":""null"",""last_render_error"":""null"",""mpv_running"":true,""next_item"":{""alias"":""media-907addee8b"",""duration_ms"":30800,""path_alias"":""<media-path:c58db4e1cc>""},""playback_state"":""playing"",""playlist_size"":9,""present"":true,""uptime_sec"":183}"
163	171.774	2026-07-10T20:11:25+0000	success		2	<media-path:fee4d36eb4>	<media-path:fee4d36eb4>	<filename:8ba6df5956>	10.3	14	73.571429	false	false	false	309	v4l2request-copy	true	"{""aspect"":0.557692,""dh"":832,""dw"":464,""h"":832,""par"":1.0,""pixelformat"":""nv12"",""rotate"":0,""stereo-in"":""mono"",""w"":464}"	"{""duration"":""success"",""eof-reached"":""success"",""estimated-frame-number"":""success"",""filename"":""success"",""hwdec-current"":""success"",""idle-active"":""success"",""path"":""success"",""pause"":""success"",""percent-pos"":""success"",""time-pos"":""success"",""video-params"":""success"",""vo-configured"":""success""}"	true	playing	media-8ffdc1f445	<media-path:fee4d36eb4>	14000	2	true	"{""black_screen_risk_reason"":""null"",""blocked_media_count"":0,""consecutive_failures"":0,""current_index"":2,""current_item"":{""alias"":""media-8ffdc1f445"",""duration_ms"":14000,""offset_ms"":0,""path_alias"":""<media-path:fee4d36eb4>"",""started_at_present"":true},""last_poll_error"":""null"",""last_render_error"":""null"",""mpv_running"":true,""next_item"":{""alias"":""media-907addee8b"",""duration_ms"":30800,""path_alias"":""<media-path:c58db4e1cc>""},""playback_state"":""playing"",""playlist_size"":9,""present"":true,""uptime_sec"":183}"
164	172.779	2026-07-10T20:11:26+0000	success		2	<media-path:fee4d36eb4>	<media-path:fee4d36eb4>	<filename:8ba6df5956>	11.3	14	80.714286	false	false	false	339	v4l2request-copy	true	"{""aspect"":0.557692,""dh"":832,""dw"":464,""h"":832,""par"":1.0,""pixelformat"":""nv12"",""rotate"":0,""stereo-in"":""mono"",""w"":464}"	"{""duration"":""success"",""eof-reached"":""success"",""estimated-frame-number"":""success"",""filename"":""success"",""hwdec-current"":""success"",""idle-active"":""success"",""path"":""success"",""pause"":""success"",""percent-pos"":""success"",""time-pos"":""success"",""video-params"":""success"",""vo-configured"":""success""}"	true	playing	media-8ffdc1f445	<media-path:fee4d36eb4>	14000	2	true	"{""black_screen_risk_reason"":""null"",""blocked_media_count"":0,""consecutive_failures"":0,""current_index"":2,""current_item"":{""alias"":""media-8ffdc1f445"",""duration_ms"":14000,""offset_ms"":0,""path_alias"":""<media-path:fee4d36eb4>"",""started_at_present"":true},""last_poll_error"":""null"",""last_render_error"":""null"",""mpv_running"":true,""next_item"":{""alias"":""media-907addee8b"",""duration_ms"":30800,""path_alias"":""<media-path:c58db4e1cc>""},""playback_state"":""playing"",""playlist_size"":9,""present"":true,""uptime_sec"":183}"
165	173.783	2026-07-10T20:11:27+0000	success		10	<media-path:fee4d36eb4>	<media-path:fee4d36eb4>	<filename:8ba6df5956>	12.3	14	87.857143	false	false	false	369	v4l2request-copy	true	"{""aspect"":0.557692,""dh"":832,""dw"":464,""h"":832,""par"":1.0,""pixelformat"":""nv12"",""rotate"":0,""stereo-in"":""mono"",""w"":464}"	"{""duration"":""success"",""eof-reached"":""success"",""estimated-frame-number"":""success"",""filename"":""success"",""hwdec-current"":""success"",""idle-active"":""success"",""path"":""success"",""pause"":""success"",""percent-pos"":""success"",""time-pos"":""success"",""video-params"":""success"",""vo-configured"":""success""}"	true	playing	media-8ffdc1f445	<media-path:fee4d36eb4>	14000	2	true	"{""black_screen_risk_reason"":""null"",""blocked_media_count"":0,""consecutive_failures"":0,""current_index"":2,""current_item"":{""alias"":""media-8ffdc1f445"",""duration_ms"":14000,""offset_ms"":0,""path_alias"":""<media-path:fee4d36eb4>"",""started_at_present"":true},""last_poll_error"":""null"",""last_render_error"":""null"",""mpv_running"":true,""next_item"":{""alias"":""media-907addee8b"",""duration_ms"":30800,""path_alias"":""<media-path:c58db4e1cc>""},""playback_state"":""playing"",""playlist_size"":9,""present"":true,""uptime_sec"":183}"
166	174.795	2026-07-10T20:11:28+0000	success		2	<media-path:fee4d36eb4>	<media-path:fee4d36eb4>	<filename:8ba6df5956>	13.3	14	95	false	false	false	399	v4l2request-copy	true	"{""aspect"":0.557692,""dh"":832,""dw"":464,""h"":832,""par"":1.0,""pixelformat"":""nv12"",""rotate"":0,""stereo-in"":""mono"",""w"":464}"	"{""duration"":""success"",""eof-reached"":""success"",""estimated-frame-number"":""success"",""filename"":""success"",""hwdec-current"":""success"",""idle-active"":""success"",""path"":""success"",""pause"":""success"",""percent-pos"":""success"",""time-pos"":""success"",""video-params"":""success"",""vo-configured"":""success""}"	true	playing	media-8ffdc1f445	<media-path:fee4d36eb4>	14000	2	true	"{""black_screen_risk_reason"":""null"",""blocked_media_count"":0,""consecutive_failures"":0,""current_index"":2,""current_item"":{""alias"":""media-8ffdc1f445"",""duration_ms"":14000,""offset_ms"":0,""path_alias"":""<media-path:fee4d36eb4>"",""started_at_present"":true},""last_poll_error"":""null"",""last_render_error"":""null"",""mpv_running"":true,""next_item"":{""alias"":""media-907addee8b"",""duration_ms"":30800,""path_alias"":""<media-path:c58db4e1cc>""},""playback_state"":""playing"",""playlist_size"":9,""present"":true,""uptime_sec"":183}"
167	175.800	2026-07-10T20:11:29+0000	success		2	<media-path:c58db4e1cc>	<media-path:c58db4e1cc>	<filename:9b95323d7d>	0.25025	30.805333	0.812359	false	false	false	6	v4l2request-copy	true	"{""aspect"":0.5625,""dh"":640,""dw"":360,""h"":640,""par"":1.0,""pixelformat"":""nv12"",""rotate"":0,""stereo-in"":""mono"",""w"":360}"	"{""duration"":""success"",""eof-reached"":""success"",""estimated-frame-number"":""success"",""filename"":""success"",""hwdec-current"":""success"",""idle-active"":""success"",""path"":""success"",""pause"":""success"",""percent-pos"":""success"",""time-pos"":""success"",""video-params"":""success"",""vo-configured"":""success""}"	true	playing	media-8ffdc1f445	<media-path:fee4d36eb4>	14000	2	true	"{""black_screen_risk_reason"":""null"",""blocked_media_count"":0,""consecutive_failures"":0,""current_index"":2,""current_item"":{""alias"":""media-8ffdc1f445"",""duration_ms"":14000,""offset_ms"":0,""path_alias"":""<media-path:fee4d36eb4>"",""started_at_present"":true},""last_poll_error"":""null"",""last_render_error"":""null"",""mpv_running"":true,""next_item"":{""alias"":""media-907addee8b"",""duration_ms"":30800,""path_alias"":""<media-path:c58db4e1cc>""},""playback_state"":""playing"",""playlist_size"":9,""present"":true,""uptime_sec"":188}"
168	176.804	2026-07-10T20:11:30+0000	success		4	<media-path:c58db4e1cc>	<media-path:c58db4e1cc>	<filename:9b95323d7d>	1.209542	30.805333	3.926403	false	false	false	29	v4l2request-copy	true	"{""aspect"":0.5625,""dh"":640,""dw"":360,""h"":640,""par"":1.0,""pixelformat"":""nv12"",""rotate"":0,""stereo-in"":""mono"",""w"":360}"	"{""duration"":""success"",""eof-reached"":""success"",""estimated-frame-number"":""success"",""filename"":""success"",""hwdec-current"":""success"",""idle-active"":""success"",""path"":""success"",""pause"":""success"",""percent-pos"":""success"",""time-pos"":""success"",""video-params"":""success"",""vo-configured"":""success""}"	true	playing	media-8ffdc1f445	<media-path:fee4d36eb4>	14000	2	true	"{""black_screen_risk_reason"":""null"",""blocked_media_count"":0,""consecutive_failures"":0,""current_index"":2,""current_item"":{""alias"":""media-8ffdc1f445"",""duration_ms"":14000,""offset_ms"":0,""path_alias"":""<media-path:fee4d36eb4>"",""started_at_present"":true},""last_poll_error"":""null"",""last_render_error"":""null"",""mpv_running"":true,""next_item"":{""alias"":""media-907addee8b"",""duration_ms"":30800,""path_alias"":""<media-path:c58db4e1cc>""},""playback_state"":""playing"",""playlist_size"":9,""present"":true,""uptime_sec"":188}"
169	177.812	2026-07-10T20:11:31+0000	success		2	<media-path:c58db4e1cc>	<media-path:c58db4e1cc>	<filename:9b95323d7d>	2.210542	30.805333	7.175841	false	false	false	53	v4l2request-copy	true	"{""aspect"":0.5625,""dh"":640,""dw"":360,""h"":640,""par"":1.0,""pixelformat"":""nv12"",""rotate"":0,""stereo-in"":""mono"",""w"":360}"	"{""duration"":""success"",""eof-reached"":""success"",""estimated-frame-number"":""success"",""filename"":""success"",""hwdec-current"":""success"",""idle-active"":""success"",""path"":""success"",""pause"":""success"",""percent-pos"":""success"",""time-pos"":""success"",""video-params"":""success"",""vo-configured"":""success""}"	true	playing	media-8ffdc1f445	<media-path:fee4d36eb4>	14000	2	true	"{""black_screen_risk_reason"":""null"",""blocked_media_count"":0,""consecutive_failures"":0,""current_index"":2,""current_item"":{""alias"":""media-8ffdc1f445"",""duration_ms"":14000,""offset_ms"":0,""path_alias"":""<media-path:fee4d36eb4>"",""started_at_present"":true},""last_poll_error"":""null"",""last_render_error"":""null"",""mpv_running"":true,""next_item"":{""alias"":""media-907addee8b"",""duration_ms"":30800,""path_alias"":""<media-path:c58db4e1cc>""},""playback_state"":""playing"",""playlist_size"":9,""present"":true,""uptime_sec"":188}"
170	178.816	2026-07-10T20:11:32+0000	success		2	<media-path:c58db4e1cc>	<media-path:c58db4e1cc>	<filename:9b95323d7d>	3.211542	30.805333	10.425278	false	false	false	77	v4l2request-copy	true	"{""aspect"":0.5625,""dh"":640,""dw"":360,""h"":640,""par"":1.0,""pixelformat"":""nv12"",""rotate"":0,""stereo-in"":""mono"",""w"":360}"	"{""duration"":""success"",""eof-reached"":""success"",""estimated-frame-number"":""success"",""filename"":""success"",""hwdec-current"":""success"",""idle-active"":""success"",""path"":""success"",""pause"":""success"",""percent-pos"":""success"",""time-pos"":""success"",""video-params"":""success"",""vo-configured"":""success""}"	true	playing	media-8ffdc1f445	<media-path:fee4d36eb4>	14000	2	true	"{""black_screen_risk_reason"":""null"",""blocked_media_count"":0,""consecutive_failures"":0,""current_index"":2,""current_item"":{""alias"":""media-8ffdc1f445"",""duration_ms"":14000,""offset_ms"":0,""path_alias"":""<media-path:fee4d36eb4>"",""started_at_present"":true},""last_poll_error"":""null"",""last_render_error"":""null"",""mpv_running"":true,""next_item"":{""alias"":""media-907addee8b"",""duration_ms"":30800,""path_alias"":""<media-path:c58db4e1cc>""},""playback_state"":""playing"",""playlist_size"":9,""present"":true,""uptime_sec"":188}"
171	179.820	2026-07-10T20:11:33+0000	success		2	<media-path:c58db4e1cc>	<media-path:c58db4e1cc>	<filename:9b95323d7d>	4.212542	30.805333	13.674715	false	false	false	101	v4l2request-copy	true	"{""aspect"":0.5625,""dh"":640,""dw"":360,""h"":640,""par"":1.0,""pixelformat"":""nv12"",""rotate"":0,""stereo-in"":""mono"",""w"":360}"	"{""duration"":""success"",""eof-reached"":""success"",""estimated-frame-number"":""success"",""filename"":""success"",""hwdec-current"":""success"",""idle-active"":""success"",""path"":""success"",""pause"":""success"",""percent-pos"":""success"",""time-pos"":""success"",""video-params"":""success"",""vo-configured"":""success""}"	true	playing	media-8ffdc1f445	<media-path:fee4d36eb4>	14000	2	true	"{""black_screen_risk_reason"":""null"",""blocked_media_count"":0,""consecutive_failures"":0,""current_index"":2,""current_item"":{""alias"":""media-8ffdc1f445"",""duration_ms"":14000,""offset_ms"":0,""path_alias"":""<media-path:fee4d36eb4>"",""started_at_present"":true},""last_poll_error"":""null"",""last_render_error"":""null"",""mpv_running"":true,""next_item"":{""alias"":""media-907addee8b"",""duration_ms"":30800,""path_alias"":""<media-path:c58db4e1cc>""},""playback_state"":""playing"",""playlist_size"":9,""present"":true,""uptime_sec"":188}"
172	180.825	2026-07-10T20:11:34+0000	success		2	<media-path:c58db4e1cc>	<media-path:c58db4e1cc>	<filename:9b95323d7d>	5.213542	30.805333	16.924153	false	false	false	125	v4l2request-copy	true	"{""aspect"":0.5625,""dh"":640,""dw"":360,""h"":640,""par"":1.0,""pixelformat"":""nv12"",""rotate"":0,""stereo-in"":""mono"",""w"":360}"	"{""duration"":""success"",""eof-reached"":""success"",""estimated-frame-number"":""success"",""filename"":""success"",""hwdec-current"":""success"",""idle-active"":""success"",""path"":""success"",""pause"":""success"",""percent-pos"":""success"",""time-pos"":""success"",""video-params"":""success"",""vo-configured"":""success""}"	true	playing	media-907addee8b	<media-path:c58db4e1cc>	30800	3	true	"{""black_screen_risk_reason"":""null"",""blocked_media_count"":0,""consecutive_failures"":0,""current_index"":3,""current_item"":{""alias"":""media-907addee8b"",""duration_ms"":30800,""offset_ms"":0,""path_alias"":""<media-path:c58db4e1cc>"",""started_at_present"":true},""last_poll_error"":""null"",""last_render_error"":""null"",""mpv_running"":true,""next_item"":{""alias"":""media-8e4d41f6c2"",""duration_ms"":7200,""path_alias"":""<media-path:3662a4e886>""},""playback_state"":""playing"",""playlist_size"":9,""present"":true,""uptime_sec"":193}"
173	181.829	2026-07-10T20:11:35+0000	success		2	<media-path:c58db4e1cc>	<media-path:c58db4e1cc>	<filename:9b95323d7d>	6.214542	30.805333	20.17359	false	false	false	149	v4l2request-copy	true	"{""aspect"":0.5625,""dh"":640,""dw"":360,""h"":640,""par"":1.0,""pixelformat"":""nv12"",""rotate"":0,""stereo-in"":""mono"",""w"":360}"	"{""duration"":""success"",""eof-reached"":""success"",""estimated-frame-number"":""success"",""filename"":""success"",""hwdec-current"":""success"",""idle-active"":""success"",""path"":""success"",""pause"":""success"",""percent-pos"":""success"",""time-pos"":""success"",""video-params"":""success"",""vo-configured"":""success""}"	true	playing	media-907addee8b	<media-path:c58db4e1cc>	30800	3	true	"{""black_screen_risk_reason"":""null"",""blocked_media_count"":0,""consecutive_failures"":0,""current_index"":3,""current_item"":{""alias"":""media-907addee8b"",""duration_ms"":30800,""offset_ms"":0,""path_alias"":""<media-path:c58db4e1cc>"",""started_at_present"":true},""last_poll_error"":""null"",""last_render_error"":""null"",""mpv_running"":true,""next_item"":{""alias"":""media-8e4d41f6c2"",""duration_ms"":7200,""path_alias"":""<media-path:3662a4e886>""},""playback_state"":""playing"",""playlist_size"":9,""present"":true,""uptime_sec"":193}"
174	182.832	2026-07-10T20:11:36+0000	success		2	<media-path:c58db4e1cc>	<media-path:c58db4e1cc>	<filename:9b95323d7d>	7.215542	30.805333	23.423027	false	false	false	173	v4l2request-copy	true	"{""aspect"":0.5625,""dh"":640,""dw"":360,""h"":640,""par"":1.0,""pixelformat"":""nv12"",""rotate"":0,""stereo-in"":""mono"",""w"":360}"	"{""duration"":""success"",""eof-reached"":""success"",""estimated-frame-number"":""success"",""filename"":""success"",""hwdec-current"":""success"",""idle-active"":""success"",""path"":""success"",""pause"":""success"",""percent-pos"":""success"",""time-pos"":""success"",""video-params"":""success"",""vo-configured"":""success""}"	true	playing	media-907addee8b	<media-path:c58db4e1cc>	30800	3	true	"{""black_screen_risk_reason"":""null"",""blocked_media_count"":0,""consecutive_failures"":0,""current_index"":3,""current_item"":{""alias"":""media-907addee8b"",""duration_ms"":30800,""offset_ms"":0,""path_alias"":""<media-path:c58db4e1cc>"",""started_at_present"":true},""last_poll_error"":""null"",""last_render_error"":""null"",""mpv_running"":true,""next_item"":{""alias"":""media-8e4d41f6c2"",""duration_ms"":7200,""path_alias"":""<media-path:3662a4e886>""},""playback_state"":""playing"",""playlist_size"":9,""present"":true,""uptime_sec"":193}"
175	183.836	2026-07-10T20:11:37+0000	success		2	<media-path:c58db4e1cc>	<media-path:c58db4e1cc>	<filename:9b95323d7d>	8.25825	30.805333	26.807858	false	false	false	198	v4l2request-copy	true	"{""aspect"":0.5625,""dh"":640,""dw"":360,""h"":640,""par"":1.0,""pixelformat"":""nv12"",""rotate"":0,""stereo-in"":""mono"",""w"":360}"	"{""duration"":""success"",""eof-reached"":""success"",""estimated-frame-number"":""success"",""filename"":""success"",""hwdec-current"":""success"",""idle-active"":""success"",""path"":""success"",""pause"":""success"",""percent-pos"":""success"",""time-pos"":""success"",""video-params"":""success"",""vo-configured"":""success""}"	true	playing	media-907addee8b	<media-path:c58db4e1cc>	30800	3	true	"{""black_screen_risk_reason"":""null"",""blocked_media_count"":0,""consecutive_failures"":0,""current_index"":3,""current_item"":{""alias"":""media-907addee8b"",""duration_ms"":30800,""offset_ms"":0,""path_alias"":""<media-path:c58db4e1cc>"",""started_at_present"":true},""last_poll_error"":""null"",""last_render_error"":""null"",""mpv_running"":true,""next_item"":{""alias"":""media-8e4d41f6c2"",""duration_ms"":7200,""path_alias"":""<media-path:3662a4e886>""},""playback_state"":""playing"",""playlist_size"":9,""present"":true,""uptime_sec"":193}"
176	184.840	2026-07-10T20:11:38+0000	success		3	<media-path:c58db4e1cc>	<media-path:c58db4e1cc>	<filename:9b95323d7d>	9.25925	30.805333	30.057295	false	false	false	222	v4l2request-copy	true	"{""aspect"":0.5625,""dh"":640,""dw"":360,""h"":640,""par"":1.0,""pixelformat"":""nv12"",""rotate"":0,""stereo-in"":""mono"",""w"":360}"	"{""duration"":""success"",""eof-reached"":""success"",""estimated-frame-number"":""success"",""filename"":""success"",""hwdec-current"":""success"",""idle-active"":""success"",""path"":""success"",""pause"":""success"",""percent-pos"":""success"",""time-pos"":""success"",""video-params"":""success"",""vo-configured"":""success""}"	true	playing	media-907addee8b	<media-path:c58db4e1cc>	30800	3	true	"{""black_screen_risk_reason"":""null"",""blocked_media_count"":0,""consecutive_failures"":0,""current_index"":3,""current_item"":{""alias"":""media-907addee8b"",""duration_ms"":30800,""offset_ms"":0,""path_alias"":""<media-path:c58db4e1cc>"",""started_at_present"":true},""last_poll_error"":""null"",""last_render_error"":""null"",""mpv_running"":true,""next_item"":{""alias"":""media-8e4d41f6c2"",""duration_ms"":7200,""path_alias"":""<media-path:3662a4e886>""},""playback_state"":""playing"",""playlist_size"":9,""present"":true,""uptime_sec"":193}"
177	185.847	2026-07-10T20:11:39+0000	success		7	<media-path:c58db4e1cc>	<media-path:c58db4e1cc>	<filename:9b95323d7d>	10.26025	30.805333	33.306733	false	false	false	246	v4l2request-copy	true	"{""aspect"":0.5625,""dh"":640,""dw"":360,""h"":640,""par"":1.0,""pixelformat"":""nv12"",""rotate"":0,""stereo-in"":""mono"",""w"":360}"	"{""duration"":""success"",""eof-reached"":""success"",""estimated-frame-number"":""success"",""filename"":""success"",""hwdec-current"":""success"",""idle-active"":""success"",""path"":""success"",""pause"":""success"",""percent-pos"":""success"",""time-pos"":""success"",""video-params"":""success"",""vo-configured"":""success""}"	true	playing	media-907addee8b	<media-path:c58db4e1cc>	30800	3	true	"{""black_screen_risk_reason"":""null"",""blocked_media_count"":0,""consecutive_failures"":0,""current_index"":3,""current_item"":{""alias"":""media-907addee8b"",""duration_ms"":30800,""offset_ms"":0,""path_alias"":""<media-path:c58db4e1cc>"",""started_at_present"":true},""last_poll_error"":""null"",""last_render_error"":""null"",""mpv_running"":true,""next_item"":{""alias"":""media-8e4d41f6c2"",""duration_ms"":7200,""path_alias"":""<media-path:3662a4e886>""},""playback_state"":""playing"",""playlist_size"":9,""present"":true,""uptime_sec"":198}"
178	186.856	2026-07-10T20:11:40+0000	success		2	<media-path:c58db4e1cc>	<media-path:c58db4e1cc>	<filename:9b95323d7d>	11.26125	30.805333	36.55617	false	false	false	270	v4l2request-copy	true	"{""aspect"":0.5625,""dh"":640,""dw"":360,""h"":640,""par"":1.0,""pixelformat"":""nv12"",""rotate"":0,""stereo-in"":""mono"",""w"":360}"	"{""duration"":""success"",""eof-reached"":""success"",""estimated-frame-number"":""success"",""filename"":""success"",""hwdec-current"":""success"",""idle-active"":""success"",""path"":""success"",""pause"":""success"",""percent-pos"":""success"",""time-pos"":""success"",""video-params"":""success"",""vo-configured"":""success""}"	true	playing	media-907addee8b	<media-path:c58db4e1cc>	30800	3	true	"{""black_screen_risk_reason"":""null"",""blocked_media_count"":0,""consecutive_failures"":0,""current_index"":3,""current_item"":{""alias"":""media-907addee8b"",""duration_ms"":30800,""offset_ms"":0,""path_alias"":""<media-path:c58db4e1cc>"",""started_at_present"":true},""last_poll_error"":""null"",""last_render_error"":""null"",""mpv_running"":true,""next_item"":{""alias"":""media-8e4d41f6c2"",""duration_ms"":7200,""path_alias"":""<media-path:3662a4e886>""},""playback_state"":""playing"",""playlist_size"":9,""present"":true,""uptime_sec"":198}"
179	187.860	2026-07-10T20:11:41+0000	success		4	<media-path:c58db4e1cc>	<media-path:c58db4e1cc>	<filename:9b95323d7d>	12.26225	30.805333	39.805607	false	false	false	294	v4l2request-copy	true	"{""aspect"":0.5625,""dh"":640,""dw"":360,""h"":640,""par"":1.0,""pixelformat"":""nv12"",""rotate"":0,""stereo-in"":""mono"",""w"":360}"	"{""duration"":""success"",""eof-reached"":""success"",""estimated-frame-number"":""success"",""filename"":""success"",""hwdec-current"":""success"",""idle-active"":""success"",""path"":""success"",""pause"":""success"",""percent-pos"":""success"",""time-pos"":""success"",""video-params"":""success"",""vo-configured"":""success""}"	true	playing	media-907addee8b	<media-path:c58db4e1cc>	30800	3	true	"{""black_screen_risk_reason"":""null"",""blocked_media_count"":0,""consecutive_failures"":0,""current_index"":3,""current_item"":{""alias"":""media-907addee8b"",""duration_ms"":30800,""offset_ms"":0,""path_alias"":""<media-path:c58db4e1cc>"",""started_at_present"":true},""last_poll_error"":""null"",""last_render_error"":""null"",""mpv_running"":true,""next_item"":{""alias"":""media-8e4d41f6c2"",""duration_ms"":7200,""path_alias"":""<media-path:3662a4e886>""},""playback_state"":""playing"",""playlist_size"":9,""present"":true,""uptime_sec"":198}"
180	188.868	2026-07-10T20:11:42+0000	success		2	<media-path:c58db4e1cc>	<media-path:c58db4e1cc>	<filename:9b95323d7d>	13.26325	30.805333	43.055045	false	false	false	318	v4l2request-copy	true	"{""aspect"":0.5625,""dh"":640,""dw"":360,""h"":640,""par"":1.0,""pixelformat"":""nv12"",""rotate"":0,""stereo-in"":""mono"",""w"":360}"	"{""duration"":""success"",""eof-reached"":""success"",""estimated-frame-number"":""success"",""filename"":""success"",""hwdec-current"":""success"",""idle-active"":""success"",""path"":""success"",""pause"":""success"",""percent-pos"":""success"",""time-pos"":""success"",""video-params"":""success"",""vo-configured"":""success""}"	true	playing	media-907addee8b	<media-path:c58db4e1cc>	30800	3	true	"{""black_screen_risk_reason"":""null"",""blocked_media_count"":0,""consecutive_failures"":0,""current_index"":3,""current_item"":{""alias"":""media-907addee8b"",""duration_ms"":30800,""offset_ms"":0,""path_alias"":""<media-path:c58db4e1cc>"",""started_at_present"":true},""last_poll_error"":""null"",""last_render_error"":""null"",""mpv_running"":true,""next_item"":{""alias"":""media-8e4d41f6c2"",""duration_ms"":7200,""path_alias"":""<media-path:3662a4e886>""},""playback_state"":""playing"",""playlist_size"":9,""present"":true,""uptime_sec"":198}"
181	189.872	2026-07-10T20:11:43+0000	success		2	<media-path:c58db4e1cc>	<media-path:c58db4e1cc>	<filename:9b95323d7d>	14.26425	30.805333	46.304482	false	false	false	342	v4l2request-copy	true	"{""aspect"":0.5625,""dh"":640,""dw"":360,""h"":640,""par"":1.0,""pixelformat"":""nv12"",""rotate"":0,""stereo-in"":""mono"",""w"":360}"	"{""duration"":""success"",""eof-reached"":""success"",""estimated-frame-number"":""success"",""filename"":""success"",""hwdec-current"":""success"",""idle-active"":""success"",""path"":""success"",""pause"":""success"",""percent-pos"":""success"",""time-pos"":""success"",""video-params"":""success"",""vo-configured"":""success""}"	true	playing	media-907addee8b	<media-path:c58db4e1cc>	30800	3	true	"{""black_screen_risk_reason"":""null"",""blocked_media_count"":0,""consecutive_failures"":0,""current_index"":3,""current_item"":{""alias"":""media-907addee8b"",""duration_ms"":30800,""offset_ms"":0,""path_alias"":""<media-path:c58db4e1cc>"",""started_at_present"":true},""last_poll_error"":""null"",""last_render_error"":""null"",""mpv_running"":true,""next_item"":{""alias"":""media-8e4d41f6c2"",""duration_ms"":7200,""path_alias"":""<media-path:3662a4e886>""},""playback_state"":""playing"",""playlist_size"":9,""present"":true,""uptime_sec"":198}"
182	190.875	2026-07-10T20:11:44+0000	success		2	<media-path:c58db4e1cc>	<media-path:c58db4e1cc>	<filename:9b95323d7d>	15.26525	30.805333	49.553919	false	false	false	366	v4l2request-copy	true	"{""aspect"":0.5625,""dh"":640,""dw"":360,""h"":640,""par"":1.0,""pixelformat"":""nv12"",""rotate"":0,""stereo-in"":""mono"",""w"":360}"	"{""duration"":""success"",""eof-reached"":""success"",""estimated-frame-number"":""success"",""filename"":""success"",""hwdec-current"":""success"",""idle-active"":""success"",""path"":""success"",""pause"":""success"",""percent-pos"":""success"",""time-pos"":""success"",""video-params"":""success"",""vo-configured"":""success""}"	true	playing	media-907addee8b	<media-path:c58db4e1cc>	30800	3	true	"{""black_screen_risk_reason"":""null"",""blocked_media_count"":0,""consecutive_failures"":0,""current_index"":3,""current_item"":{""alias"":""media-907addee8b"",""duration_ms"":30800,""offset_ms"":0,""path_alias"":""<media-path:c58db4e1cc>"",""started_at_present"":true},""last_poll_error"":""null"",""last_render_error"":""null"",""mpv_running"":true,""next_item"":{""alias"":""media-8e4d41f6c2"",""duration_ms"":7200,""path_alias"":""<media-path:3662a4e886>""},""playback_state"":""playing"",""playlist_size"":9,""present"":true,""uptime_sec"":203}"
183	191.881	2026-07-10T20:11:45+0000	success		2	<media-path:c58db4e1cc>	<media-path:c58db4e1cc>	<filename:9b95323d7d>	16.26625	30.805333	52.803357	false	false	false	390	v4l2request-copy	true	"{""aspect"":0.5625,""dh"":640,""dw"":360,""h"":640,""par"":1.0,""pixelformat"":""nv12"",""rotate"":0,""stereo-in"":""mono"",""w"":360}"	"{""duration"":""success"",""eof-reached"":""success"",""estimated-frame-number"":""success"",""filename"":""success"",""hwdec-current"":""success"",""idle-active"":""success"",""path"":""success"",""pause"":""success"",""percent-pos"":""success"",""time-pos"":""success"",""video-params"":""success"",""vo-configured"":""success""}"	true	playing	media-907addee8b	<media-path:c58db4e1cc>	30800	3	true	"{""black_screen_risk_reason"":""null"",""blocked_media_count"":0,""consecutive_failures"":0,""current_index"":3,""current_item"":{""alias"":""media-907addee8b"",""duration_ms"":30800,""offset_ms"":0,""path_alias"":""<media-path:c58db4e1cc>"",""started_at_present"":true},""last_poll_error"":""null"",""last_render_error"":""null"",""mpv_running"":true,""next_item"":{""alias"":""media-8e4d41f6c2"",""duration_ms"":7200,""path_alias"":""<media-path:3662a4e886>""},""playback_state"":""playing"",""playlist_size"":9,""present"":true,""uptime_sec"":203}"
184	192.884	2026-07-10T20:11:46+0000	success		2	<media-path:c58db4e1cc>	<media-path:c58db4e1cc>	<filename:9b95323d7d>	17.26725	30.805333	56.052794	false	false	false	414	v4l2request-copy	true	"{""aspect"":0.5625,""dh"":640,""dw"":360,""h"":640,""par"":1.0,""pixelformat"":""nv12"",""rotate"":0,""stereo-in"":""mono"",""w"":360}"	"{""duration"":""success"",""eof-reached"":""success"",""estimated-frame-number"":""success"",""filename"":""success"",""hwdec-current"":""success"",""idle-active"":""success"",""path"":""success"",""pause"":""success"",""percent-pos"":""success"",""time-pos"":""success"",""video-params"":""success"",""vo-configured"":""success""}"	true	playing	media-907addee8b	<media-path:c58db4e1cc>	30800	3	true	"{""black_screen_risk_reason"":""null"",""blocked_media_count"":0,""consecutive_failures"":0,""current_index"":3,""current_item"":{""alias"":""media-907addee8b"",""duration_ms"":30800,""offset_ms"":0,""path_alias"":""<media-path:c58db4e1cc>"",""started_at_present"":true},""last_poll_error"":""null"",""last_render_error"":""null"",""mpv_running"":true,""next_item"":{""alias"":""media-8e4d41f6c2"",""duration_ms"":7200,""path_alias"":""<media-path:3662a4e886>""},""playback_state"":""playing"",""playlist_size"":9,""present"":true,""uptime_sec"":203}"
185	193.888	2026-07-10T20:11:47+0000	success		2	<media-path:c58db4e1cc>	<media-path:c58db4e1cc>	<filename:9b95323d7d>	18.309958	30.805333	59.437624	false	false	false	439	v4l2request-copy	true	"{""aspect"":0.5625,""dh"":640,""dw"":360,""h"":640,""par"":1.0,""pixelformat"":""nv12"",""rotate"":0,""stereo-in"":""mono"",""w"":360}"	"{""duration"":""success"",""eof-reached"":""success"",""estimated-frame-number"":""success"",""filename"":""success"",""hwdec-current"":""success"",""idle-active"":""success"",""path"":""success"",""pause"":""success"",""percent-pos"":""success"",""time-pos"":""success"",""video-params"":""success"",""vo-configured"":""success""}"	true	playing	media-907addee8b	<media-path:c58db4e1cc>	30800	3	true	"{""black_screen_risk_reason"":""null"",""blocked_media_count"":0,""consecutive_failures"":0,""current_index"":3,""current_item"":{""alias"":""media-907addee8b"",""duration_ms"":30800,""offset_ms"":0,""path_alias"":""<media-path:c58db4e1cc>"",""started_at_present"":true},""last_poll_error"":""null"",""last_render_error"":""null"",""mpv_running"":true,""next_item"":{""alias"":""media-8e4d41f6c2"",""duration_ms"":7200,""path_alias"":""<media-path:3662a4e886>""},""playback_state"":""playing"",""playlist_size"":9,""present"":true,""uptime_sec"":203}"
186	194.892	2026-07-10T20:11:48+0000	success		2	<media-path:c58db4e1cc>	<media-path:c58db4e1cc>	<filename:9b95323d7d>	19.310958	30.805333	62.687062	false	false	false	463	v4l2request-copy	true	"{""aspect"":0.5625,""dh"":640,""dw"":360,""h"":640,""par"":1.0,""pixelformat"":""nv12"",""rotate"":0,""stereo-in"":""mono"",""w"":360}"	"{""duration"":""success"",""eof-reached"":""success"",""estimated-frame-number"":""success"",""filename"":""success"",""hwdec-current"":""success"",""idle-active"":""success"",""path"":""success"",""pause"":""success"",""percent-pos"":""success"",""time-pos"":""success"",""video-params"":""success"",""vo-configured"":""success""}"	true	playing	media-907addee8b	<media-path:c58db4e1cc>	30800	3	true	"{""black_screen_risk_reason"":""null"",""blocked_media_count"":0,""consecutive_failures"":0,""current_index"":3,""current_item"":{""alias"":""media-907addee8b"",""duration_ms"":30800,""offset_ms"":0,""path_alias"":""<media-path:c58db4e1cc>"",""started_at_present"":true},""last_poll_error"":""null"",""last_render_error"":""null"",""mpv_running"":true,""next_item"":{""alias"":""media-8e4d41f6c2"",""duration_ms"":7200,""path_alias"":""<media-path:3662a4e886>""},""playback_state"":""playing"",""playlist_size"":9,""present"":true,""uptime_sec"":208}"
187	195.896	2026-07-10T20:11:49+0000	success		3	<media-path:c58db4e1cc>	<media-path:c58db4e1cc>	<filename:9b95323d7d>	20.311958	30.805333	65.936499	false	false	false	487	v4l2request-copy	true	"{""aspect"":0.5625,""dh"":640,""dw"":360,""h"":640,""par"":1.0,""pixelformat"":""nv12"",""rotate"":0,""stereo-in"":""mono"",""w"":360}"	"{""duration"":""success"",""eof-reached"":""success"",""estimated-frame-number"":""success"",""filename"":""success"",""hwdec-current"":""success"",""idle-active"":""success"",""path"":""success"",""pause"":""success"",""percent-pos"":""success"",""time-pos"":""success"",""video-params"":""success"",""vo-configured"":""success""}"	true	playing	media-907addee8b	<media-path:c58db4e1cc>	30800	3	true	"{""black_screen_risk_reason"":""null"",""blocked_media_count"":0,""consecutive_failures"":0,""current_index"":3,""current_item"":{""alias"":""media-907addee8b"",""duration_ms"":30800,""offset_ms"":0,""path_alias"":""<media-path:c58db4e1cc>"",""started_at_present"":true},""last_poll_error"":""null"",""last_render_error"":""null"",""mpv_running"":true,""next_item"":{""alias"":""media-8e4d41f6c2"",""duration_ms"":7200,""path_alias"":""<media-path:3662a4e886>""},""playback_state"":""playing"",""playlist_size"":9,""present"":true,""uptime_sec"":208}"
188	196.903	2026-07-10T20:11:50+0000	success		5	<media-path:c58db4e1cc>	<media-path:c58db4e1cc>	<filename:9b95323d7d>	21.312958	30.805333	69.185936	false	false	false	511	v4l2request-copy	true	"{""aspect"":0.5625,""dh"":640,""dw"":360,""h"":640,""par"":1.0,""pixelformat"":""nv12"",""rotate"":0,""stereo-in"":""mono"",""w"":360}"	"{""duration"":""success"",""eof-reached"":""success"",""estimated-frame-number"":""success"",""filename"":""success"",""hwdec-current"":""success"",""idle-active"":""success"",""path"":""success"",""pause"":""success"",""percent-pos"":""success"",""time-pos"":""success"",""video-params"":""success"",""vo-configured"":""success""}"	true	playing	media-907addee8b	<media-path:c58db4e1cc>	30800	3	true	"{""black_screen_risk_reason"":""null"",""blocked_media_count"":0,""consecutive_failures"":0,""current_index"":3,""current_item"":{""alias"":""media-907addee8b"",""duration_ms"":30800,""offset_ms"":0,""path_alias"":""<media-path:c58db4e1cc>"",""started_at_present"":true},""last_poll_error"":""null"",""last_render_error"":""null"",""mpv_running"":true,""next_item"":{""alias"":""media-8e4d41f6c2"",""duration_ms"":7200,""path_alias"":""<media-path:3662a4e886>""},""playback_state"":""playing"",""playlist_size"":9,""present"":true,""uptime_sec"":208}"
189	197.911	2026-07-10T20:11:51+0000	success		2	<media-path:c58db4e1cc>	<media-path:c58db4e1cc>	<filename:9b95323d7d>	22.313958	30.805333	72.435374	false	false	false	535	v4l2request-copy	true	"{""aspect"":0.5625,""dh"":640,""dw"":360,""h"":640,""par"":1.0,""pixelformat"":""nv12"",""rotate"":0,""stereo-in"":""mono"",""w"":360}"	"{""duration"":""success"",""eof-reached"":""success"",""estimated-frame-number"":""success"",""filename"":""success"",""hwdec-current"":""success"",""idle-active"":""success"",""path"":""success"",""pause"":""success"",""percent-pos"":""success"",""time-pos"":""success"",""video-params"":""success"",""vo-configured"":""success""}"	true	playing	media-907addee8b	<media-path:c58db4e1cc>	30800	3	true	"{""black_screen_risk_reason"":""null"",""blocked_media_count"":0,""consecutive_failures"":0,""current_index"":3,""current_item"":{""alias"":""media-907addee8b"",""duration_ms"":30800,""offset_ms"":0,""path_alias"":""<media-path:c58db4e1cc>"",""started_at_present"":true},""last_poll_error"":""null"",""last_render_error"":""null"",""mpv_running"":true,""next_item"":{""alias"":""media-8e4d41f6c2"",""duration_ms"":7200,""path_alias"":""<media-path:3662a4e886>""},""playback_state"":""playing"",""playlist_size"":9,""present"":true,""uptime_sec"":208}"
190	198.915	2026-07-10T20:11:52+0000	success		2	<media-path:c58db4e1cc>	<media-path:c58db4e1cc>	<filename:9b95323d7d>	23.314958	30.805333	75.684811	false	false	false	559	v4l2request-copy	true	"{""aspect"":0.5625,""dh"":640,""dw"":360,""h"":640,""par"":1.0,""pixelformat"":""nv12"",""rotate"":0,""stereo-in"":""mono"",""w"":360}"	"{""duration"":""success"",""eof-reached"":""success"",""estimated-frame-number"":""success"",""filename"":""success"",""hwdec-current"":""success"",""idle-active"":""success"",""path"":""success"",""pause"":""success"",""percent-pos"":""success"",""time-pos"":""success"",""video-params"":""success"",""vo-configured"":""success""}"	true	playing	media-907addee8b	<media-path:c58db4e1cc>	30800	3	true	"{""black_screen_risk_reason"":""null"",""blocked_media_count"":0,""consecutive_failures"":0,""current_index"":3,""current_item"":{""alias"":""media-907addee8b"",""duration_ms"":30800,""offset_ms"":0,""path_alias"":""<media-path:c58db4e1cc>"",""started_at_present"":true},""last_poll_error"":""null"",""last_render_error"":""null"",""mpv_running"":true,""next_item"":{""alias"":""media-8e4d41f6c2"",""duration_ms"":7200,""path_alias"":""<media-path:3662a4e886>""},""playback_state"":""playing"",""playlist_size"":9,""present"":true,""uptime_sec"":208}"
191	199.919	2026-07-10T20:11:53+0000	success		2	<media-path:c58db4e1cc>	<media-path:c58db4e1cc>	<filename:9b95323d7d>	24.315958	30.805333	78.934248	false	false	false	583	v4l2request-copy	true	"{""aspect"":0.5625,""dh"":640,""dw"":360,""h"":640,""par"":1.0,""pixelformat"":""nv12"",""rotate"":0,""stereo-in"":""mono"",""w"":360}"	"{""duration"":""success"",""eof-reached"":""success"",""estimated-frame-number"":""success"",""filename"":""success"",""hwdec-current"":""success"",""idle-active"":""success"",""path"":""success"",""pause"":""success"",""percent-pos"":""success"",""time-pos"":""success"",""video-params"":""success"",""vo-configured"":""success""}"	true	playing	media-907addee8b	<media-path:c58db4e1cc>	30800	3	true	"{""black_screen_risk_reason"":""null"",""blocked_media_count"":0,""consecutive_failures"":0,""current_index"":3,""current_item"":{""alias"":""media-907addee8b"",""duration_ms"":30800,""offset_ms"":0,""path_alias"":""<media-path:c58db4e1cc>"",""started_at_present"":true},""last_poll_error"":""null"",""last_render_error"":""null"",""mpv_running"":true,""next_item"":{""alias"":""media-8e4d41f6c2"",""duration_ms"":7200,""path_alias"":""<media-path:3662a4e886>""},""playback_state"":""playing"",""playlist_size"":9,""present"":true,""uptime_sec"":213}"
192	200.923	2026-07-10T20:11:54+0000	success		3	<media-path:c58db4e1cc>	<media-path:c58db4e1cc>	<filename:9b95323d7d>	25.316958	30.805333	82.183686	false	false	false	607	v4l2request-copy	true	"{""aspect"":0.5625,""dh"":640,""dw"":360,""h"":640,""par"":1.0,""pixelformat"":""nv12"",""rotate"":0,""stereo-in"":""mono"",""w"":360}"	"{""duration"":""success"",""eof-reached"":""success"",""estimated-frame-number"":""success"",""filename"":""success"",""hwdec-current"":""success"",""idle-active"":""success"",""path"":""success"",""pause"":""success"",""percent-pos"":""success"",""time-pos"":""success"",""video-params"":""success"",""vo-configured"":""success""}"	true	playing	media-907addee8b	<media-path:c58db4e1cc>	30800	3	true	"{""black_screen_risk_reason"":""null"",""blocked_media_count"":0,""consecutive_failures"":0,""current_index"":3,""current_item"":{""alias"":""media-907addee8b"",""duration_ms"":30800,""offset_ms"":0,""path_alias"":""<media-path:c58db4e1cc>"",""started_at_present"":true},""last_poll_error"":""null"",""last_render_error"":""null"",""mpv_running"":true,""next_item"":{""alias"":""media-8e4d41f6c2"",""duration_ms"":7200,""path_alias"":""<media-path:3662a4e886>""},""playback_state"":""playing"",""playlist_size"":9,""present"":true,""uptime_sec"":213}"
193	201.929	2026-07-10T20:11:55+0000	success		2	<media-path:c58db4e1cc>	<media-path:c58db4e1cc>	<filename:9b95323d7d>	26.317958	30.805333	85.433123	false	false	false	630	v4l2request-copy	true	"{""aspect"":0.5625,""dh"":640,""dw"":360,""h"":640,""par"":1.0,""pixelformat"":""nv12"",""rotate"":0,""stereo-in"":""mono"",""w"":360}"	"{""duration"":""success"",""eof-reached"":""success"",""estimated-frame-number"":""success"",""filename"":""success"",""hwdec-current"":""success"",""idle-active"":""success"",""path"":""success"",""pause"":""success"",""percent-pos"":""success"",""time-pos"":""success"",""video-params"":""success"",""vo-configured"":""success""}"	true	playing	media-907addee8b	<media-path:c58db4e1cc>	30800	3	true	"{""black_screen_risk_reason"":""null"",""blocked_media_count"":0,""consecutive_failures"":0,""current_index"":3,""current_item"":{""alias"":""media-907addee8b"",""duration_ms"":30800,""offset_ms"":0,""path_alias"":""<media-path:c58db4e1cc>"",""started_at_present"":true},""last_poll_error"":""null"",""last_render_error"":""null"",""mpv_running"":true,""next_item"":{""alias"":""media-8e4d41f6c2"",""duration_ms"":7200,""path_alias"":""<media-path:3662a4e886>""},""playback_state"":""playing"",""playlist_size"":9,""present"":true,""uptime_sec"":213}"
194	202.932	2026-07-10T20:11:56+0000	success		2	<media-path:c58db4e1cc>	<media-path:c58db4e1cc>	<filename:9b95323d7d>	27.318958	30.805333	88.68256	false	false	false	654	v4l2request-copy	true	"{""aspect"":0.5625,""dh"":640,""dw"":360,""h"":640,""par"":1.0,""pixelformat"":""nv12"",""rotate"":0,""stereo-in"":""mono"",""w"":360}"	"{""duration"":""success"",""eof-reached"":""success"",""estimated-frame-number"":""success"",""filename"":""success"",""hwdec-current"":""success"",""idle-active"":""success"",""path"":""success"",""pause"":""success"",""percent-pos"":""success"",""time-pos"":""success"",""video-params"":""success"",""vo-configured"":""success""}"	true	playing	media-907addee8b	<media-path:c58db4e1cc>	30800	3	true	"{""black_screen_risk_reason"":""null"",""blocked_media_count"":0,""consecutive_failures"":0,""current_index"":3,""current_item"":{""alias"":""media-907addee8b"",""duration_ms"":30800,""offset_ms"":0,""path_alias"":""<media-path:c58db4e1cc>"",""started_at_present"":true},""last_poll_error"":""null"",""last_render_error"":""null"",""mpv_running"":true,""next_item"":{""alias"":""media-8e4d41f6c2"",""duration_ms"":7200,""path_alias"":""<media-path:3662a4e886>""},""playback_state"":""playing"",""playlist_size"":9,""present"":true,""uptime_sec"":213}"
195	203.936	2026-07-10T20:11:57+0000	success		2	<media-path:c58db4e1cc>	<media-path:c58db4e1cc>	<filename:9b95323d7d>	28.319958	30.805333	91.931998	false	false	false	678	v4l2request-copy	true	"{""aspect"":0.5625,""dh"":640,""dw"":360,""h"":640,""par"":1.0,""pixelformat"":""nv12"",""rotate"":0,""stereo-in"":""mono"",""w"":360}"	"{""duration"":""success"",""eof-reached"":""success"",""estimated-frame-number"":""success"",""filename"":""success"",""hwdec-current"":""success"",""idle-active"":""success"",""path"":""success"",""pause"":""success"",""percent-pos"":""success"",""time-pos"":""success"",""video-params"":""success"",""vo-configured"":""success""}"	true	playing	media-907addee8b	<media-path:c58db4e1cc>	30800	3	true	"{""black_screen_risk_reason"":""null"",""blocked_media_count"":0,""consecutive_failures"":0,""current_index"":3,""current_item"":{""alias"":""media-907addee8b"",""duration_ms"":30800,""offset_ms"":0,""path_alias"":""<media-path:c58db4e1cc>"",""started_at_present"":true},""last_poll_error"":""null"",""last_render_error"":""null"",""mpv_running"":true,""next_item"":{""alias"":""media-8e4d41f6c2"",""duration_ms"":7200,""path_alias"":""<media-path:3662a4e886>""},""playback_state"":""playing"",""playlist_size"":9,""present"":true,""uptime_sec"":213}"
196	204.942	2026-07-10T20:11:58+0000	success		2	<media-path:c58db4e1cc>	<media-path:c58db4e1cc>	<filename:9b95323d7d>	29.362667	30.805333	95.316828	false	false	false	703	v4l2request-copy	true	"{""aspect"":0.5625,""dh"":640,""dw"":360,""h"":640,""par"":1.0,""pixelformat"":""nv12"",""rotate"":0,""stereo-in"":""mono"",""w"":360}"	"{""duration"":""success"",""eof-reached"":""success"",""estimated-frame-number"":""success"",""filename"":""success"",""hwdec-current"":""success"",""idle-active"":""success"",""path"":""success"",""pause"":""success"",""percent-pos"":""success"",""time-pos"":""success"",""video-params"":""success"",""vo-configured"":""success""}"	true	playing	media-907addee8b	<media-path:c58db4e1cc>	30800	3	true	"{""black_screen_risk_reason"":""null"",""blocked_media_count"":0,""consecutive_failures"":0,""current_index"":3,""current_item"":{""alias"":""media-907addee8b"",""duration_ms"":30800,""offset_ms"":0,""path_alias"":""<media-path:c58db4e1cc>"",""started_at_present"":true},""last_poll_error"":""null"",""last_render_error"":""null"",""mpv_running"":true,""next_item"":{""alias"":""media-8e4d41f6c2"",""duration_ms"":7200,""path_alias"":""<media-path:3662a4e886>""},""playback_state"":""playing"",""playlist_size"":9,""present"":true,""uptime_sec"":218}"
197	205.946	2026-07-10T20:11:59+0000	success		6	<media-path:c58db4e1cc>	<media-path:c58db4e1cc>	<filename:9b95323d7d>	30.363667	30.805333	98.566266	false	false	false	727	v4l2request-copy	true	"{""aspect"":0.5625,""dh"":640,""dw"":360,""h"":640,""par"":1.0,""pixelformat"":""nv12"",""rotate"":0,""stereo-in"":""mono"",""w"":360}"	"{""duration"":""success"",""eof-reached"":""success"",""estimated-frame-number"":""success"",""filename"":""success"",""hwdec-current"":""success"",""idle-active"":""success"",""path"":""success"",""pause"":""success"",""percent-pos"":""success"",""time-pos"":""success"",""video-params"":""success"",""vo-configured"":""success""}"	true	playing	media-907addee8b	<media-path:c58db4e1cc>	30800	3	true	"{""black_screen_risk_reason"":""null"",""blocked_media_count"":0,""consecutive_failures"":0,""current_index"":3,""current_item"":{""alias"":""media-907addee8b"",""duration_ms"":30800,""offset_ms"":0,""path_alias"":""<media-path:c58db4e1cc>"",""started_at_present"":true},""last_poll_error"":""null"",""last_render_error"":""null"",""mpv_running"":true,""next_item"":{""alias"":""media-8e4d41f6c2"",""duration_ms"":7200,""path_alias"":""<media-path:3662a4e886>""},""playback_state"":""playing"",""playlist_size"":9,""present"":true,""uptime_sec"":218}"
198	206.955	2026-07-10T20:12:00+0000	success		2	<media-path:3662a4e886>	<media-path:3662a4e886>	<filename:0a2aeee29a>	0.433333	7.221406	6.000678	false	false	false	13	v4l2request-copy	true	"{""aspect"":0.5625,""dh"":1024,""dw"":576,""h"":1024,""par"":1.0,""pixelformat"":""nv12"",""rotate"":0,""stereo-in"":""mono"",""w"":576}"	"{""duration"":""success"",""eof-reached"":""success"",""estimated-frame-number"":""success"",""filename"":""success"",""hwdec-current"":""success"",""idle-active"":""success"",""path"":""success"",""pause"":""success"",""percent-pos"":""success"",""time-pos"":""success"",""video-params"":""success"",""vo-configured"":""success""}"	true	playing	media-907addee8b	<media-path:c58db4e1cc>	30800	3	true	"{""black_screen_risk_reason"":""null"",""blocked_media_count"":0,""consecutive_failures"":0,""current_index"":3,""current_item"":{""alias"":""media-907addee8b"",""duration_ms"":30800,""offset_ms"":0,""path_alias"":""<media-path:c58db4e1cc>"",""started_at_present"":true},""last_poll_error"":""null"",""last_render_error"":""null"",""mpv_running"":true,""next_item"":{""alias"":""media-8e4d41f6c2"",""duration_ms"":7200,""path_alias"":""<media-path:3662a4e886>""},""playback_state"":""playing"",""playlist_size"":9,""present"":true,""uptime_sec"":218}"
199	207.960	2026-07-10T20:12:01+0000	success		2	<media-path:3662a4e886>	<media-path:3662a4e886>	<filename:0a2aeee29a>	1.433333	7.221406	19.848397	false	false	false	43	v4l2request-copy	true	"{""aspect"":0.5625,""dh"":1024,""dw"":576,""h"":1024,""par"":1.0,""pixelformat"":""nv12"",""rotate"":0,""stereo-in"":""mono"",""w"":576}"	"{""duration"":""success"",""eof-reached"":""success"",""estimated-frame-number"":""success"",""filename"":""success"",""hwdec-current"":""success"",""idle-active"":""success"",""path"":""success"",""pause"":""success"",""percent-pos"":""success"",""time-pos"":""success"",""video-params"":""success"",""vo-configured"":""success""}"	true	playing	media-907addee8b	<media-path:c58db4e1cc>	30800	3	true	"{""black_screen_risk_reason"":""null"",""blocked_media_count"":0,""consecutive_failures"":0,""current_index"":3,""current_item"":{""alias"":""media-907addee8b"",""duration_ms"":30800,""offset_ms"":0,""path_alias"":""<media-path:c58db4e1cc>"",""started_at_present"":true},""last_poll_error"":""null"",""last_render_error"":""null"",""mpv_running"":true,""next_item"":{""alias"":""media-8e4d41f6c2"",""duration_ms"":7200,""path_alias"":""<media-path:3662a4e886>""},""playback_state"":""playing"",""playlist_size"":9,""present"":true,""uptime_sec"":218}"
200	208.964	2026-07-10T20:12:02+0000	success		2	<media-path:3662a4e886>	<media-path:3662a4e886>	<filename:0a2aeee29a>	2.433333	7.221406	33.696116	false	false	false	72	v4l2request-copy	true	"{""aspect"":0.5625,""dh"":1024,""dw"":576,""h"":1024,""par"":1.0,""pixelformat"":""nv12"",""rotate"":0,""stereo-in"":""mono"",""w"":576}"	"{""duration"":""success"",""eof-reached"":""success"",""estimated-frame-number"":""success"",""filename"":""success"",""hwdec-current"":""success"",""idle-active"":""success"",""path"":""success"",""pause"":""success"",""percent-pos"":""success"",""time-pos"":""success"",""video-params"":""success"",""vo-configured"":""success""}"	true	playing	media-907addee8b	<media-path:c58db4e1cc>	30800	3	true	"{""black_screen_risk_reason"":""null"",""blocked_media_count"":0,""consecutive_failures"":0,""current_index"":3,""current_item"":{""alias"":""media-907addee8b"",""duration_ms"":30800,""offset_ms"":0,""path_alias"":""<media-path:c58db4e1cc>"",""started_at_present"":true},""last_poll_error"":""null"",""last_render_error"":""null"",""mpv_running"":true,""next_item"":{""alias"":""media-8e4d41f6c2"",""duration_ms"":7200,""path_alias"":""<media-path:3662a4e886>""},""playback_state"":""playing"",""playlist_size"":9,""present"":true,""uptime_sec"":218}"
201	209.970	2026-07-10T20:12:03+0000	success		14	<media-path:3662a4e886>	<media-path:3662a4e886>	<filename:0a2aeee29a>	3.433333	7.221406	47.543835	false	false	false	102	v4l2request-copy	true	"{""aspect"":0.5625,""dh"":1024,""dw"":576,""h"":1024,""par"":1.0,""pixelformat"":""nv12"",""rotate"":0,""stereo-in"":""mono"",""w"":576}"	"{""duration"":""success"",""eof-reached"":""success"",""estimated-frame-number"":""success"",""filename"":""success"",""hwdec-current"":""success"",""idle-active"":""success"",""path"":""success"",""pause"":""success"",""percent-pos"":""success"",""time-pos"":""success"",""video-params"":""success"",""vo-configured"":""success""}"	true	playing	media-8e4d41f6c2	<media-path:3662a4e886>	7200	4	true	"{""black_screen_risk_reason"":""null"",""blocked_media_count"":0,""consecutive_failures"":0,""current_index"":4,""current_item"":{""alias"":""media-8e4d41f6c2"",""duration_ms"":7200,""offset_ms"":0,""path_alias"":""<media-path:3662a4e886>"",""started_at_present"":true},""last_poll_error"":""null"",""last_render_error"":""null"",""mpv_running"":true,""next_item"":{""alias"":""media-fba32b0055"",""duration_ms"":5100,""path_alias"":""<media-path:97100fcdae>""},""playback_state"":""playing"",""playlist_size"":9,""present"":true,""uptime_sec"":223}"
202	210.986	2026-07-10T20:12:04+0000	success		2	<media-path:3662a4e886>	<media-path:3662a4e886>	<filename:0a2aeee29a>	4.466667	7.221406	61.853145	false	false	false	133	v4l2request-copy	true	"{""aspect"":0.5625,""dh"":1024,""dw"":576,""h"":1024,""par"":1.0,""pixelformat"":""nv12"",""rotate"":0,""stereo-in"":""mono"",""w"":576}"	"{""duration"":""success"",""eof-reached"":""success"",""estimated-frame-number"":""success"",""filename"":""success"",""hwdec-current"":""success"",""idle-active"":""success"",""path"":""success"",""pause"":""success"",""percent-pos"":""success"",""time-pos"":""success"",""video-params"":""success"",""vo-configured"":""success""}"	true	playing	media-8e4d41f6c2	<media-path:3662a4e886>	7200	4	true	"{""black_screen_risk_reason"":""null"",""blocked_media_count"":0,""consecutive_failures"":0,""current_index"":4,""current_item"":{""alias"":""media-8e4d41f6c2"",""duration_ms"":7200,""offset_ms"":0,""path_alias"":""<media-path:3662a4e886>"",""started_at_present"":true},""last_poll_error"":""null"",""last_render_error"":""null"",""mpv_running"":true,""next_item"":{""alias"":""media-fba32b0055"",""duration_ms"":5100,""path_alias"":""<media-path:97100fcdae>""},""playback_state"":""playing"",""playlist_size"":9,""present"":true,""uptime_sec"":223}"
203	211.992	2026-07-10T20:12:05+0000	success		2	<media-path:3662a4e886>	<media-path:3662a4e886>	<filename:0a2aeee29a>	5.466667	7.221406	75.700864	false	false	false	163	v4l2request-copy	true	"{""aspect"":0.5625,""dh"":1024,""dw"":576,""h"":1024,""par"":1.0,""pixelformat"":""nv12"",""rotate"":0,""stereo-in"":""mono"",""w"":576}"	"{""duration"":""success"",""eof-reached"":""success"",""estimated-frame-number"":""success"",""filename"":""success"",""hwdec-current"":""success"",""idle-active"":""success"",""path"":""success"",""pause"":""success"",""percent-pos"":""success"",""time-pos"":""success"",""video-params"":""success"",""vo-configured"":""success""}"	true	playing	media-8e4d41f6c2	<media-path:3662a4e886>	7200	4	true	"{""black_screen_risk_reason"":""null"",""blocked_media_count"":0,""consecutive_failures"":0,""current_index"":4,""current_item"":{""alias"":""media-8e4d41f6c2"",""duration_ms"":7200,""offset_ms"":0,""path_alias"":""<media-path:3662a4e886>"",""started_at_present"":true},""last_poll_error"":""null"",""last_render_error"":""null"",""mpv_running"":true,""next_item"":{""alias"":""media-fba32b0055"",""duration_ms"":5100,""path_alias"":""<media-path:97100fcdae>""},""playback_state"":""playing"",""playlist_size"":9,""present"":true,""uptime_sec"":223}"
204	212.996	2026-07-10T20:12:06+0000	success		2	<media-path:3662a4e886>	<media-path:3662a4e886>	<filename:0a2aeee29a>	6.466667	7.221406	89.548583	false	false	false	193	v4l2request-copy	true	"{""aspect"":0.5625,""dh"":1024,""dw"":576,""h"":1024,""par"":1.0,""pixelformat"":""nv12"",""rotate"":0,""stereo-in"":""mono"",""w"":576}"	"{""duration"":""success"",""eof-reached"":""success"",""estimated-frame-number"":""success"",""filename"":""success"",""hwdec-current"":""success"",""idle-active"":""success"",""path"":""success"",""pause"":""success"",""percent-pos"":""success"",""time-pos"":""success"",""video-params"":""success"",""vo-configured"":""success""}"	true	playing	media-8e4d41f6c2	<media-path:3662a4e886>	7200	4	true	"{""black_screen_risk_reason"":""null"",""blocked_media_count"":0,""consecutive_failures"":0,""current_index"":4,""current_item"":{""alias"":""media-8e4d41f6c2"",""duration_ms"":7200,""offset_ms"":0,""path_alias"":""<media-path:3662a4e886>"",""started_at_present"":true},""last_poll_error"":""null"",""last_render_error"":""null"",""mpv_running"":true,""next_item"":{""alias"":""media-fba32b0055"",""duration_ms"":5100,""path_alias"":""<media-path:97100fcdae>""},""playback_state"":""playing"",""playlist_size"":9,""present"":true,""uptime_sec"":223}"
205	214.000	2026-07-10T20:12:07+0000	success		8	<media-path:97100fcdae>	<media-path:97100fcdae>	<filename:a4bfef2b1b>	0.2	5.06195	3.951046	false	false	false	6	v4l2request-copy	true	"{""aspect"":0.697674,""dh"":688,""dw"":480,""h"":688,""par"":1.0,""pixelformat"":""nv12"",""rotate"":0,""stereo-in"":""mono"",""w"":480}"	"{""duration"":""success"",""eof-reached"":""success"",""estimated-frame-number"":""success"",""filename"":""success"",""hwdec-current"":""success"",""idle-active"":""success"",""path"":""success"",""pause"":""success"",""percent-pos"":""success"",""time-pos"":""success"",""video-params"":""success"",""vo-configured"":""success""}"	true	playing	media-8e4d41f6c2	<media-path:3662a4e886>	7200	4	true	"{""black_screen_risk_reason"":""null"",""blocked_media_count"":0,""consecutive_failures"":0,""current_index"":4,""current_item"":{""alias"":""media-8e4d41f6c2"",""duration_ms"":7200,""offset_ms"":0,""path_alias"":""<media-path:3662a4e886>"",""started_at_present"":true},""last_poll_error"":""null"",""last_render_error"":""null"",""mpv_running"":true,""next_item"":{""alias"":""media-fba32b0055"",""duration_ms"":5100,""path_alias"":""<media-path:97100fcdae>""},""playback_state"":""playing"",""playlist_size"":9,""present"":true,""uptime_sec"":223}"
206	215.010	2026-07-10T20:12:08+0000	success		3	<media-path:97100fcdae>	<media-path:97100fcdae>	<filename:a4bfef2b1b>	1.2	5.06195	23.706279	false	false	false	36	v4l2request-copy	true	"{""aspect"":0.697674,""dh"":688,""dw"":480,""h"":688,""par"":1.0,""pixelformat"":""nv12"",""rotate"":0,""stereo-in"":""mono"",""w"":480}"	"{""duration"":""success"",""eof-reached"":""success"",""estimated-frame-number"":""success"",""filename"":""success"",""hwdec-current"":""success"",""idle-active"":""success"",""path"":""success"",""pause"":""success"",""percent-pos"":""success"",""time-pos"":""success"",""video-params"":""success"",""vo-configured"":""success""}"	true	playing	media-fba32b0055	<media-path:97100fcdae>	5100	5	true	"{""black_screen_risk_reason"":""null"",""blocked_media_count"":0,""consecutive_failures"":0,""current_index"":5,""current_item"":{""alias"":""media-fba32b0055"",""duration_ms"":5100,""offset_ms"":0,""path_alias"":""<media-path:97100fcdae>"",""started_at_present"":true},""last_poll_error"":""null"",""last_render_error"":""null"",""mpv_running"":true,""next_item"":{""alias"":""media-749f1db21b"",""duration_ms"":3900,""path_alias"":""<media-path:31af3d58a2>""},""playback_state"":""playing"",""playlist_size"":9,""present"":true,""uptime_sec"":228}"
207	216.016	2026-07-10T20:12:09+0000	success		2	<media-path:97100fcdae>	<media-path:97100fcdae>	<filename:a4bfef2b1b>	2.2	5.06195	43.461511	false	false	false	66	v4l2request-copy	true	"{""aspect"":0.697674,""dh"":688,""dw"":480,""h"":688,""par"":1.0,""pixelformat"":""nv12"",""rotate"":0,""stereo-in"":""mono"",""w"":480}"	"{""duration"":""success"",""eof-reached"":""success"",""estimated-frame-number"":""success"",""filename"":""success"",""hwdec-current"":""success"",""idle-active"":""success"",""path"":""success"",""pause"":""success"",""percent-pos"":""success"",""time-pos"":""success"",""video-params"":""success"",""vo-configured"":""success""}"	true	playing	media-fba32b0055	<media-path:97100fcdae>	5100	5	true	"{""black_screen_risk_reason"":""null"",""blocked_media_count"":0,""consecutive_failures"":0,""current_index"":5,""current_item"":{""alias"":""media-fba32b0055"",""duration_ms"":5100,""offset_ms"":0,""path_alias"":""<media-path:97100fcdae>"",""started_at_present"":true},""last_poll_error"":""null"",""last_render_error"":""null"",""mpv_running"":true,""next_item"":{""alias"":""media-749f1db21b"",""duration_ms"":3900,""path_alias"":""<media-path:31af3d58a2>""},""playback_state"":""playing"",""playlist_size"":9,""present"":true,""uptime_sec"":228}"
208	217.020	2026-07-10T20:12:10+0000	success		2	<media-path:97100fcdae>	<media-path:97100fcdae>	<filename:a4bfef2b1b>	3.2	5.06195	63.216743	false	false	false	95	v4l2request-copy	true	"{""aspect"":0.697674,""dh"":688,""dw"":480,""h"":688,""par"":1.0,""pixelformat"":""nv12"",""rotate"":0,""stereo-in"":""mono"",""w"":480}"	"{""duration"":""success"",""eof-reached"":""success"",""estimated-frame-number"":""success"",""filename"":""success"",""hwdec-current"":""success"",""idle-active"":""success"",""path"":""success"",""pause"":""success"",""percent-pos"":""success"",""time-pos"":""success"",""video-params"":""success"",""vo-configured"":""success""}"	true	playing	media-fba32b0055	<media-path:97100fcdae>	5100	5	true	"{""black_screen_risk_reason"":""null"",""blocked_media_count"":0,""consecutive_failures"":0,""current_index"":5,""current_item"":{""alias"":""media-fba32b0055"",""duration_ms"":5100,""offset_ms"":0,""path_alias"":""<media-path:97100fcdae>"",""started_at_present"":true},""last_poll_error"":""null"",""last_render_error"":""null"",""mpv_running"":true,""next_item"":{""alias"":""media-749f1db21b"",""duration_ms"":3900,""path_alias"":""<media-path:31af3d58a2>""},""playback_state"":""playing"",""playlist_size"":9,""present"":true,""uptime_sec"":228}"
209	218.024	2026-07-10T20:12:11+0000	success		2	<media-path:97100fcdae>	<media-path:97100fcdae>	<filename:a4bfef2b1b>	4.233333	5.06195	83.630483	false	false	false	126	v4l2request-copy	true	"{""aspect"":0.697674,""dh"":688,""dw"":480,""h"":688,""par"":1.0,""pixelformat"":""nv12"",""rotate"":0,""stereo-in"":""mono"",""w"":480}"	"{""duration"":""success"",""eof-reached"":""success"",""estimated-frame-number"":""success"",""filename"":""success"",""hwdec-current"":""success"",""idle-active"":""success"",""path"":""success"",""pause"":""success"",""percent-pos"":""success"",""time-pos"":""success"",""video-params"":""success"",""vo-configured"":""success""}"	true	playing	media-fba32b0055	<media-path:97100fcdae>	5100	5	true	"{""black_screen_risk_reason"":""null"",""blocked_media_count"":0,""consecutive_failures"":0,""current_index"":5,""current_item"":{""alias"":""media-fba32b0055"",""duration_ms"":5100,""offset_ms"":0,""path_alias"":""<media-path:97100fcdae>"",""started_at_present"":true},""last_poll_error"":""null"",""last_render_error"":""null"",""mpv_running"":true,""next_item"":{""alias"":""media-749f1db21b"",""duration_ms"":3900,""path_alias"":""<media-path:31af3d58a2>""},""playback_state"":""playing"",""playlist_size"":9,""present"":true,""uptime_sec"":228}"
210	219.028	2026-07-10T20:12:12+0000	success		2	<media-path:97100fcdae>	<media-path:97100fcdae>	<filename:a4bfef2b1b>	0.1	5.06195	1.975523	false	false	false	3	v4l2request-copy	true	"{""aspect"":0.697674,""dh"":688,""dw"":480,""h"":688,""par"":1.0,""pixelformat"":""nv12"",""rotate"":0,""stereo-in"":""mono"",""w"":480}"	"{""duration"":""success"",""eof-reached"":""success"",""estimated-frame-number"":""success"",""filename"":""success"",""hwdec-current"":""success"",""idle-active"":""success"",""path"":""success"",""pause"":""success"",""percent-pos"":""success"",""time-pos"":""success"",""video-params"":""success"",""vo-configured"":""success""}"	true	playing	media-fba32b0055	<media-path:97100fcdae>	5100	5	true	"{""black_screen_risk_reason"":""null"",""blocked_media_count"":0,""consecutive_failures"":0,""current_index"":5,""current_item"":{""alias"":""media-fba32b0055"",""duration_ms"":5100,""offset_ms"":0,""path_alias"":""<media-path:97100fcdae>"",""started_at_present"":true},""last_poll_error"":""null"",""last_render_error"":""null"",""mpv_running"":true,""next_item"":{""alias"":""media-749f1db21b"",""duration_ms"":3900,""path_alias"":""<media-path:31af3d58a2>""},""playback_state"":""playing"",""playlist_size"":9,""present"":true,""uptime_sec"":228}"
211	220.032	2026-07-10T20:12:13+0000	success		1	<media-path:31af3d58a2>	<media-path:31af3d58a2>	<filename:92829f14a9>	0.9	3.9	23.076923	false	false	false	27	v4l2request-copy	true	"{""aspect"":0.566038,""dh"":848,""dw"":480,""h"":848,""par"":1.0,""pixelformat"":""nv12"",""rotate"":0,""stereo-in"":""mono"",""w"":480}"	"{""duration"":""success"",""eof-reached"":""success"",""estimated-frame-number"":""success"",""filename"":""success"",""hwdec-current"":""success"",""idle-active"":""success"",""path"":""success"",""pause"":""success"",""percent-pos"":""success"",""time-pos"":""success"",""video-params"":""success"",""vo-configured"":""success""}"	true	playing	media-749f1db21b	<media-path:31af3d58a2>	3900	6	true	"{""black_screen_risk_reason"":""null"",""blocked_media_count"":0,""consecutive_failures"":0,""current_index"":6,""current_item"":{""alias"":""media-749f1db21b"",""duration_ms"":3900,""offset_ms"":0,""path_alias"":""<media-path:31af3d58a2>"",""started_at_present"":true},""last_poll_error"":""null"",""last_render_error"":""null"",""mpv_running"":true,""next_item"":{""alias"":""media-b8c9a5f04c"",""duration_ms"":28100,""path_alias"":""<media-path:3ba49b8978>""},""playback_state"":""playing"",""playlist_size"":9,""present"":true,""uptime_sec"":233}"
212	221.036	2026-07-10T20:12:14+0000	success		2	<media-path:31af3d58a2>	<media-path:31af3d58a2>	<filename:92829f14a9>	1.9	3.9	48.717949	false	false	false	57	v4l2request-copy	true	"{""aspect"":0.566038,""dh"":848,""dw"":480,""h"":848,""par"":1.0,""pixelformat"":""nv12"",""rotate"":0,""stereo-in"":""mono"",""w"":480}"	"{""duration"":""success"",""eof-reached"":""success"",""estimated-frame-number"":""success"",""filename"":""success"",""hwdec-current"":""success"",""idle-active"":""success"",""path"":""success"",""pause"":""success"",""percent-pos"":""success"",""time-pos"":""success"",""video-params"":""success"",""vo-configured"":""success""}"	true	playing	media-749f1db21b	<media-path:31af3d58a2>	3900	6	true	"{""black_screen_risk_reason"":""null"",""blocked_media_count"":0,""consecutive_failures"":0,""current_index"":6,""current_item"":{""alias"":""media-749f1db21b"",""duration_ms"":3900,""offset_ms"":0,""path_alias"":""<media-path:31af3d58a2>"",""started_at_present"":true},""last_poll_error"":""null"",""last_render_error"":""null"",""mpv_running"":true,""next_item"":{""alias"":""media-b8c9a5f04c"",""duration_ms"":28100,""path_alias"":""<media-path:3ba49b8978>""},""playback_state"":""playing"",""playlist_size"":9,""present"":true,""uptime_sec"":233}"
213	222.041	2026-07-10T20:12:15+0000	success		12	<media-path:31af3d58a2>	<media-path:31af3d58a2>	<filename:92829f14a9>	2.9	3.9	74.358974	false	false	false	86	v4l2request-copy	true	"{""aspect"":0.566038,""dh"":848,""dw"":480,""h"":848,""par"":1.0,""pixelformat"":""nv12"",""rotate"":0,""stereo-in"":""mono"",""w"":480}"	"{""duration"":""success"",""eof-reached"":""success"",""estimated-frame-number"":""success"",""filename"":""success"",""hwdec-current"":""success"",""idle-active"":""success"",""path"":""success"",""pause"":""success"",""percent-pos"":""success"",""time-pos"":""success"",""video-params"":""success"",""vo-configured"":""success""}"	true	playing	media-749f1db21b	<media-path:31af3d58a2>	3900	6	true	"{""black_screen_risk_reason"":""null"",""blocked_media_count"":0,""consecutive_failures"":0,""current_index"":6,""current_item"":{""alias"":""media-749f1db21b"",""duration_ms"":3900,""offset_ms"":0,""path_alias"":""<media-path:31af3d58a2>"",""started_at_present"":true},""last_poll_error"":""null"",""last_render_error"":""null"",""mpv_running"":true,""next_item"":{""alias"":""media-b8c9a5f04c"",""duration_ms"":28100,""path_alias"":""<media-path:3ba49b8978>""},""playback_state"":""playing"",""playlist_size"":9,""present"":true,""uptime_sec"":233}"
214	223.056	2026-07-10T20:12:16+0000	success		1	<media-path:31af3d58a2>	<media-path:31af3d58a2>	<filename:92829f14a9>	3.866667	3.9	99.145299	false	false	false	115	v4l2request-copy	true	"{""aspect"":0.566038,""dh"":848,""dw"":480,""h"":848,""par"":1.0,""pixelformat"":""nv12"",""rotate"":0,""stereo-in"":""mono"",""w"":480}"	"{""duration"":""success"",""eof-reached"":""success"",""estimated-frame-number"":""success"",""filename"":""success"",""hwdec-current"":""success"",""idle-active"":""success"",""path"":""success"",""pause"":""success"",""percent-pos"":""success"",""time-pos"":""success"",""video-params"":""success"",""vo-configured"":""success""}"	true	playing	media-749f1db21b	<media-path:31af3d58a2>	3900	6	true	"{""black_screen_risk_reason"":""null"",""blocked_media_count"":0,""consecutive_failures"":0,""current_index"":6,""current_item"":{""alias"":""media-749f1db21b"",""duration_ms"":3900,""offset_ms"":0,""path_alias"":""<media-path:31af3d58a2>"",""started_at_present"":true},""last_poll_error"":""null"",""last_render_error"":""null"",""mpv_running"":true,""next_item"":{""alias"":""media-b8c9a5f04c"",""duration_ms"":28100,""path_alias"":""<media-path:3ba49b8978>""},""playback_state"":""playing"",""playlist_size"":9,""present"":true,""uptime_sec"":233}"
215	224.059	2026-07-10T20:12:17+0000	success		304	<media-path:3ba49b8978>	<media-path:3ba49b8978>	<filename:e511e8bce0>	0.533867	28.061367	2.140309	false	false	false	20	v4l2request-copy	true	"{""aspect"":0.5625,""dh"":1920,""dw"":1080,""h"":1920,""par"":1.0,""pixelformat"":""nv12"",""rotate"":0,""stereo-in"":""mono"",""w"":1080}"	"{""duration"":""success"",""eof-reached"":""success"",""estimated-frame-number"":""success"",""filename"":""success"",""hwdec-current"":""success"",""idle-active"":""success"",""path"":""success"",""pause"":""success"",""percent-pos"":""success"",""time-pos"":""success"",""video-params"":""success"",""vo-configured"":""success""}"	true	playing	media-749f1db21b	<media-path:31af3d58a2>	3900	6	true	"{""black_screen_risk_reason"":""null"",""blocked_media_count"":0,""consecutive_failures"":0,""current_index"":6,""current_item"":{""alias"":""media-749f1db21b"",""duration_ms"":3900,""offset_ms"":0,""path_alias"":""<media-path:31af3d58a2>"",""started_at_present"":true},""last_poll_error"":""null"",""last_render_error"":""null"",""mpv_running"":true,""next_item"":{""alias"":""media-b8c9a5f04c"",""duration_ms"":28100,""path_alias"":""<media-path:3ba49b8978>""},""playback_state"":""playing"",""playlist_size"":9,""present"":true,""uptime_sec"":233}"
216	225.367	2026-07-10T20:12:19+0000	success		472	<media-path:3ba49b8978>	<media-path:3ba49b8978>	<filename:e511e8bce0>	1.534867	28.061367	5.707491	false	false	false	50	v4l2request-copy	true	"{""aspect"":0.5625,""dh"":1920,""dw"":1080,""h"":1920,""par"":1.0,""pixelformat"":""nv12"",""rotate"":0,""stereo-in"":""mono"",""w"":1080}"	"{""duration"":""success"",""eof-reached"":""success"",""estimated-frame-number"":""success"",""filename"":""success"",""hwdec-current"":""success"",""idle-active"":""success"",""path"":""success"",""pause"":""success"",""percent-pos"":""success"",""time-pos"":""success"",""video-params"":""success"",""vo-configured"":""success""}"	true	playing	media-b8c9a5f04c	<media-path:3ba49b8978>	28100	7	true	"{""black_screen_risk_reason"":""null"",""blocked_media_count"":0,""consecutive_failures"":0,""current_index"":7,""current_item"":{""alias"":""media-b8c9a5f04c"",""duration_ms"":28100,""offset_ms"":0,""path_alias"":""<media-path:3ba49b8978>"",""started_at_present"":true},""last_poll_error"":""null"",""last_render_error"":""null"",""mpv_running"":true,""next_item"":{""alias"":""media-7eefea6ba2"",""duration_ms"":5000,""path_alias"":""<media-path:9e48f6362b>""},""playback_state"":""playing"",""playlist_size"":9,""present"":true,""uptime_sec"":238}"
217	226.842	2026-07-10T20:12:20+0000	success		327	<media-path:3ba49b8978>	<media-path:3ba49b8978>	<filename:e511e8bce0>	2.7027	28.061367	9.869203	false	false	false	85	v4l2request-copy	true	"{""aspect"":0.5625,""dh"":1920,""dw"":1080,""h"":1920,""par"":1.0,""pixelformat"":""nv12"",""rotate"":0,""stereo-in"":""mono"",""w"":1080}"	"{""duration"":""success"",""eof-reached"":""success"",""estimated-frame-number"":""success"",""filename"":""success"",""hwdec-current"":""success"",""idle-active"":""success"",""path"":""success"",""pause"":""success"",""percent-pos"":""success"",""time-pos"":""success"",""video-params"":""success"",""vo-configured"":""success""}"	true	playing	media-b8c9a5f04c	<media-path:3ba49b8978>	28100	7	true	"{""black_screen_risk_reason"":""null"",""blocked_media_count"":0,""consecutive_failures"":0,""current_index"":7,""current_item"":{""alias"":""media-b8c9a5f04c"",""duration_ms"":28100,""offset_ms"":0,""path_alias"":""<media-path:3ba49b8978>"",""started_at_present"":true},""last_poll_error"":""null"",""last_render_error"":""null"",""mpv_running"":true,""next_item"":{""alias"":""media-7eefea6ba2"",""duration_ms"":5000,""path_alias"":""<media-path:9e48f6362b>""},""playback_state"":""playing"",""playlist_size"":9,""present"":true,""uptime_sec"":238}"
218	228.173	2026-07-10T20:12:22+0000	success		469	<media-path:3ba49b8978>	<media-path:3ba49b8978>	<filename:e511e8bce0>	3.737067	28.061367	13.555291	false	false	false	116	v4l2request-copy	true	"{""aspect"":0.5625,""dh"":1920,""dw"":1080,""h"":1920,""par"":1.0,""pixelformat"":""nv12"",""rotate"":0,""stereo-in"":""mono"",""w"":1080}"	"{""duration"":""success"",""eof-reached"":""success"",""estimated-frame-number"":""success"",""filename"":""success"",""hwdec-current"":""success"",""idle-active"":""success"",""path"":""success"",""pause"":""success"",""percent-pos"":""success"",""time-pos"":""success"",""video-params"":""success"",""vo-configured"":""success""}"	true	playing	media-b8c9a5f04c	<media-path:3ba49b8978>	28100	7	true	"{""black_screen_risk_reason"":""null"",""blocked_media_count"":0,""consecutive_failures"":0,""current_index"":7,""current_item"":{""alias"":""media-b8c9a5f04c"",""duration_ms"":28100,""offset_ms"":0,""path_alias"":""<media-path:3ba49b8978>"",""started_at_present"":true},""last_poll_error"":""null"",""last_render_error"":""null"",""mpv_running"":true,""next_item"":{""alias"":""media-7eefea6ba2"",""duration_ms"":5000,""path_alias"":""<media-path:9e48f6362b>""},""playback_state"":""playing"",""playlist_size"":9,""present"":true,""uptime_sec"":238}"
219	229.645	2026-07-10T20:12:23+0000	success		483	<media-path:3ba49b8978>	<media-path:3ba49b8978>	<filename:e511e8bce0>	4.9049	28.061367	17.717004	false	false	false	151	v4l2request-copy	true	"{""aspect"":0.5625,""dh"":1920,""dw"":1080,""h"":1920,""par"":1.0,""pixelformat"":""nv12"",""rotate"":0,""stereo-in"":""mono"",""w"":1080}"	"{""duration"":""success"",""eof-reached"":""success"",""estimated-frame-number"":""success"",""filename"":""success"",""hwdec-current"":""success"",""idle-active"":""success"",""path"":""success"",""pause"":""success"",""percent-pos"":""success"",""time-pos"":""success"",""video-params"":""success"",""vo-configured"":""success""}"	true	playing	media-b8c9a5f04c	<media-path:3ba49b8978>	28100	7	true	"{""black_screen_risk_reason"":""null"",""blocked_media_count"":0,""consecutive_failures"":0,""current_index"":7,""current_item"":{""alias"":""media-b8c9a5f04c"",""duration_ms"":28100,""offset_ms"":0,""path_alias"":""<media-path:3ba49b8978>"",""started_at_present"":true},""last_poll_error"":""null"",""last_render_error"":""null"",""mpv_running"":true,""next_item"":{""alias"":""media-7eefea6ba2"",""duration_ms"":5000,""path_alias"":""<media-path:9e48f6362b>""},""playback_state"":""playing"",""playlist_size"":9,""present"":true,""uptime_sec"":243}"
220	231.132	2026-07-10T20:12:25+0000	success		473	<media-path:3ba49b8978>	<media-path:3ba49b8978>	<filename:e511e8bce0>	6.072733	28.061367	21.878716	false	false	false	186	v4l2request-copy	true	"{""aspect"":0.5625,""dh"":1920,""dw"":1080,""h"":1920,""par"":1.0,""pixelformat"":""nv12"",""rotate"":0,""stereo-in"":""mono"",""w"":1080}"	"{""duration"":""success"",""eof-reached"":""success"",""estimated-frame-number"":""success"",""filename"":""success"",""hwdec-current"":""success"",""idle-active"":""success"",""path"":""success"",""pause"":""success"",""percent-pos"":""success"",""time-pos"":""success"",""video-params"":""success"",""vo-configured"":""success""}"	true	playing	media-b8c9a5f04c	<media-path:3ba49b8978>	28100	7	true	"{""black_screen_risk_reason"":""null"",""blocked_media_count"":0,""consecutive_failures"":0,""current_index"":7,""current_item"":{""alias"":""media-b8c9a5f04c"",""duration_ms"":28100,""offset_ms"":0,""path_alias"":""<media-path:3ba49b8978>"",""started_at_present"":true},""last_poll_error"":""null"",""last_render_error"":""null"",""mpv_running"":true,""next_item"":{""alias"":""media-7eefea6ba2"",""duration_ms"":5000,""path_alias"":""<media-path:9e48f6362b>""},""playback_state"":""playing"",""playlist_size"":9,""present"":true,""uptime_sec"":243}"
221	232.610	2026-07-10T20:12:26+0000	success		295	<media-path:3ba49b8978>	<media-path:3ba49b8978>	<filename:e511e8bce0>	7.240567	28.061367	26.040428	false	false	false	221	v4l2request-copy	true	"{""aspect"":0.5625,""dh"":1920,""dw"":1080,""h"":1920,""par"":1.0,""pixelformat"":""nv12"",""rotate"":0,""stereo-in"":""mono"",""w"":1080}"	"{""duration"":""success"",""eof-reached"":""success"",""estimated-frame-number"":""success"",""filename"":""success"",""hwdec-current"":""success"",""idle-active"":""success"",""path"":""success"",""pause"":""success"",""percent-pos"":""success"",""time-pos"":""success"",""video-params"":""success"",""vo-configured"":""success""}"	true	playing	media-b8c9a5f04c	<media-path:3ba49b8978>	28100	7	true	"{""black_screen_risk_reason"":""null"",""blocked_media_count"":0,""consecutive_failures"":0,""current_index"":7,""current_item"":{""alias"":""media-b8c9a5f04c"",""duration_ms"":28100,""offset_ms"":0,""path_alias"":""<media-path:3ba49b8978>"",""started_at_present"":true},""last_poll_error"":""null"",""last_render_error"":""null"",""mpv_running"":true,""next_item"":{""alias"":""media-7eefea6ba2"",""duration_ms"":5000,""path_alias"":""<media-path:9e48f6362b>""},""playback_state"":""playing"",""playlist_size"":9,""present"":true,""uptime_sec"":243}"
222	233.909	2026-07-10T20:12:27+0000	success		465	<media-path:3ba49b8978>	<media-path:3ba49b8978>	<filename:e511e8bce0>	8.241567	28.061367	29.60761	false	false	false	251	v4l2request-copy	true	"{""aspect"":0.5625,""dh"":1920,""dw"":1080,""h"":1920,""par"":1.0,""pixelformat"":""nv12"",""rotate"":0,""stereo-in"":""mono"",""w"":1080}"	"{""duration"":""success"",""eof-reached"":""success"",""estimated-frame-number"":""success"",""filename"":""success"",""hwdec-current"":""success"",""idle-active"":""success"",""path"":""success"",""pause"":""success"",""percent-pos"":""success"",""time-pos"":""success"",""video-params"":""success"",""vo-configured"":""success""}"	true	playing	media-b8c9a5f04c	<media-path:3ba49b8978>	28100	7	true	"{""black_screen_risk_reason"":""null"",""blocked_media_count"":0,""consecutive_failures"":0,""current_index"":7,""current_item"":{""alias"":""media-b8c9a5f04c"",""duration_ms"":28100,""offset_ms"":0,""path_alias"":""<media-path:3ba49b8978>"",""started_at_present"":true},""last_poll_error"":""null"",""last_render_error"":""null"",""mpv_running"":true,""next_item"":{""alias"":""media-7eefea6ba2"",""duration_ms"":5000,""path_alias"":""<media-path:9e48f6362b>""},""playback_state"":""playing"",""playlist_size"":9,""present"":true,""uptime_sec"":243}"
223	235.378	2026-07-10T20:12:29+0000	success		452	<media-path:3ba49b8978>	<media-path:3ba49b8978>	<filename:e511e8bce0>	9.4094	28.061367	33.769322	false	false	false	286	v4l2request-copy	true	"{""aspect"":0.5625,""dh"":1920,""dw"":1080,""h"":1920,""par"":1.0,""pixelformat"":""nv12"",""rotate"":0,""stereo-in"":""mono"",""w"":1080}"	"{""duration"":""success"",""eof-reached"":""success"",""estimated-frame-number"":""success"",""filename"":""success"",""hwdec-current"":""success"",""idle-active"":""success"",""path"":""success"",""pause"":""success"",""percent-pos"":""success"",""time-pos"":""success"",""video-params"":""success"",""vo-configured"":""success""}"	true	playing	media-b8c9a5f04c	<media-path:3ba49b8978>	28100	7	true	"{""black_screen_risk_reason"":""null"",""blocked_media_count"":0,""consecutive_failures"":0,""current_index"":7,""current_item"":{""alias"":""media-b8c9a5f04c"",""duration_ms"":28100,""offset_ms"":0,""path_alias"":""<media-path:3ba49b8978>"",""started_at_present"":true},""last_poll_error"":""null"",""last_render_error"":""null"",""mpv_running"":true,""next_item"":{""alias"":""media-7eefea6ba2"",""duration_ms"":5000,""path_alias"":""<media-path:9e48f6362b>""},""playback_state"":""playing"",""playlist_size"":9,""present"":true,""uptime_sec"":248}"
224	236.836	2026-07-10T20:12:30+0000	success		94	<media-path:3ba49b8978>	<media-path:3ba49b8978>	<filename:e511e8bce0>	10.577233	28.061367	37.693222	false	false	false	317	v4l2request-copy	true	"{""aspect"":0.5625,""dh"":1920,""dw"":1080,""h"":1920,""par"":1.0,""pixelformat"":""nv12"",""rotate"":0,""stereo-in"":""mono"",""w"":1080}"	"{""duration"":""success"",""eof-reached"":""success"",""estimated-frame-number"":""success"",""filename"":""success"",""hwdec-current"":""success"",""idle-active"":""success"",""path"":""success"",""pause"":""success"",""percent-pos"":""success"",""time-pos"":""success"",""video-params"":""success"",""vo-configured"":""success""}"	true	playing	media-b8c9a5f04c	<media-path:3ba49b8978>	28100	7	true	"{""black_screen_risk_reason"":""null"",""blocked_media_count"":0,""consecutive_failures"":0,""current_index"":7,""current_item"":{""alias"":""media-b8c9a5f04c"",""duration_ms"":28100,""offset_ms"":0,""path_alias"":""<media-path:3ba49b8978>"",""started_at_present"":true},""last_poll_error"":""null"",""last_render_error"":""null"",""mpv_running"":true,""next_item"":{""alias"":""media-7eefea6ba2"",""duration_ms"":5000,""path_alias"":""<media-path:9e48f6362b>""},""playback_state"":""playing"",""playlist_size"":9,""present"":true,""uptime_sec"":248}"
225	237.934	2026-07-10T20:12:32+0000	success		496	<media-path:3ba49b8978>	<media-path:3ba49b8978>	<filename:e511e8bce0>	11.444767	28.061367	41.022592	false	false	false	347	v4l2request-copy	true	"{""aspect"":0.5625,""dh"":1920,""dw"":1080,""h"":1920,""par"":1.0,""pixelformat"":""nv12"",""rotate"":0,""stereo-in"":""mono"",""w"":1080}"	"{""duration"":""success"",""eof-reached"":""success"",""estimated-frame-number"":""success"",""filename"":""success"",""hwdec-current"":""success"",""idle-active"":""success"",""path"":""success"",""pause"":""success"",""percent-pos"":""success"",""time-pos"":""success"",""video-params"":""success"",""vo-configured"":""success""}"	true	playing	media-b8c9a5f04c	<media-path:3ba49b8978>	28100	7	true	"{""black_screen_risk_reason"":""null"",""blocked_media_count"":0,""consecutive_failures"":0,""current_index"":7,""current_item"":{""alias"":""media-b8c9a5f04c"",""duration_ms"":28100,""offset_ms"":0,""path_alias"":""<media-path:3ba49b8978>"",""started_at_present"":true},""last_poll_error"":""null"",""last_render_error"":""null"",""mpv_running"":true,""next_item"":{""alias"":""media-7eefea6ba2"",""duration_ms"":5000,""path_alias"":""<media-path:9e48f6362b>""},""playback_state"":""playing"",""playlist_size"":9,""present"":true,""uptime_sec"":248}"
226	239.433	2026-07-10T20:12:33+0000	success		277	<media-path:3ba49b8978>	<media-path:3ba49b8978>	<filename:e511e8bce0>	12.6126	28.061367	45.184304	false	false	false	382	v4l2request-copy	true	"{""aspect"":0.5625,""dh"":1920,""dw"":1080,""h"":1920,""par"":1.0,""pixelformat"":""nv12"",""rotate"":0,""stereo-in"":""mono"",""w"":1080}"	"{""duration"":""success"",""eof-reached"":""success"",""estimated-frame-number"":""success"",""filename"":""success"",""hwdec-current"":""success"",""idle-active"":""success"",""path"":""success"",""pause"":""success"",""percent-pos"":""success"",""time-pos"":""success"",""video-params"":""success"",""vo-configured"":""success""}"	true	playing	media-b8c9a5f04c	<media-path:3ba49b8978>	28100	7	true	"{""black_screen_risk_reason"":""null"",""blocked_media_count"":0,""consecutive_failures"":0,""current_index"":7,""current_item"":{""alias"":""media-b8c9a5f04c"",""duration_ms"":28100,""offset_ms"":0,""path_alias"":""<media-path:3ba49b8978>"",""started_at_present"":true},""last_poll_error"":""null"",""last_render_error"":""null"",""mpv_running"":true,""next_item"":{""alias"":""media-7eefea6ba2"",""duration_ms"":5000,""path_alias"":""<media-path:9e48f6362b>""},""playback_state"":""playing"",""playlist_size"":9,""present"":true,""uptime_sec"":248}"
227	240.713	2026-07-10T20:12:34+0000	success		472	<media-path:3ba49b8978>	<media-path:3ba49b8978>	<filename:e511e8bce0>	13.6136	28.061367	48.751486	false	false	false	412	v4l2request-copy	true	"{""aspect"":0.5625,""dh"":1920,""dw"":1080,""h"":1920,""par"":1.0,""pixelformat"":""nv12"",""rotate"":0,""stereo-in"":""mono"",""w"":1080}"	"{""duration"":""success"",""eof-reached"":""success"",""estimated-frame-number"":""success"",""filename"":""success"",""hwdec-current"":""success"",""idle-active"":""success"",""path"":""success"",""pause"":""success"",""percent-pos"":""success"",""time-pos"":""success"",""video-params"":""success"",""vo-configured"":""success""}"	true	playing	media-b8c9a5f04c	<media-path:3ba49b8978>	28100	7	true	"{""black_screen_risk_reason"":""null"",""blocked_media_count"":0,""consecutive_failures"":0,""current_index"":7,""current_item"":{""alias"":""media-b8c9a5f04c"",""duration_ms"":28100,""offset_ms"":0,""path_alias"":""<media-path:3ba49b8978>"",""started_at_present"":true},""last_poll_error"":""null"",""last_render_error"":""null"",""mpv_running"":true,""next_item"":{""alias"":""media-7eefea6ba2"",""duration_ms"":5000,""path_alias"":""<media-path:9e48f6362b>""},""playback_state"":""playing"",""playlist_size"":9,""present"":true,""uptime_sec"":253}"
228	242.189	2026-07-10T20:12:36+0000	success		470	<media-path:3ba49b8978>	<media-path:3ba49b8978>	<filename:e511e8bce0>	14.781433	28.061367	52.913199	false	false	false	447	v4l2request-copy	true	"{""aspect"":0.5625,""dh"":1920,""dw"":1080,""h"":1920,""par"":1.0,""pixelformat"":""nv12"",""rotate"":0,""stereo-in"":""mono"",""w"":1080}"	"{""duration"":""success"",""eof-reached"":""success"",""estimated-frame-number"":""success"",""filename"":""success"",""hwdec-current"":""success"",""idle-active"":""success"",""path"":""success"",""pause"":""success"",""percent-pos"":""success"",""time-pos"":""success"",""video-params"":""success"",""vo-configured"":""success""}"	true	playing	media-b8c9a5f04c	<media-path:3ba49b8978>	28100	7	true	"{""black_screen_risk_reason"":""null"",""blocked_media_count"":0,""consecutive_failures"":0,""current_index"":7,""current_item"":{""alias"":""media-b8c9a5f04c"",""duration_ms"":28100,""offset_ms"":0,""path_alias"":""<media-path:3ba49b8978>"",""started_at_present"":true},""last_poll_error"":""null"",""last_render_error"":""null"",""mpv_running"":true,""next_item"":{""alias"":""media-7eefea6ba2"",""duration_ms"":5000,""path_alias"":""<media-path:9e48f6362b>""},""playback_state"":""playing"",""playlist_size"":9,""present"":true,""uptime_sec"":253}"
229	243.663	2026-07-10T20:12:37+0000	success		458	<media-path:3ba49b8978>	<media-path:3ba49b8978>	<filename:e511e8bce0>	15.882533	28.061367	56.837099	false	false	false	480	v4l2request-copy	true	"{""aspect"":0.5625,""dh"":1920,""dw"":1080,""h"":1920,""par"":1.0,""pixelformat"":""nv12"",""rotate"":0,""stereo-in"":""mono"",""w"":1080}"	"{""duration"":""success"",""eof-reached"":""success"",""estimated-frame-number"":""success"",""filename"":""success"",""hwdec-current"":""success"",""idle-active"":""success"",""path"":""success"",""pause"":""success"",""percent-pos"":""success"",""time-pos"":""success"",""video-params"":""success"",""vo-configured"":""success""}"	true	playing	media-b8c9a5f04c	<media-path:3ba49b8978>	28100	7	true	"{""black_screen_risk_reason"":""null"",""blocked_media_count"":0,""consecutive_failures"":0,""current_index"":7,""current_item"":{""alias"":""media-b8c9a5f04c"",""duration_ms"":28100,""offset_ms"":0,""path_alias"":""<media-path:3ba49b8978>"",""started_at_present"":true},""last_poll_error"":""null"",""last_render_error"":""null"",""mpv_running"":true,""next_item"":{""alias"":""media-7eefea6ba2"",""duration_ms"":5000,""path_alias"":""<media-path:9e48f6362b>""},""playback_state"":""playing"",""playlist_size"":9,""present"":true,""uptime_sec"":253}"
230	245.125	2026-07-10T20:12:38+0000	success		225	<media-path:3ba49b8978>	<media-path:3ba49b8978>	<filename:e511e8bce0>	17.050367	28.061367	60.998811	false	false	false	514	v4l2request-copy	true	"{""aspect"":0.5625,""dh"":1920,""dw"":1080,""h"":1920,""par"":1.0,""pixelformat"":""nv12"",""rotate"":0,""stereo-in"":""mono"",""w"":1080}"	"{""duration"":""success"",""eof-reached"":""success"",""estimated-frame-number"":""success"",""filename"":""success"",""hwdec-current"":""success"",""idle-active"":""success"",""path"":""success"",""pause"":""success"",""percent-pos"":""success"",""time-pos"":""success"",""video-params"":""success"",""vo-configured"":""success""}"	true	playing	media-b8c9a5f04c	<media-path:3ba49b8978>	28100	7	true	"{""black_screen_risk_reason"":""null"",""blocked_media_count"":0,""consecutive_failures"":0,""current_index"":7,""current_item"":{""alias"":""media-b8c9a5f04c"",""duration_ms"":28100,""offset_ms"":0,""path_alias"":""<media-path:3ba49b8978>"",""started_at_present"":true},""last_poll_error"":""null"",""last_render_error"":""null"",""mpv_running"":true,""next_item"":{""alias"":""media-7eefea6ba2"",""duration_ms"":5000,""path_alias"":""<media-path:9e48f6362b>""},""playback_state"":""playing"",""playlist_size"":9,""present"":true,""uptime_sec"":258}"
231	246.355	2026-07-10T20:12:40+0000	success		459	<media-path:3ba49b8978>	<media-path:3ba49b8978>	<filename:e511e8bce0>	18.018	28.061367	64.447087	false	false	false	544	v4l2request-copy	true	"{""aspect"":0.5625,""dh"":1920,""dw"":1080,""h"":1920,""par"":1.0,""pixelformat"":""nv12"",""rotate"":0,""stereo-in"":""mono"",""w"":1080}"	"{""duration"":""success"",""eof-reached"":""success"",""estimated-frame-number"":""success"",""filename"":""success"",""hwdec-current"":""success"",""idle-active"":""success"",""path"":""success"",""pause"":""success"",""percent-pos"":""success"",""time-pos"":""success"",""video-params"":""success"",""vo-configured"":""success""}"	true	playing	media-b8c9a5f04c	<media-path:3ba49b8978>	28100	7	true	"{""black_screen_risk_reason"":""null"",""blocked_media_count"":0,""consecutive_failures"":0,""current_index"":7,""current_item"":{""alias"":""media-b8c9a5f04c"",""duration_ms"":28100,""offset_ms"":0,""path_alias"":""<media-path:3ba49b8978>"",""started_at_present"":true},""last_poll_error"":""null"",""last_render_error"":""null"",""mpv_running"":true,""next_item"":{""alias"":""media-7eefea6ba2"",""duration_ms"":5000,""path_alias"":""<media-path:9e48f6362b>""},""playback_state"":""playing"",""playlist_size"":9,""present"":true,""uptime_sec"":258}"
232	247.819	2026-07-10T20:12:41+0000	success		364	<media-path:3ba49b8978>	<media-path:3ba49b8978>	<filename:e511e8bce0>	19.185833	28.061367	68.608799	false	false	false	579	v4l2request-copy	true	"{""aspect"":0.5625,""dh"":1920,""dw"":1080,""h"":1920,""par"":1.0,""pixelformat"":""nv12"",""rotate"":0,""stereo-in"":""mono"",""w"":1080}"	"{""duration"":""success"",""eof-reached"":""success"",""estimated-frame-number"":""success"",""filename"":""success"",""hwdec-current"":""success"",""idle-active"":""success"",""path"":""success"",""pause"":""success"",""percent-pos"":""success"",""time-pos"":""success"",""video-params"":""success"",""vo-configured"":""success""}"	true	playing	media-b8c9a5f04c	<media-path:3ba49b8978>	28100	7	true	"{""black_screen_risk_reason"":""null"",""blocked_media_count"":0,""consecutive_failures"":0,""current_index"":7,""current_item"":{""alias"":""media-b8c9a5f04c"",""duration_ms"":28100,""offset_ms"":0,""path_alias"":""<media-path:3ba49b8978>"",""started_at_present"":true},""last_poll_error"":""null"",""last_render_error"":""null"",""mpv_running"":true,""next_item"":{""alias"":""media-7eefea6ba2"",""duration_ms"":5000,""path_alias"":""<media-path:9e48f6362b>""},""playback_state"":""playing"",""playlist_size"":9,""present"":true,""uptime_sec"":258}"
233	249.186	2026-07-10T20:12:43+0000	success		506	<media-path:3ba49b8978>	<media-path:3ba49b8978>	<filename:e511e8bce0>	20.253567	28.061367	72.413793	false	false	false	611	v4l2request-copy	true	"{""aspect"":0.5625,""dh"":1920,""dw"":1080,""h"":1920,""par"":1.0,""pixelformat"":""nv12"",""rotate"":0,""stereo-in"":""mono"",""w"":1080}"	"{""duration"":""success"",""eof-reached"":""success"",""estimated-frame-number"":""success"",""filename"":""success"",""hwdec-current"":""success"",""idle-active"":""success"",""path"":""success"",""pause"":""success"",""percent-pos"":""success"",""time-pos"":""success"",""video-params"":""success"",""vo-configured"":""success""}"	true	playing	media-b8c9a5f04c	<media-path:3ba49b8978>	28100	7	true	"{""black_screen_risk_reason"":""null"",""blocked_media_count"":0,""consecutive_failures"":0,""current_index"":7,""current_item"":{""alias"":""media-b8c9a5f04c"",""duration_ms"":28100,""offset_ms"":0,""path_alias"":""<media-path:3ba49b8978>"",""started_at_present"":true},""last_poll_error"":""null"",""last_render_error"":""null"",""mpv_running"":true,""next_item"":{""alias"":""media-7eefea6ba2"",""duration_ms"":5000,""path_alias"":""<media-path:9e48f6362b>""},""playback_state"":""playing"",""playlist_size"":9,""present"":true,""uptime_sec"":258}"
234	250.696	2026-07-10T20:12:44+0000	success		240	<media-path:3ba49b8978>	<media-path:3ba49b8978>	<filename:e511e8bce0>	21.4214	28.061367	76.575505	false	false	false	645	v4l2request-copy	true	"{""aspect"":0.5625,""dh"":1920,""dw"":1080,""h"":1920,""par"":1.0,""pixelformat"":""nv12"",""rotate"":0,""stereo-in"":""mono"",""w"":1080}"	"{""duration"":""success"",""eof-reached"":""success"",""estimated-frame-number"":""success"",""filename"":""success"",""hwdec-current"":""success"",""idle-active"":""success"",""path"":""success"",""pause"":""success"",""percent-pos"":""success"",""time-pos"":""success"",""video-params"":""success"",""vo-configured"":""success""}"	true	playing	media-b8c9a5f04c	<media-path:3ba49b8978>	28100	7	true	"{""black_screen_risk_reason"":""null"",""blocked_media_count"":0,""consecutive_failures"":0,""current_index"":7,""current_item"":{""alias"":""media-b8c9a5f04c"",""duration_ms"":28100,""offset_ms"":0,""path_alias"":""<media-path:3ba49b8978>"",""started_at_present"":true},""last_poll_error"":""null"",""last_render_error"":""null"",""mpv_running"":true,""next_item"":{""alias"":""media-7eefea6ba2"",""duration_ms"":5000,""path_alias"":""<media-path:9e48f6362b>""},""playback_state"":""playing"",""playlist_size"":9,""present"":true,""uptime_sec"":263}"
235	251.940	2026-07-10T20:12:45+0000	success		2	<media-path:9e48f6362b>	<media-path:9e48f6362b>	<filename:4e569cdfc9>	0.208333	5.041667	4.132231	false	false	false	5	v4l2request-copy	true	"{""aspect"":0.666667,""dh"":720,""dw"":480,""h"":720,""par"":1.0,""pixelformat"":""nv12"",""rotate"":0,""stereo-in"":""mono"",""w"":480}"	"{""duration"":""success"",""eof-reached"":""success"",""estimated-frame-number"":""success"",""filename"":""success"",""hwdec-current"":""success"",""idle-active"":""success"",""path"":""success"",""pause"":""success"",""percent-pos"":""success"",""time-pos"":""success"",""video-params"":""success"",""vo-configured"":""success""}"	true	playing	media-b8c9a5f04c	<media-path:3ba49b8978>	28100	7	true	"{""black_screen_risk_reason"":""null"",""blocked_media_count"":0,""consecutive_failures"":0,""current_index"":7,""current_item"":{""alias"":""media-b8c9a5f04c"",""duration_ms"":28100,""offset_ms"":0,""path_alias"":""<media-path:3ba49b8978>"",""started_at_present"":true},""last_poll_error"":""null"",""last_render_error"":""null"",""mpv_running"":true,""next_item"":{""alias"":""media-7eefea6ba2"",""duration_ms"":5000,""path_alias"":""<media-path:9e48f6362b>""},""playback_state"":""playing"",""playlist_size"":9,""present"":true,""uptime_sec"":263}"
236	252.944	2026-07-10T20:12:46+0000	success		2	<media-path:9e48f6362b>	<media-path:9e48f6362b>	<filename:4e569cdfc9>	1.208333	5.041667	23.966942	false	false	false	29	v4l2request-copy	true	"{""aspect"":0.666667,""dh"":720,""dw"":480,""h"":720,""par"":1.0,""pixelformat"":""nv12"",""rotate"":0,""stereo-in"":""mono"",""w"":480}"	"{""duration"":""success"",""eof-reached"":""success"",""estimated-frame-number"":""success"",""filename"":""success"",""hwdec-current"":""success"",""idle-active"":""success"",""path"":""success"",""pause"":""success"",""percent-pos"":""success"",""time-pos"":""success"",""video-params"":""success"",""vo-configured"":""success""}"	true	playing	media-b8c9a5f04c	<media-path:3ba49b8978>	28100	7	true	"{""black_screen_risk_reason"":""null"",""blocked_media_count"":0,""consecutive_failures"":0,""current_index"":7,""current_item"":{""alias"":""media-b8c9a5f04c"",""duration_ms"":28100,""offset_ms"":0,""path_alias"":""<media-path:3ba49b8978>"",""started_at_present"":true},""last_poll_error"":""null"",""last_render_error"":""null"",""mpv_running"":true,""next_item"":{""alias"":""media-7eefea6ba2"",""duration_ms"":5000,""path_alias"":""<media-path:9e48f6362b>""},""playback_state"":""playing"",""playlist_size"":9,""present"":true,""uptime_sec"":263}"
237	253.948	2026-07-10T20:12:47+0000	success		2	<media-path:9e48f6362b>	<media-path:9e48f6362b>	<filename:4e569cdfc9>	2.208333	5.041667	43.801653	false	false	false	53	v4l2request-copy	true	"{""aspect"":0.666667,""dh"":720,""dw"":480,""h"":720,""par"":1.0,""pixelformat"":""nv12"",""rotate"":0,""stereo-in"":""mono"",""w"":480}"	"{""duration"":""success"",""eof-reached"":""success"",""estimated-frame-number"":""success"",""filename"":""success"",""hwdec-current"":""success"",""idle-active"":""success"",""path"":""success"",""pause"":""success"",""percent-pos"":""success"",""time-pos"":""success"",""video-params"":""success"",""vo-configured"":""success""}"	true	playing	media-b8c9a5f04c	<media-path:3ba49b8978>	28100	7	true	"{""black_screen_risk_reason"":""null"",""blocked_media_count"":0,""consecutive_failures"":0,""current_index"":7,""current_item"":{""alias"":""media-b8c9a5f04c"",""duration_ms"":28100,""offset_ms"":0,""path_alias"":""<media-path:3ba49b8978>"",""started_at_present"":true},""last_poll_error"":""null"",""last_render_error"":""null"",""mpv_running"":true,""next_item"":{""alias"":""media-7eefea6ba2"",""duration_ms"":5000,""path_alias"":""<media-path:9e48f6362b>""},""playback_state"":""playing"",""playlist_size"":9,""present"":true,""uptime_sec"":263}"
238	254.952	2026-07-10T20:12:48+0000	success		2	<media-path:9e48f6362b>	<media-path:9e48f6362b>	<filename:4e569cdfc9>	3.208333	5.041667	63.636364	false	false	false	77	v4l2request-copy	true	"{""aspect"":0.666667,""dh"":720,""dw"":480,""h"":720,""par"":1.0,""pixelformat"":""nv12"",""rotate"":0,""stereo-in"":""mono"",""w"":480}"	"{""duration"":""success"",""eof-reached"":""success"",""estimated-frame-number"":""success"",""filename"":""success"",""hwdec-current"":""success"",""idle-active"":""success"",""path"":""success"",""pause"":""success"",""percent-pos"":""success"",""time-pos"":""success"",""video-params"":""success"",""vo-configured"":""success""}"	true	playing	media-7eefea6ba2	<media-path:9e48f6362b>	5000	8	true	"{""black_screen_risk_reason"":""null"",""blocked_media_count"":0,""consecutive_failures"":0,""current_index"":8,""current_item"":{""alias"":""media-7eefea6ba2"",""duration_ms"":5000,""offset_ms"":0,""path_alias"":""<media-path:9e48f6362b>"",""started_at_present"":true},""last_poll_error"":""null"",""last_render_error"":""null"",""mpv_running"":true,""next_item"":{""alias"":""media-63e22e276f"",""duration_ms"":15100,""path_alias"":""<media-path:c406539999>""},""playback_state"":""playing"",""playlist_size"":9,""present"":true,""uptime_sec"":268}"
239	255.955	2026-07-10T20:12:49+0000	success		2	<media-path:9e48f6362b>	<media-path:9e48f6362b>	<filename:4e569cdfc9>	4.208333	5.041667	83.471074	false	false	false	101	v4l2request-copy	true	"{""aspect"":0.666667,""dh"":720,""dw"":480,""h"":720,""par"":1.0,""pixelformat"":""nv12"",""rotate"":0,""stereo-in"":""mono"",""w"":480}"	"{""duration"":""success"",""eof-reached"":""success"",""estimated-frame-number"":""success"",""filename"":""success"",""hwdec-current"":""success"",""idle-active"":""success"",""path"":""success"",""pause"":""success"",""percent-pos"":""success"",""time-pos"":""success"",""video-params"":""success"",""vo-configured"":""success""}"	true	playing	media-7eefea6ba2	<media-path:9e48f6362b>	5000	8	true	"{""black_screen_risk_reason"":""null"",""blocked_media_count"":0,""consecutive_failures"":0,""current_index"":8,""current_item"":{""alias"":""media-7eefea6ba2"",""duration_ms"":5000,""offset_ms"":0,""path_alias"":""<media-path:9e48f6362b>"",""started_at_present"":true},""last_poll_error"":""null"",""last_render_error"":""null"",""mpv_running"":true,""next_item"":{""alias"":""media-63e22e276f"",""duration_ms"":15100,""path_alias"":""<media-path:c406539999>""},""playback_state"":""playing"",""playlist_size"":9,""present"":true,""uptime_sec"":268}"
240	256.961	2026-07-10T20:12:50+0000	success		2	<media-path:c406539999>	<media-path:c406539999>	<filename:aaf3979e21>	0.1	15.069751	0.663581	false	false	false	3	v4l2request-copy	true	"{""aspect"":0.566038,""dh"":848,""dw"":480,""h"":848,""par"":1.0,""pixelformat"":""nv12"",""rotate"":0,""stereo-in"":""mono"",""w"":480}"	"{""duration"":""success"",""eof-reached"":""success"",""estimated-frame-number"":""success"",""filename"":""success"",""hwdec-current"":""success"",""idle-active"":""success"",""path"":""success"",""pause"":""success"",""percent-pos"":""success"",""time-pos"":""success"",""video-params"":""success"",""vo-configured"":""success""}"	true	playing	media-7eefea6ba2	<media-path:9e48f6362b>	5000	8	true	"{""black_screen_risk_reason"":""null"",""blocked_media_count"":0,""consecutive_failures"":0,""current_index"":8,""current_item"":{""alias"":""media-7eefea6ba2"",""duration_ms"":5000,""offset_ms"":0,""path_alias"":""<media-path:9e48f6362b>"",""started_at_present"":true},""last_poll_error"":""null"",""last_render_error"":""null"",""mpv_running"":true,""next_item"":{""alias"":""media-63e22e276f"",""duration_ms"":15100,""path_alias"":""<media-path:c406539999>""},""playback_state"":""playing"",""playlist_size"":9,""present"":true,""uptime_sec"":268}"
241	257.965	2026-07-10T20:12:51+0000	success		2	<media-path:c406539999>	<media-path:c406539999>	<filename:aaf3979e21>	1.133333	15.069751	7.520585	false	false	false	34	v4l2request-copy	true	"{""aspect"":0.566038,""dh"":848,""dw"":480,""h"":848,""par"":1.0,""pixelformat"":""nv12"",""rotate"":0,""stereo-in"":""mono"",""w"":480}"	"{""duration"":""success"",""eof-reached"":""success"",""estimated-frame-number"":""success"",""filename"":""success"",""hwdec-current"":""success"",""idle-active"":""success"",""path"":""success"",""pause"":""success"",""percent-pos"":""success"",""time-pos"":""success"",""video-params"":""success"",""vo-configured"":""success""}"	true	playing	media-7eefea6ba2	<media-path:9e48f6362b>	5000	8	true	"{""black_screen_risk_reason"":""null"",""blocked_media_count"":0,""consecutive_failures"":0,""current_index"":8,""current_item"":{""alias"":""media-7eefea6ba2"",""duration_ms"":5000,""offset_ms"":0,""path_alias"":""<media-path:9e48f6362b>"",""started_at_present"":true},""last_poll_error"":""null"",""last_render_error"":""null"",""mpv_running"":true,""next_item"":{""alias"":""media-63e22e276f"",""duration_ms"":15100,""path_alias"":""<media-path:c406539999>""},""playback_state"":""playing"",""playlist_size"":9,""present"":true,""uptime_sec"":268}"
242	258.969	2026-07-10T20:12:52+0000	success		3	<media-path:c406539999>	<media-path:c406539999>	<filename:aaf3979e21>	2.133333	15.069751	14.156394	false	false	false	64	v4l2request-copy	true	"{""aspect"":0.566038,""dh"":848,""dw"":480,""h"":848,""par"":1.0,""pixelformat"":""nv12"",""rotate"":0,""stereo-in"":""mono"",""w"":480}"	"{""duration"":""success"",""eof-reached"":""success"",""estimated-frame-number"":""success"",""filename"":""success"",""hwdec-current"":""success"",""idle-active"":""success"",""path"":""success"",""pause"":""success"",""percent-pos"":""success"",""time-pos"":""success"",""video-params"":""success"",""vo-configured"":""success""}"	true	playing	media-7eefea6ba2	<media-path:9e48f6362b>	5000	8	true	"{""black_screen_risk_reason"":""null"",""blocked_media_count"":0,""consecutive_failures"":0,""current_index"":8,""current_item"":{""alias"":""media-7eefea6ba2"",""duration_ms"":5000,""offset_ms"":0,""path_alias"":""<media-path:9e48f6362b>"",""started_at_present"":true},""last_poll_error"":""null"",""last_render_error"":""null"",""mpv_running"":true,""next_item"":{""alias"":""media-63e22e276f"",""duration_ms"":15100,""path_alias"":""<media-path:c406539999>""},""playback_state"":""playing"",""playlist_size"":9,""present"":true,""uptime_sec"":268}"
243	259.975	2026-07-10T20:12:53+0000	success		2	<media-path:c406539999>	<media-path:c406539999>	<filename:aaf3979e21>	3.133333	15.069751	20.792204	false	false	false	94	v4l2request-copy	true	"{""aspect"":0.566038,""dh"":848,""dw"":480,""h"":848,""par"":1.0,""pixelformat"":""nv12"",""rotate"":0,""stereo-in"":""mono"",""w"":480}"	"{""duration"":""success"",""eof-reached"":""success"",""estimated-frame-number"":""success"",""filename"":""success"",""hwdec-current"":""success"",""idle-active"":""success"",""path"":""success"",""pause"":""success"",""percent-pos"":""success"",""time-pos"":""success"",""video-params"":""success"",""vo-configured"":""success""}"	true	playing	media-63e22e276f	<media-path:c406539999>	15100	0	true	"{""black_screen_risk_reason"":""null"",""blocked_media_count"":0,""consecutive_failures"":0,""current_index"":0,""current_item"":{""alias"":""media-63e22e276f"",""duration_ms"":15100,""offset_ms"":0,""path_alias"":""<media-path:c406539999>"",""started_at_present"":true},""last_poll_error"":""null"",""last_render_error"":""null"",""mpv_running"":true,""next_item"":{""alias"":""media-b04db49d99"",""duration_ms"":15100,""path_alias"":""<media-path:2b030c3c41>""},""playback_state"":""playing"",""playlist_size"":9,""present"":true,""uptime_sec"":273}"
244	260.979	2026-07-10T20:12:54+0000	success		12	<media-path:c406539999>	<media-path:c406539999>	<filename:aaf3979e21>	4.133333	15.069751	27.428014	false	false	false	124	v4l2request-copy	true	"{""aspect"":0.566038,""dh"":848,""dw"":480,""h"":848,""par"":1.0,""pixelformat"":""nv12"",""rotate"":0,""stereo-in"":""mono"",""w"":480}"	"{""duration"":""success"",""eof-reached"":""success"",""estimated-frame-number"":""success"",""filename"":""success"",""hwdec-current"":""success"",""idle-active"":""success"",""path"":""success"",""pause"":""success"",""percent-pos"":""success"",""time-pos"":""success"",""video-params"":""success"",""vo-configured"":""success""}"	true	playing	media-63e22e276f	<media-path:c406539999>	15100	0	true	"{""black_screen_risk_reason"":""null"",""blocked_media_count"":0,""consecutive_failures"":0,""current_index"":0,""current_item"":{""alias"":""media-63e22e276f"",""duration_ms"":15100,""offset_ms"":0,""path_alias"":""<media-path:c406539999>"",""started_at_present"":true},""last_poll_error"":""null"",""last_render_error"":""null"",""mpv_running"":true,""next_item"":{""alias"":""media-b04db49d99"",""duration_ms"":15100,""path_alias"":""<media-path:2b030c3c41>""},""playback_state"":""playing"",""playlist_size"":9,""present"":true,""uptime_sec"":273}"
245	261.993	2026-07-10T20:12:55+0000	success		2	<media-path:c406539999>	<media-path:c406539999>	<filename:aaf3979e21>	5.133333	15.069751	34.063824	false	false	false	154	v4l2request-copy	true	"{""aspect"":0.566038,""dh"":848,""dw"":480,""h"":848,""par"":1.0,""pixelformat"":""nv12"",""rotate"":0,""stereo-in"":""mono"",""w"":480}"	"{""duration"":""success"",""eof-reached"":""success"",""estimated-frame-number"":""success"",""filename"":""success"",""hwdec-current"":""success"",""idle-active"":""success"",""path"":""success"",""pause"":""success"",""percent-pos"":""success"",""time-pos"":""success"",""video-params"":""success"",""vo-configured"":""success""}"	true	playing	media-63e22e276f	<media-path:c406539999>	15100	0	true	"{""black_screen_risk_reason"":""null"",""blocked_media_count"":0,""consecutive_failures"":0,""current_index"":0,""current_item"":{""alias"":""media-63e22e276f"",""duration_ms"":15100,""offset_ms"":0,""path_alias"":""<media-path:c406539999>"",""started_at_present"":true},""last_poll_error"":""null"",""last_render_error"":""null"",""mpv_running"":true,""next_item"":{""alias"":""media-b04db49d99"",""duration_ms"":15100,""path_alias"":""<media-path:2b030c3c41>""},""playback_state"":""playing"",""playlist_size"":9,""present"":true,""uptime_sec"":273}"
246	262.998	2026-07-10T20:12:56+0000	success		2	<media-path:c406539999>	<media-path:c406539999>	<filename:aaf3979e21>	6.166667	15.069751	40.920828	false	false	false	185	v4l2request-copy	true	"{""aspect"":0.566038,""dh"":848,""dw"":480,""h"":848,""par"":1.0,""pixelformat"":""nv12"",""rotate"":0,""stereo-in"":""mono"",""w"":480}"	"{""duration"":""success"",""eof-reached"":""success"",""estimated-frame-number"":""success"",""filename"":""success"",""hwdec-current"":""success"",""idle-active"":""success"",""path"":""success"",""pause"":""success"",""percent-pos"":""success"",""time-pos"":""success"",""video-params"":""success"",""vo-configured"":""success""}"	true	playing	media-63e22e276f	<media-path:c406539999>	15100	0	true	"{""black_screen_risk_reason"":""null"",""blocked_media_count"":0,""consecutive_failures"":0,""current_index"":0,""current_item"":{""alias"":""media-63e22e276f"",""duration_ms"":15100,""offset_ms"":0,""path_alias"":""<media-path:c406539999>"",""started_at_present"":true},""last_poll_error"":""null"",""last_render_error"":""null"",""mpv_running"":true,""next_item"":{""alias"":""media-b04db49d99"",""duration_ms"":15100,""path_alias"":""<media-path:2b030c3c41>""},""playback_state"":""playing"",""playlist_size"":9,""present"":true,""uptime_sec"":273}"
247	264.003	2026-07-10T20:12:57+0000	success		2	<media-path:c406539999>	<media-path:c406539999>	<filename:aaf3979e21>	7.166667	15.069751	47.556638	false	false	false	215	v4l2request-copy	true	"{""aspect"":0.566038,""dh"":848,""dw"":480,""h"":848,""par"":1.0,""pixelformat"":""nv12"",""rotate"":0,""stereo-in"":""mono"",""w"":480}"	"{""duration"":""success"",""eof-reached"":""success"",""estimated-frame-number"":""success"",""filename"":""success"",""hwdec-current"":""success"",""idle-active"":""success"",""path"":""success"",""pause"":""success"",""percent-pos"":""success"",""time-pos"":""success"",""video-params"":""success"",""vo-configured"":""success""}"	true	playing	media-63e22e276f	<media-path:c406539999>	15100	0	true	"{""black_screen_risk_reason"":""null"",""blocked_media_count"":0,""consecutive_failures"":0,""current_index"":0,""current_item"":{""alias"":""media-63e22e276f"",""duration_ms"":15100,""offset_ms"":0,""path_alias"":""<media-path:c406539999>"",""started_at_present"":true},""last_poll_error"":""null"",""last_render_error"":""null"",""mpv_running"":true,""next_item"":{""alias"":""media-b04db49d99"",""duration_ms"":15100,""path_alias"":""<media-path:2b030c3c41>""},""playback_state"":""playing"",""playlist_size"":9,""present"":true,""uptime_sec"":273}"
248	265.007	2026-07-10T20:12:58+0000	success		2	<media-path:c406539999>	<media-path:c406539999>	<filename:aaf3979e21>	8.166667	15.069751	54.192448	false	false	false	245	v4l2request-copy	true	"{""aspect"":0.566038,""dh"":848,""dw"":480,""h"":848,""par"":1.0,""pixelformat"":""nv12"",""rotate"":0,""stereo-in"":""mono"",""w"":480}"	"{""duration"":""success"",""eof-reached"":""success"",""estimated-frame-number"":""success"",""filename"":""success"",""hwdec-current"":""success"",""idle-active"":""success"",""path"":""success"",""pause"":""success"",""percent-pos"":""success"",""time-pos"":""success"",""video-params"":""success"",""vo-configured"":""success""}"	true	playing	media-63e22e276f	<media-path:c406539999>	15100	0	true	"{""black_screen_risk_reason"":""null"",""blocked_media_count"":0,""consecutive_failures"":0,""current_index"":0,""current_item"":{""alias"":""media-63e22e276f"",""duration_ms"":15100,""offset_ms"":0,""path_alias"":""<media-path:c406539999>"",""started_at_present"":true},""last_poll_error"":""null"",""last_render_error"":""null"",""mpv_running"":true,""next_item"":{""alias"":""media-b04db49d99"",""duration_ms"":15100,""path_alias"":""<media-path:2b030c3c41>""},""playback_state"":""playing"",""playlist_size"":9,""present"":true,""uptime_sec"":278}"
249	266.011	2026-07-10T20:12:59+0000	success		2	<media-path:c406539999>	<media-path:c406539999>	<filename:aaf3979e21>	9.166667	15.069751	60.828257	false	false	false	275	v4l2request-copy	true	"{""aspect"":0.566038,""dh"":848,""dw"":480,""h"":848,""par"":1.0,""pixelformat"":""nv12"",""rotate"":0,""stereo-in"":""mono"",""w"":480}"	"{""duration"":""success"",""eof-reached"":""success"",""estimated-frame-number"":""success"",""filename"":""success"",""hwdec-current"":""success"",""idle-active"":""success"",""path"":""success"",""pause"":""success"",""percent-pos"":""success"",""time-pos"":""success"",""video-params"":""success"",""vo-configured"":""success""}"	true	playing	media-63e22e276f	<media-path:c406539999>	15100	0	true	"{""black_screen_risk_reason"":""null"",""blocked_media_count"":0,""consecutive_failures"":0,""current_index"":0,""current_item"":{""alias"":""media-63e22e276f"",""duration_ms"":15100,""offset_ms"":0,""path_alias"":""<media-path:c406539999>"",""started_at_present"":true},""last_poll_error"":""null"",""last_render_error"":""null"",""mpv_running"":true,""next_item"":{""alias"":""media-b04db49d99"",""duration_ms"":15100,""path_alias"":""<media-path:2b030c3c41>""},""playback_state"":""playing"",""playlist_size"":9,""present"":true,""uptime_sec"":278}"
250	267.017	2026-07-10T20:13:00+0000	success		8	<media-path:c406539999>	<media-path:c406539999>	<filename:aaf3979e21>	10.166667	15.069751	67.464067	false	false	false	305	v4l2request-copy	true	"{""aspect"":0.566038,""dh"":848,""dw"":480,""h"":848,""par"":1.0,""pixelformat"":""nv12"",""rotate"":0,""stereo-in"":""mono"",""w"":480}"	"{""duration"":""success"",""eof-reached"":""success"",""estimated-frame-number"":""success"",""filename"":""success"",""hwdec-current"":""success"",""idle-active"":""success"",""path"":""success"",""pause"":""success"",""percent-pos"":""success"",""time-pos"":""success"",""video-params"":""success"",""vo-configured"":""success""}"	true	playing	media-63e22e276f	<media-path:c406539999>	15100	0	true	"{""black_screen_risk_reason"":""null"",""blocked_media_count"":0,""consecutive_failures"":0,""current_index"":0,""current_item"":{""alias"":""media-63e22e276f"",""duration_ms"":15100,""offset_ms"":0,""path_alias"":""<media-path:c406539999>"",""started_at_present"":true},""last_poll_error"":""null"",""last_render_error"":""null"",""mpv_running"":true,""next_item"":{""alias"":""media-b04db49d99"",""duration_ms"":15100,""path_alias"":""<media-path:2b030c3c41>""},""playback_state"":""playing"",""playlist_size"":9,""present"":true,""uptime_sec"":278}"
251	268.027	2026-07-10T20:13:01+0000	success		2	<media-path:c406539999>	<media-path:c406539999>	<filename:aaf3979e21>	11.166667	15.069751	74.099877	false	false	false	335	v4l2request-copy	true	"{""aspect"":0.566038,""dh"":848,""dw"":480,""h"":848,""par"":1.0,""pixelformat"":""nv12"",""rotate"":0,""stereo-in"":""mono"",""w"":480}"	"{""duration"":""success"",""eof-reached"":""success"",""estimated-frame-number"":""success"",""filename"":""success"",""hwdec-current"":""success"",""idle-active"":""success"",""path"":""success"",""pause"":""success"",""percent-pos"":""success"",""time-pos"":""success"",""video-params"":""success"",""vo-configured"":""success""}"	true	playing	media-63e22e276f	<media-path:c406539999>	15100	0	true	"{""black_screen_risk_reason"":""null"",""blocked_media_count"":0,""consecutive_failures"":0,""current_index"":0,""current_item"":{""alias"":""media-63e22e276f"",""duration_ms"":15100,""offset_ms"":0,""path_alias"":""<media-path:c406539999>"",""started_at_present"":true},""last_poll_error"":""null"",""last_render_error"":""null"",""mpv_running"":true,""next_item"":{""alias"":""media-b04db49d99"",""duration_ms"":15100,""path_alias"":""<media-path:2b030c3c41>""},""playback_state"":""playing"",""playlist_size"":9,""present"":true,""uptime_sec"":278}"
252	269.031	2026-07-10T20:13:02+0000	success		10	<media-path:c406539999>	<media-path:c406539999>	<filename:aaf3979e21>	12.2	15.069751	80.956881	false	false	false	366	v4l2request-copy	true	"{""aspect"":0.566038,""dh"":848,""dw"":480,""h"":848,""par"":1.0,""pixelformat"":""nv12"",""rotate"":0,""stereo-in"":""mono"",""w"":480}"	"{""duration"":""success"",""eof-reached"":""success"",""estimated-frame-number"":""success"",""filename"":""success"",""hwdec-current"":""success"",""idle-active"":""success"",""path"":""success"",""pause"":""success"",""percent-pos"":""success"",""time-pos"":""success"",""video-params"":""success"",""vo-configured"":""success""}"	true	playing	media-63e22e276f	<media-path:c406539999>	15100	0	true	"{""black_screen_risk_reason"":""null"",""blocked_media_count"":0,""consecutive_failures"":0,""current_index"":0,""current_item"":{""alias"":""media-63e22e276f"",""duration_ms"":15100,""offset_ms"":0,""path_alias"":""<media-path:c406539999>"",""started_at_present"":true},""last_poll_error"":""null"",""last_render_error"":""null"",""mpv_running"":true,""next_item"":{""alias"":""media-b04db49d99"",""duration_ms"":15100,""path_alias"":""<media-path:2b030c3c41>""},""playback_state"":""playing"",""playlist_size"":9,""present"":true,""uptime_sec"":278}"
253	270.043	2026-07-10T20:13:03+0000	success		2	<media-path:c406539999>	<media-path:c406539999>	<filename:aaf3979e21>	13.2	15.069751	87.592691	false	false	false	396	v4l2request-copy	true	"{""aspect"":0.566038,""dh"":848,""dw"":480,""h"":848,""par"":1.0,""pixelformat"":""nv12"",""rotate"":0,""stereo-in"":""mono"",""w"":480}"	"{""duration"":""success"",""eof-reached"":""success"",""estimated-frame-number"":""success"",""filename"":""success"",""hwdec-current"":""success"",""idle-active"":""success"",""path"":""success"",""pause"":""success"",""percent-pos"":""success"",""time-pos"":""success"",""video-params"":""success"",""vo-configured"":""success""}"	true	playing	media-63e22e276f	<media-path:c406539999>	15100	0	true	"{""black_screen_risk_reason"":""null"",""blocked_media_count"":0,""consecutive_failures"":0,""current_index"":0,""current_item"":{""alias"":""media-63e22e276f"",""duration_ms"":15100,""offset_ms"":0,""path_alias"":""<media-path:c406539999>"",""started_at_present"":true},""last_poll_error"":""null"",""last_render_error"":""null"",""mpv_running"":true,""next_item"":{""alias"":""media-b04db49d99"",""duration_ms"":15100,""path_alias"":""<media-path:2b030c3c41>""},""playback_state"":""playing"",""playlist_size"":9,""present"":true,""uptime_sec"":283}"
254	271.047	2026-07-10T20:13:04+0000	success		2	<media-path:c406539999>	<media-path:c406539999>	<filename:aaf3979e21>	14.2	15.069751	94.228501	false	false	false	426	v4l2request-copy	true	"{""aspect"":0.566038,""dh"":848,""dw"":480,""h"":848,""par"":1.0,""pixelformat"":""nv12"",""rotate"":0,""stereo-in"":""mono"",""w"":480}"	"{""duration"":""success"",""eof-reached"":""success"",""estimated-frame-number"":""success"",""filename"":""success"",""hwdec-current"":""success"",""idle-active"":""success"",""path"":""success"",""pause"":""success"",""percent-pos"":""success"",""time-pos"":""success"",""video-params"":""success"",""vo-configured"":""success""}"	true	playing	media-63e22e276f	<media-path:c406539999>	15100	0	true	"{""black_screen_risk_reason"":""null"",""blocked_media_count"":0,""consecutive_failures"":0,""current_index"":0,""current_item"":{""alias"":""media-63e22e276f"",""duration_ms"":15100,""offset_ms"":0,""path_alias"":""<media-path:c406539999>"",""started_at_present"":true},""last_poll_error"":""null"",""last_render_error"":""null"",""mpv_running"":true,""next_item"":{""alias"":""media-b04db49d99"",""duration_ms"":15100,""path_alias"":""<media-path:2b030c3c41>""},""playback_state"":""playing"",""playlist_size"":9,""present"":true,""uptime_sec"":283}"
255	272.051	2026-07-10T20:13:05+0000	success		4	<media-path:c406539999>	<media-path:c406539999>	<filename:aaf3979e21>	0.1	15.069751	0.663581	false	false	false	3	v4l2request-copy	true	"{""aspect"":0.566038,""dh"":848,""dw"":480,""h"":848,""par"":1.0,""pixelformat"":""nv12"",""rotate"":0,""stereo-in"":""mono"",""w"":480}"	"{""duration"":""success"",""eof-reached"":""success"",""estimated-frame-number"":""success"",""filename"":""success"",""hwdec-current"":""success"",""idle-active"":""success"",""path"":""success"",""pause"":""success"",""percent-pos"":""success"",""time-pos"":""success"",""video-params"":""success"",""vo-configured"":""success""}"	true	playing	media-63e22e276f	<media-path:c406539999>	15100	0	true	"{""black_screen_risk_reason"":""null"",""blocked_media_count"":0,""consecutive_failures"":0,""current_index"":0,""current_item"":{""alias"":""media-63e22e276f"",""duration_ms"":15100,""offset_ms"":0,""path_alias"":""<media-path:c406539999>"",""started_at_present"":true},""last_poll_error"":""null"",""last_render_error"":""null"",""mpv_running"":true,""next_item"":{""alias"":""media-b04db49d99"",""duration_ms"":15100,""path_alias"":""<media-path:2b030c3c41>""},""playback_state"":""playing"",""playlist_size"":9,""present"":true,""uptime_sec"":283}"
256	273.058	2026-07-10T20:13:06+0000	success		2	<media-path:2b030c3c41>	<media-path:2b030c3c41>	<filename:c617160627>	0.9	15.1	5.960265	false	false	false	27	v4l2request-copy	true	"{""aspect"":0.566038,""dh"":848,""dw"":480,""h"":848,""par"":1.0,""pixelformat"":""nv12"",""rotate"":0,""stereo-in"":""mono"",""w"":480}"	"{""duration"":""success"",""eof-reached"":""success"",""estimated-frame-number"":""success"",""filename"":""success"",""hwdec-current"":""success"",""idle-active"":""success"",""path"":""success"",""pause"":""success"",""percent-pos"":""success"",""time-pos"":""success"",""video-params"":""success"",""vo-configured"":""success""}"	true	playing	media-63e22e276f	<media-path:c406539999>	15100	0	true	"{""black_screen_risk_reason"":""null"",""blocked_media_count"":0,""consecutive_failures"":0,""current_index"":0,""current_item"":{""alias"":""media-63e22e276f"",""duration_ms"":15100,""offset_ms"":0,""path_alias"":""<media-path:c406539999>"",""started_at_present"":true},""last_poll_error"":""null"",""last_render_error"":""null"",""mpv_running"":true,""next_item"":{""alias"":""media-b04db49d99"",""duration_ms"":15100,""path_alias"":""<media-path:2b030c3c41>""},""playback_state"":""playing"",""playlist_size"":9,""present"":true,""uptime_sec"":283}"
257	274.062	2026-07-10T20:13:07+0000	success		2	<media-path:2b030c3c41>	<media-path:2b030c3c41>	<filename:c617160627>	1.933333	15.1	12.803532	false	false	false	58	v4l2request-copy	true	"{""aspect"":0.566038,""dh"":848,""dw"":480,""h"":848,""par"":1.0,""pixelformat"":""nv12"",""rotate"":0,""stereo-in"":""mono"",""w"":480}"	"{""duration"":""success"",""eof-reached"":""success"",""estimated-frame-number"":""success"",""filename"":""success"",""hwdec-current"":""success"",""idle-active"":""success"",""path"":""success"",""pause"":""success"",""percent-pos"":""success"",""time-pos"":""success"",""video-params"":""success"",""vo-configured"":""success""}"	true	playing	media-63e22e276f	<media-path:c406539999>	15100	0	true	"{""black_screen_risk_reason"":""null"",""blocked_media_count"":0,""consecutive_failures"":0,""current_index"":0,""current_item"":{""alias"":""media-63e22e276f"",""duration_ms"":15100,""offset_ms"":0,""path_alias"":""<media-path:c406539999>"",""started_at_present"":true},""last_poll_error"":""null"",""last_render_error"":""null"",""mpv_running"":true,""next_item"":{""alias"":""media-b04db49d99"",""duration_ms"":15100,""path_alias"":""<media-path:2b030c3c41>""},""playback_state"":""playing"",""playlist_size"":9,""present"":true,""uptime_sec"":283}"
258	275.067	2026-07-10T20:13:08+0000	success		9	<media-path:2b030c3c41>	<media-path:2b030c3c41>	<filename:c617160627>	2.933333	15.1	19.426049	false	false	false	88	v4l2request-copy	true	"{""aspect"":0.566038,""dh"":848,""dw"":480,""h"":848,""par"":1.0,""pixelformat"":""nv12"",""rotate"":0,""stereo-in"":""mono"",""w"":480}"	"{""duration"":""success"",""eof-reached"":""success"",""estimated-frame-number"":""success"",""filename"":""success"",""hwdec-current"":""success"",""idle-active"":""success"",""path"":""success"",""pause"":""success"",""percent-pos"":""success"",""time-pos"":""success"",""video-params"":""success"",""vo-configured"":""success""}"	true	playing	media-b04db49d99	<media-path:2b030c3c41>	15100	1	true	"{""black_screen_risk_reason"":""null"",""blocked_media_count"":0,""consecutive_failures"":0,""current_index"":1,""current_item"":{""alias"":""media-b04db49d99"",""duration_ms"":15100,""offset_ms"":0,""path_alias"":""<media-path:2b030c3c41>"",""started_at_present"":true},""last_poll_error"":""null"",""last_render_error"":""null"",""mpv_running"":true,""next_item"":{""alias"":""media-8ffdc1f445"",""duration_ms"":14000,""path_alias"":""<media-path:fee4d36eb4>""},""playback_state"":""playing"",""playlist_size"":9,""present"":true,""uptime_sec"":288}"
259	276.078	2026-07-10T20:13:09+0000	success		10	<media-path:2b030c3c41>	<media-path:2b030c3c41>	<filename:c617160627>	3.933333	15.1	26.048565	false	false	false	118	v4l2request-copy	true	"{""aspect"":0.566038,""dh"":848,""dw"":480,""h"":848,""par"":1.0,""pixelformat"":""nv12"",""rotate"":0,""stereo-in"":""mono"",""w"":480}"	"{""duration"":""success"",""eof-reached"":""success"",""estimated-frame-number"":""success"",""filename"":""success"",""hwdec-current"":""success"",""idle-active"":""success"",""path"":""success"",""pause"":""success"",""percent-pos"":""success"",""time-pos"":""success"",""video-params"":""success"",""vo-configured"":""success""}"	true	playing	media-b04db49d99	<media-path:2b030c3c41>	15100	1	true	"{""black_screen_risk_reason"":""null"",""blocked_media_count"":0,""consecutive_failures"":0,""current_index"":1,""current_item"":{""alias"":""media-b04db49d99"",""duration_ms"":15100,""offset_ms"":0,""path_alias"":""<media-path:2b030c3c41>"",""started_at_present"":true},""last_poll_error"":""null"",""last_render_error"":""null"",""mpv_running"":true,""next_item"":{""alias"":""media-8ffdc1f445"",""duration_ms"":14000,""path_alias"":""<media-path:fee4d36eb4>""},""playback_state"":""playing"",""playlist_size"":9,""present"":true,""uptime_sec"":288}"
260	277.091	2026-07-10T20:13:10+0000	success		3	<media-path:2b030c3c41>	<media-path:2b030c3c41>	<filename:c617160627>	4.933333	15.1	32.671082	false	false	false	148	v4l2request-copy	true	"{""aspect"":0.566038,""dh"":848,""dw"":480,""h"":848,""par"":1.0,""pixelformat"":""nv12"",""rotate"":0,""stereo-in"":""mono"",""w"":480}"	"{""duration"":""success"",""eof-reached"":""success"",""estimated-frame-number"":""success"",""filename"":""success"",""hwdec-current"":""success"",""idle-active"":""success"",""path"":""success"",""pause"":""success"",""percent-pos"":""success"",""time-pos"":""success"",""video-params"":""success"",""vo-configured"":""success""}"	true	playing	media-b04db49d99	<media-path:2b030c3c41>	15100	1	true	"{""black_screen_risk_reason"":""null"",""blocked_media_count"":0,""consecutive_failures"":0,""current_index"":1,""current_item"":{""alias"":""media-b04db49d99"",""duration_ms"":15100,""offset_ms"":0,""path_alias"":""<media-path:2b030c3c41>"",""started_at_present"":true},""last_poll_error"":""null"",""last_render_error"":""null"",""mpv_running"":true,""next_item"":{""alias"":""media-8ffdc1f445"",""duration_ms"":14000,""path_alias"":""<media-path:fee4d36eb4>""},""playback_state"":""playing"",""playlist_size"":9,""present"":true,""uptime_sec"":288}"
261	278.097	2026-07-10T20:13:11+0000	success		2	<media-path:2b030c3c41>	<media-path:2b030c3c41>	<filename:c617160627>	5.966667	15.1	39.514349	false	false	false	179	v4l2request-copy	true	"{""aspect"":0.566038,""dh"":848,""dw"":480,""h"":848,""par"":1.0,""pixelformat"":""nv12"",""rotate"":0,""stereo-in"":""mono"",""w"":480}"	"{""duration"":""success"",""eof-reached"":""success"",""estimated-frame-number"":""success"",""filename"":""success"",""hwdec-current"":""success"",""idle-active"":""success"",""path"":""success"",""pause"":""success"",""percent-pos"":""success"",""time-pos"":""success"",""video-params"":""success"",""vo-configured"":""success""}"	true	playing	media-b04db49d99	<media-path:2b030c3c41>	15100	1	true	"{""black_screen_risk_reason"":""null"",""blocked_media_count"":0,""consecutive_failures"":0,""current_index"":1,""current_item"":{""alias"":""media-b04db49d99"",""duration_ms"":15100,""offset_ms"":0,""path_alias"":""<media-path:2b030c3c41>"",""started_at_present"":true},""last_poll_error"":""null"",""last_render_error"":""null"",""mpv_running"":true,""next_item"":{""alias"":""media-8ffdc1f445"",""duration_ms"":14000,""path_alias"":""<media-path:fee4d36eb4>""},""playback_state"":""playing"",""playlist_size"":9,""present"":true,""uptime_sec"":288}"
262	279.102	2026-07-10T20:13:12+0000	success		2	<media-path:2b030c3c41>	<media-path:2b030c3c41>	<filename:c617160627>	6.966667	15.1	46.136865	false	false	false	209	v4l2request-copy	true	"{""aspect"":0.566038,""dh"":848,""dw"":480,""h"":848,""par"":1.0,""pixelformat"":""nv12"",""rotate"":0,""stereo-in"":""mono"",""w"":480}"	"{""duration"":""success"",""eof-reached"":""success"",""estimated-frame-number"":""success"",""filename"":""success"",""hwdec-current"":""success"",""idle-active"":""success"",""path"":""success"",""pause"":""success"",""percent-pos"":""success"",""time-pos"":""success"",""video-params"":""success"",""vo-configured"":""success""}"	true	playing	media-b04db49d99	<media-path:2b030c3c41>	15100	1	true	"{""black_screen_risk_reason"":""null"",""blocked_media_count"":0,""consecutive_failures"":0,""current_index"":1,""current_item"":{""alias"":""media-b04db49d99"",""duration_ms"":15100,""offset_ms"":0,""path_alias"":""<media-path:2b030c3c41>"",""started_at_present"":true},""last_poll_error"":""null"",""last_render_error"":""null"",""mpv_running"":true,""next_item"":{""alias"":""media-8ffdc1f445"",""duration_ms"":14000,""path_alias"":""<media-path:fee4d36eb4>""},""playback_state"":""playing"",""playlist_size"":9,""present"":true,""uptime_sec"":288}"
263	280.108	2026-07-10T20:13:13+0000	success		2	<media-path:2b030c3c41>	<media-path:2b030c3c41>	<filename:c617160627>	7.966667	15.1	52.759382	false	false	false	239	v4l2request-copy	true	"{""aspect"":0.566038,""dh"":848,""dw"":480,""h"":848,""par"":1.0,""pixelformat"":""nv12"",""rotate"":0,""stereo-in"":""mono"",""w"":480}"	"{""duration"":""success"",""eof-reached"":""success"",""estimated-frame-number"":""success"",""filename"":""success"",""hwdec-current"":""success"",""idle-active"":""success"",""path"":""success"",""pause"":""success"",""percent-pos"":""success"",""time-pos"":""success"",""video-params"":""success"",""vo-configured"":""success""}"	true	playing	media-b04db49d99	<media-path:2b030c3c41>	15100	1	true	"{""black_screen_risk_reason"":""null"",""blocked_media_count"":0,""consecutive_failures"":0,""current_index"":1,""current_item"":{""alias"":""media-b04db49d99"",""duration_ms"":15100,""offset_ms"":0,""path_alias"":""<media-path:2b030c3c41>"",""started_at_present"":true},""last_poll_error"":""null"",""last_render_error"":""null"",""mpv_running"":true,""next_item"":{""alias"":""media-8ffdc1f445"",""duration_ms"":14000,""path_alias"":""<media-path:fee4d36eb4>""},""playback_state"":""playing"",""playlist_size"":9,""present"":true,""uptime_sec"":293}"
264	281.113	2026-07-10T20:13:14+0000	success		10	<media-path:2b030c3c41>	<media-path:2b030c3c41>	<filename:c617160627>	8.966667	15.1	59.381898	false	false	false	269	v4l2request-copy	true	"{""aspect"":0.566038,""dh"":848,""dw"":480,""h"":848,""par"":1.0,""pixelformat"":""nv12"",""rotate"":0,""stereo-in"":""mono"",""w"":480}"	"{""duration"":""success"",""eof-reached"":""success"",""estimated-frame-number"":""success"",""filename"":""success"",""hwdec-current"":""success"",""idle-active"":""success"",""path"":""success"",""pause"":""success"",""percent-pos"":""success"",""time-pos"":""success"",""video-params"":""success"",""vo-configured"":""success""}"	true	playing	media-b04db49d99	<media-path:2b030c3c41>	15100	1	true	"{""black_screen_risk_reason"":""null"",""blocked_media_count"":0,""consecutive_failures"":0,""current_index"":1,""current_item"":{""alias"":""media-b04db49d99"",""duration_ms"":15100,""offset_ms"":0,""path_alias"":""<media-path:2b030c3c41>"",""started_at_present"":true},""last_poll_error"":""null"",""last_render_error"":""null"",""mpv_running"":true,""next_item"":{""alias"":""media-8ffdc1f445"",""duration_ms"":14000,""path_alias"":""<media-path:fee4d36eb4>""},""playback_state"":""playing"",""playlist_size"":9,""present"":true,""uptime_sec"":293}"
265	282.126	2026-07-10T20:13:15+0000	success		2	<media-path:2b030c3c41>	<media-path:2b030c3c41>	<filename:c617160627>	9.966667	15.1	66.004415	false	false	false	299	v4l2request-copy	true	"{""aspect"":0.566038,""dh"":848,""dw"":480,""h"":848,""par"":1.0,""pixelformat"":""nv12"",""rotate"":0,""stereo-in"":""mono"",""w"":480}"	"{""duration"":""success"",""eof-reached"":""success"",""estimated-frame-number"":""success"",""filename"":""success"",""hwdec-current"":""success"",""idle-active"":""success"",""path"":""success"",""pause"":""success"",""percent-pos"":""success"",""time-pos"":""success"",""video-params"":""success"",""vo-configured"":""success""}"	true	playing	media-b04db49d99	<media-path:2b030c3c41>	15100	1	true	"{""black_screen_risk_reason"":""null"",""blocked_media_count"":0,""consecutive_failures"":0,""current_index"":1,""current_item"":{""alias"":""media-b04db49d99"",""duration_ms"":15100,""offset_ms"":0,""path_alias"":""<media-path:2b030c3c41>"",""started_at_present"":true},""last_poll_error"":""null"",""last_render_error"":""null"",""mpv_running"":true,""next_item"":{""alias"":""media-8ffdc1f445"",""duration_ms"":14000,""path_alias"":""<media-path:fee4d36eb4>""},""playback_state"":""playing"",""playlist_size"":9,""present"":true,""uptime_sec"":293}"
266	283.130	2026-07-10T20:13:16+0000	success		2	<media-path:2b030c3c41>	<media-path:2b030c3c41>	<filename:c617160627>	11	15.1	72.847682	false	false	false	330	v4l2request-copy	true	"{""aspect"":0.566038,""dh"":848,""dw"":480,""h"":848,""par"":1.0,""pixelformat"":""nv12"",""rotate"":0,""stereo-in"":""mono"",""w"":480}"	"{""duration"":""success"",""eof-reached"":""success"",""estimated-frame-number"":""success"",""filename"":""success"",""hwdec-current"":""success"",""idle-active"":""success"",""path"":""success"",""pause"":""success"",""percent-pos"":""success"",""time-pos"":""success"",""video-params"":""success"",""vo-configured"":""success""}"	true	playing	media-b04db49d99	<media-path:2b030c3c41>	15100	1	true	"{""black_screen_risk_reason"":""null"",""blocked_media_count"":0,""consecutive_failures"":0,""current_index"":1,""current_item"":{""alias"":""media-b04db49d99"",""duration_ms"":15100,""offset_ms"":0,""path_alias"":""<media-path:2b030c3c41>"",""started_at_present"":true},""last_poll_error"":""null"",""last_render_error"":""null"",""mpv_running"":true,""next_item"":{""alias"":""media-8ffdc1f445"",""duration_ms"":14000,""path_alias"":""<media-path:fee4d36eb4>""},""playback_state"":""playing"",""playlist_size"":9,""present"":true,""uptime_sec"":293}"
267	284.134	2026-07-10T20:13:17+0000	success		2	<media-path:2b030c3c41>	<media-path:2b030c3c41>	<filename:c617160627>	12	15.1	79.470199	false	false	false	360	v4l2request-copy	true	"{""aspect"":0.566038,""dh"":848,""dw"":480,""h"":848,""par"":1.0,""pixelformat"":""nv12"",""rotate"":0,""stereo-in"":""mono"",""w"":480}"	"{""duration"":""success"",""eof-reached"":""success"",""estimated-frame-number"":""success"",""filename"":""success"",""hwdec-current"":""success"",""idle-active"":""success"",""path"":""success"",""pause"":""success"",""percent-pos"":""success"",""time-pos"":""success"",""video-params"":""success"",""vo-configured"":""success""}"	true	playing	media-b04db49d99	<media-path:2b030c3c41>	15100	1	true	"{""black_screen_risk_reason"":""null"",""blocked_media_count"":0,""consecutive_failures"":0,""current_index"":1,""current_item"":{""alias"":""media-b04db49d99"",""duration_ms"":15100,""offset_ms"":0,""path_alias"":""<media-path:2b030c3c41>"",""started_at_present"":true},""last_poll_error"":""null"",""last_render_error"":""null"",""mpv_running"":true,""next_item"":{""alias"":""media-8ffdc1f445"",""duration_ms"":14000,""path_alias"":""<media-path:fee4d36eb4>""},""playback_state"":""playing"",""playlist_size"":9,""present"":true,""uptime_sec"":293}"
268	285.139	2026-07-10T20:13:18+0000	success		2	<media-path:2b030c3c41>	<media-path:2b030c3c41>	<filename:c617160627>	13	15.1	86.092715	false	false	false	390	v4l2request-copy	true	"{""aspect"":0.566038,""dh"":848,""dw"":480,""h"":848,""par"":1.0,""pixelformat"":""nv12"",""rotate"":0,""stereo-in"":""mono"",""w"":480}"	"{""duration"":""success"",""eof-reached"":""success"",""estimated-frame-number"":""success"",""filename"":""success"",""hwdec-current"":""success"",""idle-active"":""success"",""path"":""success"",""pause"":""success"",""percent-pos"":""success"",""time-pos"":""success"",""video-params"":""success"",""vo-configured"":""success""}"	true	playing	media-b04db49d99	<media-path:2b030c3c41>	15100	1	true	"{""black_screen_risk_reason"":""null"",""blocked_media_count"":0,""consecutive_failures"":0,""current_index"":1,""current_item"":{""alias"":""media-b04db49d99"",""duration_ms"":15100,""offset_ms"":0,""path_alias"":""<media-path:2b030c3c41>"",""started_at_present"":true},""last_poll_error"":""null"",""last_render_error"":""null"",""mpv_running"":true,""next_item"":{""alias"":""media-8ffdc1f445"",""duration_ms"":14000,""path_alias"":""<media-path:fee4d36eb4>""},""playback_state"":""playing"",""playlist_size"":9,""present"":true,""uptime_sec"":298}"
269	286.143	2026-07-10T20:13:19+0000	success		2	<media-path:2b030c3c41>	<media-path:2b030c3c41>	<filename:c617160627>	14	15.1	92.715232	false	false	false	420	v4l2request-copy	true	"{""aspect"":0.566038,""dh"":848,""dw"":480,""h"":848,""par"":1.0,""pixelformat"":""nv12"",""rotate"":0,""stereo-in"":""mono"",""w"":480}"	"{""duration"":""success"",""eof-reached"":""success"",""estimated-frame-number"":""success"",""filename"":""success"",""hwdec-current"":""success"",""idle-active"":""success"",""path"":""success"",""pause"":""success"",""percent-pos"":""success"",""time-pos"":""success"",""video-params"":""success"",""vo-configured"":""success""}"	true	playing	media-b04db49d99	<media-path:2b030c3c41>	15100	1	true	"{""black_screen_risk_reason"":""null"",""blocked_media_count"":0,""consecutive_failures"":0,""current_index"":1,""current_item"":{""alias"":""media-b04db49d99"",""duration_ms"":15100,""offset_ms"":0,""path_alias"":""<media-path:2b030c3c41>"",""started_at_present"":true},""last_poll_error"":""null"",""last_render_error"":""null"",""mpv_running"":true,""next_item"":{""alias"":""media-8ffdc1f445"",""duration_ms"":14000,""path_alias"":""<media-path:fee4d36eb4>""},""playback_state"":""playing"",""playlist_size"":9,""present"":true,""uptime_sec"":298}"
270	287.148	2026-07-10T20:13:20+0000	success		5	<media-path:2b030c3c41>	<media-path:2b030c3c41>	<filename:c617160627>	15	15.1	99.337748	false	false	false	450	v4l2request-copy	true	"{""aspect"":0.566038,""dh"":848,""dw"":480,""h"":848,""par"":1.0,""pixelformat"":""nv12"",""rotate"":0,""stereo-in"":""mono"",""w"":480}"	"{""duration"":""success"",""eof-reached"":""success"",""estimated-frame-number"":""success"",""filename"":""success"",""hwdec-current"":""success"",""idle-active"":""success"",""path"":""success"",""pause"":""success"",""percent-pos"":""success"",""time-pos"":""success"",""video-params"":""success"",""vo-configured"":""success""}"	true	playing	media-b04db49d99	<media-path:2b030c3c41>	15100	1	true	"{""black_screen_risk_reason"":""null"",""blocked_media_count"":0,""consecutive_failures"":0,""current_index"":1,""current_item"":{""alias"":""media-b04db49d99"",""duration_ms"":15100,""offset_ms"":0,""path_alias"":""<media-path:2b030c3c41>"",""started_at_present"":true},""last_poll_error"":""null"",""last_render_error"":""null"",""mpv_running"":true,""next_item"":{""alias"":""media-8ffdc1f445"",""duration_ms"":14000,""path_alias"":""<media-path:fee4d36eb4>""},""playback_state"":""playing"",""playlist_size"":9,""present"":true,""uptime_sec"":298}"
271	288.155	2026-07-10T20:13:21+0000	success		3	<media-path:fee4d36eb4>	<media-path:fee4d36eb4>	<filename:8ba6df5956>	0.733333	14	5.238095	false	false	false	22	v4l2request-copy	true	"{""aspect"":0.557692,""dh"":832,""dw"":464,""h"":832,""par"":1.0,""pixelformat"":""nv12"",""rotate"":0,""stereo-in"":""mono"",""w"":464}"	"{""duration"":""success"",""eof-reached"":""success"",""estimated-frame-number"":""success"",""filename"":""success"",""hwdec-current"":""success"",""idle-active"":""success"",""path"":""success"",""pause"":""success"",""percent-pos"":""success"",""time-pos"":""success"",""video-params"":""success"",""vo-configured"":""success""}"	true	playing	media-b04db49d99	<media-path:2b030c3c41>	15100	1	true	"{""black_screen_risk_reason"":""null"",""blocked_media_count"":0,""consecutive_failures"":0,""current_index"":1,""current_item"":{""alias"":""media-b04db49d99"",""duration_ms"":15100,""offset_ms"":0,""path_alias"":""<media-path:2b030c3c41>"",""started_at_present"":true},""last_poll_error"":""null"",""last_render_error"":""null"",""mpv_running"":true,""next_item"":{""alias"":""media-8ffdc1f445"",""duration_ms"":14000,""path_alias"":""<media-path:fee4d36eb4>""},""playback_state"":""playing"",""playlist_size"":9,""present"":true,""uptime_sec"":298}"
272	289.162	2026-07-10T20:13:22+0000	success		2	<media-path:fee4d36eb4>	<media-path:fee4d36eb4>	<filename:8ba6df5956>	1.733333	14	12.380952	false	false	false	52	v4l2request-copy	true	"{""aspect"":0.557692,""dh"":832,""dw"":464,""h"":832,""par"":1.0,""pixelformat"":""nv12"",""rotate"":0,""stereo-in"":""mono"",""w"":464}"	"{""duration"":""success"",""eof-reached"":""success"",""estimated-frame-number"":""success"",""filename"":""success"",""hwdec-current"":""success"",""idle-active"":""success"",""path"":""success"",""pause"":""success"",""percent-pos"":""success"",""time-pos"":""success"",""video-params"":""success"",""vo-configured"":""success""}"	true	playing	media-b04db49d99	<media-path:2b030c3c41>	15100	1	true	"{""black_screen_risk_reason"":""null"",""blocked_media_count"":0,""consecutive_failures"":0,""current_index"":1,""current_item"":{""alias"":""media-b04db49d99"",""duration_ms"":15100,""offset_ms"":0,""path_alias"":""<media-path:2b030c3c41>"",""started_at_present"":true},""last_poll_error"":""null"",""last_render_error"":""null"",""mpv_running"":true,""next_item"":{""alias"":""media-8ffdc1f445"",""duration_ms"":14000,""path_alias"":""<media-path:fee4d36eb4>""},""playback_state"":""playing"",""playlist_size"":9,""present"":true,""uptime_sec"":298}"
273	290.166	2026-07-10T20:13:23+0000	success		2	<media-path:fee4d36eb4>	<media-path:fee4d36eb4>	<filename:8ba6df5956>	2.733333	14	19.52381	false	false	false	82	v4l2request-copy	true	"{""aspect"":0.557692,""dh"":832,""dw"":464,""h"":832,""par"":1.0,""pixelformat"":""nv12"",""rotate"":0,""stereo-in"":""mono"",""w"":464}"	"{""duration"":""success"",""eof-reached"":""success"",""estimated-frame-number"":""success"",""filename"":""success"",""hwdec-current"":""success"",""idle-active"":""success"",""path"":""success"",""pause"":""success"",""percent-pos"":""success"",""time-pos"":""success"",""video-params"":""success"",""vo-configured"":""success""}"	true	playing	media-8ffdc1f445	<media-path:fee4d36eb4>	14000	2	true	"{""black_screen_risk_reason"":""null"",""blocked_media_count"":0,""consecutive_failures"":0,""current_index"":2,""current_item"":{""alias"":""media-8ffdc1f445"",""duration_ms"":14000,""offset_ms"":0,""path_alias"":""<media-path:fee4d36eb4>"",""started_at_present"":true},""last_poll_error"":""null"",""last_render_error"":""null"",""mpv_running"":true,""next_item"":{""alias"":""media-907addee8b"",""duration_ms"":30800,""path_alias"":""<media-path:c58db4e1cc>""},""playback_state"":""playing"",""playlist_size"":9,""present"":true,""uptime_sec"":303}"
274	291.171	2026-07-10T20:13:24+0000	success		3	<media-path:fee4d36eb4>	<media-path:fee4d36eb4>	<filename:8ba6df5956>	3.733333	14	26.666667	false	false	false	112	v4l2request-copy	true	"{""aspect"":0.557692,""dh"":832,""dw"":464,""h"":832,""par"":1.0,""pixelformat"":""nv12"",""rotate"":0,""stereo-in"":""mono"",""w"":464}"	"{""duration"":""success"",""eof-reached"":""success"",""estimated-frame-number"":""success"",""filename"":""success"",""hwdec-current"":""success"",""idle-active"":""success"",""path"":""success"",""pause"":""success"",""percent-pos"":""success"",""time-pos"":""success"",""video-params"":""success"",""vo-configured"":""success""}"	true	playing	media-8ffdc1f445	<media-path:fee4d36eb4>	14000	2	true	"{""black_screen_risk_reason"":""null"",""blocked_media_count"":0,""consecutive_failures"":0,""current_index"":2,""current_item"":{""alias"":""media-8ffdc1f445"",""duration_ms"":14000,""offset_ms"":0,""path_alias"":""<media-path:fee4d36eb4>"",""started_at_present"":true},""last_poll_error"":""null"",""last_render_error"":""null"",""mpv_running"":true,""next_item"":{""alias"":""media-907addee8b"",""duration_ms"":30800,""path_alias"":""<media-path:c58db4e1cc>""},""playback_state"":""playing"",""playlist_size"":9,""present"":true,""uptime_sec"":303}"
275	292.178	2026-07-10T20:13:25+0000	success		8	<media-path:fee4d36eb4>	<media-path:fee4d36eb4>	<filename:8ba6df5956>	4.733333	14	33.809524	false	false	false	142	v4l2request-copy	true	"{""aspect"":0.557692,""dh"":832,""dw"":464,""h"":832,""par"":1.0,""pixelformat"":""nv12"",""rotate"":0,""stereo-in"":""mono"",""w"":464}"	"{""duration"":""success"",""eof-reached"":""success"",""estimated-frame-number"":""success"",""filename"":""success"",""hwdec-current"":""success"",""idle-active"":""success"",""path"":""success"",""pause"":""success"",""percent-pos"":""success"",""time-pos"":""success"",""video-params"":""success"",""vo-configured"":""success""}"	true	playing	media-8ffdc1f445	<media-path:fee4d36eb4>	14000	2	true	"{""black_screen_risk_reason"":""null"",""blocked_media_count"":0,""consecutive_failures"":0,""current_index"":2,""current_item"":{""alias"":""media-8ffdc1f445"",""duration_ms"":14000,""offset_ms"":0,""path_alias"":""<media-path:fee4d36eb4>"",""started_at_present"":true},""last_poll_error"":""null"",""last_render_error"":""null"",""mpv_running"":true,""next_item"":{""alias"":""media-907addee8b"",""duration_ms"":30800,""path_alias"":""<media-path:c58db4e1cc>""},""playback_state"":""playing"",""playlist_size"":9,""present"":true,""uptime_sec"":303}"
276	293.187	2026-07-10T20:13:26+0000	success		2	<media-path:fee4d36eb4>	<media-path:fee4d36eb4>	<filename:8ba6df5956>	5.733333	14	40.952381	false	false	false	172	v4l2request-copy	true	"{""aspect"":0.557692,""dh"":832,""dw"":464,""h"":832,""par"":1.0,""pixelformat"":""nv12"",""rotate"":0,""stereo-in"":""mono"",""w"":464}"	"{""duration"":""success"",""eof-reached"":""success"",""estimated-frame-number"":""success"",""filename"":""success"",""hwdec-current"":""success"",""idle-active"":""success"",""path"":""success"",""pause"":""success"",""percent-pos"":""success"",""time-pos"":""success"",""video-params"":""success"",""vo-configured"":""success""}"	true	playing	media-8ffdc1f445	<media-path:fee4d36eb4>	14000	2	true	"{""black_screen_risk_reason"":""null"",""blocked_media_count"":0,""consecutive_failures"":0,""current_index"":2,""current_item"":{""alias"":""media-8ffdc1f445"",""duration_ms"":14000,""offset_ms"":0,""path_alias"":""<media-path:fee4d36eb4>"",""started_at_present"":true},""last_poll_error"":""null"",""last_render_error"":""null"",""mpv_running"":true,""next_item"":{""alias"":""media-907addee8b"",""duration_ms"":30800,""path_alias"":""<media-path:c58db4e1cc>""},""playback_state"":""playing"",""playlist_size"":9,""present"":true,""uptime_sec"":303}"
277	294.192	2026-07-10T20:13:27+0000	success		3	<media-path:fee4d36eb4>	<media-path:fee4d36eb4>	<filename:8ba6df5956>	6.766667	14	48.333333	false	false	false	203	v4l2request-copy	true	"{""aspect"":0.557692,""dh"":832,""dw"":464,""h"":832,""par"":1.0,""pixelformat"":""nv12"",""rotate"":0,""stereo-in"":""mono"",""w"":464}"	"{""duration"":""success"",""eof-reached"":""success"",""estimated-frame-number"":""success"",""filename"":""success"",""hwdec-current"":""success"",""idle-active"":""success"",""path"":""success"",""pause"":""success"",""percent-pos"":""success"",""time-pos"":""success"",""video-params"":""success"",""vo-configured"":""success""}"	true	playing	media-8ffdc1f445	<media-path:fee4d36eb4>	14000	2	true	"{""black_screen_risk_reason"":""null"",""blocked_media_count"":0,""consecutive_failures"":0,""current_index"":2,""current_item"":{""alias"":""media-8ffdc1f445"",""duration_ms"":14000,""offset_ms"":0,""path_alias"":""<media-path:fee4d36eb4>"",""started_at_present"":true},""last_poll_error"":""null"",""last_render_error"":""null"",""mpv_running"":true,""next_item"":{""alias"":""media-907addee8b"",""duration_ms"":30800,""path_alias"":""<media-path:c58db4e1cc>""},""playback_state"":""playing"",""playlist_size"":9,""present"":true,""uptime_sec"":303}"
278	295.198	2026-07-10T20:13:28+0000	success		2	<media-path:fee4d36eb4>	<media-path:fee4d36eb4>	<filename:8ba6df5956>	7.766667	14	55.47619	false	false	false	233	v4l2request-copy	true	"{""aspect"":0.557692,""dh"":832,""dw"":464,""h"":832,""par"":1.0,""pixelformat"":""nv12"",""rotate"":0,""stereo-in"":""mono"",""w"":464}"	"{""duration"":""success"",""eof-reached"":""success"",""estimated-frame-number"":""success"",""filename"":""success"",""hwdec-current"":""success"",""idle-active"":""success"",""path"":""success"",""pause"":""success"",""percent-pos"":""success"",""time-pos"":""success"",""video-params"":""success"",""vo-configured"":""success""}"	true	playing	media-8ffdc1f445	<media-path:fee4d36eb4>	14000	2	true	"{""black_screen_risk_reason"":""null"",""blocked_media_count"":0,""consecutive_failures"":0,""current_index"":2,""current_item"":{""alias"":""media-8ffdc1f445"",""duration_ms"":14000,""offset_ms"":0,""path_alias"":""<media-path:fee4d36eb4>"",""started_at_present"":true},""last_poll_error"":""null"",""last_render_error"":""null"",""mpv_running"":true,""next_item"":{""alias"":""media-907addee8b"",""duration_ms"":30800,""path_alias"":""<media-path:c58db4e1cc>""},""playback_state"":""playing"",""playlist_size"":9,""present"":true,""uptime_sec"":308}"
279	296.202	2026-07-10T20:13:29+0000	success		2	<media-path:fee4d36eb4>	<media-path:fee4d36eb4>	<filename:8ba6df5956>	8.766667	14	62.619048	false	false	false	263	v4l2request-copy	true	"{""aspect"":0.557692,""dh"":832,""dw"":464,""h"":832,""par"":1.0,""pixelformat"":""nv12"",""rotate"":0,""stereo-in"":""mono"",""w"":464}"	"{""duration"":""success"",""eof-reached"":""success"",""estimated-frame-number"":""success"",""filename"":""success"",""hwdec-current"":""success"",""idle-active"":""success"",""path"":""success"",""pause"":""success"",""percent-pos"":""success"",""time-pos"":""success"",""video-params"":""success"",""vo-configured"":""success""}"	true	playing	media-8ffdc1f445	<media-path:fee4d36eb4>	14000	2	true	"{""black_screen_risk_reason"":""null"",""blocked_media_count"":0,""consecutive_failures"":0,""current_index"":2,""current_item"":{""alias"":""media-8ffdc1f445"",""duration_ms"":14000,""offset_ms"":0,""path_alias"":""<media-path:fee4d36eb4>"",""started_at_present"":true},""last_poll_error"":""null"",""last_render_error"":""null"",""mpv_running"":true,""next_item"":{""alias"":""media-907addee8b"",""duration_ms"":30800,""path_alias"":""<media-path:c58db4e1cc>""},""playback_state"":""playing"",""playlist_size"":9,""present"":true,""uptime_sec"":308}"
280	297.206	2026-07-10T20:13:30+0000	success		12	<media-path:fee4d36eb4>	<media-path:fee4d36eb4>	<filename:8ba6df5956>	9.766667	14	69.761905	false	false	false	293	v4l2request-copy	true	"{""aspect"":0.557692,""dh"":832,""dw"":464,""h"":832,""par"":1.0,""pixelformat"":""nv12"",""rotate"":0,""stereo-in"":""mono"",""w"":464}"	"{""duration"":""success"",""eof-reached"":""success"",""estimated-frame-number"":""success"",""filename"":""success"",""hwdec-current"":""success"",""idle-active"":""success"",""path"":""success"",""pause"":""success"",""percent-pos"":""success"",""time-pos"":""success"",""video-params"":""success"",""vo-configured"":""success""}"	true	playing	media-8ffdc1f445	<media-path:fee4d36eb4>	14000	2	true	"{""black_screen_risk_reason"":""null"",""blocked_media_count"":0,""consecutive_failures"":0,""current_index"":2,""current_item"":{""alias"":""media-8ffdc1f445"",""duration_ms"":14000,""offset_ms"":0,""path_alias"":""<media-path:fee4d36eb4>"",""started_at_present"":true},""last_poll_error"":""null"",""last_render_error"":""null"",""mpv_running"":true,""next_item"":{""alias"":""media-907addee8b"",""duration_ms"":30800,""path_alias"":""<media-path:c58db4e1cc>""},""playback_state"":""playing"",""playlist_size"":9,""present"":true,""uptime_sec"":308}"
281	298.222	2026-07-10T20:13:31+0000	success		2	<media-path:fee4d36eb4>	<media-path:fee4d36eb4>	<filename:8ba6df5956>	10.766667	14	76.904762	false	false	false	323	v4l2request-copy	true	"{""aspect"":0.557692,""dh"":832,""dw"":464,""h"":832,""par"":1.0,""pixelformat"":""nv12"",""rotate"":0,""stereo-in"":""mono"",""w"":464}"	"{""duration"":""success"",""eof-reached"":""success"",""estimated-frame-number"":""success"",""filename"":""success"",""hwdec-current"":""success"",""idle-active"":""success"",""path"":""success"",""pause"":""success"",""percent-pos"":""success"",""time-pos"":""success"",""video-params"":""success"",""vo-configured"":""success""}"	true	playing	media-8ffdc1f445	<media-path:fee4d36eb4>	14000	2	true	"{""black_screen_risk_reason"":""null"",""blocked_media_count"":0,""consecutive_failures"":0,""current_index"":2,""current_item"":{""alias"":""media-8ffdc1f445"",""duration_ms"":14000,""offset_ms"":0,""path_alias"":""<media-path:fee4d36eb4>"",""started_at_present"":true},""last_poll_error"":""null"",""last_render_error"":""null"",""mpv_running"":true,""next_item"":{""alias"":""media-907addee8b"",""duration_ms"":30800,""path_alias"":""<media-path:c58db4e1cc>""},""playback_state"":""playing"",""playlist_size"":9,""present"":true,""uptime_sec"":308}"
282	299.226	2026-07-10T20:13:32+0000	success		2	<media-path:fee4d36eb4>	<media-path:fee4d36eb4>	<filename:8ba6df5956>	11.8	14	84.285714	false	false	false	354	v4l2request-copy	true	"{""aspect"":0.557692,""dh"":832,""dw"":464,""h"":832,""par"":1.0,""pixelformat"":""nv12"",""rotate"":0,""stereo-in"":""mono"",""w"":464}"	"{""duration"":""success"",""eof-reached"":""success"",""estimated-frame-number"":""success"",""filename"":""success"",""hwdec-current"":""success"",""idle-active"":""success"",""path"":""success"",""pause"":""success"",""percent-pos"":""success"",""time-pos"":""success"",""video-params"":""success"",""vo-configured"":""success""}"	true	playing	media-8ffdc1f445	<media-path:fee4d36eb4>	14000	2	true	"{""black_screen_risk_reason"":""null"",""blocked_media_count"":0,""consecutive_failures"":0,""current_index"":2,""current_item"":{""alias"":""media-8ffdc1f445"",""duration_ms"":14000,""offset_ms"":0,""path_alias"":""<media-path:fee4d36eb4>"",""started_at_present"":true},""last_poll_error"":""null"",""last_render_error"":""null"",""mpv_running"":true,""next_item"":{""alias"":""media-907addee8b"",""duration_ms"":30800,""path_alias"":""<media-path:c58db4e1cc>""},""playback_state"":""playing"",""playlist_size"":9,""present"":true,""uptime_sec"":308}"
283	300.230	2026-07-10T20:13:33+0000	success		2	<media-path:c58db4e1cc>	<media-path:c58db4e1cc>	<filename:9b95323d7d>	2.627625	30.805333	8.529773	false	false	false	63	v4l2request-copy	true	"{""aspect"":0.5625,""dh"":640,""dw"":360,""h"":640,""par"":1.0,""pixelformat"":""nv12"",""rotate"":0,""stereo-in"":""mono"",""w"":360}"	"{""duration"":""success"",""eof-reached"":""success"",""estimated-frame-number"":""success"",""filename"":""success"",""hwdec-current"":""success"",""idle-active"":""success"",""path"":""success"",""pause"":""success"",""percent-pos"":""success"",""time-pos"":""success"",""video-params"":""success"",""vo-configured"":""success""}"	true	preparing_first_frame	media-8ffdc1f445	<media-path:fee4d36eb4>	14000	2	true	"{""black_screen_risk_reason"":""null"",""blocked_media_count"":0,""consecutive_failures"":0,""current_index"":2,""current_item"":{""alias"":""media-8ffdc1f445"",""duration_ms"":14000,""offset_ms"":0,""path_alias"":""<media-path:fee4d36eb4>"",""started_at_present"":true},""last_poll_error"":""null"",""last_render_error"":""null"",""mpv_running"":true,""next_item"":{""alias"":""media-907addee8b"",""duration_ms"":30800,""path_alias"":""<media-path:c58db4e1cc>""},""playback_state"":""preparing_first_frame"",""playlist_size"":9,""present"":true,""uptime_sec"":313}"
284	301.234	2026-07-10T20:13:34+0000	success		2	<media-path:c58db4e1cc>	<media-path:c58db4e1cc>	<filename:9b95323d7d>	3.628625	30.805333	11.77921	false	false	false	87	v4l2request-copy	true	"{""aspect"":0.5625,""dh"":640,""dw"":360,""h"":640,""par"":1.0,""pixelformat"":""nv12"",""rotate"":0,""stereo-in"":""mono"",""w"":360}"	"{""duration"":""success"",""eof-reached"":""success"",""estimated-frame-number"":""success"",""filename"":""success"",""hwdec-current"":""success"",""idle-active"":""success"",""path"":""success"",""pause"":""success"",""percent-pos"":""success"",""time-pos"":""success"",""video-params"":""success"",""vo-configured"":""success""}"	true	preparing_first_frame	media-8ffdc1f445	<media-path:fee4d36eb4>	14000	2	true	"{""black_screen_risk_reason"":""null"",""blocked_media_count"":0,""consecutive_failures"":0,""current_index"":2,""current_item"":{""alias"":""media-8ffdc1f445"",""duration_ms"":14000,""offset_ms"":0,""path_alias"":""<media-path:fee4d36eb4>"",""started_at_present"":true},""last_poll_error"":""null"",""last_render_error"":""null"",""mpv_running"":true,""next_item"":{""alias"":""media-907addee8b"",""duration_ms"":30800,""path_alias"":""<media-path:c58db4e1cc>""},""playback_state"":""preparing_first_frame"",""playlist_size"":9,""present"":true,""uptime_sec"":313}"
285	302.239	2026-07-10T20:13:35+0000	success		8	<media-path:c58db4e1cc>	<media-path:c58db4e1cc>	<filename:9b95323d7d>	4.671333	30.805333	15.164041	false	false	false	112	v4l2request-copy	true	"{""aspect"":0.5625,""dh"":640,""dw"":360,""h"":640,""par"":1.0,""pixelformat"":""nv12"",""rotate"":0,""stereo-in"":""mono"",""w"":360}"	"{""duration"":""success"",""eof-reached"":""success"",""estimated-frame-number"":""success"",""filename"":""success"",""hwdec-current"":""success"",""idle-active"":""success"",""path"":""success"",""pause"":""success"",""percent-pos"":""success"",""time-pos"":""success"",""video-params"":""success"",""vo-configured"":""success""}"	true	preparing_first_frame	media-8ffdc1f445	<media-path:fee4d36eb4>	14000	2	true	"{""black_screen_risk_reason"":""null"",""blocked_media_count"":0,""consecutive_failures"":0,""current_index"":2,""current_item"":{""alias"":""media-8ffdc1f445"",""duration_ms"":14000,""offset_ms"":0,""path_alias"":""<media-path:fee4d36eb4>"",""started_at_present"":true},""last_poll_error"":""null"",""last_render_error"":""null"",""mpv_running"":true,""next_item"":{""alias"":""media-907addee8b"",""duration_ms"":30800,""path_alias"":""<media-path:c58db4e1cc>""},""playback_state"":""preparing_first_frame"",""playlist_size"":9,""present"":true,""uptime_sec"":313}"
286	303.250	2026-07-10T20:13:36+0000	success		6	<media-path:c58db4e1cc>	<media-path:c58db4e1cc>	<filename:9b95323d7d>	5.672333	30.805333	18.413478	false	false	false	136	v4l2request-copy	true	"{""aspect"":0.5625,""dh"":640,""dw"":360,""h"":640,""par"":1.0,""pixelformat"":""nv12"",""rotate"":0,""stereo-in"":""mono"",""w"":360}"	"{""duration"":""success"",""eof-reached"":""success"",""estimated-frame-number"":""success"",""filename"":""success"",""hwdec-current"":""success"",""idle-active"":""success"",""path"":""success"",""pause"":""success"",""percent-pos"":""success"",""time-pos"":""success"",""video-params"":""success"",""vo-configured"":""success""}"	true	preparing_first_frame	media-8ffdc1f445	<media-path:fee4d36eb4>	14000	2	true	"{""black_screen_risk_reason"":""null"",""blocked_media_count"":0,""consecutive_failures"":0,""current_index"":2,""current_item"":{""alias"":""media-8ffdc1f445"",""duration_ms"":14000,""offset_ms"":0,""path_alias"":""<media-path:fee4d36eb4>"",""started_at_present"":true},""last_poll_error"":""null"",""last_render_error"":""null"",""mpv_running"":true,""next_item"":{""alias"":""media-907addee8b"",""duration_ms"":30800,""path_alias"":""<media-path:c58db4e1cc>""},""playback_state"":""preparing_first_frame"",""playlist_size"":9,""present"":true,""uptime_sec"":313}"
287	304.259	2026-07-10T20:13:37+0000	success		2	<media-path:c58db4e1cc>	<media-path:c58db4e1cc>	<filename:9b95323d7d>	6.673333	30.805333	21.662916	false	false	false	160	v4l2request-copy	true	"{""aspect"":0.5625,""dh"":640,""dw"":360,""h"":640,""par"":1.0,""pixelformat"":""nv12"",""rotate"":0,""stereo-in"":""mono"",""w"":360}"	"{""duration"":""success"",""eof-reached"":""success"",""estimated-frame-number"":""success"",""filename"":""success"",""hwdec-current"":""success"",""idle-active"":""success"",""path"":""success"",""pause"":""success"",""percent-pos"":""success"",""time-pos"":""success"",""video-params"":""success"",""vo-configured"":""success""}"	true	preparing_first_frame	media-8ffdc1f445	<media-path:fee4d36eb4>	14000	2	true	"{""black_screen_risk_reason"":""null"",""blocked_media_count"":0,""consecutive_failures"":0,""current_index"":2,""current_item"":{""alias"":""media-8ffdc1f445"",""duration_ms"":14000,""offset_ms"":0,""path_alias"":""<media-path:fee4d36eb4>"",""started_at_present"":true},""last_poll_error"":""null"",""last_render_error"":""null"",""mpv_running"":true,""next_item"":{""alias"":""media-907addee8b"",""duration_ms"":30800,""path_alias"":""<media-path:c58db4e1cc>""},""playback_state"":""preparing_first_frame"",""playlist_size"":9,""present"":true,""uptime_sec"":313}"
288	305.263	2026-07-10T20:13:38+0000	success		3	<media-path:c58db4e1cc>	<media-path:c58db4e1cc>	<filename:9b95323d7d>	7.674333	30.805333	24.912353	false	false	false	184	v4l2request-copy	true	"{""aspect"":0.5625,""dh"":640,""dw"":360,""h"":640,""par"":1.0,""pixelformat"":""nv12"",""rotate"":0,""stereo-in"":""mono"",""w"":360}"	"{""duration"":""success"",""eof-reached"":""success"",""estimated-frame-number"":""success"",""filename"":""success"",""hwdec-current"":""success"",""idle-active"":""success"",""path"":""success"",""pause"":""success"",""percent-pos"":""success"",""time-pos"":""success"",""video-params"":""success"",""vo-configured"":""success""}"	true	playing	media-907addee8b	<media-path:c58db4e1cc>	30800	3	true	"{""black_screen_risk_reason"":""null"",""blocked_media_count"":0,""consecutive_failures"":0,""current_index"":3,""current_item"":{""alias"":""media-907addee8b"",""duration_ms"":30800,""offset_ms"":2411,""path_alias"":""<media-path:c58db4e1cc>"",""started_at_present"":true},""last_poll_error"":""null"",""last_render_error"":""null"",""mpv_running"":true,""next_item"":{""alias"":""media-8e4d41f6c2"",""duration_ms"":7200,""path_alias"":""<media-path:3662a4e886>""},""playback_state"":""playing"",""playlist_size"":9,""present"":true,""uptime_sec"":318}"
289	306.269	2026-07-10T20:13:39+0000	success		4	<media-path:c58db4e1cc>	<media-path:c58db4e1cc>	<filename:9b95323d7d>	8.675333	30.805333	28.16179	false	false	false	208	v4l2request-copy	true	"{""aspect"":0.5625,""dh"":640,""dw"":360,""h"":640,""par"":1.0,""pixelformat"":""nv12"",""rotate"":0,""stereo-in"":""mono"",""w"":360}"	"{""duration"":""success"",""eof-reached"":""success"",""estimated-frame-number"":""success"",""filename"":""success"",""hwdec-current"":""success"",""idle-active"":""success"",""path"":""success"",""pause"":""success"",""percent-pos"":""success"",""time-pos"":""success"",""video-params"":""success"",""vo-configured"":""success""}"	true	playing	media-907addee8b	<media-path:c58db4e1cc>	30800	3	true	"{""black_screen_risk_reason"":""null"",""blocked_media_count"":0,""consecutive_failures"":0,""current_index"":3,""current_item"":{""alias"":""media-907addee8b"",""duration_ms"":30800,""offset_ms"":2411,""path_alias"":""<media-path:c58db4e1cc>"",""started_at_present"":true},""last_poll_error"":""null"",""last_render_error"":""null"",""mpv_running"":true,""next_item"":{""alias"":""media-8e4d41f6c2"",""duration_ms"":7200,""path_alias"":""<media-path:3662a4e886>""},""playback_state"":""playing"",""playlist_size"":9,""present"":true,""uptime_sec"":318}"
290	307.277	2026-07-10T20:13:40+0000	success		3	<media-path:c58db4e1cc>	<media-path:c58db4e1cc>	<filename:9b95323d7d>	9.676333	30.805333	31.411227	false	false	false	232	v4l2request-copy	true	"{""aspect"":0.5625,""dh"":640,""dw"":360,""h"":640,""par"":1.0,""pixelformat"":""nv12"",""rotate"":0,""stereo-in"":""mono"",""w"":360}"	"{""duration"":""success"",""eof-reached"":""success"",""estimated-frame-number"":""success"",""filename"":""success"",""hwdec-current"":""success"",""idle-active"":""success"",""path"":""success"",""pause"":""success"",""percent-pos"":""success"",""time-pos"":""success"",""video-params"":""success"",""vo-configured"":""success""}"	true	playing	media-907addee8b	<media-path:c58db4e1cc>	30800	3	true	"{""black_screen_risk_reason"":""null"",""blocked_media_count"":0,""consecutive_failures"":0,""current_index"":3,""current_item"":{""alias"":""media-907addee8b"",""duration_ms"":30800,""offset_ms"":2411,""path_alias"":""<media-path:c58db4e1cc>"",""started_at_present"":true},""last_poll_error"":""null"",""last_render_error"":""null"",""mpv_running"":true,""next_item"":{""alias"":""media-8e4d41f6c2"",""duration_ms"":7200,""path_alias"":""<media-path:3662a4e886>""},""playback_state"":""playing"",""playlist_size"":9,""present"":true,""uptime_sec"":318}"
291	308.283	2026-07-10T20:13:41+0000	success		3	<media-path:c58db4e1cc>	<media-path:c58db4e1cc>	<filename:9b95323d7d>	10.677333	30.805333	34.660665	false	false	false	256	v4l2request-copy	true	"{""aspect"":0.5625,""dh"":640,""dw"":360,""h"":640,""par"":1.0,""pixelformat"":""nv12"",""rotate"":0,""stereo-in"":""mono"",""w"":360}"	"{""duration"":""success"",""eof-reached"":""success"",""estimated-frame-number"":""success"",""filename"":""success"",""hwdec-current"":""success"",""idle-active"":""success"",""path"":""success"",""pause"":""success"",""percent-pos"":""success"",""time-pos"":""success"",""video-params"":""success"",""vo-configured"":""success""}"	true	playing	media-907addee8b	<media-path:c58db4e1cc>	30800	3	true	"{""black_screen_risk_reason"":""null"",""blocked_media_count"":0,""consecutive_failures"":0,""current_index"":3,""current_item"":{""alias"":""media-907addee8b"",""duration_ms"":30800,""offset_ms"":2411,""path_alias"":""<media-path:c58db4e1cc>"",""started_at_present"":true},""last_poll_error"":""null"",""last_render_error"":""null"",""mpv_running"":true,""next_item"":{""alias"":""media-8e4d41f6c2"",""duration_ms"":7200,""path_alias"":""<media-path:3662a4e886>""},""playback_state"":""playing"",""playlist_size"":9,""present"":true,""uptime_sec"":318}"
292	309.288	2026-07-10T20:13:42+0000	success		2	<media-path:c58db4e1cc>	<media-path:c58db4e1cc>	<filename:9b95323d7d>	11.720042	30.805333	38.045495	false	false	false	281	v4l2request-copy	true	"{""aspect"":0.5625,""dh"":640,""dw"":360,""h"":640,""par"":1.0,""pixelformat"":""nv12"",""rotate"":0,""stereo-in"":""mono"",""w"":360}"	"{""duration"":""success"",""eof-reached"":""success"",""estimated-frame-number"":""success"",""filename"":""success"",""hwdec-current"":""success"",""idle-active"":""success"",""path"":""success"",""pause"":""success"",""percent-pos"":""success"",""time-pos"":""success"",""video-params"":""success"",""vo-configured"":""success""}"	true	playing	media-907addee8b	<media-path:c58db4e1cc>	30800	3	true	"{""black_screen_risk_reason"":""null"",""blocked_media_count"":0,""consecutive_failures"":0,""current_index"":3,""current_item"":{""alias"":""media-907addee8b"",""duration_ms"":30800,""offset_ms"":2411,""path_alias"":""<media-path:c58db4e1cc>"",""started_at_present"":true},""last_poll_error"":""null"",""last_render_error"":""null"",""mpv_running"":true,""next_item"":{""alias"":""media-8e4d41f6c2"",""duration_ms"":7200,""path_alias"":""<media-path:3662a4e886>""},""playback_state"":""playing"",""playlist_size"":9,""present"":true,""uptime_sec"":318}"
293	310.292	2026-07-10T20:13:43+0000	success		2	<media-path:c58db4e1cc>	<media-path:c58db4e1cc>	<filename:9b95323d7d>	12.721042	30.805333	41.294933	false	false	false	305	v4l2request-copy	true	"{""aspect"":0.5625,""dh"":640,""dw"":360,""h"":640,""par"":1.0,""pixelformat"":""nv12"",""rotate"":0,""stereo-in"":""mono"",""w"":360}"	"{""duration"":""success"",""eof-reached"":""success"",""estimated-frame-number"":""success"",""filename"":""success"",""hwdec-current"":""success"",""idle-active"":""success"",""path"":""success"",""pause"":""success"",""percent-pos"":""success"",""time-pos"":""success"",""video-params"":""success"",""vo-configured"":""success""}"	true	playing	media-907addee8b	<media-path:c58db4e1cc>	30800	3	true	"{""black_screen_risk_reason"":""null"",""blocked_media_count"":0,""consecutive_failures"":0,""current_index"":3,""current_item"":{""alias"":""media-907addee8b"",""duration_ms"":30800,""offset_ms"":2411,""path_alias"":""<media-path:c58db4e1cc>"",""started_at_present"":true},""last_poll_error"":""null"",""last_render_error"":""null"",""mpv_running"":true,""next_item"":{""alias"":""media-8e4d41f6c2"",""duration_ms"":7200,""path_alias"":""<media-path:3662a4e886>""},""playback_state"":""playing"",""playlist_size"":9,""present"":true,""uptime_sec"":323}"
294	311.296	2026-07-10T20:13:44+0000	success		3	<media-path:c58db4e1cc>	<media-path:c58db4e1cc>	<filename:9b95323d7d>	13.722042	30.805333	44.54437	false	false	false	329	v4l2request-copy	true	"{""aspect"":0.5625,""dh"":640,""dw"":360,""h"":640,""par"":1.0,""pixelformat"":""nv12"",""rotate"":0,""stereo-in"":""mono"",""w"":360}"	"{""duration"":""success"",""eof-reached"":""success"",""estimated-frame-number"":""success"",""filename"":""success"",""hwdec-current"":""success"",""idle-active"":""success"",""path"":""success"",""pause"":""success"",""percent-pos"":""success"",""time-pos"":""success"",""video-params"":""success"",""vo-configured"":""success""}"	true	playing	media-907addee8b	<media-path:c58db4e1cc>	30800	3	true	"{""black_screen_risk_reason"":""null"",""blocked_media_count"":0,""consecutive_failures"":0,""current_index"":3,""current_item"":{""alias"":""media-907addee8b"",""duration_ms"":30800,""offset_ms"":2411,""path_alias"":""<media-path:c58db4e1cc>"",""started_at_present"":true},""last_poll_error"":""null"",""last_render_error"":""null"",""mpv_running"":true,""next_item"":{""alias"":""media-8e4d41f6c2"",""duration_ms"":7200,""path_alias"":""<media-path:3662a4e886>""},""playback_state"":""playing"",""playlist_size"":9,""present"":true,""uptime_sec"":323}"
295	312.303	2026-07-10T20:13:45+0000	success		5	<media-path:c58db4e1cc>	<media-path:c58db4e1cc>	<filename:9b95323d7d>	14.723042	30.805333	47.793807	false	false	false	353	v4l2request-copy	true	"{""aspect"":0.5625,""dh"":640,""dw"":360,""h"":640,""par"":1.0,""pixelformat"":""nv12"",""rotate"":0,""stereo-in"":""mono"",""w"":360}"	"{""duration"":""success"",""eof-reached"":""success"",""estimated-frame-number"":""success"",""filename"":""success"",""hwdec-current"":""success"",""idle-active"":""success"",""path"":""success"",""pause"":""success"",""percent-pos"":""success"",""time-pos"":""success"",""video-params"":""success"",""vo-configured"":""success""}"	true	playing	media-907addee8b	<media-path:c58db4e1cc>	30800	3	true	"{""black_screen_risk_reason"":""null"",""blocked_media_count"":0,""consecutive_failures"":0,""current_index"":3,""current_item"":{""alias"":""media-907addee8b"",""duration_ms"":30800,""offset_ms"":2411,""path_alias"":""<media-path:c58db4e1cc>"",""started_at_present"":true},""last_poll_error"":""null"",""last_render_error"":""null"",""mpv_running"":true,""next_item"":{""alias"":""media-8e4d41f6c2"",""duration_ms"":7200,""path_alias"":""<media-path:3662a4e886>""},""playback_state"":""playing"",""playlist_size"":9,""present"":true,""uptime_sec"":323}"
296	313.311	2026-07-10T20:13:46+0000	success		2	<media-path:c58db4e1cc>	<media-path:c58db4e1cc>	<filename:9b95323d7d>	15.724042	30.805333	51.043245	false	false	false	377	v4l2request-copy	true	"{""aspect"":0.5625,""dh"":640,""dw"":360,""h"":640,""par"":1.0,""pixelformat"":""nv12"",""rotate"":0,""stereo-in"":""mono"",""w"":360}"	"{""duration"":""success"",""eof-reached"":""success"",""estimated-frame-number"":""success"",""filename"":""success"",""hwdec-current"":""success"",""idle-active"":""success"",""path"":""success"",""pause"":""success"",""percent-pos"":""success"",""time-pos"":""success"",""video-params"":""success"",""vo-configured"":""success""}"	true	playing	media-907addee8b	<media-path:c58db4e1cc>	30800	3	true	"{""black_screen_risk_reason"":""null"",""blocked_media_count"":0,""consecutive_failures"":0,""current_index"":3,""current_item"":{""alias"":""media-907addee8b"",""duration_ms"":30800,""offset_ms"":2411,""path_alias"":""<media-path:c58db4e1cc>"",""started_at_present"":true},""last_poll_error"":""null"",""last_render_error"":""null"",""mpv_running"":true,""next_item"":{""alias"":""media-8e4d41f6c2"",""duration_ms"":7200,""path_alias"":""<media-path:3662a4e886>""},""playback_state"":""playing"",""playlist_size"":9,""present"":true,""uptime_sec"":323}"
297	314.315	2026-07-10T20:13:47+0000	success		2	<media-path:c58db4e1cc>	<media-path:c58db4e1cc>	<filename:9b95323d7d>	16.725042	30.805333	54.292682	false	false	false	401	v4l2request-copy	true	"{""aspect"":0.5625,""dh"":640,""dw"":360,""h"":640,""par"":1.0,""pixelformat"":""nv12"",""rotate"":0,""stereo-in"":""mono"",""w"":360}"	"{""duration"":""success"",""eof-reached"":""success"",""estimated-frame-number"":""success"",""filename"":""success"",""hwdec-current"":""success"",""idle-active"":""success"",""path"":""success"",""pause"":""success"",""percent-pos"":""success"",""time-pos"":""success"",""video-params"":""success"",""vo-configured"":""success""}"	true	playing	media-907addee8b	<media-path:c58db4e1cc>	30800	3	true	"{""black_screen_risk_reason"":""null"",""blocked_media_count"":0,""consecutive_failures"":0,""current_index"":3,""current_item"":{""alias"":""media-907addee8b"",""duration_ms"":30800,""offset_ms"":2411,""path_alias"":""<media-path:c58db4e1cc>"",""started_at_present"":true},""last_poll_error"":""null"",""last_render_error"":""null"",""mpv_running"":true,""next_item"":{""alias"":""media-8e4d41f6c2"",""duration_ms"":7200,""path_alias"":""<media-path:3662a4e886>""},""playback_state"":""playing"",""playlist_size"":9,""present"":true,""uptime_sec"":323}"
298	315.319	2026-07-10T20:13:48+0000	success		2	<media-path:c58db4e1cc>	<media-path:c58db4e1cc>	<filename:9b95323d7d>	17.726042	30.805333	57.542119	false	false	false	425	v4l2request-copy	true	"{""aspect"":0.5625,""dh"":640,""dw"":360,""h"":640,""par"":1.0,""pixelformat"":""nv12"",""rotate"":0,""stereo-in"":""mono"",""w"":360}"	"{""duration"":""success"",""eof-reached"":""success"",""estimated-frame-number"":""success"",""filename"":""success"",""hwdec-current"":""success"",""idle-active"":""success"",""path"":""success"",""pause"":""success"",""percent-pos"":""success"",""time-pos"":""success"",""video-params"":""success"",""vo-configured"":""success""}"	true	playing	media-907addee8b	<media-path:c58db4e1cc>	30800	3	true	"{""black_screen_risk_reason"":""null"",""blocked_media_count"":0,""consecutive_failures"":0,""current_index"":3,""current_item"":{""alias"":""media-907addee8b"",""duration_ms"":30800,""offset_ms"":2411,""path_alias"":""<media-path:c58db4e1cc>"",""started_at_present"":true},""last_poll_error"":""null"",""last_render_error"":""null"",""mpv_running"":true,""next_item"":{""alias"":""media-8e4d41f6c2"",""duration_ms"":7200,""path_alias"":""<media-path:3662a4e886>""},""playback_state"":""playing"",""playlist_size"":9,""present"":true,""uptime_sec"":328}"
299	316.323	2026-07-10T20:13:49+0000	success		2	<media-path:c58db4e1cc>	<media-path:c58db4e1cc>	<filename:9b95323d7d>	18.727042	30.805333	60.791557	false	false	false	449	v4l2request-copy	true	"{""aspect"":0.5625,""dh"":640,""dw"":360,""h"":640,""par"":1.0,""pixelformat"":""nv12"",""rotate"":0,""stereo-in"":""mono"",""w"":360}"	"{""duration"":""success"",""eof-reached"":""success"",""estimated-frame-number"":""success"",""filename"":""success"",""hwdec-current"":""success"",""idle-active"":""success"",""path"":""success"",""pause"":""success"",""percent-pos"":""success"",""time-pos"":""success"",""video-params"":""success"",""vo-configured"":""success""}"	true	playing	media-907addee8b	<media-path:c58db4e1cc>	30800	3	true	"{""black_screen_risk_reason"":""null"",""blocked_media_count"":0,""consecutive_failures"":0,""current_index"":3,""current_item"":{""alias"":""media-907addee8b"",""duration_ms"":30800,""offset_ms"":2411,""path_alias"":""<media-path:c58db4e1cc>"",""started_at_present"":true},""last_poll_error"":""null"",""last_render_error"":""null"",""mpv_running"":true,""next_item"":{""alias"":""media-8e4d41f6c2"",""duration_ms"":7200,""path_alias"":""<media-path:3662a4e886>""},""playback_state"":""playing"",""playlist_size"":9,""present"":true,""uptime_sec"":328}"
300	317.327	2026-07-10T20:13:50+0000	success		3	<media-path:c58db4e1cc>	<media-path:c58db4e1cc>	<filename:9b95323d7d>	19.728042	30.805333	64.040994	false	false	false	473	v4l2request-copy	true	"{""aspect"":0.5625,""dh"":640,""dw"":360,""h"":640,""par"":1.0,""pixelformat"":""nv12"",""rotate"":0,""stereo-in"":""mono"",""w"":360}"	"{""duration"":""success"",""eof-reached"":""success"",""estimated-frame-number"":""success"",""filename"":""success"",""hwdec-current"":""success"",""idle-active"":""success"",""path"":""success"",""pause"":""success"",""percent-pos"":""success"",""time-pos"":""success"",""video-params"":""success"",""vo-configured"":""success""}"	true	playing	media-907addee8b	<media-path:c58db4e1cc>	30800	3	true	"{""black_screen_risk_reason"":""null"",""blocked_media_count"":0,""consecutive_failures"":0,""current_index"":3,""current_item"":{""alias"":""media-907addee8b"",""duration_ms"":30800,""offset_ms"":2411,""path_alias"":""<media-path:c58db4e1cc>"",""started_at_present"":true},""last_poll_error"":""null"",""last_render_error"":""null"",""mpv_running"":true,""next_item"":{""alias"":""media-8e4d41f6c2"",""duration_ms"":7200,""path_alias"":""<media-path:3662a4e886>""},""playback_state"":""playing"",""playlist_size"":9,""present"":true,""uptime_sec"":328}"
301	318.332	2026-07-10T20:13:51+0000	success		3	<media-path:c58db4e1cc>	<media-path:c58db4e1cc>	<filename:9b95323d7d>	20.729042	30.805333	67.290431	false	false	false	497	v4l2request-copy	true	"{""aspect"":0.5625,""dh"":640,""dw"":360,""h"":640,""par"":1.0,""pixelformat"":""nv12"",""rotate"":0,""stereo-in"":""mono"",""w"":360}"	"{""duration"":""success"",""eof-reached"":""success"",""estimated-frame-number"":""success"",""filename"":""success"",""hwdec-current"":""success"",""idle-active"":""success"",""path"":""success"",""pause"":""success"",""percent-pos"":""success"",""time-pos"":""success"",""video-params"":""success"",""vo-configured"":""success""}"	true	playing	media-907addee8b	<media-path:c58db4e1cc>	30800	3	true	"{""black_screen_risk_reason"":""null"",""blocked_media_count"":0,""consecutive_failures"":0,""current_index"":3,""current_item"":{""alias"":""media-907addee8b"",""duration_ms"":30800,""offset_ms"":2411,""path_alias"":""<media-path:c58db4e1cc>"",""started_at_present"":true},""last_poll_error"":""null"",""last_render_error"":""null"",""mpv_running"":true,""next_item"":{""alias"":""media-8e4d41f6c2"",""duration_ms"":7200,""path_alias"":""<media-path:3662a4e886>""},""playback_state"":""playing"",""playlist_size"":9,""present"":true,""uptime_sec"":328}"
302	319.338	2026-07-10T20:13:52+0000	success		3	<media-path:c58db4e1cc>	<media-path:c58db4e1cc>	<filename:9b95323d7d>	21.730042	30.805333	70.539869	false	false	false	521	v4l2request-copy	true	"{""aspect"":0.5625,""dh"":640,""dw"":360,""h"":640,""par"":1.0,""pixelformat"":""nv12"",""rotate"":0,""stereo-in"":""mono"",""w"":360}"	"{""duration"":""success"",""eof-reached"":""success"",""estimated-frame-number"":""success"",""filename"":""success"",""hwdec-current"":""success"",""idle-active"":""success"",""path"":""success"",""pause"":""success"",""percent-pos"":""success"",""time-pos"":""success"",""video-params"":""success"",""vo-configured"":""success""}"	true	playing	media-907addee8b	<media-path:c58db4e1cc>	30800	3	true	"{""black_screen_risk_reason"":""null"",""blocked_media_count"":0,""consecutive_failures"":0,""current_index"":3,""current_item"":{""alias"":""media-907addee8b"",""duration_ms"":30800,""offset_ms"":2411,""path_alias"":""<media-path:c58db4e1cc>"",""started_at_present"":true},""last_poll_error"":""null"",""last_render_error"":""null"",""mpv_running"":true,""next_item"":{""alias"":""media-8e4d41f6c2"",""duration_ms"":7200,""path_alias"":""<media-path:3662a4e886>""},""playback_state"":""playing"",""playlist_size"":9,""present"":true,""uptime_sec"":328}"
303	320.344	2026-07-10T20:13:53+0000	success		2	<media-path:c58db4e1cc>	<media-path:c58db4e1cc>	<filename:9b95323d7d>	22.77275	30.805333	73.924699	false	false	false	546	v4l2request-copy	true	"{""aspect"":0.5625,""dh"":640,""dw"":360,""h"":640,""par"":1.0,""pixelformat"":""nv12"",""rotate"":0,""stereo-in"":""mono"",""w"":360}"	"{""duration"":""success"",""eof-reached"":""success"",""estimated-frame-number"":""success"",""filename"":""success"",""hwdec-current"":""success"",""idle-active"":""success"",""path"":""success"",""pause"":""success"",""percent-pos"":""success"",""time-pos"":""success"",""video-params"":""success"",""vo-configured"":""success""}"	true	playing	media-907addee8b	<media-path:c58db4e1cc>	30800	3	true	"{""black_screen_risk_reason"":""null"",""blocked_media_count"":0,""consecutive_failures"":0,""current_index"":3,""current_item"":{""alias"":""media-907addee8b"",""duration_ms"":30800,""offset_ms"":2411,""path_alias"":""<media-path:c58db4e1cc>"",""started_at_present"":true},""last_poll_error"":""null"",""last_render_error"":""null"",""mpv_running"":true,""next_item"":{""alias"":""media-8e4d41f6c2"",""duration_ms"":7200,""path_alias"":""<media-path:3662a4e886>""},""playback_state"":""playing"",""playlist_size"":9,""present"":true,""uptime_sec"":333}"
304	321.348	2026-07-10T20:13:54+0000	success		3	<media-path:c58db4e1cc>	<media-path:c58db4e1cc>	<filename:9b95323d7d>	23.77375	30.805333	77.174137	false	false	false	570	v4l2request-copy	true	"{""aspect"":0.5625,""dh"":640,""dw"":360,""h"":640,""par"":1.0,""pixelformat"":""nv12"",""rotate"":0,""stereo-in"":""mono"",""w"":360}"	"{""duration"":""success"",""eof-reached"":""success"",""estimated-frame-number"":""success"",""filename"":""success"",""hwdec-current"":""success"",""idle-active"":""success"",""path"":""success"",""pause"":""success"",""percent-pos"":""success"",""time-pos"":""success"",""video-params"":""success"",""vo-configured"":""success""}"	true	playing	media-907addee8b	<media-path:c58db4e1cc>	30800	3	true	"{""black_screen_risk_reason"":""null"",""blocked_media_count"":0,""consecutive_failures"":0,""current_index"":3,""current_item"":{""alias"":""media-907addee8b"",""duration_ms"":30800,""offset_ms"":2411,""path_alias"":""<media-path:c58db4e1cc>"",""started_at_present"":true},""last_poll_error"":""null"",""last_render_error"":""null"",""mpv_running"":true,""next_item"":{""alias"":""media-8e4d41f6c2"",""duration_ms"":7200,""path_alias"":""<media-path:3662a4e886>""},""playback_state"":""playing"",""playlist_size"":9,""present"":true,""uptime_sec"":333}"
305	322.355	2026-07-10T20:13:55+0000	success		4	<media-path:c58db4e1cc>	<media-path:c58db4e1cc>	<filename:9b95323d7d>	24.77475	30.805333	80.423574	false	false	false	594	v4l2request-copy	true	"{""aspect"":0.5625,""dh"":640,""dw"":360,""h"":640,""par"":1.0,""pixelformat"":""nv12"",""rotate"":0,""stereo-in"":""mono"",""w"":360}"	"{""duration"":""success"",""eof-reached"":""success"",""estimated-frame-number"":""success"",""filename"":""success"",""hwdec-current"":""success"",""idle-active"":""success"",""path"":""success"",""pause"":""success"",""percent-pos"":""success"",""time-pos"":""success"",""video-params"":""success"",""vo-configured"":""success""}"	true	playing	media-907addee8b	<media-path:c58db4e1cc>	30800	3	true	"{""black_screen_risk_reason"":""null"",""blocked_media_count"":0,""consecutive_failures"":0,""current_index"":3,""current_item"":{""alias"":""media-907addee8b"",""duration_ms"":30800,""offset_ms"":2411,""path_alias"":""<media-path:c58db4e1cc>"",""started_at_present"":true},""last_poll_error"":""null"",""last_render_error"":""null"",""mpv_running"":true,""next_item"":{""alias"":""media-8e4d41f6c2"",""duration_ms"":7200,""path_alias"":""<media-path:3662a4e886>""},""playback_state"":""playing"",""playlist_size"":9,""present"":true,""uptime_sec"":333}"
306	323.362	2026-07-10T20:13:56+0000	success		4	<media-path:c58db4e1cc>	<media-path:c58db4e1cc>	<filename:9b95323d7d>	25.77575	30.805333	83.673011	false	false	false	618	v4l2request-copy	true	"{""aspect"":0.5625,""dh"":640,""dw"":360,""h"":640,""par"":1.0,""pixelformat"":""nv12"",""rotate"":0,""stereo-in"":""mono"",""w"":360}"	"{""duration"":""success"",""eof-reached"":""success"",""estimated-frame-number"":""success"",""filename"":""success"",""hwdec-current"":""success"",""idle-active"":""success"",""path"":""success"",""pause"":""success"",""percent-pos"":""success"",""time-pos"":""success"",""video-params"":""success"",""vo-configured"":""success""}"	true	playing	media-907addee8b	<media-path:c58db4e1cc>	30800	3	true	"{""black_screen_risk_reason"":""null"",""blocked_media_count"":0,""consecutive_failures"":0,""current_index"":3,""current_item"":{""alias"":""media-907addee8b"",""duration_ms"":30800,""offset_ms"":2411,""path_alias"":""<media-path:c58db4e1cc>"",""started_at_present"":true},""last_poll_error"":""null"",""last_render_error"":""null"",""mpv_running"":true,""next_item"":{""alias"":""media-8e4d41f6c2"",""duration_ms"":7200,""path_alias"":""<media-path:3662a4e886>""},""playback_state"":""playing"",""playlist_size"":9,""present"":true,""uptime_sec"":333}"
307	324.370	2026-07-10T20:13:57+0000	success		4	<media-path:c58db4e1cc>	<media-path:c58db4e1cc>	<filename:9b95323d7d>	26.77675	30.805333	86.922448	false	false	false	641	v4l2request-copy	true	"{""aspect"":0.5625,""dh"":640,""dw"":360,""h"":640,""par"":1.0,""pixelformat"":""nv12"",""rotate"":0,""stereo-in"":""mono"",""w"":360}"	"{""duration"":""success"",""eof-reached"":""success"",""estimated-frame-number"":""success"",""filename"":""success"",""hwdec-current"":""success"",""idle-active"":""success"",""path"":""success"",""pause"":""success"",""percent-pos"":""success"",""time-pos"":""success"",""video-params"":""success"",""vo-configured"":""success""}"	true	playing	media-907addee8b	<media-path:c58db4e1cc>	30800	3	true	"{""black_screen_risk_reason"":""null"",""blocked_media_count"":0,""consecutive_failures"":0,""current_index"":3,""current_item"":{""alias"":""media-907addee8b"",""duration_ms"":30800,""offset_ms"":2411,""path_alias"":""<media-path:c58db4e1cc>"",""started_at_present"":true},""last_poll_error"":""null"",""last_render_error"":""null"",""mpv_running"":true,""next_item"":{""alias"":""media-8e4d41f6c2"",""duration_ms"":7200,""path_alias"":""<media-path:3662a4e886>""},""playback_state"":""playing"",""playlist_size"":9,""present"":true,""uptime_sec"":333}"
308	325.378	2026-07-10T20:13:58+0000	success		2	<media-path:c58db4e1cc>	<media-path:c58db4e1cc>	<filename:9b95323d7d>	27.77775	30.805333	90.171886	false	false	false	665	v4l2request-copy	true	"{""aspect"":0.5625,""dh"":640,""dw"":360,""h"":640,""par"":1.0,""pixelformat"":""nv12"",""rotate"":0,""stereo-in"":""mono"",""w"":360}"	"{""duration"":""success"",""eof-reached"":""success"",""estimated-frame-number"":""success"",""filename"":""success"",""hwdec-current"":""success"",""idle-active"":""success"",""path"":""success"",""pause"":""success"",""percent-pos"":""success"",""time-pos"":""success"",""video-params"":""success"",""vo-configured"":""success""}"	true	playing	media-907addee8b	<media-path:c58db4e1cc>	30800	3	true	"{""black_screen_risk_reason"":""null"",""blocked_media_count"":0,""consecutive_failures"":0,""current_index"":3,""current_item"":{""alias"":""media-907addee8b"",""duration_ms"":30800,""offset_ms"":2411,""path_alias"":""<media-path:c58db4e1cc>"",""started_at_present"":true},""last_poll_error"":""null"",""last_render_error"":""null"",""mpv_running"":true,""next_item"":{""alias"":""media-8e4d41f6c2"",""duration_ms"":7200,""path_alias"":""<media-path:3662a4e886>""},""playback_state"":""playing"",""playlist_size"":9,""present"":true,""uptime_sec"":338}"
309	326.382	2026-07-10T20:13:59+0000	success		2	<media-path:c58db4e1cc>	<media-path:c58db4e1cc>	<filename:9b95323d7d>	28.77875	30.805333	93.421323	false	false	false	689	v4l2request-copy	true	"{""aspect"":0.5625,""dh"":640,""dw"":360,""h"":640,""par"":1.0,""pixelformat"":""nv12"",""rotate"":0,""stereo-in"":""mono"",""w"":360}"	"{""duration"":""success"",""eof-reached"":""success"",""estimated-frame-number"":""success"",""filename"":""success"",""hwdec-current"":""success"",""idle-active"":""success"",""path"":""success"",""pause"":""success"",""percent-pos"":""success"",""time-pos"":""success"",""video-params"":""success"",""vo-configured"":""success""}"	true	playing	media-907addee8b	<media-path:c58db4e1cc>	30800	3	true	"{""black_screen_risk_reason"":""null"",""blocked_media_count"":0,""consecutive_failures"":0,""current_index"":3,""current_item"":{""alias"":""media-907addee8b"",""duration_ms"":30800,""offset_ms"":2411,""path_alias"":""<media-path:c58db4e1cc>"",""started_at_present"":true},""last_poll_error"":""null"",""last_render_error"":""null"",""mpv_running"":true,""next_item"":{""alias"":""media-8e4d41f6c2"",""duration_ms"":7200,""path_alias"":""<media-path:3662a4e886>""},""playback_state"":""playing"",""playlist_size"":9,""present"":true,""uptime_sec"":338}"
310	327.385	2026-07-10T20:14:00+0000	success		3	<media-path:c58db4e1cc>	<media-path:c58db4e1cc>	<filename:9b95323d7d>	29.77975	30.805333	96.67076	false	false	false	713	v4l2request-copy	true	"{""aspect"":0.5625,""dh"":640,""dw"":360,""h"":640,""par"":1.0,""pixelformat"":""nv12"",""rotate"":0,""stereo-in"":""mono"",""w"":360}"	"{""duration"":""success"",""eof-reached"":""success"",""estimated-frame-number"":""success"",""filename"":""success"",""hwdec-current"":""success"",""idle-active"":""success"",""path"":""success"",""pause"":""success"",""percent-pos"":""success"",""time-pos"":""success"",""video-params"":""success"",""vo-configured"":""success""}"	true	playing	media-907addee8b	<media-path:c58db4e1cc>	30800	3	true	"{""black_screen_risk_reason"":""null"",""blocked_media_count"":0,""consecutive_failures"":0,""current_index"":3,""current_item"":{""alias"":""media-907addee8b"",""duration_ms"":30800,""offset_ms"":2411,""path_alias"":""<media-path:c58db4e1cc>"",""started_at_present"":true},""last_poll_error"":""null"",""last_render_error"":""null"",""mpv_running"":true,""next_item"":{""alias"":""media-8e4d41f6c2"",""duration_ms"":7200,""path_alias"":""<media-path:3662a4e886>""},""playback_state"":""playing"",""playlist_size"":9,""present"":true,""uptime_sec"":338}"
311	328.393	2026-07-10T20:14:02+0000	success		2	<media-path:c58db4e1cc>	<media-path:c58db4e1cc>	<filename:9b95323d7d>	0	30.805333	0	false	false	false	0	v4l2request-copy	true	"{""aspect"":0.5625,""dh"":640,""dw"":360,""h"":640,""par"":1.0,""pixelformat"":""nv12"",""rotate"":0,""stereo-in"":""mono"",""w"":360}"	"{""duration"":""success"",""eof-reached"":""success"",""estimated-frame-number"":""success"",""filename"":""success"",""hwdec-current"":""success"",""idle-active"":""success"",""path"":""success"",""pause"":""success"",""percent-pos"":""success"",""time-pos"":""success"",""video-params"":""success"",""vo-configured"":""success""}"	true	playing	media-907addee8b	<media-path:c58db4e1cc>	30800	3	true	"{""black_screen_risk_reason"":""null"",""blocked_media_count"":0,""consecutive_failures"":0,""current_index"":3,""current_item"":{""alias"":""media-907addee8b"",""duration_ms"":30800,""offset_ms"":2411,""path_alias"":""<media-path:c58db4e1cc>"",""started_at_present"":true},""last_poll_error"":""null"",""last_render_error"":""null"",""mpv_running"":true,""next_item"":{""alias"":""media-8e4d41f6c2"",""duration_ms"":7200,""path_alias"":""<media-path:3662a4e886>""},""playback_state"":""playing"",""playlist_size"":9,""present"":true,""uptime_sec"":338}"
312	329.399	2026-07-10T20:14:03+0000	success		12	<media-path:3662a4e886>	<media-path:3662a4e886>	<filename:0a2aeee29a>	0.9	7.221406	12.462947	false	false	false	27	v4l2request-copy	true	"{""aspect"":0.5625,""dh"":1024,""dw"":576,""h"":1024,""par"":1.0,""pixelformat"":""nv12"",""rotate"":0,""stereo-in"":""mono"",""w"":576}"	"{""duration"":""success"",""eof-reached"":""success"",""estimated-frame-number"":""success"",""filename"":""success"",""hwdec-current"":""success"",""idle-active"":""success"",""path"":""success"",""pause"":""success"",""percent-pos"":""success"",""time-pos"":""success"",""video-params"":""success"",""vo-configured"":""success""}"	true	playing	media-907addee8b	<media-path:c58db4e1cc>	30800	3	true	"{""black_screen_risk_reason"":""null"",""blocked_media_count"":0,""consecutive_failures"":0,""current_index"":3,""current_item"":{""alias"":""media-907addee8b"",""duration_ms"":30800,""offset_ms"":2411,""path_alias"":""<media-path:c58db4e1cc>"",""started_at_present"":true},""last_poll_error"":""null"",""last_render_error"":""null"",""mpv_running"":true,""next_item"":{""alias"":""media-8e4d41f6c2"",""duration_ms"":7200,""path_alias"":""<media-path:3662a4e886>""},""playback_state"":""playing"",""playlist_size"":9,""present"":true,""uptime_sec"":338}"
313	330.413	2026-07-10T20:14:04+0000	success		24	<media-path:3662a4e886>	<media-path:3662a4e886>	<filename:0a2aeee29a>	1.933333	7.221406	26.772257	false	false	false	58	v4l2request-copy	true	"{""aspect"":0.5625,""dh"":1024,""dw"":576,""h"":1024,""par"":1.0,""pixelformat"":""nv12"",""rotate"":0,""stereo-in"":""mono"",""w"":576}"	"{""duration"":""success"",""eof-reached"":""success"",""estimated-frame-number"":""success"",""filename"":""success"",""hwdec-current"":""success"",""idle-active"":""success"",""path"":""success"",""pause"":""success"",""percent-pos"":""success"",""time-pos"":""success"",""video-params"":""success"",""vo-configured"":""success""}"	true	playing	media-8e4d41f6c2	<media-path:3662a4e886>	7200	4	true	"{""black_screen_risk_reason"":""null"",""blocked_media_count"":0,""consecutive_failures"":0,""current_index"":4,""current_item"":{""alias"":""media-8e4d41f6c2"",""duration_ms"":7200,""offset_ms"":0,""path_alias"":""<media-path:3662a4e886>"",""started_at_present"":true},""last_poll_error"":""null"",""last_render_error"":""null"",""mpv_running"":true,""next_item"":{""alias"":""media-fba32b0055"",""duration_ms"":5100,""path_alias"":""<media-path:97100fcdae>""},""playback_state"":""playing"",""playlist_size"":9,""present"":true,""uptime_sec"":343}"
314	331.440	2026-07-10T20:14:05+0000	success		3	<media-path:3662a4e886>	<media-path:3662a4e886>	<filename:0a2aeee29a>	2.933333	7.221406	40.619976	false	false	false	87	v4l2request-copy	true	"{""aspect"":0.5625,""dh"":1024,""dw"":576,""h"":1024,""par"":1.0,""pixelformat"":""nv12"",""rotate"":0,""stereo-in"":""mono"",""w"":576}"	"{""duration"":""success"",""eof-reached"":""success"",""estimated-frame-number"":""success"",""filename"":""success"",""hwdec-current"":""success"",""idle-active"":""success"",""path"":""success"",""pause"":""success"",""percent-pos"":""success"",""time-pos"":""success"",""video-params"":""success"",""vo-configured"":""success""}"	true	playing	media-8e4d41f6c2	<media-path:3662a4e886>	7200	4	true	"{""black_screen_risk_reason"":""null"",""blocked_media_count"":0,""consecutive_failures"":0,""current_index"":4,""current_item"":{""alias"":""media-8e4d41f6c2"",""duration_ms"":7200,""offset_ms"":0,""path_alias"":""<media-path:3662a4e886>"",""started_at_present"":true},""last_poll_error"":""null"",""last_render_error"":""null"",""mpv_running"":true,""next_item"":{""alias"":""media-fba32b0055"",""duration_ms"":5100,""path_alias"":""<media-path:97100fcdae>""},""playback_state"":""playing"",""playlist_size"":9,""present"":true,""uptime_sec"":343}"
315	332.445	2026-07-10T20:14:06+0000	success		2	<media-path:3662a4e886>	<media-path:3662a4e886>	<filename:0a2aeee29a>	3.933333	7.221406	54.467695	false	false	false	117	v4l2request-copy	true	"{""aspect"":0.5625,""dh"":1024,""dw"":576,""h"":1024,""par"":1.0,""pixelformat"":""nv12"",""rotate"":0,""stereo-in"":""mono"",""w"":576}"	"{""duration"":""success"",""eof-reached"":""success"",""estimated-frame-number"":""success"",""filename"":""success"",""hwdec-current"":""success"",""idle-active"":""success"",""path"":""success"",""pause"":""success"",""percent-pos"":""success"",""time-pos"":""success"",""video-params"":""success"",""vo-configured"":""success""}"	true	playing	media-8e4d41f6c2	<media-path:3662a4e886>	7200	4	true	"{""black_screen_risk_reason"":""null"",""blocked_media_count"":0,""consecutive_failures"":0,""current_index"":4,""current_item"":{""alias"":""media-8e4d41f6c2"",""duration_ms"":7200,""offset_ms"":0,""path_alias"":""<media-path:3662a4e886>"",""started_at_present"":true},""last_poll_error"":""null"",""last_render_error"":""null"",""mpv_running"":true,""next_item"":{""alias"":""media-fba32b0055"",""duration_ms"":5100,""path_alias"":""<media-path:97100fcdae>""},""playback_state"":""playing"",""playlist_size"":9,""present"":true,""uptime_sec"":343}"
316	333.450	2026-07-10T20:14:07+0000	success		2	<media-path:3662a4e886>	<media-path:3662a4e886>	<filename:0a2aeee29a>	4.966667	7.221406	68.777005	false	false	false	148	v4l2request-copy	true	"{""aspect"":0.5625,""dh"":1024,""dw"":576,""h"":1024,""par"":1.0,""pixelformat"":""nv12"",""rotate"":0,""stereo-in"":""mono"",""w"":576}"	"{""duration"":""success"",""eof-reached"":""success"",""estimated-frame-number"":""success"",""filename"":""success"",""hwdec-current"":""success"",""idle-active"":""success"",""path"":""success"",""pause"":""success"",""percent-pos"":""success"",""time-pos"":""success"",""video-params"":""success"",""vo-configured"":""success""}"	true	playing	media-8e4d41f6c2	<media-path:3662a4e886>	7200	4	true	"{""black_screen_risk_reason"":""null"",""blocked_media_count"":0,""consecutive_failures"":0,""current_index"":4,""current_item"":{""alias"":""media-8e4d41f6c2"",""duration_ms"":7200,""offset_ms"":0,""path_alias"":""<media-path:3662a4e886>"",""started_at_present"":true},""last_poll_error"":""null"",""last_render_error"":""null"",""mpv_running"":true,""next_item"":{""alias"":""media-fba32b0055"",""duration_ms"":5100,""path_alias"":""<media-path:97100fcdae>""},""playback_state"":""playing"",""playlist_size"":9,""present"":true,""uptime_sec"":343}"
317	334.455	2026-07-10T20:14:08+0000	success		2	<media-path:3662a4e886>	<media-path:3662a4e886>	<filename:0a2aeee29a>	5.966667	7.221406	82.624724	false	false	false	178	v4l2request-copy	true	"{""aspect"":0.5625,""dh"":1024,""dw"":576,""h"":1024,""par"":1.0,""pixelformat"":""nv12"",""rotate"":0,""stereo-in"":""mono"",""w"":576}"	"{""duration"":""success"",""eof-reached"":""success"",""estimated-frame-number"":""success"",""filename"":""success"",""hwdec-current"":""success"",""idle-active"":""success"",""path"":""success"",""pause"":""success"",""percent-pos"":""success"",""time-pos"":""success"",""video-params"":""success"",""vo-configured"":""success""}"	true	playing	media-8e4d41f6c2	<media-path:3662a4e886>	7200	4	true	"{""black_screen_risk_reason"":""null"",""blocked_media_count"":0,""consecutive_failures"":0,""current_index"":4,""current_item"":{""alias"":""media-8e4d41f6c2"",""duration_ms"":7200,""offset_ms"":0,""path_alias"":""<media-path:3662a4e886>"",""started_at_present"":true},""last_poll_error"":""null"",""last_render_error"":""null"",""mpv_running"":true,""next_item"":{""alias"":""media-fba32b0055"",""duration_ms"":5100,""path_alias"":""<media-path:97100fcdae>""},""playback_state"":""playing"",""playlist_size"":9,""present"":true,""uptime_sec"":343}"
318	335.460	2026-07-10T20:14:09+0000	success		2	<media-path:3662a4e886>	<media-path:3662a4e886>	<filename:0a2aeee29a>	6.966667	7.221406	96.472443	false	false	false	207	v4l2request-copy	true	"{""aspect"":0.5625,""dh"":1024,""dw"":576,""h"":1024,""par"":1.0,""pixelformat"":""nv12"",""rotate"":0,""stereo-in"":""mono"",""w"":576}"	"{""duration"":""success"",""eof-reached"":""success"",""estimated-frame-number"":""success"",""filename"":""success"",""hwdec-current"":""success"",""idle-active"":""success"",""path"":""success"",""pause"":""success"",""percent-pos"":""success"",""time-pos"":""success"",""video-params"":""success"",""vo-configured"":""success""}"	true	playing	media-8e4d41f6c2	<media-path:3662a4e886>	7200	4	true	"{""black_screen_risk_reason"":""null"",""blocked_media_count"":0,""consecutive_failures"":0,""current_index"":4,""current_item"":{""alias"":""media-8e4d41f6c2"",""duration_ms"":7200,""offset_ms"":0,""path_alias"":""<media-path:3662a4e886>"",""started_at_present"":true},""last_poll_error"":""null"",""last_render_error"":""null"",""mpv_running"":true,""next_item"":{""alias"":""media-fba32b0055"",""duration_ms"":5100,""path_alias"":""<media-path:97100fcdae>""},""playback_state"":""playing"",""playlist_size"":9,""present"":true,""uptime_sec"":348}"
319	336.466	2026-07-10T20:14:10+0000	success		2	<media-path:97100fcdae>	<media-path:97100fcdae>	<filename:a4bfef2b1b>	0.666667	5.06195	13.170155	false	false	false	20	v4l2request-copy	true	"{""aspect"":0.697674,""dh"":688,""dw"":480,""h"":688,""par"":1.0,""pixelformat"":""nv12"",""rotate"":0,""stereo-in"":""mono"",""w"":480}"	"{""duration"":""success"",""eof-reached"":""success"",""estimated-frame-number"":""success"",""filename"":""success"",""hwdec-current"":""success"",""idle-active"":""success"",""path"":""success"",""pause"":""success"",""percent-pos"":""success"",""time-pos"":""success"",""video-params"":""success"",""vo-configured"":""success""}"	true	playing	media-8e4d41f6c2	<media-path:3662a4e886>	7200	4	true	"{""black_screen_risk_reason"":""null"",""blocked_media_count"":0,""consecutive_failures"":0,""current_index"":4,""current_item"":{""alias"":""media-8e4d41f6c2"",""duration_ms"":7200,""offset_ms"":0,""path_alias"":""<media-path:3662a4e886>"",""started_at_present"":true},""last_poll_error"":""null"",""last_render_error"":""null"",""mpv_running"":true,""next_item"":{""alias"":""media-fba32b0055"",""duration_ms"":5100,""path_alias"":""<media-path:97100fcdae>""},""playback_state"":""playing"",""playlist_size"":9,""present"":true,""uptime_sec"":348}"
320	337.470	2026-07-10T20:14:11+0000	success		2	<media-path:97100fcdae>	<media-path:97100fcdae>	<filename:a4bfef2b1b>	1.666667	5.06195	32.925387	false	false	false	50	v4l2request-copy	true	"{""aspect"":0.697674,""dh"":688,""dw"":480,""h"":688,""par"":1.0,""pixelformat"":""nv12"",""rotate"":0,""stereo-in"":""mono"",""w"":480}"	"{""duration"":""success"",""eof-reached"":""success"",""estimated-frame-number"":""success"",""filename"":""success"",""hwdec-current"":""success"",""idle-active"":""success"",""path"":""success"",""pause"":""success"",""percent-pos"":""success"",""time-pos"":""success"",""video-params"":""success"",""vo-configured"":""success""}"	true	playing	media-8e4d41f6c2	<media-path:3662a4e886>	7200	4	true	"{""black_screen_risk_reason"":""null"",""blocked_media_count"":0,""consecutive_failures"":0,""current_index"":4,""current_item"":{""alias"":""media-8e4d41f6c2"",""duration_ms"":7200,""offset_ms"":0,""path_alias"":""<media-path:3662a4e886>"",""started_at_present"":true},""last_poll_error"":""null"",""last_render_error"":""null"",""mpv_running"":true,""next_item"":{""alias"":""media-fba32b0055"",""duration_ms"":5100,""path_alias"":""<media-path:97100fcdae>""},""playback_state"":""playing"",""playlist_size"":9,""present"":true,""uptime_sec"":348}"
321	338.474	2026-07-10T20:14:12+0000	success		2	<media-path:97100fcdae>	<media-path:97100fcdae>	<filename:a4bfef2b1b>	2.666667	5.06195	52.680619	false	false	false	80	v4l2request-copy	true	"{""aspect"":0.697674,""dh"":688,""dw"":480,""h"":688,""par"":1.0,""pixelformat"":""nv12"",""rotate"":0,""stereo-in"":""mono"",""w"":480}"	"{""duration"":""success"",""eof-reached"":""success"",""estimated-frame-number"":""success"",""filename"":""success"",""hwdec-current"":""success"",""idle-active"":""success"",""path"":""success"",""pause"":""success"",""percent-pos"":""success"",""time-pos"":""success"",""video-params"":""success"",""vo-configured"":""success""}"	true	playing	media-8e4d41f6c2	<media-path:3662a4e886>	7200	4	true	"{""black_screen_risk_reason"":""null"",""blocked_media_count"":0,""consecutive_failures"":0,""current_index"":4,""current_item"":{""alias"":""media-8e4d41f6c2"",""duration_ms"":7200,""offset_ms"":0,""path_alias"":""<media-path:3662a4e886>"",""started_at_present"":true},""last_poll_error"":""null"",""last_render_error"":""null"",""mpv_running"":true,""next_item"":{""alias"":""media-fba32b0055"",""duration_ms"":5100,""path_alias"":""<media-path:97100fcdae>""},""playback_state"":""playing"",""playlist_size"":9,""present"":true,""uptime_sec"":348}"
322	339.478	2026-07-10T20:14:13+0000	success		3	<media-path:97100fcdae>	<media-path:97100fcdae>	<filename:a4bfef2b1b>	3.7	5.06195	73.094359	false	false	false	110	v4l2request-copy	true	"{""aspect"":0.697674,""dh"":688,""dw"":480,""h"":688,""par"":1.0,""pixelformat"":""nv12"",""rotate"":0,""stereo-in"":""mono"",""w"":480}"	"{""duration"":""success"",""eof-reached"":""success"",""estimated-frame-number"":""success"",""filename"":""success"",""hwdec-current"":""success"",""idle-active"":""success"",""path"":""success"",""pause"":""success"",""percent-pos"":""success"",""time-pos"":""success"",""video-params"":""success"",""vo-configured"":""success""}"	true	playing	media-8e4d41f6c2	<media-path:3662a4e886>	7200	4	true	"{""black_screen_risk_reason"":""null"",""blocked_media_count"":0,""consecutive_failures"":0,""current_index"":4,""current_item"":{""alias"":""media-8e4d41f6c2"",""duration_ms"":7200,""offset_ms"":0,""path_alias"":""<media-path:3662a4e886>"",""started_at_present"":true},""last_poll_error"":""null"",""last_render_error"":""null"",""mpv_running"":true,""next_item"":{""alias"":""media-fba32b0055"",""duration_ms"":5100,""path_alias"":""<media-path:97100fcdae>""},""playback_state"":""playing"",""playlist_size"":9,""present"":true,""uptime_sec"":348}"
323	340.484	2026-07-10T20:14:14+0000	success		2	<media-path:97100fcdae>	<media-path:97100fcdae>	<filename:a4bfef2b1b>	4.7	5.06195	92.849591	false	false	false	140	v4l2request-copy	true	"{""aspect"":0.697674,""dh"":688,""dw"":480,""h"":688,""par"":1.0,""pixelformat"":""nv12"",""rotate"":0,""stereo-in"":""mono"",""w"":480}"	"{""duration"":""success"",""eof-reached"":""success"",""estimated-frame-number"":""success"",""filename"":""success"",""hwdec-current"":""success"",""idle-active"":""success"",""path"":""success"",""pause"":""success"",""percent-pos"":""success"",""time-pos"":""success"",""video-params"":""success"",""vo-configured"":""success""}"	true	playing	media-fba32b0055	<media-path:97100fcdae>	5100	5	true	"{""black_screen_risk_reason"":""null"",""blocked_media_count"":0,""consecutive_failures"":0,""current_index"":5,""current_item"":{""alias"":""media-fba32b0055"",""duration_ms"":5100,""offset_ms"":0,""path_alias"":""<media-path:97100fcdae>"",""started_at_present"":true},""last_poll_error"":""null"",""last_render_error"":""null"",""mpv_running"":true,""next_item"":{""alias"":""media-749f1db21b"",""duration_ms"":3900,""path_alias"":""<media-path:31af3d58a2>""},""playback_state"":""playing"",""playlist_size"":9,""present"":true,""uptime_sec"":353}"
324	341.488	2026-07-10T20:14:15+0000	success		5	<media-path:31af3d58a2>	<media-path:31af3d58a2>	<filename:92829f14a9>	0.4	3.9	10.25641	false	false	false	12	v4l2request-copy	true	"{""aspect"":0.566038,""dh"":848,""dw"":480,""h"":848,""par"":1.0,""pixelformat"":""nv12"",""rotate"":0,""stereo-in"":""mono"",""w"":480}"	"{""duration"":""success"",""eof-reached"":""success"",""estimated-frame-number"":""success"",""filename"":""success"",""hwdec-current"":""success"",""idle-active"":""success"",""path"":""success"",""pause"":""success"",""percent-pos"":""success"",""time-pos"":""success"",""video-params"":""success"",""vo-configured"":""success""}"	true	playing	media-fba32b0055	<media-path:97100fcdae>	5100	5	true	"{""black_screen_risk_reason"":""null"",""blocked_media_count"":0,""consecutive_failures"":0,""current_index"":5,""current_item"":{""alias"":""media-fba32b0055"",""duration_ms"":5100,""offset_ms"":0,""path_alias"":""<media-path:97100fcdae>"",""started_at_present"":true},""last_poll_error"":""null"",""last_render_error"":""null"",""mpv_running"":true,""next_item"":{""alias"":""media-749f1db21b"",""duration_ms"":3900,""path_alias"":""<media-path:31af3d58a2>""},""playback_state"":""playing"",""playlist_size"":9,""present"":true,""uptime_sec"":353}"
325	342.496	2026-07-10T20:14:16+0000	success		2	<media-path:31af3d58a2>	<media-path:31af3d58a2>	<filename:92829f14a9>	1.4	3.9	35.897436	false	false	false	42	v4l2request-copy	true	"{""aspect"":0.566038,""dh"":848,""dw"":480,""h"":848,""par"":1.0,""pixelformat"":""nv12"",""rotate"":0,""stereo-in"":""mono"",""w"":480}"	"{""duration"":""success"",""eof-reached"":""success"",""estimated-frame-number"":""success"",""filename"":""success"",""hwdec-current"":""success"",""idle-active"":""success"",""path"":""success"",""pause"":""success"",""percent-pos"":""success"",""time-pos"":""success"",""video-params"":""success"",""vo-configured"":""success""}"	true	playing	media-fba32b0055	<media-path:97100fcdae>	5100	5	true	"{""black_screen_risk_reason"":""null"",""blocked_media_count"":0,""consecutive_failures"":0,""current_index"":5,""current_item"":{""alias"":""media-fba32b0055"",""duration_ms"":5100,""offset_ms"":0,""path_alias"":""<media-path:97100fcdae>"",""started_at_present"":true},""last_poll_error"":""null"",""last_render_error"":""null"",""mpv_running"":true,""next_item"":{""alias"":""media-749f1db21b"",""duration_ms"":3900,""path_alias"":""<media-path:31af3d58a2>""},""playback_state"":""playing"",""playlist_size"":9,""present"":true,""uptime_sec"":353}"
326	343.500	2026-07-10T20:14:17+0000	success		2	<media-path:31af3d58a2>	<media-path:31af3d58a2>	<filename:92829f14a9>	2.433333	3.9	62.393162	false	false	false	72	v4l2request-copy	true	"{""aspect"":0.566038,""dh"":848,""dw"":480,""h"":848,""par"":1.0,""pixelformat"":""nv12"",""rotate"":0,""stereo-in"":""mono"",""w"":480}"	"{""duration"":""success"",""eof-reached"":""success"",""estimated-frame-number"":""success"",""filename"":""success"",""hwdec-current"":""success"",""idle-active"":""success"",""path"":""success"",""pause"":""success"",""percent-pos"":""success"",""time-pos"":""success"",""video-params"":""success"",""vo-configured"":""success""}"	true	playing	media-fba32b0055	<media-path:97100fcdae>	5100	5	true	"{""black_screen_risk_reason"":""null"",""blocked_media_count"":0,""consecutive_failures"":0,""current_index"":5,""current_item"":{""alias"":""media-fba32b0055"",""duration_ms"":5100,""offset_ms"":0,""path_alias"":""<media-path:97100fcdae>"",""started_at_present"":true},""last_poll_error"":""null"",""last_render_error"":""null"",""mpv_running"":true,""next_item"":{""alias"":""media-749f1db21b"",""duration_ms"":3900,""path_alias"":""<media-path:31af3d58a2>""},""playback_state"":""playing"",""playlist_size"":9,""present"":true,""uptime_sec"":353}"
327	344.505	2026-07-10T20:14:18+0000	success		3	<media-path:31af3d58a2>	<media-path:31af3d58a2>	<filename:92829f14a9>	3.433333	3.9	88.034188	false	false	false	102	v4l2request-copy	true	"{""aspect"":0.566038,""dh"":848,""dw"":480,""h"":848,""par"":1.0,""pixelformat"":""nv12"",""rotate"":0,""stereo-in"":""mono"",""w"":480}"	"{""duration"":""success"",""eof-reached"":""success"",""estimated-frame-number"":""success"",""filename"":""success"",""hwdec-current"":""success"",""idle-active"":""success"",""path"":""success"",""pause"":""success"",""percent-pos"":""success"",""time-pos"":""success"",""video-params"":""success"",""vo-configured"":""success""}"	true	playing	media-fba32b0055	<media-path:97100fcdae>	5100	5	true	"{""black_screen_risk_reason"":""null"",""blocked_media_count"":0,""consecutive_failures"":0,""current_index"":5,""current_item"":{""alias"":""media-fba32b0055"",""duration_ms"":5100,""offset_ms"":0,""path_alias"":""<media-path:97100fcdae>"",""started_at_present"":true},""last_poll_error"":""null"",""last_render_error"":""null"",""mpv_running"":true,""next_item"":{""alias"":""media-749f1db21b"",""duration_ms"":3900,""path_alias"":""<media-path:31af3d58a2>""},""playback_state"":""playing"",""playlist_size"":9,""present"":true,""uptime_sec"":353}"
328	345.511	2026-07-10T20:14:19+0000	success		501	<media-path:3ba49b8978>	<media-path:3ba49b8978>	<filename:e511e8bce0>	0.2002	28.061367	0.951249	false	false	false	10	v4l2request-copy	true	"{""aspect"":0.5625,""dh"":1920,""dw"":1080,""h"":1920,""par"":1.0,""pixelformat"":""nv12"",""rotate"":0,""stereo-in"":""mono"",""w"":1080}"	"{""duration"":""success"",""eof-reached"":""success"",""estimated-frame-number"":""success"",""filename"":""success"",""hwdec-current"":""success"",""idle-active"":""success"",""path"":""success"",""pause"":""success"",""percent-pos"":""success"",""time-pos"":""success"",""video-params"":""success"",""vo-configured"":""success""}"	true	playing	media-749f1db21b	<media-path:31af3d58a2>	3900	6	true	"{""black_screen_risk_reason"":""null"",""blocked_media_count"":0,""consecutive_failures"":0,""current_index"":6,""current_item"":{""alias"":""media-749f1db21b"",""duration_ms"":3900,""offset_ms"":0,""path_alias"":""<media-path:31af3d58a2>"",""started_at_present"":true},""last_poll_error"":""null"",""last_render_error"":""null"",""mpv_running"":true,""next_item"":{""alias"":""media-b8c9a5f04c"",""duration_ms"":28100,""path_alias"":""<media-path:3ba49b8978>""},""playback_state"":""playing"",""playlist_size"":9,""present"":true,""uptime_sec"":358}"
329	347.016	2026-07-10T20:14:20+0000	success		98	<media-path:3ba49b8978>	<media-path:3ba49b8978>	<filename:e511e8bce0>	1.334667	28.061367	4.756243	false	false	false	40	v4l2request-copy	true	"{""aspect"":0.5625,""dh"":1920,""dw"":1080,""h"":1920,""par"":1.0,""pixelformat"":""nv12"",""rotate"":0,""stereo-in"":""mono"",""w"":1080}"	"{""duration"":""success"",""eof-reached"":""success"",""estimated-frame-number"":""success"",""filename"":""success"",""hwdec-current"":""success"",""idle-active"":""success"",""path"":""success"",""pause"":""success"",""percent-pos"":""success"",""time-pos"":""success"",""video-params"":""success"",""vo-configured"":""success""}"	true	playing	media-749f1db21b	<media-path:31af3d58a2>	3900	6	true	"{""black_screen_risk_reason"":""null"",""blocked_media_count"":0,""consecutive_failures"":0,""current_index"":6,""current_item"":{""alias"":""media-749f1db21b"",""duration_ms"":3900,""offset_ms"":0,""path_alias"":""<media-path:31af3d58a2>"",""started_at_present"":true},""last_poll_error"":""null"",""last_render_error"":""null"",""mpv_running"":true,""next_item"":{""alias"":""media-b8c9a5f04c"",""duration_ms"":28100,""path_alias"":""<media-path:3ba49b8978>""},""playback_state"":""playing"",""playlist_size"":9,""present"":true,""uptime_sec"":358}"
330	348.119	2026-07-10T20:14:22+0000	success		469	<media-path:3ba49b8978>	<media-path:3ba49b8978>	<filename:e511e8bce0>	2.2022	28.061367	8.085612	false	false	false	70	v4l2request-copy	true	"{""aspect"":0.5625,""dh"":1920,""dw"":1080,""h"":1920,""par"":1.0,""pixelformat"":""nv12"",""rotate"":0,""stereo-in"":""mono"",""w"":1080}"	"{""duration"":""success"",""eof-reached"":""success"",""estimated-frame-number"":""success"",""filename"":""success"",""hwdec-current"":""success"",""idle-active"":""success"",""path"":""success"",""pause"":""success"",""percent-pos"":""success"",""time-pos"":""success"",""video-params"":""success"",""vo-configured"":""success""}"	true	playing	media-749f1db21b	<media-path:31af3d58a2>	3900	6	true	"{""black_screen_risk_reason"":""null"",""blocked_media_count"":0,""consecutive_failures"":0,""current_index"":6,""current_item"":{""alias"":""media-749f1db21b"",""duration_ms"":3900,""offset_ms"":0,""path_alias"":""<media-path:31af3d58a2>"",""started_at_present"":true},""last_poll_error"":""null"",""last_render_error"":""null"",""mpv_running"":true,""next_item"":{""alias"":""media-b8c9a5f04c"",""duration_ms"":28100,""path_alias"":""<media-path:3ba49b8978>""},""playback_state"":""playing"",""playlist_size"":9,""present"":true,""uptime_sec"":358}"
331	349.590	2026-07-10T20:14:23+0000	success		426	<media-path:3ba49b8978>	<media-path:3ba49b8978>	<filename:e511e8bce0>	3.370033	28.061367	12.247325	false	false	false	105	v4l2request-copy	true	"{""aspect"":0.5625,""dh"":1920,""dw"":1080,""h"":1920,""par"":1.0,""pixelformat"":""nv12"",""rotate"":0,""stereo-in"":""mono"",""w"":1080}"	"{""duration"":""success"",""eof-reached"":""success"",""estimated-frame-number"":""success"",""filename"":""success"",""hwdec-current"":""success"",""idle-active"":""success"",""path"":""success"",""pause"":""success"",""percent-pos"":""success"",""time-pos"":""success"",""video-params"":""success"",""vo-configured"":""success""}"	true	playing	media-749f1db21b	<media-path:31af3d58a2>	3900	6	true	"{""black_screen_risk_reason"":""null"",""blocked_media_count"":0,""consecutive_failures"":0,""current_index"":6,""current_item"":{""alias"":""media-749f1db21b"",""duration_ms"":3900,""offset_ms"":0,""path_alias"":""<media-path:31af3d58a2>"",""started_at_present"":true},""last_poll_error"":""null"",""last_render_error"":""null"",""mpv_running"":true,""next_item"":{""alias"":""media-b8c9a5f04c"",""duration_ms"":28100,""path_alias"":""<media-path:3ba49b8978>""},""playback_state"":""playing"",""playlist_size"":9,""present"":true,""uptime_sec"":358}"
332	351.021	2026-07-10T20:14:25+0000	success		477	<media-path:3ba49b8978>	<media-path:3ba49b8978>	<filename:e511e8bce0>	4.5045	28.061367	16.290131	false	false	false	139	v4l2request-copy	true	"{""aspect"":0.5625,""dh"":1920,""dw"":1080,""h"":1920,""par"":1.0,""pixelformat"":""nv12"",""rotate"":0,""stereo-in"":""mono"",""w"":1080}"	"{""duration"":""success"",""eof-reached"":""success"",""estimated-frame-number"":""success"",""filename"":""success"",""hwdec-current"":""success"",""idle-active"":""success"",""path"":""success"",""pause"":""success"",""percent-pos"":""success"",""time-pos"":""success"",""video-params"":""success"",""vo-configured"":""success""}"	true	playing	media-b8c9a5f04c	<media-path:3ba49b8978>	28100	7	true	"{""black_screen_risk_reason"":""null"",""blocked_media_count"":0,""consecutive_failures"":0,""current_index"":7,""current_item"":{""alias"":""media-b8c9a5f04c"",""duration_ms"":28100,""offset_ms"":0,""path_alias"":""<media-path:3ba49b8978>"",""started_at_present"":true},""last_poll_error"":""null"",""last_render_error"":""null"",""mpv_running"":true,""next_item"":{""alias"":""media-7eefea6ba2"",""duration_ms"":5000,""path_alias"":""<media-path:9e48f6362b>""},""playback_state"":""playing"",""playlist_size"":9,""present"":true,""uptime_sec"":363}"
333	352.501	2026-07-10T20:14:26+0000	success		385	<media-path:3ba49b8978>	<media-path:3ba49b8978>	<filename:e511e8bce0>	5.672333	28.061367	20.451843	false	false	false	174	v4l2request-copy	true	"{""aspect"":0.5625,""dh"":1920,""dw"":1080,""h"":1920,""par"":1.0,""pixelformat"":""nv12"",""rotate"":0,""stereo-in"":""mono"",""w"":1080}"	"{""duration"":""success"",""eof-reached"":""success"",""estimated-frame-number"":""success"",""filename"":""success"",""hwdec-current"":""success"",""idle-active"":""success"",""path"":""success"",""pause"":""success"",""percent-pos"":""success"",""time-pos"":""success"",""video-params"":""success"",""vo-configured"":""success""}"	true	playing	media-b8c9a5f04c	<media-path:3ba49b8978>	28100	7	true	"{""black_screen_risk_reason"":""null"",""blocked_media_count"":0,""consecutive_failures"":0,""current_index"":7,""current_item"":{""alias"":""media-b8c9a5f04c"",""duration_ms"":28100,""offset_ms"":0,""path_alias"":""<media-path:3ba49b8978>"",""started_at_present"":true},""last_poll_error"":""null"",""last_render_error"":""null"",""mpv_running"":true,""next_item"":{""alias"":""media-7eefea6ba2"",""duration_ms"":5000,""path_alias"":""<media-path:9e48f6362b>""},""playback_state"":""playing"",""playlist_size"":9,""present"":true,""uptime_sec"":363}"
334	353.890	2026-07-10T20:14:27+0000	success		468	<media-path:3ba49b8978>	<media-path:3ba49b8978>	<filename:e511e8bce0>	6.740067	28.061367	24.256837	false	false	false	206	v4l2request-copy	true	"{""aspect"":0.5625,""dh"":1920,""dw"":1080,""h"":1920,""par"":1.0,""pixelformat"":""nv12"",""rotate"":0,""stereo-in"":""mono"",""w"":1080}"	"{""duration"":""success"",""eof-reached"":""success"",""estimated-frame-number"":""success"",""filename"":""success"",""hwdec-current"":""success"",""idle-active"":""success"",""path"":""success"",""pause"":""success"",""percent-pos"":""success"",""time-pos"":""success"",""video-params"":""success"",""vo-configured"":""success""}"	true	playing	media-b8c9a5f04c	<media-path:3ba49b8978>	28100	7	true	"{""black_screen_risk_reason"":""null"",""blocked_media_count"":0,""consecutive_failures"":0,""current_index"":7,""current_item"":{""alias"":""media-b8c9a5f04c"",""duration_ms"":28100,""offset_ms"":0,""path_alias"":""<media-path:3ba49b8978>"",""started_at_present"":true},""last_poll_error"":""null"",""last_render_error"":""null"",""mpv_running"":true,""next_item"":{""alias"":""media-7eefea6ba2"",""duration_ms"":5000,""path_alias"":""<media-path:9e48f6362b>""},""playback_state"":""playing"",""playlist_size"":9,""present"":true,""uptime_sec"":363}"
335	355.362	2026-07-10T20:14:29+0000	success		441	<media-path:3ba49b8978>	<media-path:3ba49b8978>	<filename:e511e8bce0>	7.9079	28.061367	28.418549	false	false	false	241	v4l2request-copy	true	"{""aspect"":0.5625,""dh"":1920,""dw"":1080,""h"":1920,""par"":1.0,""pixelformat"":""nv12"",""rotate"":0,""stereo-in"":""mono"",""w"":1080}"	"{""duration"":""success"",""eof-reached"":""success"",""estimated-frame-number"":""success"",""filename"":""success"",""hwdec-current"":""success"",""idle-active"":""success"",""path"":""success"",""pause"":""success"",""percent-pos"":""success"",""time-pos"":""success"",""video-params"":""success"",""vo-configured"":""success""}"	true	playing	media-b8c9a5f04c	<media-path:3ba49b8978>	28100	7	true	"{""black_screen_risk_reason"":""null"",""blocked_media_count"":0,""consecutive_failures"":0,""current_index"":7,""current_item"":{""alias"":""media-b8c9a5f04c"",""duration_ms"":28100,""offset_ms"":0,""path_alias"":""<media-path:3ba49b8978>"",""started_at_present"":true},""last_poll_error"":""null"",""last_render_error"":""null"",""mpv_running"":true,""next_item"":{""alias"":""media-7eefea6ba2"",""duration_ms"":5000,""path_alias"":""<media-path:9e48f6362b>""},""playback_state"":""playing"",""playlist_size"":9,""present"":true,""uptime_sec"":368}"
336	356.807	2026-07-10T20:14:30+0000	success		472	<media-path:3ba49b8978>	<media-path:3ba49b8978>	<filename:e511e8bce0>	9.042367	28.061367	32.461356	false	false	false	275	v4l2request-copy	true	"{""aspect"":0.5625,""dh"":1920,""dw"":1080,""h"":1920,""par"":1.0,""pixelformat"":""nv12"",""rotate"":0,""stereo-in"":""mono"",""w"":1080}"	"{""duration"":""success"",""eof-reached"":""success"",""estimated-frame-number"":""success"",""filename"":""success"",""hwdec-current"":""success"",""idle-active"":""success"",""path"":""success"",""pause"":""success"",""percent-pos"":""success"",""time-pos"":""success"",""video-params"":""success"",""vo-configured"":""success""}"	true	playing	media-b8c9a5f04c	<media-path:3ba49b8978>	28100	7	true	"{""black_screen_risk_reason"":""null"",""blocked_media_count"":0,""consecutive_failures"":0,""current_index"":7,""current_item"":{""alias"":""media-b8c9a5f04c"",""duration_ms"":28100,""offset_ms"":0,""path_alias"":""<media-path:3ba49b8978>"",""started_at_present"":true},""last_poll_error"":""null"",""last_render_error"":""null"",""mpv_running"":true,""next_item"":{""alias"":""media-7eefea6ba2"",""duration_ms"":5000,""path_alias"":""<media-path:9e48f6362b>""},""playback_state"":""playing"",""playlist_size"":9,""present"":true,""uptime_sec"":368}"
337	358.283	2026-07-10T20:14:32+0000	success		492	<media-path:3ba49b8978>	<media-path:3ba49b8978>	<filename:e511e8bce0>	10.2102	28.061367	36.623068	false	false	false	310	v4l2request-copy	true	"{""aspect"":0.5625,""dh"":1920,""dw"":1080,""h"":1920,""par"":1.0,""pixelformat"":""nv12"",""rotate"":0,""stereo-in"":""mono"",""w"":1080}"	"{""duration"":""success"",""eof-reached"":""success"",""estimated-frame-number"":""success"",""filename"":""success"",""hwdec-current"":""success"",""idle-active"":""success"",""path"":""success"",""pause"":""success"",""percent-pos"":""success"",""time-pos"":""success"",""video-params"":""success"",""vo-configured"":""success""}"	true	playing	media-b8c9a5f04c	<media-path:3ba49b8978>	28100	7	true	"{""black_screen_risk_reason"":""null"",""blocked_media_count"":0,""consecutive_failures"":0,""current_index"":7,""current_item"":{""alias"":""media-b8c9a5f04c"",""duration_ms"":28100,""offset_ms"":0,""path_alias"":""<media-path:3ba49b8978>"",""started_at_present"":true},""last_poll_error"":""null"",""last_render_error"":""null"",""mpv_running"":true,""next_item"":{""alias"":""media-7eefea6ba2"",""duration_ms"":5000,""path_alias"":""<media-path:9e48f6362b>""},""playback_state"":""playing"",""playlist_size"":9,""present"":true,""uptime_sec"":368}"
338	359.779	2026-07-10T20:14:33+0000	success		498	<media-path:3ba49b8978>	<media-path:3ba49b8978>	<filename:e511e8bce0>	11.4114	28.061367	40.903686	false	false	false	346	v4l2request-copy	true	"{""aspect"":0.5625,""dh"":1920,""dw"":1080,""h"":1920,""par"":1.0,""pixelformat"":""nv12"",""rotate"":0,""stereo-in"":""mono"",""w"":1080}"	"{""duration"":""success"",""eof-reached"":""success"",""estimated-frame-number"":""success"",""filename"":""success"",""hwdec-current"":""success"",""idle-active"":""success"",""path"":""success"",""pause"":""success"",""percent-pos"":""success"",""time-pos"":""success"",""video-params"":""success"",""vo-configured"":""success""}"	true	playing	media-b8c9a5f04c	<media-path:3ba49b8978>	28100	7	true	"{""black_screen_risk_reason"":""null"",""blocked_media_count"":0,""consecutive_failures"":0,""current_index"":7,""current_item"":{""alias"":""media-b8c9a5f04c"",""duration_ms"":28100,""offset_ms"":0,""path_alias"":""<media-path:3ba49b8978>"",""started_at_present"":true},""last_poll_error"":""null"",""last_render_error"":""null"",""mpv_running"":true,""next_item"":{""alias"":""media-7eefea6ba2"",""duration_ms"":5000,""path_alias"":""<media-path:9e48f6362b>""},""playback_state"":""playing"",""playlist_size"":9,""present"":true,""uptime_sec"":373}"
339	361.281	2026-07-10T20:14:35+0000	success		501	<media-path:3ba49b8978>	<media-path:3ba49b8978>	<filename:e511e8bce0>	12.579233	28.061367	45.065398	false	false	false	381	v4l2request-copy	true	"{""aspect"":0.5625,""dh"":1920,""dw"":1080,""h"":1920,""par"":1.0,""pixelformat"":""nv12"",""rotate"":0,""stereo-in"":""mono"",""w"":1080}"	"{""duration"":""success"",""eof-reached"":""success"",""estimated-frame-number"":""success"",""filename"":""success"",""hwdec-current"":""success"",""idle-active"":""success"",""path"":""success"",""pause"":""success"",""percent-pos"":""success"",""time-pos"":""success"",""video-params"":""success"",""vo-configured"":""success""}"	true	playing	media-b8c9a5f04c	<media-path:3ba49b8978>	28100	7	true	"{""black_screen_risk_reason"":""null"",""blocked_media_count"":0,""consecutive_failures"":0,""current_index"":7,""current_item"":{""alias"":""media-b8c9a5f04c"",""duration_ms"":28100,""offset_ms"":0,""path_alias"":""<media-path:3ba49b8978>"",""started_at_present"":true},""last_poll_error"":""null"",""last_render_error"":""null"",""mpv_running"":true,""next_item"":{""alias"":""media-7eefea6ba2"",""duration_ms"":5000,""path_alias"":""<media-path:9e48f6362b>""},""playback_state"":""playing"",""playlist_size"":9,""present"":true,""uptime_sec"":373}"
340	362.785	2026-07-10T20:14:36+0000	success		463	<media-path:3ba49b8978>	<media-path:3ba49b8978>	<filename:e511e8bce0>	13.747067	28.061367	49.227111	false	false	false	416	v4l2request-copy	true	"{""aspect"":0.5625,""dh"":1920,""dw"":1080,""h"":1920,""par"":1.0,""pixelformat"":""nv12"",""rotate"":0,""stereo-in"":""mono"",""w"":1080}"	"{""duration"":""success"",""eof-reached"":""success"",""estimated-frame-number"":""success"",""filename"":""success"",""hwdec-current"":""success"",""idle-active"":""success"",""path"":""success"",""pause"":""success"",""percent-pos"":""success"",""time-pos"":""success"",""video-params"":""success"",""vo-configured"":""success""}"	true	playing	media-b8c9a5f04c	<media-path:3ba49b8978>	28100	7	true	"{""black_screen_risk_reason"":""null"",""blocked_media_count"":0,""consecutive_failures"":0,""current_index"":7,""current_item"":{""alias"":""media-b8c9a5f04c"",""duration_ms"":28100,""offset_ms"":0,""path_alias"":""<media-path:3ba49b8978>"",""started_at_present"":true},""last_poll_error"":""null"",""last_render_error"":""null"",""mpv_running"":true,""next_item"":{""alias"":""media-7eefea6ba2"",""duration_ms"":5000,""path_alias"":""<media-path:9e48f6362b>""},""playback_state"":""playing"",""playlist_size"":9,""present"":true,""uptime_sec"":373}"
341	364.253	2026-07-10T20:14:37+0000	success		122	<media-path:3ba49b8978>	<media-path:3ba49b8978>	<filename:e511e8bce0>	14.9149	28.061367	53.151011	false	false	false	447	v4l2request-copy	true	"{""aspect"":0.5625,""dh"":1920,""dw"":1080,""h"":1920,""par"":1.0,""pixelformat"":""nv12"",""rotate"":0,""stereo-in"":""mono"",""w"":1080}"	"{""duration"":""success"",""eof-reached"":""success"",""estimated-frame-number"":""success"",""filename"":""success"",""hwdec-current"":""success"",""idle-active"":""success"",""path"":""success"",""pause"":""success"",""percent-pos"":""success"",""time-pos"":""success"",""video-params"":""success"",""vo-configured"":""success""}"	true	playing	media-b8c9a5f04c	<media-path:3ba49b8978>	28100	7	true	"{""black_screen_risk_reason"":""null"",""blocked_media_count"":0,""consecutive_failures"":0,""current_index"":7,""current_item"":{""alias"":""media-b8c9a5f04c"",""duration_ms"":28100,""offset_ms"":0,""path_alias"":""<media-path:3ba49b8978>"",""started_at_present"":true},""last_poll_error"":""null"",""last_render_error"":""null"",""mpv_running"":true,""next_item"":{""alias"":""media-7eefea6ba2"",""duration_ms"":5000,""path_alias"":""<media-path:9e48f6362b>""},""playback_state"":""playing"",""playlist_size"":9,""present"":true,""uptime_sec"":373}"
342	365.379	2026-07-10T20:14:39+0000	success		497	<media-path:3ba49b8978>	<media-path:3ba49b8978>	<filename:e511e8bce0>	15.8158	28.061367	56.599287	false	false	false	478	v4l2request-copy	true	"{""aspect"":0.5625,""dh"":1920,""dw"":1080,""h"":1920,""par"":1.0,""pixelformat"":""nv12"",""rotate"":0,""stereo-in"":""mono"",""w"":1080}"	"{""duration"":""success"",""eof-reached"":""success"",""estimated-frame-number"":""success"",""filename"":""success"",""hwdec-current"":""success"",""idle-active"":""success"",""path"":""success"",""pause"":""success"",""percent-pos"":""success"",""time-pos"":""success"",""video-params"":""success"",""vo-configured"":""success""}"	true	playing	media-b8c9a5f04c	<media-path:3ba49b8978>	28100	7	true	"{""black_screen_risk_reason"":""null"",""blocked_media_count"":0,""consecutive_failures"":0,""current_index"":7,""current_item"":{""alias"":""media-b8c9a5f04c"",""duration_ms"":28100,""offset_ms"":0,""path_alias"":""<media-path:3ba49b8978>"",""started_at_present"":true},""last_poll_error"":""null"",""last_render_error"":""null"",""mpv_running"":true,""next_item"":{""alias"":""media-7eefea6ba2"",""duration_ms"":5000,""path_alias"":""<media-path:9e48f6362b>""},""playback_state"":""playing"",""playlist_size"":9,""present"":true,""uptime_sec"":378}"
343	366.881	2026-07-10T20:14:40+0000	success		483	<media-path:3ba49b8978>	<media-path:3ba49b8978>	<filename:e511e8bce0>	16.983633	28.061367	60.760999	false	false	false	513	v4l2request-copy	true	"{""aspect"":0.5625,""dh"":1920,""dw"":1080,""h"":1920,""par"":1.0,""pixelformat"":""nv12"",""rotate"":0,""stereo-in"":""mono"",""w"":1080}"	"{""duration"":""success"",""eof-reached"":""success"",""estimated-frame-number"":""success"",""filename"":""success"",""hwdec-current"":""success"",""idle-active"":""success"",""path"":""success"",""pause"":""success"",""percent-pos"":""success"",""time-pos"":""success"",""video-params"":""success"",""vo-configured"":""success""}"	true	playing	media-b8c9a5f04c	<media-path:3ba49b8978>	28100	7	true	"{""black_screen_risk_reason"":""null"",""blocked_media_count"":0,""consecutive_failures"":0,""current_index"":7,""current_item"":{""alias"":""media-b8c9a5f04c"",""duration_ms"":28100,""offset_ms"":0,""path_alias"":""<media-path:3ba49b8978>"",""started_at_present"":true},""last_poll_error"":""null"",""last_render_error"":""null"",""mpv_running"":true,""next_item"":{""alias"":""media-7eefea6ba2"",""duration_ms"":5000,""path_alias"":""<media-path:9e48f6362b>""},""playback_state"":""playing"",""playlist_size"":9,""present"":true,""uptime_sec"":378}"
344	368.367	2026-07-10T20:14:42+0000	success		473	<media-path:3ba49b8978>	<media-path:3ba49b8978>	<filename:e511e8bce0>	18.151467	28.061367	64.922711	false	false	false	548	v4l2request-copy	true	"{""aspect"":0.5625,""dh"":1920,""dw"":1080,""h"":1920,""par"":1.0,""pixelformat"":""nv12"",""rotate"":0,""stereo-in"":""mono"",""w"":1080}"	"{""duration"":""success"",""eof-reached"":""success"",""estimated-frame-number"":""success"",""filename"":""success"",""hwdec-current"":""success"",""idle-active"":""success"",""path"":""success"",""pause"":""success"",""percent-pos"":""success"",""time-pos"":""success"",""video-params"":""success"",""vo-configured"":""success""}"	true	playing	media-b8c9a5f04c	<media-path:3ba49b8978>	28100	7	true	"{""black_screen_risk_reason"":""null"",""blocked_media_count"":0,""consecutive_failures"":0,""current_index"":7,""current_item"":{""alias"":""media-b8c9a5f04c"",""duration_ms"":28100,""offset_ms"":0,""path_alias"":""<media-path:3ba49b8978>"",""started_at_present"":true},""last_poll_error"":""null"",""last_render_error"":""null"",""mpv_running"":true,""next_item"":{""alias"":""media-7eefea6ba2"",""duration_ms"":5000,""path_alias"":""<media-path:9e48f6362b>""},""playback_state"":""playing"",""playlist_size"":9,""present"":true,""uptime_sec"":378}"
345	369.845	2026-07-10T20:14:43+0000	success		338	<media-path:3ba49b8978>	<media-path:3ba49b8978>	<filename:e511e8bce0>	19.3193	28.061367	69.084423	false	false	false	583	v4l2request-copy	true	"{""aspect"":0.5625,""dh"":1920,""dw"":1080,""h"":1920,""par"":1.0,""pixelformat"":""nv12"",""rotate"":0,""stereo-in"":""mono"",""w"":1080}"	"{""duration"":""success"",""eof-reached"":""success"",""estimated-frame-number"":""success"",""filename"":""success"",""hwdec-current"":""success"",""idle-active"":""success"",""path"":""success"",""pause"":""success"",""percent-pos"":""success"",""time-pos"":""success"",""video-params"":""success"",""vo-configured"":""success""}"	true	playing	media-b8c9a5f04c	<media-path:3ba49b8978>	28100	7	true	"{""black_screen_risk_reason"":""null"",""blocked_media_count"":0,""consecutive_failures"":0,""current_index"":7,""current_item"":{""alias"":""media-b8c9a5f04c"",""duration_ms"":28100,""offset_ms"":0,""path_alias"":""<media-path:3ba49b8978>"",""started_at_present"":true},""last_poll_error"":""null"",""last_render_error"":""null"",""mpv_running"":true,""next_item"":{""alias"":""media-7eefea6ba2"",""duration_ms"":5000,""path_alias"":""<media-path:9e48f6362b>""},""playback_state"":""playing"",""playlist_size"":9,""present"":true,""uptime_sec"":383}"
346	371.187	2026-07-10T20:14:45+0000	success		485	<media-path:3ba49b8978>	<media-path:3ba49b8978>	<filename:e511e8bce0>	20.353667	28.061367	72.770511	false	false	false	614	v4l2request-copy	true	"{""aspect"":0.5625,""dh"":1920,""dw"":1080,""h"":1920,""par"":1.0,""pixelformat"":""nv12"",""rotate"":0,""stereo-in"":""mono"",""w"":1080}"	"{""duration"":""success"",""eof-reached"":""success"",""estimated-frame-number"":""success"",""filename"":""success"",""hwdec-current"":""success"",""idle-active"":""success"",""path"":""success"",""pause"":""success"",""percent-pos"":""success"",""time-pos"":""success"",""video-params"":""success"",""vo-configured"":""success""}"	true	playing	media-b8c9a5f04c	<media-path:3ba49b8978>	28100	7	true	"{""black_screen_risk_reason"":""null"",""blocked_media_count"":0,""consecutive_failures"":0,""current_index"":7,""current_item"":{""alias"":""media-b8c9a5f04c"",""duration_ms"":28100,""offset_ms"":0,""path_alias"":""<media-path:3ba49b8978>"",""started_at_present"":true},""last_poll_error"":""null"",""last_render_error"":""null"",""mpv_running"":true,""next_item"":{""alias"":""media-7eefea6ba2"",""duration_ms"":5000,""path_alias"":""<media-path:9e48f6362b>""},""playback_state"":""playing"",""playlist_size"":9,""present"":true,""uptime_sec"":383}"
347	372.675	2026-07-10T20:14:46+0000	success		315	<media-path:3ba49b8978>	<media-path:3ba49b8978>	<filename:e511e8bce0>	21.5215	28.061367	76.932224	false	false	false	649	v4l2request-copy	true	"{""aspect"":0.5625,""dh"":1920,""dw"":1080,""h"":1920,""par"":1.0,""pixelformat"":""nv12"",""rotate"":0,""stereo-in"":""mono"",""w"":1080}"	"{""duration"":""success"",""eof-reached"":""success"",""estimated-frame-number"":""success"",""filename"":""success"",""hwdec-current"":""success"",""idle-active"":""success"",""path"":""success"",""pause"":""success"",""percent-pos"":""success"",""time-pos"":""success"",""video-params"":""success"",""vo-configured"":""success""}"	true	playing	media-b8c9a5f04c	<media-path:3ba49b8978>	28100	7	true	"{""black_screen_risk_reason"":""null"",""blocked_media_count"":0,""consecutive_failures"":0,""current_index"":7,""current_item"":{""alias"":""media-b8c9a5f04c"",""duration_ms"":28100,""offset_ms"":0,""path_alias"":""<media-path:3ba49b8978>"",""started_at_present"":true},""last_poll_error"":""null"",""last_render_error"":""null"",""mpv_running"":true,""next_item"":{""alias"":""media-7eefea6ba2"",""duration_ms"":5000,""path_alias"":""<media-path:9e48f6362b>""},""playback_state"":""playing"",""playlist_size"":9,""present"":true,""uptime_sec"":383}"
348	373.994	2026-07-10T20:14:47+0000	success		2	<media-path:9e48f6362b>	<media-path:9e48f6362b>	<filename:4e569cdfc9>	0.291667	5.041667	5.785124	false	false	false	7	v4l2request-copy	true	"{""aspect"":0.666667,""dh"":720,""dw"":480,""h"":720,""par"":1.0,""pixelformat"":""nv12"",""rotate"":0,""stereo-in"":""mono"",""w"":480}"	"{""duration"":""success"",""eof-reached"":""success"",""estimated-frame-number"":""success"",""filename"":""success"",""hwdec-current"":""success"",""idle-active"":""success"",""path"":""success"",""pause"":""success"",""percent-pos"":""success"",""time-pos"":""success"",""video-params"":""success"",""vo-configured"":""success""}"	true	playing	media-b8c9a5f04c	<media-path:3ba49b8978>	28100	7	true	"{""black_screen_risk_reason"":""null"",""blocked_media_count"":0,""consecutive_failures"":0,""current_index"":7,""current_item"":{""alias"":""media-b8c9a5f04c"",""duration_ms"":28100,""offset_ms"":0,""path_alias"":""<media-path:3ba49b8978>"",""started_at_present"":true},""last_poll_error"":""null"",""last_render_error"":""null"",""mpv_running"":true,""next_item"":{""alias"":""media-7eefea6ba2"",""duration_ms"":5000,""path_alias"":""<media-path:9e48f6362b>""},""playback_state"":""playing"",""playlist_size"":9,""present"":true,""uptime_sec"":383}"
349	374.998	2026-07-10T20:14:48+0000	success		2	<media-path:9e48f6362b>	<media-path:9e48f6362b>	<filename:4e569cdfc9>	1.333333	5.041667	26.446281	false	false	false	32	v4l2request-copy	true	"{""aspect"":0.666667,""dh"":720,""dw"":480,""h"":720,""par"":1.0,""pixelformat"":""nv12"",""rotate"":0,""stereo-in"":""mono"",""w"":480}"	"{""duration"":""success"",""eof-reached"":""success"",""estimated-frame-number"":""success"",""filename"":""success"",""hwdec-current"":""success"",""idle-active"":""success"",""path"":""success"",""pause"":""success"",""percent-pos"":""success"",""time-pos"":""success"",""video-params"":""success"",""vo-configured"":""success""}"	true	playing	media-b8c9a5f04c	<media-path:3ba49b8978>	28100	7	true	"{""black_screen_risk_reason"":""null"",""blocked_media_count"":0,""consecutive_failures"":0,""current_index"":7,""current_item"":{""alias"":""media-b8c9a5f04c"",""duration_ms"":28100,""offset_ms"":0,""path_alias"":""<media-path:3ba49b8978>"",""started_at_present"":true},""last_poll_error"":""null"",""last_render_error"":""null"",""mpv_running"":true,""next_item"":{""alias"":""media-7eefea6ba2"",""duration_ms"":5000,""path_alias"":""<media-path:9e48f6362b>""},""playback_state"":""playing"",""playlist_size"":9,""present"":true,""uptime_sec"":383}"
350	376.002	2026-07-10T20:14:49+0000	success		2	<media-path:9e48f6362b>	<media-path:9e48f6362b>	<filename:4e569cdfc9>	2.333333	5.041667	46.280992	false	false	false	56	v4l2request-copy	true	"{""aspect"":0.666667,""dh"":720,""dw"":480,""h"":720,""par"":1.0,""pixelformat"":""nv12"",""rotate"":0,""stereo-in"":""mono"",""w"":480}"	"{""duration"":""success"",""eof-reached"":""success"",""estimated-frame-number"":""success"",""filename"":""success"",""hwdec-current"":""success"",""idle-active"":""success"",""path"":""success"",""pause"":""success"",""percent-pos"":""success"",""time-pos"":""success"",""video-params"":""success"",""vo-configured"":""success""}"	true	playing	media-7eefea6ba2	<media-path:9e48f6362b>	5000	8	true	"{""black_screen_risk_reason"":""null"",""blocked_media_count"":0,""consecutive_failures"":0,""current_index"":8,""current_item"":{""alias"":""media-7eefea6ba2"",""duration_ms"":5000,""offset_ms"":0,""path_alias"":""<media-path:9e48f6362b>"",""started_at_present"":true},""last_poll_error"":""null"",""last_render_error"":""null"",""mpv_running"":true,""next_item"":{""alias"":""media-63e22e276f"",""duration_ms"":15100,""path_alias"":""<media-path:c406539999>""},""playback_state"":""playing"",""playlist_size"":9,""present"":true,""uptime_sec"":388}"
351	377.006	2026-07-10T20:14:50+0000	success		8	<media-path:9e48f6362b>	<media-path:9e48f6362b>	<filename:4e569cdfc9>	3.333333	5.041667	66.115702	false	false	false	80	v4l2request-copy	true	"{""aspect"":0.666667,""dh"":720,""dw"":480,""h"":720,""par"":1.0,""pixelformat"":""nv12"",""rotate"":0,""stereo-in"":""mono"",""w"":480}"	"{""duration"":""success"",""eof-reached"":""success"",""estimated-frame-number"":""success"",""filename"":""success"",""hwdec-current"":""success"",""idle-active"":""success"",""path"":""success"",""pause"":""success"",""percent-pos"":""success"",""time-pos"":""success"",""video-params"":""success"",""vo-configured"":""success""}"	true	playing	media-7eefea6ba2	<media-path:9e48f6362b>	5000	8	true	"{""black_screen_risk_reason"":""null"",""blocked_media_count"":0,""consecutive_failures"":0,""current_index"":8,""current_item"":{""alias"":""media-7eefea6ba2"",""duration_ms"":5000,""offset_ms"":0,""path_alias"":""<media-path:9e48f6362b>"",""started_at_present"":true},""last_poll_error"":""null"",""last_render_error"":""null"",""mpv_running"":true,""next_item"":{""alias"":""media-63e22e276f"",""duration_ms"":15100,""path_alias"":""<media-path:c406539999>""},""playback_state"":""playing"",""playlist_size"":9,""present"":true,""uptime_sec"":388}"
352	378.016	2026-07-10T20:14:51+0000	success		2	<media-path:9e48f6362b>	<media-path:9e48f6362b>	<filename:4e569cdfc9>	4.333333	5.041667	85.950413	false	false	false	104	v4l2request-copy	true	"{""aspect"":0.666667,""dh"":720,""dw"":480,""h"":720,""par"":1.0,""pixelformat"":""nv12"",""rotate"":0,""stereo-in"":""mono"",""w"":480}"	"{""duration"":""success"",""eof-reached"":""success"",""estimated-frame-number"":""success"",""filename"":""success"",""hwdec-current"":""success"",""idle-active"":""success"",""path"":""success"",""pause"":""success"",""percent-pos"":""success"",""time-pos"":""success"",""video-params"":""success"",""vo-configured"":""success""}"	true	playing	media-7eefea6ba2	<media-path:9e48f6362b>	5000	8	true	"{""black_screen_risk_reason"":""null"",""blocked_media_count"":0,""consecutive_failures"":0,""current_index"":8,""current_item"":{""alias"":""media-7eefea6ba2"",""duration_ms"":5000,""offset_ms"":0,""path_alias"":""<media-path:9e48f6362b>"",""started_at_present"":true},""last_poll_error"":""null"",""last_render_error"":""null"",""mpv_running"":true,""next_item"":{""alias"":""media-63e22e276f"",""duration_ms"":15100,""path_alias"":""<media-path:c406539999>""},""playback_state"":""playing"",""playlist_size"":9,""present"":true,""uptime_sec"":388}"
353	379.020	2026-07-10T20:14:52+0000	success		3	<media-path:c406539999>	<media-path:c406539999>	<filename:aaf3979e21>	0.266667	15.069751	1.769549	false	false	false	8	v4l2request-copy	true	"{""aspect"":0.566038,""dh"":848,""dw"":480,""h"":848,""par"":1.0,""pixelformat"":""nv12"",""rotate"":0,""stereo-in"":""mono"",""w"":480}"	"{""duration"":""success"",""eof-reached"":""success"",""estimated-frame-number"":""success"",""filename"":""success"",""hwdec-current"":""success"",""idle-active"":""success"",""path"":""success"",""pause"":""success"",""percent-pos"":""success"",""time-pos"":""success"",""video-params"":""success"",""vo-configured"":""success""}"	true	playing	media-7eefea6ba2	<media-path:9e48f6362b>	5000	8	true	"{""black_screen_risk_reason"":""null"",""blocked_media_count"":0,""consecutive_failures"":0,""current_index"":8,""current_item"":{""alias"":""media-7eefea6ba2"",""duration_ms"":5000,""offset_ms"":0,""path_alias"":""<media-path:9e48f6362b>"",""started_at_present"":true},""last_poll_error"":""null"",""last_render_error"":""null"",""mpv_running"":true,""next_item"":{""alias"":""media-63e22e276f"",""duration_ms"":15100,""path_alias"":""<media-path:c406539999>""},""playback_state"":""playing"",""playlist_size"":9,""present"":true,""uptime_sec"":388}"
354	380.027	2026-07-10T20:14:53+0000	success		2	<media-path:c406539999>	<media-path:c406539999>	<filename:aaf3979e21>	1.3	15.069751	8.626553	false	false	false	39	v4l2request-copy	true	"{""aspect"":0.566038,""dh"":848,""dw"":480,""h"":848,""par"":1.0,""pixelformat"":""nv12"",""rotate"":0,""stereo-in"":""mono"",""w"":480}"	"{""duration"":""success"",""eof-reached"":""success"",""estimated-frame-number"":""success"",""filename"":""success"",""hwdec-current"":""success"",""idle-active"":""success"",""path"":""success"",""pause"":""success"",""percent-pos"":""success"",""time-pos"":""success"",""video-params"":""success"",""vo-configured"":""success""}"	true	playing	media-7eefea6ba2	<media-path:9e48f6362b>	5000	8	true	"{""black_screen_risk_reason"":""null"",""blocked_media_count"":0,""consecutive_failures"":0,""current_index"":8,""current_item"":{""alias"":""media-7eefea6ba2"",""duration_ms"":5000,""offset_ms"":0,""path_alias"":""<media-path:9e48f6362b>"",""started_at_present"":true},""last_poll_error"":""null"",""last_render_error"":""null"",""mpv_running"":true,""next_item"":{""alias"":""media-63e22e276f"",""duration_ms"":15100,""path_alias"":""<media-path:c406539999>""},""playback_state"":""playing"",""playlist_size"":9,""present"":true,""uptime_sec"":388}"
355	381.031	2026-07-10T20:14:54+0000	success		2	<media-path:c406539999>	<media-path:c406539999>	<filename:aaf3979e21>	2.3	15.069751	15.262363	false	false	false	69	v4l2request-copy	true	"{""aspect"":0.566038,""dh"":848,""dw"":480,""h"":848,""par"":1.0,""pixelformat"":""nv12"",""rotate"":0,""stereo-in"":""mono"",""w"":480}"	"{""duration"":""success"",""eof-reached"":""success"",""estimated-frame-number"":""success"",""filename"":""success"",""hwdec-current"":""success"",""idle-active"":""success"",""path"":""success"",""pause"":""success"",""percent-pos"":""success"",""time-pos"":""success"",""video-params"":""success"",""vo-configured"":""success""}"	true	playing	media-63e22e276f	<media-path:c406539999>	15100	0	true	"{""black_screen_risk_reason"":""null"",""blocked_media_count"":0,""consecutive_failures"":0,""current_index"":0,""current_item"":{""alias"":""media-63e22e276f"",""duration_ms"":15100,""offset_ms"":0,""path_alias"":""<media-path:c406539999>"",""started_at_present"":true},""last_poll_error"":""null"",""last_render_error"":""null"",""mpv_running"":true,""next_item"":{""alias"":""media-b04db49d99"",""duration_ms"":15100,""path_alias"":""<media-path:2b030c3c41>""},""playback_state"":""playing"",""playlist_size"":9,""present"":true,""uptime_sec"":393}"
356	382.035	2026-07-10T20:14:55+0000	success		2	<media-path:c406539999>	<media-path:c406539999>	<filename:aaf3979e21>	3.3	15.069751	21.898173	false	false	false	99	v4l2request-copy	true	"{""aspect"":0.566038,""dh"":848,""dw"":480,""h"":848,""par"":1.0,""pixelformat"":""nv12"",""rotate"":0,""stereo-in"":""mono"",""w"":480}"	"{""duration"":""success"",""eof-reached"":""success"",""estimated-frame-number"":""success"",""filename"":""success"",""hwdec-current"":""success"",""idle-active"":""success"",""path"":""success"",""pause"":""success"",""percent-pos"":""success"",""time-pos"":""success"",""video-params"":""success"",""vo-configured"":""success""}"	true	playing	media-63e22e276f	<media-path:c406539999>	15100	0	true	"{""black_screen_risk_reason"":""null"",""blocked_media_count"":0,""consecutive_failures"":0,""current_index"":0,""current_item"":{""alias"":""media-63e22e276f"",""duration_ms"":15100,""offset_ms"":0,""path_alias"":""<media-path:c406539999>"",""started_at_present"":true},""last_poll_error"":""null"",""last_render_error"":""null"",""mpv_running"":true,""next_item"":{""alias"":""media-b04db49d99"",""duration_ms"":15100,""path_alias"":""<media-path:2b030c3c41>""},""playback_state"":""playing"",""playlist_size"":9,""present"":true,""uptime_sec"":393}"
357	383.040	2026-07-10T20:14:56+0000	success		10	<media-path:c406539999>	<media-path:c406539999>	<filename:aaf3979e21>	4.3	15.069751	28.533983	false	false	false	129	v4l2request-copy	true	"{""aspect"":0.566038,""dh"":848,""dw"":480,""h"":848,""par"":1.0,""pixelformat"":""nv12"",""rotate"":0,""stereo-in"":""mono"",""w"":480}"	"{""duration"":""success"",""eof-reached"":""success"",""estimated-frame-number"":""success"",""filename"":""success"",""hwdec-current"":""success"",""idle-active"":""success"",""path"":""success"",""pause"":""success"",""percent-pos"":""success"",""time-pos"":""success"",""video-params"":""success"",""vo-configured"":""success""}"	true	playing	media-63e22e276f	<media-path:c406539999>	15100	0	true	"{""black_screen_risk_reason"":""null"",""blocked_media_count"":0,""consecutive_failures"":0,""current_index"":0,""current_item"":{""alias"":""media-63e22e276f"",""duration_ms"":15100,""offset_ms"":0,""path_alias"":""<media-path:c406539999>"",""started_at_present"":true},""last_poll_error"":""null"",""last_render_error"":""null"",""mpv_running"":true,""next_item"":{""alias"":""media-b04db49d99"",""duration_ms"":15100,""path_alias"":""<media-path:2b030c3c41>""},""playback_state"":""playing"",""playlist_size"":9,""present"":true,""uptime_sec"":393}"
358	384.053	2026-07-10T20:14:57+0000	success		2	<media-path:c406539999>	<media-path:c406539999>	<filename:aaf3979e21>	5.3	15.069751	35.169792	false	false	false	159	v4l2request-copy	true	"{""aspect"":0.566038,""dh"":848,""dw"":480,""h"":848,""par"":1.0,""pixelformat"":""nv12"",""rotate"":0,""stereo-in"":""mono"",""w"":480}"	"{""duration"":""success"",""eof-reached"":""success"",""estimated-frame-number"":""success"",""filename"":""success"",""hwdec-current"":""success"",""idle-active"":""success"",""path"":""success"",""pause"":""success"",""percent-pos"":""success"",""time-pos"":""success"",""video-params"":""success"",""vo-configured"":""success""}"	true	playing	media-63e22e276f	<media-path:c406539999>	15100	0	true	"{""black_screen_risk_reason"":""null"",""blocked_media_count"":0,""consecutive_failures"":0,""current_index"":0,""current_item"":{""alias"":""media-63e22e276f"",""duration_ms"":15100,""offset_ms"":0,""path_alias"":""<media-path:c406539999>"",""started_at_present"":true},""last_poll_error"":""null"",""last_render_error"":""null"",""mpv_running"":true,""next_item"":{""alias"":""media-b04db49d99"",""duration_ms"":15100,""path_alias"":""<media-path:2b030c3c41>""},""playback_state"":""playing"",""playlist_size"":9,""present"":true,""uptime_sec"":393}"
359	385.057	2026-07-10T20:14:58+0000	success		2	<media-path:c406539999>	<media-path:c406539999>	<filename:aaf3979e21>	6.333333	15.069751	42.026796	false	false	false	190	v4l2request-copy	true	"{""aspect"":0.566038,""dh"":848,""dw"":480,""h"":848,""par"":1.0,""pixelformat"":""nv12"",""rotate"":0,""stereo-in"":""mono"",""w"":480}"	"{""duration"":""success"",""eof-reached"":""success"",""estimated-frame-number"":""success"",""filename"":""success"",""hwdec-current"":""success"",""idle-active"":""success"",""path"":""success"",""pause"":""success"",""percent-pos"":""success"",""time-pos"":""success"",""video-params"":""success"",""vo-configured"":""success""}"	true	playing	media-63e22e276f	<media-path:c406539999>	15100	0	true	"{""black_screen_risk_reason"":""null"",""blocked_media_count"":0,""consecutive_failures"":0,""current_index"":0,""current_item"":{""alias"":""media-63e22e276f"",""duration_ms"":15100,""offset_ms"":0,""path_alias"":""<media-path:c406539999>"",""started_at_present"":true},""last_poll_error"":""null"",""last_render_error"":""null"",""mpv_running"":true,""next_item"":{""alias"":""media-b04db49d99"",""duration_ms"":15100,""path_alias"":""<media-path:2b030c3c41>""},""playback_state"":""playing"",""playlist_size"":9,""present"":true,""uptime_sec"":393}"
360	386.062	2026-07-10T20:14:59+0000	success		2	<media-path:c406539999>	<media-path:c406539999>	<filename:aaf3979e21>	7.333333	15.069751	48.662606	false	false	false	220	v4l2request-copy	true	"{""aspect"":0.566038,""dh"":848,""dw"":480,""h"":848,""par"":1.0,""pixelformat"":""nv12"",""rotate"":0,""stereo-in"":""mono"",""w"":480}"	"{""duration"":""success"",""eof-reached"":""success"",""estimated-frame-number"":""success"",""filename"":""success"",""hwdec-current"":""success"",""idle-active"":""success"",""path"":""success"",""pause"":""success"",""percent-pos"":""success"",""time-pos"":""success"",""video-params"":""success"",""vo-configured"":""success""}"	true	playing	media-63e22e276f	<media-path:c406539999>	15100	0	true	"{""black_screen_risk_reason"":""null"",""blocked_media_count"":0,""consecutive_failures"":0,""current_index"":0,""current_item"":{""alias"":""media-63e22e276f"",""duration_ms"":15100,""offset_ms"":0,""path_alias"":""<media-path:c406539999>"",""started_at_present"":true},""last_poll_error"":""null"",""last_render_error"":""null"",""mpv_running"":true,""next_item"":{""alias"":""media-b04db49d99"",""duration_ms"":15100,""path_alias"":""<media-path:2b030c3c41>""},""playback_state"":""playing"",""playlist_size"":9,""present"":true,""uptime_sec"":398}"
361	387.066	2026-07-10T20:15:00+0000	success		2	<media-path:c406539999>	<media-path:c406539999>	<filename:aaf3979e21>	8.333333	15.069751	55.298416	false	false	false	250	v4l2request-copy	true	"{""aspect"":0.566038,""dh"":848,""dw"":480,""h"":848,""par"":1.0,""pixelformat"":""nv12"",""rotate"":0,""stereo-in"":""mono"",""w"":480}"	"{""duration"":""success"",""eof-reached"":""success"",""estimated-frame-number"":""success"",""filename"":""success"",""hwdec-current"":""success"",""idle-active"":""success"",""path"":""success"",""pause"":""success"",""percent-pos"":""success"",""time-pos"":""success"",""video-params"":""success"",""vo-configured"":""success""}"	true	playing	media-63e22e276f	<media-path:c406539999>	15100	0	true	"{""black_screen_risk_reason"":""null"",""blocked_media_count"":0,""consecutive_failures"":0,""current_index"":0,""current_item"":{""alias"":""media-63e22e276f"",""duration_ms"":15100,""offset_ms"":0,""path_alias"":""<media-path:c406539999>"",""started_at_present"":true},""last_poll_error"":""null"",""last_render_error"":""null"",""mpv_running"":true,""next_item"":{""alias"":""media-b04db49d99"",""duration_ms"":15100,""path_alias"":""<media-path:2b030c3c41>""},""playback_state"":""playing"",""playlist_size"":9,""present"":true,""uptime_sec"":398}"
362	388.071	2026-07-10T20:15:01+0000	success		2	<media-path:c406539999>	<media-path:c406539999>	<filename:aaf3979e21>	9.333333	15.069751	61.934226	false	false	false	280	v4l2request-copy	true	"{""aspect"":0.566038,""dh"":848,""dw"":480,""h"":848,""par"":1.0,""pixelformat"":""nv12"",""rotate"":0,""stereo-in"":""mono"",""w"":480}"	"{""duration"":""success"",""eof-reached"":""success"",""estimated-frame-number"":""success"",""filename"":""success"",""hwdec-current"":""success"",""idle-active"":""success"",""path"":""success"",""pause"":""success"",""percent-pos"":""success"",""time-pos"":""success"",""video-params"":""success"",""vo-configured"":""success""}"	true	playing	media-63e22e276f	<media-path:c406539999>	15100	0	true	"{""black_screen_risk_reason"":""null"",""blocked_media_count"":0,""consecutive_failures"":0,""current_index"":0,""current_item"":{""alias"":""media-63e22e276f"",""duration_ms"":15100,""offset_ms"":0,""path_alias"":""<media-path:c406539999>"",""started_at_present"":true},""last_poll_error"":""null"",""last_render_error"":""null"",""mpv_running"":true,""next_item"":{""alias"":""media-b04db49d99"",""duration_ms"":15100,""path_alias"":""<media-path:2b030c3c41>""},""playback_state"":""playing"",""playlist_size"":9,""present"":true,""uptime_sec"":398}"
363	389.076	2026-07-10T20:15:02+0000	success		8	<media-path:c406539999>	<media-path:c406539999>	<filename:aaf3979e21>	10.333333	15.069751	68.570036	false	false	false	310	v4l2request-copy	true	"{""aspect"":0.566038,""dh"":848,""dw"":480,""h"":848,""par"":1.0,""pixelformat"":""nv12"",""rotate"":0,""stereo-in"":""mono"",""w"":480}"	"{""duration"":""success"",""eof-reached"":""success"",""estimated-frame-number"":""success"",""filename"":""success"",""hwdec-current"":""success"",""idle-active"":""success"",""path"":""success"",""pause"":""success"",""percent-pos"":""success"",""time-pos"":""success"",""video-params"":""success"",""vo-configured"":""success""}"	true	playing	media-63e22e276f	<media-path:c406539999>	15100	0	true	"{""black_screen_risk_reason"":""null"",""blocked_media_count"":0,""consecutive_failures"":0,""current_index"":0,""current_item"":{""alias"":""media-63e22e276f"",""duration_ms"":15100,""offset_ms"":0,""path_alias"":""<media-path:c406539999>"",""started_at_present"":true},""last_poll_error"":""null"",""last_render_error"":""null"",""mpv_running"":true,""next_item"":{""alias"":""media-b04db49d99"",""duration_ms"":15100,""path_alias"":""<media-path:2b030c3c41>""},""playback_state"":""playing"",""playlist_size"":9,""present"":true,""uptime_sec"":398}"
364	390.087	2026-07-10T20:15:03+0000	success		3	<media-path:c406539999>	<media-path:c406539999>	<filename:aaf3979e21>	11.333333	15.069751	75.205846	false	false	false	340	v4l2request-copy	true	"{""aspect"":0.566038,""dh"":848,""dw"":480,""h"":848,""par"":1.0,""pixelformat"":""nv12"",""rotate"":0,""stereo-in"":""mono"",""w"":480}"	"{""duration"":""success"",""eof-reached"":""success"",""estimated-frame-number"":""success"",""filename"":""success"",""hwdec-current"":""success"",""idle-active"":""success"",""path"":""success"",""pause"":""success"",""percent-pos"":""success"",""time-pos"":""success"",""video-params"":""success"",""vo-configured"":""success""}"	true	playing	media-63e22e276f	<media-path:c406539999>	15100	0	true	"{""black_screen_risk_reason"":""null"",""blocked_media_count"":0,""consecutive_failures"":0,""current_index"":0,""current_item"":{""alias"":""media-63e22e276f"",""duration_ms"":15100,""offset_ms"":0,""path_alias"":""<media-path:c406539999>"",""started_at_present"":true},""last_poll_error"":""null"",""last_render_error"":""null"",""mpv_running"":true,""next_item"":{""alias"":""media-b04db49d99"",""duration_ms"":15100,""path_alias"":""<media-path:2b030c3c41>""},""playback_state"":""playing"",""playlist_size"":9,""present"":true,""uptime_sec"":403}"
365	391.093	2026-07-10T20:15:04+0000	success		2	<media-path:c406539999>	<media-path:c406539999>	<filename:aaf3979e21>	12.366667	15.069751	82.062849	false	false	false	371	v4l2request-copy	true	"{""aspect"":0.566038,""dh"":848,""dw"":480,""h"":848,""par"":1.0,""pixelformat"":""nv12"",""rotate"":0,""stereo-in"":""mono"",""w"":480}"	"{""duration"":""success"",""eof-reached"":""success"",""estimated-frame-number"":""success"",""filename"":""success"",""hwdec-current"":""success"",""idle-active"":""success"",""path"":""success"",""pause"":""success"",""percent-pos"":""success"",""time-pos"":""success"",""video-params"":""success"",""vo-configured"":""success""}"	true	playing	media-63e22e276f	<media-path:c406539999>	15100	0	true	"{""black_screen_risk_reason"":""null"",""blocked_media_count"":0,""consecutive_failures"":0,""current_index"":0,""current_item"":{""alias"":""media-63e22e276f"",""duration_ms"":15100,""offset_ms"":0,""path_alias"":""<media-path:c406539999>"",""started_at_present"":true},""last_poll_error"":""null"",""last_render_error"":""null"",""mpv_running"":true,""next_item"":{""alias"":""media-b04db49d99"",""duration_ms"":15100,""path_alias"":""<media-path:2b030c3c41>""},""playback_state"":""playing"",""playlist_size"":9,""present"":true,""uptime_sec"":403}"
366	392.097	2026-07-10T20:15:05+0000	success		2	<media-path:c406539999>	<media-path:c406539999>	<filename:aaf3979e21>	13.366667	15.069751	88.698659	false	false	false	401	v4l2request-copy	true	"{""aspect"":0.566038,""dh"":848,""dw"":480,""h"":848,""par"":1.0,""pixelformat"":""nv12"",""rotate"":0,""stereo-in"":""mono"",""w"":480}"	"{""duration"":""success"",""eof-reached"":""success"",""estimated-frame-number"":""success"",""filename"":""success"",""hwdec-current"":""success"",""idle-active"":""success"",""path"":""success"",""pause"":""success"",""percent-pos"":""success"",""time-pos"":""success"",""video-params"":""success"",""vo-configured"":""success""}"	true	playing	media-63e22e276f	<media-path:c406539999>	15100	0	true	"{""black_screen_risk_reason"":""null"",""blocked_media_count"":0,""consecutive_failures"":0,""current_index"":0,""current_item"":{""alias"":""media-63e22e276f"",""duration_ms"":15100,""offset_ms"":0,""path_alias"":""<media-path:c406539999>"",""started_at_present"":true},""last_poll_error"":""null"",""last_render_error"":""null"",""mpv_running"":true,""next_item"":{""alias"":""media-b04db49d99"",""duration_ms"":15100,""path_alias"":""<media-path:2b030c3c41>""},""playback_state"":""playing"",""playlist_size"":9,""present"":true,""uptime_sec"":403}"
367	393.101	2026-07-10T20:15:06+0000	success		2	<media-path:c406539999>	<media-path:c406539999>	<filename:aaf3979e21>	14.366667	15.069751	95.334469	false	false	false	431	v4l2request-copy	true	"{""aspect"":0.566038,""dh"":848,""dw"":480,""h"":848,""par"":1.0,""pixelformat"":""nv12"",""rotate"":0,""stereo-in"":""mono"",""w"":480}"	"{""duration"":""success"",""eof-reached"":""success"",""estimated-frame-number"":""success"",""filename"":""success"",""hwdec-current"":""success"",""idle-active"":""success"",""path"":""success"",""pause"":""success"",""percent-pos"":""success"",""time-pos"":""success"",""video-params"":""success"",""vo-configured"":""success""}"	true	playing	media-63e22e276f	<media-path:c406539999>	15100	0	true	"{""black_screen_risk_reason"":""null"",""blocked_media_count"":0,""consecutive_failures"":0,""current_index"":0,""current_item"":{""alias"":""media-63e22e276f"",""duration_ms"":15100,""offset_ms"":0,""path_alias"":""<media-path:c406539999>"",""started_at_present"":true},""last_poll_error"":""null"",""last_render_error"":""null"",""mpv_running"":true,""next_item"":{""alias"":""media-b04db49d99"",""duration_ms"":15100,""path_alias"":""<media-path:2b030c3c41>""},""playback_state"":""playing"",""playlist_size"":9,""present"":true,""uptime_sec"":403}"
368	394.105	2026-07-10T20:15:07+0000	success		2	<media-path:2b030c3c41>	<media-path:2b030c3c41>	<filename:c617160627>	0.1	15.1	0.662252	false	false	false	3	v4l2request-copy	true	"{""aspect"":0.566038,""dh"":848,""dw"":480,""h"":848,""par"":1.0,""pixelformat"":""nv12"",""rotate"":0,""stereo-in"":""mono"",""w"":480}"	"{""duration"":""success"",""eof-reached"":""success"",""estimated-frame-number"":""success"",""filename"":""success"",""hwdec-current"":""success"",""idle-active"":""success"",""path"":""success"",""pause"":""success"",""percent-pos"":""success"",""time-pos"":""success"",""video-params"":""success"",""vo-configured"":""success""}"	true	playing	media-63e22e276f	<media-path:c406539999>	15100	0	true	"{""black_screen_risk_reason"":""null"",""blocked_media_count"":0,""consecutive_failures"":0,""current_index"":0,""current_item"":{""alias"":""media-63e22e276f"",""duration_ms"":15100,""offset_ms"":0,""path_alias"":""<media-path:c406539999>"",""started_at_present"":true},""last_poll_error"":""null"",""last_render_error"":""null"",""mpv_running"":true,""next_item"":{""alias"":""media-b04db49d99"",""duration_ms"":15100,""path_alias"":""<media-path:2b030c3c41>""},""playback_state"":""playing"",""playlist_size"":9,""present"":true,""uptime_sec"":403}"
369	395.110	2026-07-10T20:15:08+0000	success		2	<media-path:2b030c3c41>	<media-path:2b030c3c41>	<filename:c617160627>	1.1	15.1	7.284768	false	false	false	33	v4l2request-copy	true	"{""aspect"":0.566038,""dh"":848,""dw"":480,""h"":848,""par"":1.0,""pixelformat"":""nv12"",""rotate"":0,""stereo-in"":""mono"",""w"":480}"	"{""duration"":""success"",""eof-reached"":""success"",""estimated-frame-number"":""success"",""filename"":""success"",""hwdec-current"":""success"",""idle-active"":""success"",""path"":""success"",""pause"":""success"",""percent-pos"":""success"",""time-pos"":""success"",""video-params"":""success"",""vo-configured"":""success""}"	true	playing	media-b04db49d99	<media-path:2b030c3c41>	15100	1	true	"{""black_screen_risk_reason"":""null"",""blocked_media_count"":0,""consecutive_failures"":0,""current_index"":1,""current_item"":{""alias"":""media-b04db49d99"",""duration_ms"":15100,""offset_ms"":0,""path_alias"":""<media-path:2b030c3c41>"",""started_at_present"":true},""last_poll_error"":""null"",""last_render_error"":""null"",""mpv_running"":true,""next_item"":{""alias"":""media-8ffdc1f445"",""duration_ms"":14000,""path_alias"":""<media-path:fee4d36eb4>""},""playback_state"":""playing"",""playlist_size"":9,""present"":true,""uptime_sec"":408}"
370	396.114	2026-07-10T20:15:09+0000	success		2	<media-path:2b030c3c41>	<media-path:2b030c3c41>	<filename:c617160627>	2.1	15.1	13.907285	false	false	false	63	v4l2request-copy	true	"{""aspect"":0.566038,""dh"":848,""dw"":480,""h"":848,""par"":1.0,""pixelformat"":""nv12"",""rotate"":0,""stereo-in"":""mono"",""w"":480}"	"{""duration"":""success"",""eof-reached"":""success"",""estimated-frame-number"":""success"",""filename"":""success"",""hwdec-current"":""success"",""idle-active"":""success"",""path"":""success"",""pause"":""success"",""percent-pos"":""success"",""time-pos"":""success"",""video-params"":""success"",""vo-configured"":""success""}"	true	playing	media-b04db49d99	<media-path:2b030c3c41>	15100	1	true	"{""black_screen_risk_reason"":""null"",""blocked_media_count"":0,""consecutive_failures"":0,""current_index"":1,""current_item"":{""alias"":""media-b04db49d99"",""duration_ms"":15100,""offset_ms"":0,""path_alias"":""<media-path:2b030c3c41>"",""started_at_present"":true},""last_poll_error"":""null"",""last_render_error"":""null"",""mpv_running"":true,""next_item"":{""alias"":""media-8ffdc1f445"",""duration_ms"":14000,""path_alias"":""<media-path:fee4d36eb4>""},""playback_state"":""playing"",""playlist_size"":9,""present"":true,""uptime_sec"":408}"
371	397.118	2026-07-10T20:15:10+0000	success		2	<media-path:2b030c3c41>	<media-path:2b030c3c41>	<filename:c617160627>	3.1	15.1	20.529801	false	false	false	93	v4l2request-copy	true	"{""aspect"":0.566038,""dh"":848,""dw"":480,""h"":848,""par"":1.0,""pixelformat"":""nv12"",""rotate"":0,""stereo-in"":""mono"",""w"":480}"	"{""duration"":""success"",""eof-reached"":""success"",""estimated-frame-number"":""success"",""filename"":""success"",""hwdec-current"":""success"",""idle-active"":""success"",""path"":""success"",""pause"":""success"",""percent-pos"":""success"",""time-pos"":""success"",""video-params"":""success"",""vo-configured"":""success""}"	true	playing	media-b04db49d99	<media-path:2b030c3c41>	15100	1	true	"{""black_screen_risk_reason"":""null"",""blocked_media_count"":0,""consecutive_failures"":0,""current_index"":1,""current_item"":{""alias"":""media-b04db49d99"",""duration_ms"":15100,""offset_ms"":0,""path_alias"":""<media-path:2b030c3c41>"",""started_at_present"":true},""last_poll_error"":""null"",""last_render_error"":""null"",""mpv_running"":true,""next_item"":{""alias"":""media-8ffdc1f445"",""duration_ms"":14000,""path_alias"":""<media-path:fee4d36eb4>""},""playback_state"":""playing"",""playlist_size"":9,""present"":true,""uptime_sec"":408}"
372	398.123	2026-07-10T20:15:11+0000	success		9	<media-path:2b030c3c41>	<media-path:2b030c3c41>	<filename:c617160627>	4.1	15.1	27.152318	false	false	false	123	v4l2request-copy	true	"{""aspect"":0.566038,""dh"":848,""dw"":480,""h"":848,""par"":1.0,""pixelformat"":""nv12"",""rotate"":0,""stereo-in"":""mono"",""w"":480}"	"{""duration"":""success"",""eof-reached"":""success"",""estimated-frame-number"":""success"",""filename"":""success"",""hwdec-current"":""success"",""idle-active"":""success"",""path"":""success"",""pause"":""success"",""percent-pos"":""success"",""time-pos"":""success"",""video-params"":""success"",""vo-configured"":""success""}"	true	playing	media-b04db49d99	<media-path:2b030c3c41>	15100	1	true	"{""black_screen_risk_reason"":""null"",""blocked_media_count"":0,""consecutive_failures"":0,""current_index"":1,""current_item"":{""alias"":""media-b04db49d99"",""duration_ms"":15100,""offset_ms"":0,""path_alias"":""<media-path:2b030c3c41>"",""started_at_present"":true},""last_poll_error"":""null"",""last_render_error"":""null"",""mpv_running"":true,""next_item"":{""alias"":""media-8ffdc1f445"",""duration_ms"":14000,""path_alias"":""<media-path:fee4d36eb4>""},""playback_state"":""playing"",""playlist_size"":9,""present"":true,""uptime_sec"":408}"
373	399.134	2026-07-10T20:15:12+0000	success		2	<media-path:2b030c3c41>	<media-path:2b030c3c41>	<filename:c617160627>	5.1	15.1	33.774834	false	false	false	153	v4l2request-copy	true	"{""aspect"":0.566038,""dh"":848,""dw"":480,""h"":848,""par"":1.0,""pixelformat"":""nv12"",""rotate"":0,""stereo-in"":""mono"",""w"":480}"	"{""duration"":""success"",""eof-reached"":""success"",""estimated-frame-number"":""success"",""filename"":""success"",""hwdec-current"":""success"",""idle-active"":""success"",""path"":""success"",""pause"":""success"",""percent-pos"":""success"",""time-pos"":""success"",""video-params"":""success"",""vo-configured"":""success""}"	true	playing	media-b04db49d99	<media-path:2b030c3c41>	15100	1	true	"{""black_screen_risk_reason"":""null"",""blocked_media_count"":0,""consecutive_failures"":0,""current_index"":1,""current_item"":{""alias"":""media-b04db49d99"",""duration_ms"":15100,""offset_ms"":0,""path_alias"":""<media-path:2b030c3c41>"",""started_at_present"":true},""last_poll_error"":""null"",""last_render_error"":""null"",""mpv_running"":true,""next_item"":{""alias"":""media-8ffdc1f445"",""duration_ms"":14000,""path_alias"":""<media-path:fee4d36eb4>""},""playback_state"":""playing"",""playlist_size"":9,""present"":true,""uptime_sec"":408}"
374	400.139	2026-07-10T20:15:13+0000	success		2	<media-path:2b030c3c41>	<media-path:2b030c3c41>	<filename:c617160627>	6.133333	15.1	40.618102	false	false	false	184	v4l2request-copy	true	"{""aspect"":0.566038,""dh"":848,""dw"":480,""h"":848,""par"":1.0,""pixelformat"":""nv12"",""rotate"":0,""stereo-in"":""mono"",""w"":480}"	"{""duration"":""success"",""eof-reached"":""success"",""estimated-frame-number"":""success"",""filename"":""success"",""hwdec-current"":""success"",""idle-active"":""success"",""path"":""success"",""pause"":""success"",""percent-pos"":""success"",""time-pos"":""success"",""video-params"":""success"",""vo-configured"":""success""}"	true	playing	media-b04db49d99	<media-path:2b030c3c41>	15100	1	true	"{""black_screen_risk_reason"":""null"",""blocked_media_count"":0,""consecutive_failures"":0,""current_index"":1,""current_item"":{""alias"":""media-b04db49d99"",""duration_ms"":15100,""offset_ms"":0,""path_alias"":""<media-path:2b030c3c41>"",""started_at_present"":true},""last_poll_error"":""null"",""last_render_error"":""null"",""mpv_running"":true,""next_item"":{""alias"":""media-8ffdc1f445"",""duration_ms"":14000,""path_alias"":""<media-path:fee4d36eb4>""},""playback_state"":""playing"",""playlist_size"":9,""present"":true,""uptime_sec"":413}"
375	401.143	2026-07-10T20:15:14+0000	success		3	<media-path:2b030c3c41>	<media-path:2b030c3c41>	<filename:c617160627>	7.133333	15.1	47.240618	false	false	false	214	v4l2request-copy	true	"{""aspect"":0.566038,""dh"":848,""dw"":480,""h"":848,""par"":1.0,""pixelformat"":""nv12"",""rotate"":0,""stereo-in"":""mono"",""w"":480}"	"{""duration"":""success"",""eof-reached"":""success"",""estimated-frame-number"":""success"",""filename"":""success"",""hwdec-current"":""success"",""idle-active"":""success"",""path"":""success"",""pause"":""success"",""percent-pos"":""success"",""time-pos"":""success"",""video-params"":""success"",""vo-configured"":""success""}"	true	playing	media-b04db49d99	<media-path:2b030c3c41>	15100	1	true	"{""black_screen_risk_reason"":""null"",""blocked_media_count"":0,""consecutive_failures"":0,""current_index"":1,""current_item"":{""alias"":""media-b04db49d99"",""duration_ms"":15100,""offset_ms"":0,""path_alias"":""<media-path:2b030c3c41>"",""started_at_present"":true},""last_poll_error"":""null"",""last_render_error"":""null"",""mpv_running"":true,""next_item"":{""alias"":""media-8ffdc1f445"",""duration_ms"":14000,""path_alias"":""<media-path:fee4d36eb4>""},""playback_state"":""playing"",""playlist_size"":9,""present"":true,""uptime_sec"":413}"
376	402.149	2026-07-10T20:15:15+0000	success		2	<media-path:2b030c3c41>	<media-path:2b030c3c41>	<filename:c617160627>	8.133333	15.1	53.863135	false	false	false	244	v4l2request-copy	true	"{""aspect"":0.566038,""dh"":848,""dw"":480,""h"":848,""par"":1.0,""pixelformat"":""nv12"",""rotate"":0,""stereo-in"":""mono"",""w"":480}"	"{""duration"":""success"",""eof-reached"":""success"",""estimated-frame-number"":""success"",""filename"":""success"",""hwdec-current"":""success"",""idle-active"":""success"",""path"":""success"",""pause"":""success"",""percent-pos"":""success"",""time-pos"":""success"",""video-params"":""success"",""vo-configured"":""success""}"	true	playing	media-b04db49d99	<media-path:2b030c3c41>	15100	1	true	"{""black_screen_risk_reason"":""null"",""blocked_media_count"":0,""consecutive_failures"":0,""current_index"":1,""current_item"":{""alias"":""media-b04db49d99"",""duration_ms"":15100,""offset_ms"":0,""path_alias"":""<media-path:2b030c3c41>"",""started_at_present"":true},""last_poll_error"":""null"",""last_render_error"":""null"",""mpv_running"":true,""next_item"":{""alias"":""media-8ffdc1f445"",""duration_ms"":14000,""path_alias"":""<media-path:fee4d36eb4>""},""playback_state"":""playing"",""playlist_size"":9,""present"":true,""uptime_sec"":413}"
377	403.153	2026-07-10T20:15:16+0000	success		12	<media-path:2b030c3c41>	<media-path:2b030c3c41>	<filename:c617160627>	9.133333	15.1	60.485651	false	false	false	274	v4l2request-copy	true	"{""aspect"":0.566038,""dh"":848,""dw"":480,""h"":848,""par"":1.0,""pixelformat"":""nv12"",""rotate"":0,""stereo-in"":""mono"",""w"":480}"	"{""duration"":""success"",""eof-reached"":""success"",""estimated-frame-number"":""success"",""filename"":""success"",""hwdec-current"":""success"",""idle-active"":""success"",""path"":""success"",""pause"":""success"",""percent-pos"":""success"",""time-pos"":""success"",""video-params"":""success"",""vo-configured"":""success""}"	true	playing	media-b04db49d99	<media-path:2b030c3c41>	15100	1	true	"{""black_screen_risk_reason"":""null"",""blocked_media_count"":0,""consecutive_failures"":0,""current_index"":1,""current_item"":{""alias"":""media-b04db49d99"",""duration_ms"":15100,""offset_ms"":0,""path_alias"":""<media-path:2b030c3c41>"",""started_at_present"":true},""last_poll_error"":""null"",""last_render_error"":""null"",""mpv_running"":true,""next_item"":{""alias"":""media-8ffdc1f445"",""duration_ms"":14000,""path_alias"":""<media-path:fee4d36eb4>""},""playback_state"":""playing"",""playlist_size"":9,""present"":true,""uptime_sec"":413}"
378	404.167	2026-07-10T20:15:17+0000	success		2	<media-path:2b030c3c41>	<media-path:2b030c3c41>	<filename:c617160627>	10.133333	15.1	67.108168	false	false	false	304	v4l2request-copy	true	"{""aspect"":0.566038,""dh"":848,""dw"":480,""h"":848,""par"":1.0,""pixelformat"":""nv12"",""rotate"":0,""stereo-in"":""mono"",""w"":480}"	"{""duration"":""success"",""eof-reached"":""success"",""estimated-frame-number"":""success"",""filename"":""success"",""hwdec-current"":""success"",""idle-active"":""success"",""path"":""success"",""pause"":""success"",""percent-pos"":""success"",""time-pos"":""success"",""video-params"":""success"",""vo-configured"":""success""}"	true	playing	media-b04db49d99	<media-path:2b030c3c41>	15100	1	true	"{""black_screen_risk_reason"":""null"",""blocked_media_count"":0,""consecutive_failures"":0,""current_index"":1,""current_item"":{""alias"":""media-b04db49d99"",""duration_ms"":15100,""offset_ms"":0,""path_alias"":""<media-path:2b030c3c41>"",""started_at_present"":true},""last_poll_error"":""null"",""last_render_error"":""null"",""mpv_running"":true,""next_item"":{""alias"":""media-8ffdc1f445"",""duration_ms"":14000,""path_alias"":""<media-path:fee4d36eb4>""},""playback_state"":""playing"",""playlist_size"":9,""present"":true,""uptime_sec"":413}"
379	405.171	2026-07-10T20:15:18+0000	success		2	<media-path:2b030c3c41>	<media-path:2b030c3c41>	<filename:c617160627>	11.166667	15.1	73.951435	false	false	false	335	v4l2request-copy	true	"{""aspect"":0.566038,""dh"":848,""dw"":480,""h"":848,""par"":1.0,""pixelformat"":""nv12"",""rotate"":0,""stereo-in"":""mono"",""w"":480}"	"{""duration"":""success"",""eof-reached"":""success"",""estimated-frame-number"":""success"",""filename"":""success"",""hwdec-current"":""success"",""idle-active"":""success"",""path"":""success"",""pause"":""success"",""percent-pos"":""success"",""time-pos"":""success"",""video-params"":""success"",""vo-configured"":""success""}"	true	playing	media-b04db49d99	<media-path:2b030c3c41>	15100	1	true	"{""black_screen_risk_reason"":""null"",""blocked_media_count"":0,""consecutive_failures"":0,""current_index"":1,""current_item"":{""alias"":""media-b04db49d99"",""duration_ms"":15100,""offset_ms"":0,""path_alias"":""<media-path:2b030c3c41>"",""started_at_present"":true},""last_poll_error"":""null"",""last_render_error"":""null"",""mpv_running"":true,""next_item"":{""alias"":""media-8ffdc1f445"",""duration_ms"":14000,""path_alias"":""<media-path:fee4d36eb4>""},""playback_state"":""playing"",""playlist_size"":9,""present"":true,""uptime_sec"":418}"
380	406.176	2026-07-10T20:15:19+0000	success		2	<media-path:2b030c3c41>	<media-path:2b030c3c41>	<filename:c617160627>	12.166667	15.1	80.573951	false	false	false	365	v4l2request-copy	true	"{""aspect"":0.566038,""dh"":848,""dw"":480,""h"":848,""par"":1.0,""pixelformat"":""nv12"",""rotate"":0,""stereo-in"":""mono"",""w"":480}"	"{""duration"":""success"",""eof-reached"":""success"",""estimated-frame-number"":""success"",""filename"":""success"",""hwdec-current"":""success"",""idle-active"":""success"",""path"":""success"",""pause"":""success"",""percent-pos"":""success"",""time-pos"":""success"",""video-params"":""success"",""vo-configured"":""success""}"	true	playing	media-b04db49d99	<media-path:2b030c3c41>	15100	1	true	"{""black_screen_risk_reason"":""null"",""blocked_media_count"":0,""consecutive_failures"":0,""current_index"":1,""current_item"":{""alias"":""media-b04db49d99"",""duration_ms"":15100,""offset_ms"":0,""path_alias"":""<media-path:2b030c3c41>"",""started_at_present"":true},""last_poll_error"":""null"",""last_render_error"":""null"",""mpv_running"":true,""next_item"":{""alias"":""media-8ffdc1f445"",""duration_ms"":14000,""path_alias"":""<media-path:fee4d36eb4>""},""playback_state"":""playing"",""playlist_size"":9,""present"":true,""uptime_sec"":418}"
381	407.180	2026-07-10T20:15:20+0000	success		2	<media-path:2b030c3c41>	<media-path:2b030c3c41>	<filename:c617160627>	13.166667	15.1	87.196468	false	false	false	395	v4l2request-copy	true	"{""aspect"":0.566038,""dh"":848,""dw"":480,""h"":848,""par"":1.0,""pixelformat"":""nv12"",""rotate"":0,""stereo-in"":""mono"",""w"":480}"	"{""duration"":""success"",""eof-reached"":""success"",""estimated-frame-number"":""success"",""filename"":""success"",""hwdec-current"":""success"",""idle-active"":""success"",""path"":""success"",""pause"":""success"",""percent-pos"":""success"",""time-pos"":""success"",""video-params"":""success"",""vo-configured"":""success""}"	true	playing	media-b04db49d99	<media-path:2b030c3c41>	15100	1	true	"{""black_screen_risk_reason"":""null"",""blocked_media_count"":0,""consecutive_failures"":0,""current_index"":1,""current_item"":{""alias"":""media-b04db49d99"",""duration_ms"":15100,""offset_ms"":0,""path_alias"":""<media-path:2b030c3c41>"",""started_at_present"":true},""last_poll_error"":""null"",""last_render_error"":""null"",""mpv_running"":true,""next_item"":{""alias"":""media-8ffdc1f445"",""duration_ms"":14000,""path_alias"":""<media-path:fee4d36eb4>""},""playback_state"":""playing"",""playlist_size"":9,""present"":true,""uptime_sec"":418}"
382	408.185	2026-07-10T20:15:21+0000	success		2	<media-path:2b030c3c41>	<media-path:2b030c3c41>	<filename:c617160627>	14.166667	15.1	93.818985	false	false	false	425	v4l2request-copy	true	"{""aspect"":0.566038,""dh"":848,""dw"":480,""h"":848,""par"":1.0,""pixelformat"":""nv12"",""rotate"":0,""stereo-in"":""mono"",""w"":480}"	"{""duration"":""success"",""eof-reached"":""success"",""estimated-frame-number"":""success"",""filename"":""success"",""hwdec-current"":""success"",""idle-active"":""success"",""path"":""success"",""pause"":""success"",""percent-pos"":""success"",""time-pos"":""success"",""video-params"":""success"",""vo-configured"":""success""}"	true	playing	media-b04db49d99	<media-path:2b030c3c41>	15100	1	true	"{""black_screen_risk_reason"":""null"",""blocked_media_count"":0,""consecutive_failures"":0,""current_index"":1,""current_item"":{""alias"":""media-b04db49d99"",""duration_ms"":15100,""offset_ms"":0,""path_alias"":""<media-path:2b030c3c41>"",""started_at_present"":true},""last_poll_error"":""null"",""last_render_error"":""null"",""mpv_running"":true,""next_item"":{""alias"":""media-8ffdc1f445"",""duration_ms"":14000,""path_alias"":""<media-path:fee4d36eb4>""},""playback_state"":""playing"",""playlist_size"":9,""present"":true,""uptime_sec"":418}"
383	409.191	2026-07-10T20:15:22+0000	success		22	<media-path:2b030c3c41>	<media-path:2b030c3c41>	<filename:c617160627>	0.066667	15.1	0.441501	false	false	false	2	v4l2request-copy	true	"{""aspect"":0.566038,""dh"":848,""dw"":480,""h"":848,""par"":1.0,""pixelformat"":""nv12"",""rotate"":0,""stereo-in"":""mono"",""w"":480}"	"{""duration"":""success"",""eof-reached"":""success"",""estimated-frame-number"":""success"",""filename"":""success"",""hwdec-current"":""success"",""idle-active"":""success"",""path"":""success"",""pause"":""success"",""percent-pos"":""success"",""time-pos"":""success"",""video-params"":""success"",""vo-configured"":""success""}"	true	playing	media-b04db49d99	<media-path:2b030c3c41>	15100	1	true	"{""black_screen_risk_reason"":""null"",""blocked_media_count"":0,""consecutive_failures"":0,""current_index"":1,""current_item"":{""alias"":""media-b04db49d99"",""duration_ms"":15100,""offset_ms"":0,""path_alias"":""<media-path:2b030c3c41>"",""started_at_present"":true},""last_poll_error"":""null"",""last_render_error"":""null"",""mpv_running"":true,""next_item"":{""alias"":""media-8ffdc1f445"",""duration_ms"":14000,""path_alias"":""<media-path:fee4d36eb4>""},""playback_state"":""playing"",""playlist_size"":9,""present"":true,""uptime_sec"":418}"
384	410.215	2026-07-10T20:15:23+0000	success		3	<media-path:fee4d36eb4>	<media-path:fee4d36eb4>	<filename:8ba6df5956>	0.866667	14	6.190476	false	false	false	26	v4l2request-copy	true	"{""aspect"":0.557692,""dh"":832,""dw"":464,""h"":832,""par"":1.0,""pixelformat"":""nv12"",""rotate"":0,""stereo-in"":""mono"",""w"":464}"	"{""duration"":""success"",""eof-reached"":""success"",""estimated-frame-number"":""success"",""filename"":""success"",""hwdec-current"":""success"",""idle-active"":""success"",""path"":""success"",""pause"":""success"",""percent-pos"":""success"",""time-pos"":""success"",""video-params"":""success"",""vo-configured"":""success""}"	true	playing	media-8ffdc1f445	<media-path:fee4d36eb4>	14000	2	true	"{""black_screen_risk_reason"":""null"",""blocked_media_count"":0,""consecutive_failures"":0,""current_index"":2,""current_item"":{""alias"":""media-8ffdc1f445"",""duration_ms"":14000,""offset_ms"":0,""path_alias"":""<media-path:fee4d36eb4>"",""started_at_present"":true},""last_poll_error"":""null"",""last_render_error"":""null"",""mpv_running"":true,""next_item"":{""alias"":""media-907addee8b"",""duration_ms"":30800,""path_alias"":""<media-path:c58db4e1cc>""},""playback_state"":""playing"",""playlist_size"":9,""present"":true,""uptime_sec"":423}"
385	411.221	2026-07-10T20:15:24+0000	success		3	<media-path:fee4d36eb4>	<media-path:fee4d36eb4>	<filename:8ba6df5956>	1.866667	14	13.333333	false	false	false	56	v4l2request-copy	true	"{""aspect"":0.557692,""dh"":832,""dw"":464,""h"":832,""par"":1.0,""pixelformat"":""nv12"",""rotate"":0,""stereo-in"":""mono"",""w"":464}"	"{""duration"":""success"",""eof-reached"":""success"",""estimated-frame-number"":""success"",""filename"":""success"",""hwdec-current"":""success"",""idle-active"":""success"",""path"":""success"",""pause"":""success"",""percent-pos"":""success"",""time-pos"":""success"",""video-params"":""success"",""vo-configured"":""success""}"	true	playing	media-8ffdc1f445	<media-path:fee4d36eb4>	14000	2	true	"{""black_screen_risk_reason"":""null"",""blocked_media_count"":0,""consecutive_failures"":0,""current_index"":2,""current_item"":{""alias"":""media-8ffdc1f445"",""duration_ms"":14000,""offset_ms"":0,""path_alias"":""<media-path:fee4d36eb4>"",""started_at_present"":true},""last_poll_error"":""null"",""last_render_error"":""null"",""mpv_running"":true,""next_item"":{""alias"":""media-907addee8b"",""duration_ms"":30800,""path_alias"":""<media-path:c58db4e1cc>""},""playback_state"":""playing"",""playlist_size"":9,""present"":true,""uptime_sec"":423}"
386	412.227	2026-07-10T20:15:25+0000	success		3	<media-path:fee4d36eb4>	<media-path:fee4d36eb4>	<filename:8ba6df5956>	2.9	14	20.714286	false	false	false	87	v4l2request-copy	true	"{""aspect"":0.557692,""dh"":832,""dw"":464,""h"":832,""par"":1.0,""pixelformat"":""nv12"",""rotate"":0,""stereo-in"":""mono"",""w"":464}"	"{""duration"":""success"",""eof-reached"":""success"",""estimated-frame-number"":""success"",""filename"":""success"",""hwdec-current"":""success"",""idle-active"":""success"",""path"":""success"",""pause"":""success"",""percent-pos"":""success"",""time-pos"":""success"",""video-params"":""success"",""vo-configured"":""success""}"	true	playing	media-8ffdc1f445	<media-path:fee4d36eb4>	14000	2	true	"{""black_screen_risk_reason"":""null"",""blocked_media_count"":0,""consecutive_failures"":0,""current_index"":2,""current_item"":{""alias"":""media-8ffdc1f445"",""duration_ms"":14000,""offset_ms"":0,""path_alias"":""<media-path:fee4d36eb4>"",""started_at_present"":true},""last_poll_error"":""null"",""last_render_error"":""null"",""mpv_running"":true,""next_item"":{""alias"":""media-907addee8b"",""duration_ms"":30800,""path_alias"":""<media-path:c58db4e1cc>""},""playback_state"":""playing"",""playlist_size"":9,""present"":true,""uptime_sec"":423}"
387	413.234	2026-07-10T20:15:26+0000	success		2	<media-path:fee4d36eb4>	<media-path:fee4d36eb4>	<filename:8ba6df5956>	3.9	14	27.857143	false	false	false	117	v4l2request-copy	true	"{""aspect"":0.557692,""dh"":832,""dw"":464,""h"":832,""par"":1.0,""pixelformat"":""nv12"",""rotate"":0,""stereo-in"":""mono"",""w"":464}"	"{""duration"":""success"",""eof-reached"":""success"",""estimated-frame-number"":""success"",""filename"":""success"",""hwdec-current"":""success"",""idle-active"":""success"",""path"":""success"",""pause"":""success"",""percent-pos"":""success"",""time-pos"":""success"",""video-params"":""success"",""vo-configured"":""success""}"	true	playing	media-8ffdc1f445	<media-path:fee4d36eb4>	14000	2	true	"{""black_screen_risk_reason"":""null"",""blocked_media_count"":0,""consecutive_failures"":0,""current_index"":2,""current_item"":{""alias"":""media-8ffdc1f445"",""duration_ms"":14000,""offset_ms"":0,""path_alias"":""<media-path:fee4d36eb4>"",""started_at_present"":true},""last_poll_error"":""null"",""last_render_error"":""null"",""mpv_running"":true,""next_item"":{""alias"":""media-907addee8b"",""duration_ms"":30800,""path_alias"":""<media-path:c58db4e1cc>""},""playback_state"":""playing"",""playlist_size"":9,""present"":true,""uptime_sec"":423}"
388	414.238	2026-07-10T20:15:27+0000	success		2	<media-path:fee4d36eb4>	<media-path:fee4d36eb4>	<filename:8ba6df5956>	4.9	14	35	false	false	false	147	v4l2request-copy	true	"{""aspect"":0.557692,""dh"":832,""dw"":464,""h"":832,""par"":1.0,""pixelformat"":""nv12"",""rotate"":0,""stereo-in"":""mono"",""w"":464}"	"{""duration"":""success"",""eof-reached"":""success"",""estimated-frame-number"":""success"",""filename"":""success"",""hwdec-current"":""success"",""idle-active"":""success"",""path"":""success"",""pause"":""success"",""percent-pos"":""success"",""time-pos"":""success"",""video-params"":""success"",""vo-configured"":""success""}"	true	playing	media-8ffdc1f445	<media-path:fee4d36eb4>	14000	2	true	"{""black_screen_risk_reason"":""null"",""blocked_media_count"":0,""consecutive_failures"":0,""current_index"":2,""current_item"":{""alias"":""media-8ffdc1f445"",""duration_ms"":14000,""offset_ms"":0,""path_alias"":""<media-path:fee4d36eb4>"",""started_at_present"":true},""last_poll_error"":""null"",""last_render_error"":""null"",""mpv_running"":true,""next_item"":{""alias"":""media-907addee8b"",""duration_ms"":30800,""path_alias"":""<media-path:c58db4e1cc>""},""playback_state"":""playing"",""playlist_size"":9,""present"":true,""uptime_sec"":423}"
389	415.243	2026-07-10T20:15:28+0000	success		2	<media-path:fee4d36eb4>	<media-path:fee4d36eb4>	<filename:8ba6df5956>	5.9	14	42.142857	false	false	false	177	v4l2request-copy	true	"{""aspect"":0.557692,""dh"":832,""dw"":464,""h"":832,""par"":1.0,""pixelformat"":""nv12"",""rotate"":0,""stereo-in"":""mono"",""w"":464}"	"{""duration"":""success"",""eof-reached"":""success"",""estimated-frame-number"":""success"",""filename"":""success"",""hwdec-current"":""success"",""idle-active"":""success"",""path"":""success"",""pause"":""success"",""percent-pos"":""success"",""time-pos"":""success"",""video-params"":""success"",""vo-configured"":""success""}"	true	playing	media-8ffdc1f445	<media-path:fee4d36eb4>	14000	2	true	"{""black_screen_risk_reason"":""null"",""blocked_media_count"":0,""consecutive_failures"":0,""current_index"":2,""current_item"":{""alias"":""media-8ffdc1f445"",""duration_ms"":14000,""offset_ms"":0,""path_alias"":""<media-path:fee4d36eb4>"",""started_at_present"":true},""last_poll_error"":""null"",""last_render_error"":""null"",""mpv_running"":true,""next_item"":{""alias"":""media-907addee8b"",""duration_ms"":30800,""path_alias"":""<media-path:c58db4e1cc>""},""playback_state"":""playing"",""playlist_size"":9,""present"":true,""uptime_sec"":428}"
390	416.248	2026-07-10T20:15:29+0000	success		7	<media-path:fee4d36eb4>	<media-path:fee4d36eb4>	<filename:8ba6df5956>	6.9	14	49.285714	false	false	false	207	v4l2request-copy	true	"{""aspect"":0.557692,""dh"":832,""dw"":464,""h"":832,""par"":1.0,""pixelformat"":""nv12"",""rotate"":0,""stereo-in"":""mono"",""w"":464}"	"{""duration"":""success"",""eof-reached"":""success"",""estimated-frame-number"":""success"",""filename"":""success"",""hwdec-current"":""success"",""idle-active"":""success"",""path"":""success"",""pause"":""success"",""percent-pos"":""success"",""time-pos"":""success"",""video-params"":""success"",""vo-configured"":""success""}"	true	playing	media-8ffdc1f445	<media-path:fee4d36eb4>	14000	2	true	"{""black_screen_risk_reason"":""null"",""blocked_media_count"":0,""consecutive_failures"":0,""current_index"":2,""current_item"":{""alias"":""media-8ffdc1f445"",""duration_ms"":14000,""offset_ms"":0,""path_alias"":""<media-path:fee4d36eb4>"",""started_at_present"":true},""last_poll_error"":""null"",""last_render_error"":""null"",""mpv_running"":true,""next_item"":{""alias"":""media-907addee8b"",""duration_ms"":30800,""path_alias"":""<media-path:c58db4e1cc>""},""playback_state"":""playing"",""playlist_size"":9,""present"":true,""uptime_sec"":428}"
391	417.257	2026-07-10T20:15:30+0000	success		2	<media-path:fee4d36eb4>	<media-path:fee4d36eb4>	<filename:8ba6df5956>	7.9	14	56.428571	false	false	false	237	v4l2request-copy	true	"{""aspect"":0.557692,""dh"":832,""dw"":464,""h"":832,""par"":1.0,""pixelformat"":""nv12"",""rotate"":0,""stereo-in"":""mono"",""w"":464}"	"{""duration"":""success"",""eof-reached"":""success"",""estimated-frame-number"":""success"",""filename"":""success"",""hwdec-current"":""success"",""idle-active"":""success"",""path"":""success"",""pause"":""success"",""percent-pos"":""success"",""time-pos"":""success"",""video-params"":""success"",""vo-configured"":""success""}"	true	playing	media-8ffdc1f445	<media-path:fee4d36eb4>	14000	2	true	"{""black_screen_risk_reason"":""null"",""blocked_media_count"":0,""consecutive_failures"":0,""current_index"":2,""current_item"":{""alias"":""media-8ffdc1f445"",""duration_ms"":14000,""offset_ms"":0,""path_alias"":""<media-path:fee4d36eb4>"",""started_at_present"":true},""last_poll_error"":""null"",""last_render_error"":""null"",""mpv_running"":true,""next_item"":{""alias"":""media-907addee8b"",""duration_ms"":30800,""path_alias"":""<media-path:c58db4e1cc>""},""playback_state"":""playing"",""playlist_size"":9,""present"":true,""uptime_sec"":428}"
392	418.262	2026-07-10T20:15:31+0000	success		2	<media-path:fee4d36eb4>	<media-path:fee4d36eb4>	<filename:8ba6df5956>	8.933333	14	63.809524	false	false	false	268	v4l2request-copy	true	"{""aspect"":0.557692,""dh"":832,""dw"":464,""h"":832,""par"":1.0,""pixelformat"":""nv12"",""rotate"":0,""stereo-in"":""mono"",""w"":464}"	"{""duration"":""success"",""eof-reached"":""success"",""estimated-frame-number"":""success"",""filename"":""success"",""hwdec-current"":""success"",""idle-active"":""success"",""path"":""success"",""pause"":""success"",""percent-pos"":""success"",""time-pos"":""success"",""video-params"":""success"",""vo-configured"":""success""}"	true	playing	media-8ffdc1f445	<media-path:fee4d36eb4>	14000	2	true	"{""black_screen_risk_reason"":""null"",""blocked_media_count"":0,""consecutive_failures"":0,""current_index"":2,""current_item"":{""alias"":""media-8ffdc1f445"",""duration_ms"":14000,""offset_ms"":0,""path_alias"":""<media-path:fee4d36eb4>"",""started_at_present"":true},""last_poll_error"":""null"",""last_render_error"":""null"",""mpv_running"":true,""next_item"":{""alias"":""media-907addee8b"",""duration_ms"":30800,""path_alias"":""<media-path:c58db4e1cc>""},""playback_state"":""playing"",""playlist_size"":9,""present"":true,""uptime_sec"":428}"
393	419.266	2026-07-10T20:15:32+0000	success		2	<media-path:fee4d36eb4>	<media-path:fee4d36eb4>	<filename:8ba6df5956>	9.933333	14	70.952381	false	false	false	298	v4l2request-copy	true	"{""aspect"":0.557692,""dh"":832,""dw"":464,""h"":832,""par"":1.0,""pixelformat"":""nv12"",""rotate"":0,""stereo-in"":""mono"",""w"":464}"	"{""duration"":""success"",""eof-reached"":""success"",""estimated-frame-number"":""success"",""filename"":""success"",""hwdec-current"":""success"",""idle-active"":""success"",""path"":""success"",""pause"":""success"",""percent-pos"":""success"",""time-pos"":""success"",""video-params"":""success"",""vo-configured"":""success""}"	true	playing	media-8ffdc1f445	<media-path:fee4d36eb4>	14000	2	true	"{""black_screen_risk_reason"":""null"",""blocked_media_count"":0,""consecutive_failures"":0,""current_index"":2,""current_item"":{""alias"":""media-8ffdc1f445"",""duration_ms"":14000,""offset_ms"":0,""path_alias"":""<media-path:fee4d36eb4>"",""started_at_present"":true},""last_poll_error"":""null"",""last_render_error"":""null"",""mpv_running"":true,""next_item"":{""alias"":""media-907addee8b"",""duration_ms"":30800,""path_alias"":""<media-path:c58db4e1cc>""},""playback_state"":""playing"",""playlist_size"":9,""present"":true,""uptime_sec"":428}"
394	420.271	2026-07-10T20:15:33+0000	success		2	<media-path:fee4d36eb4>	<media-path:fee4d36eb4>	<filename:8ba6df5956>	10.933333	14	78.095238	false	false	false	328	v4l2request-copy	true	"{""aspect"":0.557692,""dh"":832,""dw"":464,""h"":832,""par"":1.0,""pixelformat"":""nv12"",""rotate"":0,""stereo-in"":""mono"",""w"":464}"	"{""duration"":""success"",""eof-reached"":""success"",""estimated-frame-number"":""success"",""filename"":""success"",""hwdec-current"":""success"",""idle-active"":""success"",""path"":""success"",""pause"":""success"",""percent-pos"":""success"",""time-pos"":""success"",""video-params"":""success"",""vo-configured"":""success""}"	true	playing	media-8ffdc1f445	<media-path:fee4d36eb4>	14000	2	true	"{""black_screen_risk_reason"":""null"",""blocked_media_count"":0,""consecutive_failures"":0,""current_index"":2,""current_item"":{""alias"":""media-8ffdc1f445"",""duration_ms"":14000,""offset_ms"":0,""path_alias"":""<media-path:fee4d36eb4>"",""started_at_present"":true},""last_poll_error"":""null"",""last_render_error"":""null"",""mpv_running"":true,""next_item"":{""alias"":""media-907addee8b"",""duration_ms"":30800,""path_alias"":""<media-path:c58db4e1cc>""},""playback_state"":""playing"",""playlist_size"":9,""present"":true,""uptime_sec"":433}"
395	421.275	2026-07-10T20:15:34+0000	success		3	<media-path:fee4d36eb4>	<media-path:fee4d36eb4>	<filename:8ba6df5956>	11.933333	14	85.238095	false	false	false	358	v4l2request-copy	true	"{""aspect"":0.557692,""dh"":832,""dw"":464,""h"":832,""par"":1.0,""pixelformat"":""nv12"",""rotate"":0,""stereo-in"":""mono"",""w"":464}"	"{""duration"":""success"",""eof-reached"":""success"",""estimated-frame-number"":""success"",""filename"":""success"",""hwdec-current"":""success"",""idle-active"":""success"",""path"":""success"",""pause"":""success"",""percent-pos"":""success"",""time-pos"":""success"",""video-params"":""success"",""vo-configured"":""success""}"	true	playing	media-8ffdc1f445	<media-path:fee4d36eb4>	14000	2	true	"{""black_screen_risk_reason"":""null"",""blocked_media_count"":0,""consecutive_failures"":0,""current_index"":2,""current_item"":{""alias"":""media-8ffdc1f445"",""duration_ms"":14000,""offset_ms"":0,""path_alias"":""<media-path:fee4d36eb4>"",""started_at_present"":true},""last_poll_error"":""null"",""last_render_error"":""null"",""mpv_running"":true,""next_item"":{""alias"":""media-907addee8b"",""duration_ms"":30800,""path_alias"":""<media-path:c58db4e1cc>""},""playback_state"":""playing"",""playlist_size"":9,""present"":true,""uptime_sec"":433}"
396	422.282	2026-07-10T20:15:35+0000	success		8	<media-path:fee4d36eb4>	<media-path:fee4d36eb4>	<filename:8ba6df5956>	12.933333	14	92.380952	false	false	false	388	v4l2request-copy	true	"{""aspect"":0.557692,""dh"":832,""dw"":464,""h"":832,""par"":1.0,""pixelformat"":""nv12"",""rotate"":0,""stereo-in"":""mono"",""w"":464}"	"{""duration"":""success"",""eof-reached"":""success"",""estimated-frame-number"":""success"",""filename"":""success"",""hwdec-current"":""success"",""idle-active"":""success"",""path"":""success"",""pause"":""success"",""percent-pos"":""success"",""time-pos"":""success"",""video-params"":""success"",""vo-configured"":""success""}"	true	playing	media-8ffdc1f445	<media-path:fee4d36eb4>	14000	2	true	"{""black_screen_risk_reason"":""null"",""blocked_media_count"":0,""consecutive_failures"":0,""current_index"":2,""current_item"":{""alias"":""media-8ffdc1f445"",""duration_ms"":14000,""offset_ms"":0,""path_alias"":""<media-path:fee4d36eb4>"",""started_at_present"":true},""last_poll_error"":""null"",""last_render_error"":""null"",""mpv_running"":true,""next_item"":{""alias"":""media-907addee8b"",""duration_ms"":30800,""path_alias"":""<media-path:c58db4e1cc>""},""playback_state"":""playing"",""playlist_size"":9,""present"":true,""uptime_sec"":433}"
397	423.294	2026-07-10T20:15:36+0000	success		81	<media-path:fee4d36eb4>	<media-path:fee4d36eb4>	<filename:8ba6df5956>	0	14	0	false	false	false	0	v4l2request-copy	true	"{""aspect"":0.557692,""dh"":832,""dw"":464,""h"":832,""par"":1.0,""pixelformat"":""nv12"",""rotate"":0,""stereo-in"":""mono"",""w"":464}"	"{""duration"":""success"",""eof-reached"":""success"",""estimated-frame-number"":""success"",""filename"":""success"",""hwdec-current"":""success"",""idle-active"":""success"",""path"":""success"",""pause"":""success"",""percent-pos"":""success"",""time-pos"":""success"",""video-params"":""success"",""vo-configured"":""success""}"	true	playing	media-8ffdc1f445	<media-path:fee4d36eb4>	14000	2	true	"{""black_screen_risk_reason"":""null"",""blocked_media_count"":0,""consecutive_failures"":0,""current_index"":2,""current_item"":{""alias"":""media-8ffdc1f445"",""duration_ms"":14000,""offset_ms"":0,""path_alias"":""<media-path:fee4d36eb4>"",""started_at_present"":true},""last_poll_error"":""null"",""last_render_error"":""null"",""mpv_running"":true,""next_item"":{""alias"":""media-907addee8b"",""duration_ms"":30800,""path_alias"":""<media-path:c58db4e1cc>""},""playback_state"":""playing"",""playlist_size"":9,""present"":true,""uptime_sec"":433}"
398	424.378	2026-07-10T20:15:37+0000	success		7	<media-path:c58db4e1cc>	<media-path:c58db4e1cc>	<filename:9b95323d7d>	0.917583	30.805333	2.978651	false	false	false	22	v4l2request-copy	true	"{""aspect"":0.5625,""dh"":640,""dw"":360,""h"":640,""par"":1.0,""pixelformat"":""nv12"",""rotate"":0,""stereo-in"":""mono"",""w"":360}"	"{""duration"":""success"",""eof-reached"":""success"",""estimated-frame-number"":""success"",""filename"":""success"",""hwdec-current"":""success"",""idle-active"":""success"",""path"":""success"",""pause"":""success"",""percent-pos"":""success"",""time-pos"":""success"",""video-params"":""success"",""vo-configured"":""success""}"	true	playing	media-8ffdc1f445	<media-path:fee4d36eb4>	14000	2	true	"{""black_screen_risk_reason"":""null"",""blocked_media_count"":0,""consecutive_failures"":0,""current_index"":2,""current_item"":{""alias"":""media-8ffdc1f445"",""duration_ms"":14000,""offset_ms"":0,""path_alias"":""<media-path:fee4d36eb4>"",""started_at_present"":true},""last_poll_error"":""null"",""last_render_error"":""null"",""mpv_running"":true,""next_item"":{""alias"":""media-907addee8b"",""duration_ms"":30800,""path_alias"":""<media-path:c58db4e1cc>""},""playback_state"":""playing"",""playlist_size"":9,""present"":true,""uptime_sec"":433}"
399	425.387	2026-07-10T20:15:39+0000	success		7	<media-path:c58db4e1cc>	<media-path:c58db4e1cc>	<filename:9b95323d7d>	1.918583	30.805333	6.228088	false	false	false	46	v4l2request-copy	true	"{""aspect"":0.5625,""dh"":640,""dw"":360,""h"":640,""par"":1.0,""pixelformat"":""nv12"",""rotate"":0,""stereo-in"":""mono"",""w"":360}"	"{""duration"":""success"",""eof-reached"":""success"",""estimated-frame-number"":""success"",""filename"":""success"",""hwdec-current"":""success"",""idle-active"":""success"",""path"":""success"",""pause"":""success"",""percent-pos"":""success"",""time-pos"":""success"",""video-params"":""success"",""vo-configured"":""success""}"	true	playing	media-907addee8b	<media-path:c58db4e1cc>	30800	3	true	"{""black_screen_risk_reason"":""null"",""blocked_media_count"":0,""consecutive_failures"":0,""current_index"":3,""current_item"":{""alias"":""media-907addee8b"",""duration_ms"":30800,""offset_ms"":0,""path_alias"":""<media-path:c58db4e1cc>"",""started_at_present"":true},""last_poll_error"":""null"",""last_render_error"":""null"",""mpv_running"":true,""next_item"":{""alias"":""media-8e4d41f6c2"",""duration_ms"":7200,""path_alias"":""<media-path:3662a4e886>""},""playback_state"":""playing"",""playlist_size"":9,""present"":true,""uptime_sec"":438}"
400	426.397	2026-07-10T20:15:40+0000	success		4	<media-path:c58db4e1cc>	<media-path:c58db4e1cc>	<filename:9b95323d7d>	2.919583	30.805333	9.477526	false	false	false	70	v4l2request-copy	true	"{""aspect"":0.5625,""dh"":640,""dw"":360,""h"":640,""par"":1.0,""pixelformat"":""nv12"",""rotate"":0,""stereo-in"":""mono"",""w"":360}"	"{""duration"":""success"",""eof-reached"":""success"",""estimated-frame-number"":""success"",""filename"":""success"",""hwdec-current"":""success"",""idle-active"":""success"",""path"":""success"",""pause"":""success"",""percent-pos"":""success"",""time-pos"":""success"",""video-params"":""success"",""vo-configured"":""success""}"	true	playing	media-907addee8b	<media-path:c58db4e1cc>	30800	3	true	"{""black_screen_risk_reason"":""null"",""blocked_media_count"":0,""consecutive_failures"":0,""current_index"":3,""current_item"":{""alias"":""media-907addee8b"",""duration_ms"":30800,""offset_ms"":0,""path_alias"":""<media-path:c58db4e1cc>"",""started_at_present"":true},""last_poll_error"":""null"",""last_render_error"":""null"",""mpv_running"":true,""next_item"":{""alias"":""media-8e4d41f6c2"",""duration_ms"":7200,""path_alias"":""<media-path:3662a4e886>""},""playback_state"":""playing"",""playlist_size"":9,""present"":true,""uptime_sec"":438}"
401	427.405	2026-07-10T20:15:41+0000	success		3	<media-path:c58db4e1cc>	<media-path:c58db4e1cc>	<filename:9b95323d7d>	3.920583	30.805333	12.726963	false	false	false	94	v4l2request-copy	true	"{""aspect"":0.5625,""dh"":640,""dw"":360,""h"":640,""par"":1.0,""pixelformat"":""nv12"",""rotate"":0,""stereo-in"":""mono"",""w"":360}"	"{""duration"":""success"",""eof-reached"":""success"",""estimated-frame-number"":""success"",""filename"":""success"",""hwdec-current"":""success"",""idle-active"":""success"",""path"":""success"",""pause"":""success"",""percent-pos"":""success"",""time-pos"":""success"",""video-params"":""success"",""vo-configured"":""success""}"	true	playing	media-907addee8b	<media-path:c58db4e1cc>	30800	3	true	"{""black_screen_risk_reason"":""null"",""blocked_media_count"":0,""consecutive_failures"":0,""current_index"":3,""current_item"":{""alias"":""media-907addee8b"",""duration_ms"":30800,""offset_ms"":0,""path_alias"":""<media-path:c58db4e1cc>"",""started_at_present"":true},""last_poll_error"":""null"",""last_render_error"":""null"",""mpv_running"":true,""next_item"":{""alias"":""media-8e4d41f6c2"",""duration_ms"":7200,""path_alias"":""<media-path:3662a4e886>""},""playback_state"":""playing"",""playlist_size"":9,""present"":true,""uptime_sec"":438}"
402	428.411	2026-07-10T20:15:42+0000	success		4	<media-path:c58db4e1cc>	<media-path:c58db4e1cc>	<filename:9b95323d7d>	4.921583	30.805333	15.9764	false	false	false	118	v4l2request-copy	true	"{""aspect"":0.5625,""dh"":640,""dw"":360,""h"":640,""par"":1.0,""pixelformat"":""nv12"",""rotate"":0,""stereo-in"":""mono"",""w"":360}"	"{""duration"":""success"",""eof-reached"":""success"",""estimated-frame-number"":""success"",""filename"":""success"",""hwdec-current"":""success"",""idle-active"":""success"",""path"":""success"",""pause"":""success"",""percent-pos"":""success"",""time-pos"":""success"",""video-params"":""success"",""vo-configured"":""success""}"	true	playing	media-907addee8b	<media-path:c58db4e1cc>	30800	3	true	"{""black_screen_risk_reason"":""null"",""blocked_media_count"":0,""consecutive_failures"":0,""current_index"":3,""current_item"":{""alias"":""media-907addee8b"",""duration_ms"":30800,""offset_ms"":0,""path_alias"":""<media-path:c58db4e1cc>"",""started_at_present"":true},""last_poll_error"":""null"",""last_render_error"":""null"",""mpv_running"":true,""next_item"":{""alias"":""media-8e4d41f6c2"",""duration_ms"":7200,""path_alias"":""<media-path:3662a4e886>""},""playback_state"":""playing"",""playlist_size"":9,""present"":true,""uptime_sec"":438}"
403	429.418	2026-07-10T20:15:43+0000	success		1	<media-path:c58db4e1cc>	<media-path:c58db4e1cc>	<filename:9b95323d7d>	5.922583	30.805333	19.225838	false	false	false	142	v4l2request-copy	true	"{""aspect"":0.5625,""dh"":640,""dw"":360,""h"":640,""par"":1.0,""pixelformat"":""nv12"",""rotate"":0,""stereo-in"":""mono"",""w"":360}"	"{""duration"":""success"",""eof-reached"":""success"",""estimated-frame-number"":""success"",""filename"":""success"",""hwdec-current"":""success"",""idle-active"":""success"",""path"":""success"",""pause"":""success"",""percent-pos"":""success"",""time-pos"":""success"",""video-params"":""success"",""vo-configured"":""success""}"	true	playing	media-907addee8b	<media-path:c58db4e1cc>	30800	3	true	"{""black_screen_risk_reason"":""null"",""blocked_media_count"":0,""consecutive_failures"":0,""current_index"":3,""current_item"":{""alias"":""media-907addee8b"",""duration_ms"":30800,""offset_ms"":0,""path_alias"":""<media-path:c58db4e1cc>"",""started_at_present"":true},""last_poll_error"":""null"",""last_render_error"":""null"",""mpv_running"":true,""next_item"":{""alias"":""media-8e4d41f6c2"",""duration_ms"":7200,""path_alias"":""<media-path:3662a4e886>""},""playback_state"":""playing"",""playlist_size"":9,""present"":true,""uptime_sec"":438}"
404	430.422	2026-07-10T20:15:44+0000	success		2	<media-path:c58db4e1cc>	<media-path:c58db4e1cc>	<filename:9b95323d7d>	6.923583	30.805333	22.475275	false	false	false	166	v4l2request-copy	true	"{""aspect"":0.5625,""dh"":640,""dw"":360,""h"":640,""par"":1.0,""pixelformat"":""nv12"",""rotate"":0,""stereo-in"":""mono"",""w"":360}"	"{""duration"":""success"",""eof-reached"":""success"",""estimated-frame-number"":""success"",""filename"":""success"",""hwdec-current"":""success"",""idle-active"":""success"",""path"":""success"",""pause"":""success"",""percent-pos"":""success"",""time-pos"":""success"",""video-params"":""success"",""vo-configured"":""success""}"	true	playing	media-907addee8b	<media-path:c58db4e1cc>	30800	3	true	"{""black_screen_risk_reason"":""null"",""blocked_media_count"":0,""consecutive_failures"":0,""current_index"":3,""current_item"":{""alias"":""media-907addee8b"",""duration_ms"":30800,""offset_ms"":0,""path_alias"":""<media-path:c58db4e1cc>"",""started_at_present"":true},""last_poll_error"":""null"",""last_render_error"":""null"",""mpv_running"":true,""next_item"":{""alias"":""media-8e4d41f6c2"",""duration_ms"":7200,""path_alias"":""<media-path:3662a4e886>""},""playback_state"":""playing"",""playlist_size"":9,""present"":true,""uptime_sec"":443}"
405	431.425	2026-07-10T20:15:45+0000	success		2	<media-path:c58db4e1cc>	<media-path:c58db4e1cc>	<filename:9b95323d7d>	7.924583	30.805333	25.724712	false	false	false	190	v4l2request-copy	true	"{""aspect"":0.5625,""dh"":640,""dw"":360,""h"":640,""par"":1.0,""pixelformat"":""nv12"",""rotate"":0,""stereo-in"":""mono"",""w"":360}"	"{""duration"":""success"",""eof-reached"":""success"",""estimated-frame-number"":""success"",""filename"":""success"",""hwdec-current"":""success"",""idle-active"":""success"",""path"":""success"",""pause"":""success"",""percent-pos"":""success"",""time-pos"":""success"",""video-params"":""success"",""vo-configured"":""success""}"	true	playing	media-907addee8b	<media-path:c58db4e1cc>	30800	3	true	"{""black_screen_risk_reason"":""null"",""blocked_media_count"":0,""consecutive_failures"":0,""current_index"":3,""current_item"":{""alias"":""media-907addee8b"",""duration_ms"":30800,""offset_ms"":0,""path_alias"":""<media-path:c58db4e1cc>"",""started_at_present"":true},""last_poll_error"":""null"",""last_render_error"":""null"",""mpv_running"":true,""next_item"":{""alias"":""media-8e4d41f6c2"",""duration_ms"":7200,""path_alias"":""<media-path:3662a4e886>""},""playback_state"":""playing"",""playlist_size"":9,""present"":true,""uptime_sec"":443}"
406	432.431	2026-07-10T20:15:46+0000	success		2	<media-path:c58db4e1cc>	<media-path:c58db4e1cc>	<filename:9b95323d7d>	8.925583	30.805333	28.974149	false	false	false	214	v4l2request-copy	true	"{""aspect"":0.5625,""dh"":640,""dw"":360,""h"":640,""par"":1.0,""pixelformat"":""nv12"",""rotate"":0,""stereo-in"":""mono"",""w"":360}"	"{""duration"":""success"",""eof-reached"":""success"",""estimated-frame-number"":""success"",""filename"":""success"",""hwdec-current"":""success"",""idle-active"":""success"",""path"":""success"",""pause"":""success"",""percent-pos"":""success"",""time-pos"":""success"",""video-params"":""success"",""vo-configured"":""success""}"	true	playing	media-907addee8b	<media-path:c58db4e1cc>	30800	3	true	"{""black_screen_risk_reason"":""null"",""blocked_media_count"":0,""consecutive_failures"":0,""current_index"":3,""current_item"":{""alias"":""media-907addee8b"",""duration_ms"":30800,""offset_ms"":0,""path_alias"":""<media-path:c58db4e1cc>"",""started_at_present"":true},""last_poll_error"":""null"",""last_render_error"":""null"",""mpv_running"":true,""next_item"":{""alias"":""media-8e4d41f6c2"",""duration_ms"":7200,""path_alias"":""<media-path:3662a4e886>""},""playback_state"":""playing"",""playlist_size"":9,""present"":true,""uptime_sec"":443}"
407	433.437	2026-07-10T20:15:47+0000	success		2	<media-path:c58db4e1cc>	<media-path:c58db4e1cc>	<filename:9b95323d7d>	9.968292	30.805333	32.35898	false	false	false	239	v4l2request-copy	true	"{""aspect"":0.5625,""dh"":640,""dw"":360,""h"":640,""par"":1.0,""pixelformat"":""nv12"",""rotate"":0,""stereo-in"":""mono"",""w"":360}"	"{""duration"":""success"",""eof-reached"":""success"",""estimated-frame-number"":""success"",""filename"":""success"",""hwdec-current"":""success"",""idle-active"":""success"",""path"":""success"",""pause"":""success"",""percent-pos"":""success"",""time-pos"":""success"",""video-params"":""success"",""vo-configured"":""success""}"	true	playing	media-907addee8b	<media-path:c58db4e1cc>	30800	3	true	"{""black_screen_risk_reason"":""null"",""blocked_media_count"":0,""consecutive_failures"":0,""current_index"":3,""current_item"":{""alias"":""media-907addee8b"",""duration_ms"":30800,""offset_ms"":0,""path_alias"":""<media-path:c58db4e1cc>"",""started_at_present"":true},""last_poll_error"":""null"",""last_render_error"":""null"",""mpv_running"":true,""next_item"":{""alias"":""media-8e4d41f6c2"",""duration_ms"":7200,""path_alias"":""<media-path:3662a4e886>""},""playback_state"":""playing"",""playlist_size"":9,""present"":true,""uptime_sec"":443}"
408	434.441	2026-07-10T20:15:48+0000	success		2	<media-path:c58db4e1cc>	<media-path:c58db4e1cc>	<filename:9b95323d7d>	10.969292	30.805333	35.608417	false	false	false	263	v4l2request-copy	true	"{""aspect"":0.5625,""dh"":640,""dw"":360,""h"":640,""par"":1.0,""pixelformat"":""nv12"",""rotate"":0,""stereo-in"":""mono"",""w"":360}"	"{""duration"":""success"",""eof-reached"":""success"",""estimated-frame-number"":""success"",""filename"":""success"",""hwdec-current"":""success"",""idle-active"":""success"",""path"":""success"",""pause"":""success"",""percent-pos"":""success"",""time-pos"":""success"",""video-params"":""success"",""vo-configured"":""success""}"	true	playing	media-907addee8b	<media-path:c58db4e1cc>	30800	3	true	"{""black_screen_risk_reason"":""null"",""blocked_media_count"":0,""consecutive_failures"":0,""current_index"":3,""current_item"":{""alias"":""media-907addee8b"",""duration_ms"":30800,""offset_ms"":0,""path_alias"":""<media-path:c58db4e1cc>"",""started_at_present"":true},""last_poll_error"":""null"",""last_render_error"":""null"",""mpv_running"":true,""next_item"":{""alias"":""media-8e4d41f6c2"",""duration_ms"":7200,""path_alias"":""<media-path:3662a4e886>""},""playback_state"":""playing"",""playlist_size"":9,""present"":true,""uptime_sec"":443}"
409	435.446	2026-07-10T20:15:49+0000	success		5	<media-path:c58db4e1cc>	<media-path:c58db4e1cc>	<filename:9b95323d7d>	11.970292	30.805333	38.857855	false	false	false	287	v4l2request-copy	true	"{""aspect"":0.5625,""dh"":640,""dw"":360,""h"":640,""par"":1.0,""pixelformat"":""nv12"",""rotate"":0,""stereo-in"":""mono"",""w"":360}"	"{""duration"":""success"",""eof-reached"":""success"",""estimated-frame-number"":""success"",""filename"":""success"",""hwdec-current"":""success"",""idle-active"":""success"",""path"":""success"",""pause"":""success"",""percent-pos"":""success"",""time-pos"":""success"",""video-params"":""success"",""vo-configured"":""success""}"	true	playing	media-907addee8b	<media-path:c58db4e1cc>	30800	3	true	"{""black_screen_risk_reason"":""null"",""blocked_media_count"":0,""consecutive_failures"":0,""current_index"":3,""current_item"":{""alias"":""media-907addee8b"",""duration_ms"":30800,""offset_ms"":0,""path_alias"":""<media-path:c58db4e1cc>"",""started_at_present"":true},""last_poll_error"":""null"",""last_render_error"":""null"",""mpv_running"":true,""next_item"":{""alias"":""media-8e4d41f6c2"",""duration_ms"":7200,""path_alias"":""<media-path:3662a4e886>""},""playback_state"":""playing"",""playlist_size"":9,""present"":true,""uptime_sec"":448}"
410	436.453	2026-07-10T20:15:50+0000	success		2	<media-path:c58db4e1cc>	<media-path:c58db4e1cc>	<filename:9b95323d7d>	12.971292	30.805333	42.107292	false	false	false	311	v4l2request-copy	true	"{""aspect"":0.5625,""dh"":640,""dw"":360,""h"":640,""par"":1.0,""pixelformat"":""nv12"",""rotate"":0,""stereo-in"":""mono"",""w"":360}"	"{""duration"":""success"",""eof-reached"":""success"",""estimated-frame-number"":""success"",""filename"":""success"",""hwdec-current"":""success"",""idle-active"":""success"",""path"":""success"",""pause"":""success"",""percent-pos"":""success"",""time-pos"":""success"",""video-params"":""success"",""vo-configured"":""success""}"	true	playing	media-907addee8b	<media-path:c58db4e1cc>	30800	3	true	"{""black_screen_risk_reason"":""null"",""blocked_media_count"":0,""consecutive_failures"":0,""current_index"":3,""current_item"":{""alias"":""media-907addee8b"",""duration_ms"":30800,""offset_ms"":0,""path_alias"":""<media-path:c58db4e1cc>"",""started_at_present"":true},""last_poll_error"":""null"",""last_render_error"":""null"",""mpv_running"":true,""next_item"":{""alias"":""media-8e4d41f6c2"",""duration_ms"":7200,""path_alias"":""<media-path:3662a4e886>""},""playback_state"":""playing"",""playlist_size"":9,""present"":true,""uptime_sec"":448}"
411	437.457	2026-07-10T20:15:51+0000	success		3	<media-path:c58db4e1cc>	<media-path:c58db4e1cc>	<filename:9b95323d7d>	13.972292	30.805333	45.356729	false	false	false	335	v4l2request-copy	true	"{""aspect"":0.5625,""dh"":640,""dw"":360,""h"":640,""par"":1.0,""pixelformat"":""nv12"",""rotate"":0,""stereo-in"":""mono"",""w"":360}"	"{""duration"":""success"",""eof-reached"":""success"",""estimated-frame-number"":""success"",""filename"":""success"",""hwdec-current"":""success"",""idle-active"":""success"",""path"":""success"",""pause"":""success"",""percent-pos"":""success"",""time-pos"":""success"",""video-params"":""success"",""vo-configured"":""success""}"	true	playing	media-907addee8b	<media-path:c58db4e1cc>	30800	3	true	"{""black_screen_risk_reason"":""null"",""blocked_media_count"":0,""consecutive_failures"":0,""current_index"":3,""current_item"":{""alias"":""media-907addee8b"",""duration_ms"":30800,""offset_ms"":0,""path_alias"":""<media-path:c58db4e1cc>"",""started_at_present"":true},""last_poll_error"":""null"",""last_render_error"":""null"",""mpv_running"":true,""next_item"":{""alias"":""media-8e4d41f6c2"",""duration_ms"":7200,""path_alias"":""<media-path:3662a4e886>""},""playback_state"":""playing"",""playlist_size"":9,""present"":true,""uptime_sec"":448}"
412	438.465	2026-07-10T20:15:52+0000	success		3	<media-path:c58db4e1cc>	<media-path:c58db4e1cc>	<filename:9b95323d7d>	14.973292	30.805333	48.606167	false	false	false	359	v4l2request-copy	true	"{""aspect"":0.5625,""dh"":640,""dw"":360,""h"":640,""par"":1.0,""pixelformat"":""nv12"",""rotate"":0,""stereo-in"":""mono"",""w"":360}"	"{""duration"":""success"",""eof-reached"":""success"",""estimated-frame-number"":""success"",""filename"":""success"",""hwdec-current"":""success"",""idle-active"":""success"",""path"":""success"",""pause"":""success"",""percent-pos"":""success"",""time-pos"":""success"",""video-params"":""success"",""vo-configured"":""success""}"	true	playing	media-907addee8b	<media-path:c58db4e1cc>	30800	3	true	"{""black_screen_risk_reason"":""null"",""blocked_media_count"":0,""consecutive_failures"":0,""current_index"":3,""current_item"":{""alias"":""media-907addee8b"",""duration_ms"":30800,""offset_ms"":0,""path_alias"":""<media-path:c58db4e1cc>"",""started_at_present"":true},""last_poll_error"":""null"",""last_render_error"":""null"",""mpv_running"":true,""next_item"":{""alias"":""media-8e4d41f6c2"",""duration_ms"":7200,""path_alias"":""<media-path:3662a4e886>""},""playback_state"":""playing"",""playlist_size"":9,""present"":true,""uptime_sec"":448}"
413	439.471	2026-07-10T20:15:53+0000	success		2	<media-path:c58db4e1cc>	<media-path:c58db4e1cc>	<filename:9b95323d7d>	15.974292	30.805333	51.855604	false	false	false	383	v4l2request-copy	true	"{""aspect"":0.5625,""dh"":640,""dw"":360,""h"":640,""par"":1.0,""pixelformat"":""nv12"",""rotate"":0,""stereo-in"":""mono"",""w"":360}"	"{""duration"":""success"",""eof-reached"":""success"",""estimated-frame-number"":""success"",""filename"":""success"",""hwdec-current"":""success"",""idle-active"":""success"",""path"":""success"",""pause"":""success"",""percent-pos"":""success"",""time-pos"":""success"",""video-params"":""success"",""vo-configured"":""success""}"	true	playing	media-907addee8b	<media-path:c58db4e1cc>	30800	3	true	"{""black_screen_risk_reason"":""null"",""blocked_media_count"":0,""consecutive_failures"":0,""current_index"":3,""current_item"":{""alias"":""media-907addee8b"",""duration_ms"":30800,""offset_ms"":0,""path_alias"":""<media-path:c58db4e1cc>"",""started_at_present"":true},""last_poll_error"":""null"",""last_render_error"":""null"",""mpv_running"":true,""next_item"":{""alias"":""media-8e4d41f6c2"",""duration_ms"":7200,""path_alias"":""<media-path:3662a4e886>""},""playback_state"":""playing"",""playlist_size"":9,""present"":true,""uptime_sec"":448}"
414	440.474	2026-07-10T20:15:54+0000	success		2	<media-path:c58db4e1cc>	<media-path:c58db4e1cc>	<filename:9b95323d7d>	16.975292	30.805333	55.105041	false	false	false	407	v4l2request-copy	true	"{""aspect"":0.5625,""dh"":640,""dw"":360,""h"":640,""par"":1.0,""pixelformat"":""nv12"",""rotate"":0,""stereo-in"":""mono"",""w"":360}"	"{""duration"":""success"",""eof-reached"":""success"",""estimated-frame-number"":""success"",""filename"":""success"",""hwdec-current"":""success"",""idle-active"":""success"",""path"":""success"",""pause"":""success"",""percent-pos"":""success"",""time-pos"":""success"",""video-params"":""success"",""vo-configured"":""success""}"	true	playing	media-907addee8b	<media-path:c58db4e1cc>	30800	3	true	"{""black_screen_risk_reason"":""null"",""blocked_media_count"":0,""consecutive_failures"":0,""current_index"":3,""current_item"":{""alias"":""media-907addee8b"",""duration_ms"":30800,""offset_ms"":0,""path_alias"":""<media-path:c58db4e1cc>"",""started_at_present"":true},""last_poll_error"":""null"",""last_render_error"":""null"",""mpv_running"":true,""next_item"":{""alias"":""media-8e4d41f6c2"",""duration_ms"":7200,""path_alias"":""<media-path:3662a4e886>""},""playback_state"":""playing"",""playlist_size"":9,""present"":true,""uptime_sec"":453}"
415	441.478	2026-07-10T20:15:55+0000	success		2	<media-path:c58db4e1cc>	<media-path:c58db4e1cc>	<filename:9b95323d7d>	17.976292	30.805333	58.354479	false	false	false	431	v4l2request-copy	true	"{""aspect"":0.5625,""dh"":640,""dw"":360,""h"":640,""par"":1.0,""pixelformat"":""nv12"",""rotate"":0,""stereo-in"":""mono"",""w"":360}"	"{""duration"":""success"",""eof-reached"":""success"",""estimated-frame-number"":""success"",""filename"":""success"",""hwdec-current"":""success"",""idle-active"":""success"",""path"":""success"",""pause"":""success"",""percent-pos"":""success"",""time-pos"":""success"",""video-params"":""success"",""vo-configured"":""success""}"	true	playing	media-907addee8b	<media-path:c58db4e1cc>	30800	3	true	"{""black_screen_risk_reason"":""null"",""blocked_media_count"":0,""consecutive_failures"":0,""current_index"":3,""current_item"":{""alias"":""media-907addee8b"",""duration_ms"":30800,""offset_ms"":0,""path_alias"":""<media-path:c58db4e1cc>"",""started_at_present"":true},""last_poll_error"":""null"",""last_render_error"":""null"",""mpv_running"":true,""next_item"":{""alias"":""media-8e4d41f6c2"",""duration_ms"":7200,""path_alias"":""<media-path:3662a4e886>""},""playback_state"":""playing"",""playlist_size"":9,""present"":true,""uptime_sec"":453}"
416	442.483	2026-07-10T20:15:56+0000	success		2	<media-path:c58db4e1cc>	<media-path:c58db4e1cc>	<filename:9b95323d7d>	18.977292	30.805333	61.603916	false	false	false	455	v4l2request-copy	true	"{""aspect"":0.5625,""dh"":640,""dw"":360,""h"":640,""par"":1.0,""pixelformat"":""nv12"",""rotate"":0,""stereo-in"":""mono"",""w"":360}"	"{""duration"":""success"",""eof-reached"":""success"",""estimated-frame-number"":""success"",""filename"":""success"",""hwdec-current"":""success"",""idle-active"":""success"",""path"":""success"",""pause"":""success"",""percent-pos"":""success"",""time-pos"":""success"",""video-params"":""success"",""vo-configured"":""success""}"	true	playing	media-907addee8b	<media-path:c58db4e1cc>	30800	3	true	"{""black_screen_risk_reason"":""null"",""blocked_media_count"":0,""consecutive_failures"":0,""current_index"":3,""current_item"":{""alias"":""media-907addee8b"",""duration_ms"":30800,""offset_ms"":0,""path_alias"":""<media-path:c58db4e1cc>"",""started_at_present"":true},""last_poll_error"":""null"",""last_render_error"":""null"",""mpv_running"":true,""next_item"":{""alias"":""media-8e4d41f6c2"",""duration_ms"":7200,""path_alias"":""<media-path:3662a4e886>""},""playback_state"":""playing"",""playlist_size"":9,""present"":true,""uptime_sec"":453}"
417	443.489	2026-07-10T20:15:57+0000	success		3	<media-path:c58db4e1cc>	<media-path:c58db4e1cc>	<filename:9b95323d7d>	20.02	30.805333	64.988747	false	false	false	480	v4l2request-copy	true	"{""aspect"":0.5625,""dh"":640,""dw"":360,""h"":640,""par"":1.0,""pixelformat"":""nv12"",""rotate"":0,""stereo-in"":""mono"",""w"":360}"	"{""duration"":""success"",""eof-reached"":""success"",""estimated-frame-number"":""success"",""filename"":""success"",""hwdec-current"":""success"",""idle-active"":""success"",""path"":""success"",""pause"":""success"",""percent-pos"":""success"",""time-pos"":""success"",""video-params"":""success"",""vo-configured"":""success""}"	true	playing	media-907addee8b	<media-path:c58db4e1cc>	30800	3	true	"{""black_screen_risk_reason"":""null"",""blocked_media_count"":0,""consecutive_failures"":0,""current_index"":3,""current_item"":{""alias"":""media-907addee8b"",""duration_ms"":30800,""offset_ms"":0,""path_alias"":""<media-path:c58db4e1cc>"",""started_at_present"":true},""last_poll_error"":""null"",""last_render_error"":""null"",""mpv_running"":true,""next_item"":{""alias"":""media-8e4d41f6c2"",""duration_ms"":7200,""path_alias"":""<media-path:3662a4e886>""},""playback_state"":""playing"",""playlist_size"":9,""present"":true,""uptime_sec"":453}"
418	444.495	2026-07-10T20:15:58+0000	success		6	<media-path:c58db4e1cc>	<media-path:c58db4e1cc>	<filename:9b95323d7d>	21.021	30.805333	68.238184	false	false	false	504	v4l2request-copy	true	"{""aspect"":0.5625,""dh"":640,""dw"":360,""h"":640,""par"":1.0,""pixelformat"":""nv12"",""rotate"":0,""stereo-in"":""mono"",""w"":360}"	"{""duration"":""success"",""eof-reached"":""success"",""estimated-frame-number"":""success"",""filename"":""success"",""hwdec-current"":""success"",""idle-active"":""success"",""path"":""success"",""pause"":""success"",""percent-pos"":""success"",""time-pos"":""success"",""video-params"":""success"",""vo-configured"":""success""}"	true	playing	media-907addee8b	<media-path:c58db4e1cc>	30800	3	true	"{""black_screen_risk_reason"":""null"",""blocked_media_count"":0,""consecutive_failures"":0,""current_index"":3,""current_item"":{""alias"":""media-907addee8b"",""duration_ms"":30800,""offset_ms"":0,""path_alias"":""<media-path:c58db4e1cc>"",""started_at_present"":true},""last_poll_error"":""null"",""last_render_error"":""null"",""mpv_running"":true,""next_item"":{""alias"":""media-8e4d41f6c2"",""duration_ms"":7200,""path_alias"":""<media-path:3662a4e886>""},""playback_state"":""playing"",""playlist_size"":9,""present"":true,""uptime_sec"":453}"
419	445.504	2026-07-10T20:15:59+0000	success		2	<media-path:c58db4e1cc>	<media-path:c58db4e1cc>	<filename:9b95323d7d>	22.022	30.805333	71.487621	false	false	false	528	v4l2request-copy	true	"{""aspect"":0.5625,""dh"":640,""dw"":360,""h"":640,""par"":1.0,""pixelformat"":""nv12"",""rotate"":0,""stereo-in"":""mono"",""w"":360}"	"{""duration"":""success"",""eof-reached"":""success"",""estimated-frame-number"":""success"",""filename"":""success"",""hwdec-current"":""success"",""idle-active"":""success"",""path"":""success"",""pause"":""success"",""percent-pos"":""success"",""time-pos"":""success"",""video-params"":""success"",""vo-configured"":""success""}"	true	playing	media-907addee8b	<media-path:c58db4e1cc>	30800	3	true	"{""black_screen_risk_reason"":""null"",""blocked_media_count"":0,""consecutive_failures"":0,""current_index"":3,""current_item"":{""alias"":""media-907addee8b"",""duration_ms"":30800,""offset_ms"":0,""path_alias"":""<media-path:c58db4e1cc>"",""started_at_present"":true},""last_poll_error"":""null"",""last_render_error"":""null"",""mpv_running"":true,""next_item"":{""alias"":""media-8e4d41f6c2"",""duration_ms"":7200,""path_alias"":""<media-path:3662a4e886>""},""playback_state"":""playing"",""playlist_size"":9,""present"":true,""uptime_sec"":458}"
420	446.508	2026-07-10T20:16:00+0000	success		3	<media-path:c58db4e1cc>	<media-path:c58db4e1cc>	<filename:9b95323d7d>	23.023	30.805333	74.737059	false	false	false	552	v4l2request-copy	true	"{""aspect"":0.5625,""dh"":640,""dw"":360,""h"":640,""par"":1.0,""pixelformat"":""nv12"",""rotate"":0,""stereo-in"":""mono"",""w"":360}"	"{""duration"":""success"",""eof-reached"":""success"",""estimated-frame-number"":""success"",""filename"":""success"",""hwdec-current"":""success"",""idle-active"":""success"",""path"":""success"",""pause"":""success"",""percent-pos"":""success"",""time-pos"":""success"",""video-params"":""success"",""vo-configured"":""success""}"	true	playing	media-907addee8b	<media-path:c58db4e1cc>	30800	3	true	"{""black_screen_risk_reason"":""null"",""blocked_media_count"":0,""consecutive_failures"":0,""current_index"":3,""current_item"":{""alias"":""media-907addee8b"",""duration_ms"":30800,""offset_ms"":0,""path_alias"":""<media-path:c58db4e1cc>"",""started_at_present"":true},""last_poll_error"":""null"",""last_render_error"":""null"",""mpv_running"":true,""next_item"":{""alias"":""media-8e4d41f6c2"",""duration_ms"":7200,""path_alias"":""<media-path:3662a4e886>""},""playback_state"":""playing"",""playlist_size"":9,""present"":true,""uptime_sec"":458}"
421	447.514	2026-07-10T20:16:01+0000	success		3	<media-path:c58db4e1cc>	<media-path:c58db4e1cc>	<filename:9b95323d7d>	24.024	30.805333	77.986496	false	false	false	576	v4l2request-copy	true	"{""aspect"":0.5625,""dh"":640,""dw"":360,""h"":640,""par"":1.0,""pixelformat"":""nv12"",""rotate"":0,""stereo-in"":""mono"",""w"":360}"	"{""duration"":""success"",""eof-reached"":""success"",""estimated-frame-number"":""success"",""filename"":""success"",""hwdec-current"":""success"",""idle-active"":""success"",""path"":""success"",""pause"":""success"",""percent-pos"":""success"",""time-pos"":""success"",""video-params"":""success"",""vo-configured"":""success""}"	true	playing	media-907addee8b	<media-path:c58db4e1cc>	30800	3	true	"{""black_screen_risk_reason"":""null"",""blocked_media_count"":0,""consecutive_failures"":0,""current_index"":3,""current_item"":{""alias"":""media-907addee8b"",""duration_ms"":30800,""offset_ms"":0,""path_alias"":""<media-path:c58db4e1cc>"",""started_at_present"":true},""last_poll_error"":""null"",""last_render_error"":""null"",""mpv_running"":true,""next_item"":{""alias"":""media-8e4d41f6c2"",""duration_ms"":7200,""path_alias"":""<media-path:3662a4e886>""},""playback_state"":""playing"",""playlist_size"":9,""present"":true,""uptime_sec"":458}"
422	448.520	2026-07-10T20:16:02+0000	success		2	<media-path:c58db4e1cc>	<media-path:c58db4e1cc>	<filename:9b95323d7d>	25.025	30.805333	81.235933	false	false	false	600	v4l2request-copy	true	"{""aspect"":0.5625,""dh"":640,""dw"":360,""h"":640,""par"":1.0,""pixelformat"":""nv12"",""rotate"":0,""stereo-in"":""mono"",""w"":360}"	"{""duration"":""success"",""eof-reached"":""success"",""estimated-frame-number"":""success"",""filename"":""success"",""hwdec-current"":""success"",""idle-active"":""success"",""path"":""success"",""pause"":""success"",""percent-pos"":""success"",""time-pos"":""success"",""video-params"":""success"",""vo-configured"":""success""}"	true	playing	media-907addee8b	<media-path:c58db4e1cc>	30800	3	true	"{""black_screen_risk_reason"":""null"",""blocked_media_count"":0,""consecutive_failures"":0,""current_index"":3,""current_item"":{""alias"":""media-907addee8b"",""duration_ms"":30800,""offset_ms"":0,""path_alias"":""<media-path:c58db4e1cc>"",""started_at_present"":true},""last_poll_error"":""null"",""last_render_error"":""null"",""mpv_running"":true,""next_item"":{""alias"":""media-8e4d41f6c2"",""duration_ms"":7200,""path_alias"":""<media-path:3662a4e886>""},""playback_state"":""playing"",""playlist_size"":9,""present"":true,""uptime_sec"":458}"
423	449.525	2026-07-10T20:16:03+0000	success		2	<media-path:c58db4e1cc>	<media-path:c58db4e1cc>	<filename:9b95323d7d>	26.026	30.805333	84.48537	false	false	false	624	v4l2request-copy	true	"{""aspect"":0.5625,""dh"":640,""dw"":360,""h"":640,""par"":1.0,""pixelformat"":""nv12"",""rotate"":0,""stereo-in"":""mono"",""w"":360}"	"{""duration"":""success"",""eof-reached"":""success"",""estimated-frame-number"":""success"",""filename"":""success"",""hwdec-current"":""success"",""idle-active"":""success"",""path"":""success"",""pause"":""success"",""percent-pos"":""success"",""time-pos"":""success"",""video-params"":""success"",""vo-configured"":""success""}"	true	playing	media-907addee8b	<media-path:c58db4e1cc>	30800	3	true	"{""black_screen_risk_reason"":""null"",""blocked_media_count"":0,""consecutive_failures"":0,""current_index"":3,""current_item"":{""alias"":""media-907addee8b"",""duration_ms"":30800,""offset_ms"":0,""path_alias"":""<media-path:c58db4e1cc>"",""started_at_present"":true},""last_poll_error"":""null"",""last_render_error"":""null"",""mpv_running"":true,""next_item"":{""alias"":""media-8e4d41f6c2"",""duration_ms"":7200,""path_alias"":""<media-path:3662a4e886>""},""playback_state"":""playing"",""playlist_size"":9,""present"":true,""uptime_sec"":458}"
424	450.530	2026-07-10T20:16:04+0000	success		2	<media-path:c58db4e1cc>	<media-path:c58db4e1cc>	<filename:9b95323d7d>	27.027	30.805333	87.734808	false	false	false	647	v4l2request-copy	true	"{""aspect"":0.5625,""dh"":640,""dw"":360,""h"":640,""par"":1.0,""pixelformat"":""nv12"",""rotate"":0,""stereo-in"":""mono"",""w"":360}"	"{""duration"":""success"",""eof-reached"":""success"",""estimated-frame-number"":""success"",""filename"":""success"",""hwdec-current"":""success"",""idle-active"":""success"",""path"":""success"",""pause"":""success"",""percent-pos"":""success"",""time-pos"":""success"",""video-params"":""success"",""vo-configured"":""success""}"	true	playing	media-907addee8b	<media-path:c58db4e1cc>	30800	3	true	"{""black_screen_risk_reason"":""null"",""blocked_media_count"":0,""consecutive_failures"":0,""current_index"":3,""current_item"":{""alias"":""media-907addee8b"",""duration_ms"":30800,""offset_ms"":0,""path_alias"":""<media-path:c58db4e1cc>"",""started_at_present"":true},""last_poll_error"":""null"",""last_render_error"":""null"",""mpv_running"":true,""next_item"":{""alias"":""media-8e4d41f6c2"",""duration_ms"":7200,""path_alias"":""<media-path:3662a4e886>""},""playback_state"":""playing"",""playlist_size"":9,""present"":true,""uptime_sec"":463}"
425	451.534	2026-07-10T20:16:05+0000	success		2	<media-path:c58db4e1cc>	<media-path:c58db4e1cc>	<filename:9b95323d7d>	28.028	30.805333	90.984245	false	false	false	671	v4l2request-copy	true	"{""aspect"":0.5625,""dh"":640,""dw"":360,""h"":640,""par"":1.0,""pixelformat"":""nv12"",""rotate"":0,""stereo-in"":""mono"",""w"":360}"	"{""duration"":""success"",""eof-reached"":""success"",""estimated-frame-number"":""success"",""filename"":""success"",""hwdec-current"":""success"",""idle-active"":""success"",""path"":""success"",""pause"":""success"",""percent-pos"":""success"",""time-pos"":""success"",""video-params"":""success"",""vo-configured"":""success""}"	true	playing	media-907addee8b	<media-path:c58db4e1cc>	30800	3	true	"{""black_screen_risk_reason"":""null"",""blocked_media_count"":0,""consecutive_failures"":0,""current_index"":3,""current_item"":{""alias"":""media-907addee8b"",""duration_ms"":30800,""offset_ms"":0,""path_alias"":""<media-path:c58db4e1cc>"",""started_at_present"":true},""last_poll_error"":""null"",""last_render_error"":""null"",""mpv_running"":true,""next_item"":{""alias"":""media-8e4d41f6c2"",""duration_ms"":7200,""path_alias"":""<media-path:3662a4e886>""},""playback_state"":""playing"",""playlist_size"":9,""present"":true,""uptime_sec"":463}"
426	452.537	2026-07-10T20:16:06+0000	success		2	<media-path:c58db4e1cc>	<media-path:c58db4e1cc>	<filename:9b95323d7d>	29.070708	30.805333	94.369076	false	false	false	696	v4l2request-copy	true	"{""aspect"":0.5625,""dh"":640,""dw"":360,""h"":640,""par"":1.0,""pixelformat"":""nv12"",""rotate"":0,""stereo-in"":""mono"",""w"":360}"	"{""duration"":""success"",""eof-reached"":""success"",""estimated-frame-number"":""success"",""filename"":""success"",""hwdec-current"":""success"",""idle-active"":""success"",""path"":""success"",""pause"":""success"",""percent-pos"":""success"",""time-pos"":""success"",""video-params"":""success"",""vo-configured"":""success""}"	true	playing	media-907addee8b	<media-path:c58db4e1cc>	30800	3	true	"{""black_screen_risk_reason"":""null"",""blocked_media_count"":0,""consecutive_failures"":0,""current_index"":3,""current_item"":{""alias"":""media-907addee8b"",""duration_ms"":30800,""offset_ms"":0,""path_alias"":""<media-path:c58db4e1cc>"",""started_at_present"":true},""last_poll_error"":""null"",""last_render_error"":""null"",""mpv_running"":true,""next_item"":{""alias"":""media-8e4d41f6c2"",""duration_ms"":7200,""path_alias"":""<media-path:3662a4e886>""},""playback_state"":""playing"",""playlist_size"":9,""present"":true,""uptime_sec"":463}"
427	453.541	2026-07-10T20:16:07+0000	success		4	<media-path:c58db4e1cc>	<media-path:c58db4e1cc>	<filename:9b95323d7d>	30.071708	30.805333	97.618513	false	false	false	720	v4l2request-copy	true	"{""aspect"":0.5625,""dh"":640,""dw"":360,""h"":640,""par"":1.0,""pixelformat"":""nv12"",""rotate"":0,""stereo-in"":""mono"",""w"":360}"	"{""duration"":""success"",""eof-reached"":""success"",""estimated-frame-number"":""success"",""filename"":""success"",""hwdec-current"":""success"",""idle-active"":""success"",""path"":""success"",""pause"":""success"",""percent-pos"":""success"",""time-pos"":""success"",""video-params"":""success"",""vo-configured"":""success""}"	true	playing	media-907addee8b	<media-path:c58db4e1cc>	30800	3	true	"{""black_screen_risk_reason"":""null"",""blocked_media_count"":0,""consecutive_failures"":0,""current_index"":3,""current_item"":{""alias"":""media-907addee8b"",""duration_ms"":30800,""offset_ms"":0,""path_alias"":""<media-path:c58db4e1cc>"",""started_at_present"":true},""last_poll_error"":""null"",""last_render_error"":""null"",""mpv_running"":true,""next_item"":{""alias"":""media-8e4d41f6c2"",""duration_ms"":7200,""path_alias"":""<media-path:3662a4e886>""},""playback_state"":""playing"",""playlist_size"":9,""present"":true,""uptime_sec"":463}"
428	454.550	2026-07-10T20:16:08+0000	success		2	<media-path:3662a4e886>	<media-path:3662a4e886>	<filename:0a2aeee29a>	0.133333	7.221406	1.846363	false	false	false	4	v4l2request-copy	true	"{""aspect"":0.5625,""dh"":1024,""dw"":576,""h"":1024,""par"":1.0,""pixelformat"":""nv12"",""rotate"":0,""stereo-in"":""mono"",""w"":576}"	"{""duration"":""success"",""eof-reached"":""success"",""estimated-frame-number"":""success"",""filename"":""success"",""hwdec-current"":""success"",""idle-active"":""success"",""path"":""success"",""pause"":""success"",""percent-pos"":""success"",""time-pos"":""success"",""video-params"":""success"",""vo-configured"":""success""}"	true	playing	media-907addee8b	<media-path:c58db4e1cc>	30800	3	true	"{""black_screen_risk_reason"":""null"",""blocked_media_count"":0,""consecutive_failures"":0,""current_index"":3,""current_item"":{""alias"":""media-907addee8b"",""duration_ms"":30800,""offset_ms"":0,""path_alias"":""<media-path:c58db4e1cc>"",""started_at_present"":true},""last_poll_error"":""null"",""last_render_error"":""null"",""mpv_running"":true,""next_item"":{""alias"":""media-8e4d41f6c2"",""duration_ms"":7200,""path_alias"":""<media-path:3662a4e886>""},""playback_state"":""playing"",""playlist_size"":9,""present"":true,""uptime_sec"":463}"
429	455.557	2026-07-10T20:16:09+0000	success		9	<media-path:3662a4e886>	<media-path:3662a4e886>	<filename:0a2aeee29a>	1.133333	7.221406	15.694082	false	false	false	34	v4l2request-copy	true	"{""aspect"":0.5625,""dh"":1024,""dw"":576,""h"":1024,""par"":1.0,""pixelformat"":""nv12"",""rotate"":0,""stereo-in"":""mono"",""w"":576}"	"{""duration"":""success"",""eof-reached"":""success"",""estimated-frame-number"":""success"",""filename"":""success"",""hwdec-current"":""success"",""idle-active"":""success"",""path"":""success"",""pause"":""success"",""percent-pos"":""success"",""time-pos"":""success"",""video-params"":""success"",""vo-configured"":""success""}"	true	playing	media-8e4d41f6c2	<media-path:3662a4e886>	7200	4	true	"{""black_screen_risk_reason"":""null"",""blocked_media_count"":0,""consecutive_failures"":0,""current_index"":4,""current_item"":{""alias"":""media-8e4d41f6c2"",""duration_ms"":7200,""offset_ms"":0,""path_alias"":""<media-path:3662a4e886>"",""started_at_present"":true},""last_poll_error"":""null"",""last_render_error"":""null"",""mpv_running"":true,""next_item"":{""alias"":""media-fba32b0055"",""duration_ms"":5100,""path_alias"":""<media-path:97100fcdae>""},""playback_state"":""playing"",""playlist_size"":9,""present"":true,""uptime_sec"":468}"
430	456.568	2026-07-10T20:16:10+0000	success		2	<media-path:3662a4e886>	<media-path:3662a4e886>	<filename:0a2aeee29a>	2.166667	7.221406	30.003391	false	false	false	65	v4l2request-copy	true	"{""aspect"":0.5625,""dh"":1024,""dw"":576,""h"":1024,""par"":1.0,""pixelformat"":""nv12"",""rotate"":0,""stereo-in"":""mono"",""w"":576}"	"{""duration"":""success"",""eof-reached"":""success"",""estimated-frame-number"":""success"",""filename"":""success"",""hwdec-current"":""success"",""idle-active"":""success"",""path"":""success"",""pause"":""success"",""percent-pos"":""success"",""time-pos"":""success"",""video-params"":""success"",""vo-configured"":""success""}"	true	playing	media-8e4d41f6c2	<media-path:3662a4e886>	7200	4	true	"{""black_screen_risk_reason"":""null"",""blocked_media_count"":0,""consecutive_failures"":0,""current_index"":4,""current_item"":{""alias"":""media-8e4d41f6c2"",""duration_ms"":7200,""offset_ms"":0,""path_alias"":""<media-path:3662a4e886>"",""started_at_present"":true},""last_poll_error"":""null"",""last_render_error"":""null"",""mpv_running"":true,""next_item"":{""alias"":""media-fba32b0055"",""duration_ms"":5100,""path_alias"":""<media-path:97100fcdae>""},""playback_state"":""playing"",""playlist_size"":9,""present"":true,""uptime_sec"":468}"
431	457.573	2026-07-10T20:16:11+0000	success		2	<media-path:3662a4e886>	<media-path:3662a4e886>	<filename:0a2aeee29a>	3.166667	7.221406	43.85111	false	false	false	94	v4l2request-copy	true	"{""aspect"":0.5625,""dh"":1024,""dw"":576,""h"":1024,""par"":1.0,""pixelformat"":""nv12"",""rotate"":0,""stereo-in"":""mono"",""w"":576}"	"{""duration"":""success"",""eof-reached"":""success"",""estimated-frame-number"":""success"",""filename"":""success"",""hwdec-current"":""success"",""idle-active"":""success"",""path"":""success"",""pause"":""success"",""percent-pos"":""success"",""time-pos"":""success"",""video-params"":""success"",""vo-configured"":""success""}"	true	playing	media-8e4d41f6c2	<media-path:3662a4e886>	7200	4	true	"{""black_screen_risk_reason"":""null"",""blocked_media_count"":0,""consecutive_failures"":0,""current_index"":4,""current_item"":{""alias"":""media-8e4d41f6c2"",""duration_ms"":7200,""offset_ms"":0,""path_alias"":""<media-path:3662a4e886>"",""started_at_present"":true},""last_poll_error"":""null"",""last_render_error"":""null"",""mpv_running"":true,""next_item"":{""alias"":""media-fba32b0055"",""duration_ms"":5100,""path_alias"":""<media-path:97100fcdae>""},""playback_state"":""playing"",""playlist_size"":9,""present"":true,""uptime_sec"":468}"
432	458.579	2026-07-10T20:16:12+0000	success		3	<media-path:3662a4e886>	<media-path:3662a4e886>	<filename:0a2aeee29a>	4.166667	7.221406	57.698829	false	false	false	124	v4l2request-copy	true	"{""aspect"":0.5625,""dh"":1024,""dw"":576,""h"":1024,""par"":1.0,""pixelformat"":""nv12"",""rotate"":0,""stereo-in"":""mono"",""w"":576}"	"{""duration"":""success"",""eof-reached"":""success"",""estimated-frame-number"":""success"",""filename"":""success"",""hwdec-current"":""success"",""idle-active"":""success"",""path"":""success"",""pause"":""success"",""percent-pos"":""success"",""time-pos"":""success"",""video-params"":""success"",""vo-configured"":""success""}"	true	playing	media-8e4d41f6c2	<media-path:3662a4e886>	7200	4	true	"{""black_screen_risk_reason"":""null"",""blocked_media_count"":0,""consecutive_failures"":0,""current_index"":4,""current_item"":{""alias"":""media-8e4d41f6c2"",""duration_ms"":7200,""offset_ms"":0,""path_alias"":""<media-path:3662a4e886>"",""started_at_present"":true},""last_poll_error"":""null"",""last_render_error"":""null"",""mpv_running"":true,""next_item"":{""alias"":""media-fba32b0055"",""duration_ms"":5100,""path_alias"":""<media-path:97100fcdae>""},""playback_state"":""playing"",""playlist_size"":9,""present"":true,""uptime_sec"":468}"
433	459.585	2026-07-10T20:16:13+0000	success		15	<media-path:3662a4e886>	<media-path:3662a4e886>	<filename:0a2aeee29a>	5.166667	7.221406	71.546548	false	false	false	154	v4l2request-copy	true	"{""aspect"":0.5625,""dh"":1024,""dw"":576,""h"":1024,""par"":1.0,""pixelformat"":""nv12"",""rotate"":0,""stereo-in"":""mono"",""w"":576}"	"{""duration"":""success"",""eof-reached"":""success"",""estimated-frame-number"":""success"",""filename"":""success"",""hwdec-current"":""success"",""idle-active"":""success"",""path"":""success"",""pause"":""success"",""percent-pos"":""success"",""time-pos"":""success"",""video-params"":""success"",""vo-configured"":""success""}"	true	playing	media-8e4d41f6c2	<media-path:3662a4e886>	7200	4	true	"{""black_screen_risk_reason"":""null"",""blocked_media_count"":0,""consecutive_failures"":0,""current_index"":4,""current_item"":{""alias"":""media-8e4d41f6c2"",""duration_ms"":7200,""offset_ms"":0,""path_alias"":""<media-path:3662a4e886>"",""started_at_present"":true},""last_poll_error"":""null"",""last_render_error"":""null"",""mpv_running"":true,""next_item"":{""alias"":""media-fba32b0055"",""duration_ms"":5100,""path_alias"":""<media-path:97100fcdae>""},""playback_state"":""playing"",""playlist_size"":9,""present"":true,""uptime_sec"":468}"
434	460.602	2026-07-10T20:16:14+0000	success		2	<media-path:3662a4e886>	<media-path:3662a4e886>	<filename:0a2aeee29a>	6.2	7.221406	85.855858	false	false	false	185	v4l2request-copy	true	"{""aspect"":0.5625,""dh"":1024,""dw"":576,""h"":1024,""par"":1.0,""pixelformat"":""nv12"",""rotate"":0,""stereo-in"":""mono"",""w"":576}"	"{""duration"":""success"",""eof-reached"":""success"",""estimated-frame-number"":""success"",""filename"":""success"",""hwdec-current"":""success"",""idle-active"":""success"",""path"":""success"",""pause"":""success"",""percent-pos"":""success"",""time-pos"":""success"",""video-params"":""success"",""vo-configured"":""success""}"	true	playing	media-8e4d41f6c2	<media-path:3662a4e886>	7200	4	true	"{""black_screen_risk_reason"":""null"",""blocked_media_count"":0,""consecutive_failures"":0,""current_index"":4,""current_item"":{""alias"":""media-8e4d41f6c2"",""duration_ms"":7200,""offset_ms"":0,""path_alias"":""<media-path:3662a4e886>"",""started_at_present"":true},""last_poll_error"":""null"",""last_render_error"":""null"",""mpv_running"":true,""next_item"":{""alias"":""media-fba32b0055"",""duration_ms"":5100,""path_alias"":""<media-path:97100fcdae>""},""playback_state"":""playing"",""playlist_size"":9,""present"":true,""uptime_sec"":473}"
435	461.608	2026-07-10T20:16:15+0000	success		37	<media-path:3662a4e886>	<media-path:3662a4e886>	<filename:0a2aeee29a>	0	7.221406	0	false	false	false	0	v4l2request-copy	true	"{""aspect"":0.5625,""dh"":1024,""dw"":576,""h"":1024,""par"":1.0,""pixelformat"":""nv12"",""rotate"":0,""stereo-in"":""mono"",""w"":576}"	"{""duration"":""success"",""eof-reached"":""success"",""estimated-frame-number"":""success"",""filename"":""success"",""hwdec-current"":""success"",""idle-active"":""success"",""path"":""success"",""pause"":""success"",""percent-pos"":""success"",""time-pos"":""success"",""video-params"":""success"",""vo-configured"":""success""}"	true	playing	media-8e4d41f6c2	<media-path:3662a4e886>	7200	4	true	"{""black_screen_risk_reason"":""null"",""blocked_media_count"":0,""consecutive_failures"":0,""current_index"":4,""current_item"":{""alias"":""media-8e4d41f6c2"",""duration_ms"":7200,""offset_ms"":0,""path_alias"":""<media-path:3662a4e886>"",""started_at_present"":true},""last_poll_error"":""null"",""last_render_error"":""null"",""mpv_running"":true,""next_item"":{""alias"":""media-fba32b0055"",""duration_ms"":5100,""path_alias"":""<media-path:97100fcdae>""},""playback_state"":""playing"",""playlist_size"":9,""present"":true,""uptime_sec"":473}"
436	462.647	2026-07-10T20:16:16+0000	success		2	<media-path:97100fcdae>	<media-path:97100fcdae>	<filename:a4bfef2b1b>	0.933333	5.06195	18.438217	false	false	false	28	v4l2request-copy	true	"{""aspect"":0.697674,""dh"":688,""dw"":480,""h"":688,""par"":1.0,""pixelformat"":""nv12"",""rotate"":0,""stereo-in"":""mono"",""w"":480}"	"{""duration"":""success"",""eof-reached"":""success"",""estimated-frame-number"":""success"",""filename"":""success"",""hwdec-current"":""success"",""idle-active"":""success"",""path"":""success"",""pause"":""success"",""percent-pos"":""success"",""time-pos"":""success"",""video-params"":""success"",""vo-configured"":""success""}"	true	playing	media-8e4d41f6c2	<media-path:3662a4e886>	7200	4	true	"{""black_screen_risk_reason"":""null"",""blocked_media_count"":0,""consecutive_failures"":0,""current_index"":4,""current_item"":{""alias"":""media-8e4d41f6c2"",""duration_ms"":7200,""offset_ms"":0,""path_alias"":""<media-path:3662a4e886>"",""started_at_present"":true},""last_poll_error"":""null"",""last_render_error"":""null"",""mpv_running"":true,""next_item"":{""alias"":""media-fba32b0055"",""duration_ms"":5100,""path_alias"":""<media-path:97100fcdae>""},""playback_state"":""playing"",""playlist_size"":9,""present"":true,""uptime_sec"":473}"
437	463.652	2026-07-10T20:16:17+0000	success		2	<media-path:97100fcdae>	<media-path:97100fcdae>	<filename:a4bfef2b1b>	1.933333	5.06195	38.193449	false	false	false	58	v4l2request-copy	true	"{""aspect"":0.697674,""dh"":688,""dw"":480,""h"":688,""par"":1.0,""pixelformat"":""nv12"",""rotate"":0,""stereo-in"":""mono"",""w"":480}"	"{""duration"":""success"",""eof-reached"":""success"",""estimated-frame-number"":""success"",""filename"":""success"",""hwdec-current"":""success"",""idle-active"":""success"",""path"":""success"",""pause"":""success"",""percent-pos"":""success"",""time-pos"":""success"",""video-params"":""success"",""vo-configured"":""success""}"	true	playing	media-8e4d41f6c2	<media-path:3662a4e886>	7200	4	true	"{""black_screen_risk_reason"":""null"",""blocked_media_count"":0,""consecutive_failures"":0,""current_index"":4,""current_item"":{""alias"":""media-8e4d41f6c2"",""duration_ms"":7200,""offset_ms"":0,""path_alias"":""<media-path:3662a4e886>"",""started_at_present"":true},""last_poll_error"":""null"",""last_render_error"":""null"",""mpv_running"":true,""next_item"":{""alias"":""media-fba32b0055"",""duration_ms"":5100,""path_alias"":""<media-path:97100fcdae>""},""playback_state"":""playing"",""playlist_size"":9,""present"":true,""uptime_sec"":473}"
438	464.656	2026-07-10T20:16:18+0000	success		2	<media-path:97100fcdae>	<media-path:97100fcdae>	<filename:a4bfef2b1b>	2.933333	5.06195	57.948681	false	false	false	88	v4l2request-copy	true	"{""aspect"":0.697674,""dh"":688,""dw"":480,""h"":688,""par"":1.0,""pixelformat"":""nv12"",""rotate"":0,""stereo-in"":""mono"",""w"":480}"	"{""duration"":""success"",""eof-reached"":""success"",""estimated-frame-number"":""success"",""filename"":""success"",""hwdec-current"":""success"",""idle-active"":""success"",""path"":""success"",""pause"":""success"",""percent-pos"":""success"",""time-pos"":""success"",""video-params"":""success"",""vo-configured"":""success""}"	true	playing	media-8e4d41f6c2	<media-path:3662a4e886>	7200	4	true	"{""black_screen_risk_reason"":""null"",""blocked_media_count"":0,""consecutive_failures"":0,""current_index"":4,""current_item"":{""alias"":""media-8e4d41f6c2"",""duration_ms"":7200,""offset_ms"":0,""path_alias"":""<media-path:3662a4e886>"",""started_at_present"":true},""last_poll_error"":""null"",""last_render_error"":""null"",""mpv_running"":true,""next_item"":{""alias"":""media-fba32b0055"",""duration_ms"":5100,""path_alias"":""<media-path:97100fcdae>""},""playback_state"":""playing"",""playlist_size"":9,""present"":true,""uptime_sec"":473}"
439	465.660	2026-07-10T20:16:19+0000	success		8	<media-path:97100fcdae>	<media-path:97100fcdae>	<filename:a4bfef2b1b>	3.933333	5.06195	77.703913	false	false	false	117	v4l2request-copy	true	"{""aspect"":0.697674,""dh"":688,""dw"":480,""h"":688,""par"":1.0,""pixelformat"":""nv12"",""rotate"":0,""stereo-in"":""mono"",""w"":480}"	"{""duration"":""success"",""eof-reached"":""success"",""estimated-frame-number"":""success"",""filename"":""success"",""hwdec-current"":""success"",""idle-active"":""success"",""path"":""success"",""pause"":""success"",""percent-pos"":""success"",""time-pos"":""success"",""video-params"":""success"",""vo-configured"":""success""}"	true	playing	media-fba32b0055	<media-path:97100fcdae>	5100	5	true	"{""black_screen_risk_reason"":""null"",""blocked_media_count"":0,""consecutive_failures"":0,""current_index"":5,""current_item"":{""alias"":""media-fba32b0055"",""duration_ms"":5100,""offset_ms"":0,""path_alias"":""<media-path:97100fcdae>"",""started_at_present"":true},""last_poll_error"":""null"",""last_render_error"":""null"",""mpv_running"":true,""next_item"":{""alias"":""media-749f1db21b"",""duration_ms"":3900,""path_alias"":""<media-path:31af3d58a2>""},""playback_state"":""playing"",""playlist_size"":9,""present"":true,""uptime_sec"":478}"
440	466.670	2026-07-10T20:16:20+0000	success		2	<media-path:97100fcdae>	<media-path:97100fcdae>	<filename:a4bfef2b1b>	4.933333	5.06195	97.459146	false	false	false	147	v4l2request-copy	true	"{""aspect"":0.697674,""dh"":688,""dw"":480,""h"":688,""par"":1.0,""pixelformat"":""nv12"",""rotate"":0,""stereo-in"":""mono"",""w"":480}"	"{""duration"":""success"",""eof-reached"":""success"",""estimated-frame-number"":""success"",""filename"":""success"",""hwdec-current"":""success"",""idle-active"":""success"",""path"":""success"",""pause"":""success"",""percent-pos"":""success"",""time-pos"":""success"",""video-params"":""success"",""vo-configured"":""success""}"	true	playing	media-fba32b0055	<media-path:97100fcdae>	5100	5	true	"{""black_screen_risk_reason"":""null"",""blocked_media_count"":0,""consecutive_failures"":0,""current_index"":5,""current_item"":{""alias"":""media-fba32b0055"",""duration_ms"":5100,""offset_ms"":0,""path_alias"":""<media-path:97100fcdae>"",""started_at_present"":true},""last_poll_error"":""null"",""last_render_error"":""null"",""mpv_running"":true,""next_item"":{""alias"":""media-749f1db21b"",""duration_ms"":3900,""path_alias"":""<media-path:31af3d58a2>""},""playback_state"":""playing"",""playlist_size"":9,""present"":true,""uptime_sec"":478}"
441	467.674	2026-07-10T20:16:21+0000	success		2	<media-path:31af3d58a2>	<media-path:31af3d58a2>	<filename:92829f14a9>	0.633333	3.9	16.239316	false	false	false	19	v4l2request-copy	true	"{""aspect"":0.566038,""dh"":848,""dw"":480,""h"":848,""par"":1.0,""pixelformat"":""nv12"",""rotate"":0,""stereo-in"":""mono"",""w"":480}"	"{""duration"":""success"",""eof-reached"":""success"",""estimated-frame-number"":""success"",""filename"":""success"",""hwdec-current"":""success"",""idle-active"":""success"",""path"":""success"",""pause"":""success"",""percent-pos"":""success"",""time-pos"":""success"",""video-params"":""success"",""vo-configured"":""success""}"	true	playing	media-fba32b0055	<media-path:97100fcdae>	5100	5	true	"{""black_screen_risk_reason"":""null"",""blocked_media_count"":0,""consecutive_failures"":0,""current_index"":5,""current_item"":{""alias"":""media-fba32b0055"",""duration_ms"":5100,""offset_ms"":0,""path_alias"":""<media-path:97100fcdae>"",""started_at_present"":true},""last_poll_error"":""null"",""last_render_error"":""null"",""mpv_running"":true,""next_item"":{""alias"":""media-749f1db21b"",""duration_ms"":3900,""path_alias"":""<media-path:31af3d58a2>""},""playback_state"":""playing"",""playlist_size"":9,""present"":true,""uptime_sec"":478}"
442	468.679	2026-07-10T20:16:22+0000	success		10	<media-path:31af3d58a2>	<media-path:31af3d58a2>	<filename:92829f14a9>	1.666667	3.9	42.735043	false	false	false	50	v4l2request-copy	true	"{""aspect"":0.566038,""dh"":848,""dw"":480,""h"":848,""par"":1.0,""pixelformat"":""nv12"",""rotate"":0,""stereo-in"":""mono"",""w"":480}"	"{""duration"":""success"",""eof-reached"":""success"",""estimated-frame-number"":""success"",""filename"":""success"",""hwdec-current"":""success"",""idle-active"":""success"",""path"":""success"",""pause"":""success"",""percent-pos"":""success"",""time-pos"":""success"",""video-params"":""success"",""vo-configured"":""success""}"	true	playing	media-fba32b0055	<media-path:97100fcdae>	5100	5	true	"{""black_screen_risk_reason"":""null"",""blocked_media_count"":0,""consecutive_failures"":0,""current_index"":5,""current_item"":{""alias"":""media-fba32b0055"",""duration_ms"":5100,""offset_ms"":0,""path_alias"":""<media-path:97100fcdae>"",""started_at_present"":true},""last_poll_error"":""null"",""last_render_error"":""null"",""mpv_running"":true,""next_item"":{""alias"":""media-749f1db21b"",""duration_ms"":3900,""path_alias"":""<media-path:31af3d58a2>""},""playback_state"":""playing"",""playlist_size"":9,""present"":true,""uptime_sec"":478}"
443	469.691	2026-07-10T20:16:23+0000	success		2	<media-path:31af3d58a2>	<media-path:31af3d58a2>	<filename:92829f14a9>	2.666667	3.9	68.376068	false	false	false	79	v4l2request-copy	true	"{""aspect"":0.566038,""dh"":848,""dw"":480,""h"":848,""par"":1.0,""pixelformat"":""nv12"",""rotate"":0,""stereo-in"":""mono"",""w"":480}"	"{""duration"":""success"",""eof-reached"":""success"",""estimated-frame-number"":""success"",""filename"":""success"",""hwdec-current"":""success"",""idle-active"":""success"",""path"":""success"",""pause"":""success"",""percent-pos"":""success"",""time-pos"":""success"",""video-params"":""success"",""vo-configured"":""success""}"	true	playing	media-fba32b0055	<media-path:97100fcdae>	5100	5	true	"{""black_screen_risk_reason"":""null"",""blocked_media_count"":0,""consecutive_failures"":0,""current_index"":5,""current_item"":{""alias"":""media-fba32b0055"",""duration_ms"":5100,""offset_ms"":0,""path_alias"":""<media-path:97100fcdae>"",""started_at_present"":true},""last_poll_error"":""null"",""last_render_error"":""null"",""mpv_running"":true,""next_item"":{""alias"":""media-749f1db21b"",""duration_ms"":3900,""path_alias"":""<media-path:31af3d58a2>""},""playback_state"":""playing"",""playlist_size"":9,""present"":true,""uptime_sec"":478}"
444	470.695	2026-07-10T20:16:24+0000	success		10	<media-path:31af3d58a2>	<media-path:31af3d58a2>	<filename:92829f14a9>	3.666667	3.9	94.017094	false	false	false	109	v4l2request-copy	true	"{""aspect"":0.566038,""dh"":848,""dw"":480,""h"":848,""par"":1.0,""pixelformat"":""nv12"",""rotate"":0,""stereo-in"":""mono"",""w"":480}"	"{""duration"":""success"",""eof-reached"":""success"",""estimated-frame-number"":""success"",""filename"":""success"",""hwdec-current"":""success"",""idle-active"":""success"",""path"":""success"",""pause"":""success"",""percent-pos"":""success"",""time-pos"":""success"",""video-params"":""success"",""vo-configured"":""success""}"	true	playing	media-749f1db21b	<media-path:31af3d58a2>	3900	6	true	"{""black_screen_risk_reason"":""null"",""blocked_media_count"":0,""consecutive_failures"":0,""current_index"":6,""current_item"":{""alias"":""media-749f1db21b"",""duration_ms"":3900,""offset_ms"":0,""path_alias"":""<media-path:31af3d58a2>"",""started_at_present"":true},""last_poll_error"":""null"",""last_render_error"":""null"",""mpv_running"":true,""next_item"":{""alias"":""media-b8c9a5f04c"",""duration_ms"":28100,""path_alias"":""<media-path:3ba49b8978>""},""playback_state"":""playing"",""playlist_size"":9,""present"":true,""uptime_sec"":483}"
445	471.708	2026-07-10T20:16:25+0000	success		526	<media-path:3ba49b8978>	<media-path:3ba49b8978>	<filename:e511e8bce0>	0.4004	28.061367	1.664685	false	false	false	16	v4l2request-copy	true	"{""aspect"":0.5625,""dh"":1920,""dw"":1080,""h"":1920,""par"":1.0,""pixelformat"":""nv12"",""rotate"":0,""stereo-in"":""mono"",""w"":1080}"	"{""duration"":""success"",""eof-reached"":""success"",""estimated-frame-number"":""success"",""filename"":""success"",""hwdec-current"":""success"",""idle-active"":""success"",""path"":""success"",""pause"":""success"",""percent-pos"":""success"",""time-pos"":""success"",""video-params"":""success"",""vo-configured"":""success""}"	true	playing	media-749f1db21b	<media-path:31af3d58a2>	3900	6	true	"{""black_screen_risk_reason"":""null"",""blocked_media_count"":0,""consecutive_failures"":0,""current_index"":6,""current_item"":{""alias"":""media-749f1db21b"",""duration_ms"":3900,""offset_ms"":0,""path_alias"":""<media-path:31af3d58a2>"",""started_at_present"":true},""last_poll_error"":""null"",""last_render_error"":""null"",""mpv_running"":true,""next_item"":{""alias"":""media-b8c9a5f04c"",""duration_ms"":28100,""path_alias"":""<media-path:3ba49b8978>""},""playback_state"":""playing"",""playlist_size"":9,""present"":true,""uptime_sec"":483}"
446	473.238	2026-07-10T20:16:27+0000	success		487	<media-path:3ba49b8978>	<media-path:3ba49b8978>	<filename:e511e8bce0>	1.568233	28.061367	5.826397	false	false	false	51	v4l2request-copy	true	"{""aspect"":0.5625,""dh"":1920,""dw"":1080,""h"":1920,""par"":1.0,""pixelformat"":""nv12"",""rotate"":0,""stereo-in"":""mono"",""w"":1080}"	"{""duration"":""success"",""eof-reached"":""success"",""estimated-frame-number"":""success"",""filename"":""success"",""hwdec-current"":""success"",""idle-active"":""success"",""path"":""success"",""pause"":""success"",""percent-pos"":""success"",""time-pos"":""success"",""video-params"":""success"",""vo-configured"":""success""}"	true	playing	media-749f1db21b	<media-path:31af3d58a2>	3900	6	true	"{""black_screen_risk_reason"":""null"",""blocked_media_count"":0,""consecutive_failures"":0,""current_index"":6,""current_item"":{""alias"":""media-749f1db21b"",""duration_ms"":3900,""offset_ms"":0,""path_alias"":""<media-path:31af3d58a2>"",""started_at_present"":true},""last_poll_error"":""null"",""last_render_error"":""null"",""mpv_running"":true,""next_item"":{""alias"":""media-b8c9a5f04c"",""duration_ms"":28100,""path_alias"":""<media-path:3ba49b8978>""},""playback_state"":""playing"",""playlist_size"":9,""present"":true,""uptime_sec"":483}"
447	474.729	2026-07-10T20:16:28+0000	success		264	<media-path:3ba49b8978>	<media-path:3ba49b8978>	<filename:e511e8bce0>	2.769433	28.061367	10.107015	false	false	false	86	v4l2request-copy	true	"{""aspect"":0.5625,""dh"":1920,""dw"":1080,""h"":1920,""par"":1.0,""pixelformat"":""nv12"",""rotate"":0,""stereo-in"":""mono"",""w"":1080}"	"{""duration"":""success"",""eof-reached"":""success"",""estimated-frame-number"":""success"",""filename"":""success"",""hwdec-current"":""success"",""idle-active"":""success"",""path"":""success"",""pause"":""success"",""percent-pos"":""success"",""time-pos"":""success"",""video-params"":""success"",""vo-configured"":""success""}"	true	playing	media-749f1db21b	<media-path:31af3d58a2>	3900	6	true	"{""black_screen_risk_reason"":""null"",""blocked_media_count"":0,""consecutive_failures"":0,""current_index"":6,""current_item"":{""alias"":""media-749f1db21b"",""duration_ms"":3900,""offset_ms"":0,""path_alias"":""<media-path:31af3d58a2>"",""started_at_present"":true},""last_poll_error"":""null"",""last_render_error"":""null"",""mpv_running"":true,""next_item"":{""alias"":""media-b8c9a5f04c"",""duration_ms"":28100,""path_alias"":""<media-path:3ba49b8978>""},""playback_state"":""playing"",""playlist_size"":9,""present"":true,""uptime_sec"":483}"
448	475.997	2026-07-10T20:16:30+0000	success		470	<media-path:3ba49b8978>	<media-path:3ba49b8978>	<filename:e511e8bce0>	3.737067	28.061367	13.555291	false	false	false	116	v4l2request-copy	true	"{""aspect"":0.5625,""dh"":1920,""dw"":1080,""h"":1920,""par"":1.0,""pixelformat"":""nv12"",""rotate"":0,""stereo-in"":""mono"",""w"":1080}"	"{""duration"":""success"",""eof-reached"":""success"",""estimated-frame-number"":""success"",""filename"":""success"",""hwdec-current"":""success"",""idle-active"":""success"",""path"":""success"",""pause"":""success"",""percent-pos"":""success"",""time-pos"":""success"",""video-params"":""success"",""vo-configured"":""success""}"	true	playing	media-b8c9a5f04c	<media-path:3ba49b8978>	28100	7	true	"{""black_screen_risk_reason"":""null"",""blocked_media_count"":0,""consecutive_failures"":0,""current_index"":7,""current_item"":{""alias"":""media-b8c9a5f04c"",""duration_ms"":28100,""offset_ms"":0,""path_alias"":""<media-path:3ba49b8978>"",""started_at_present"":true},""last_poll_error"":""null"",""last_render_error"":""null"",""mpv_running"":true,""next_item"":{""alias"":""media-7eefea6ba2"",""duration_ms"":5000,""path_alias"":""<media-path:9e48f6362b>""},""playback_state"":""playing"",""playlist_size"":9,""present"":true,""uptime_sec"":488}"
449	477.470	2026-07-10T20:16:31+0000	success		488	<media-path:3ba49b8978>	<media-path:3ba49b8978>	<filename:e511e8bce0>	4.9049	28.061367	17.717004	false	false	false	151	v4l2request-copy	true	"{""aspect"":0.5625,""dh"":1920,""dw"":1080,""h"":1920,""par"":1.0,""pixelformat"":""nv12"",""rotate"":0,""stereo-in"":""mono"",""w"":1080}"	"{""duration"":""success"",""eof-reached"":""success"",""estimated-frame-number"":""success"",""filename"":""success"",""hwdec-current"":""success"",""idle-active"":""success"",""path"":""success"",""pause"":""success"",""percent-pos"":""success"",""time-pos"":""success"",""video-params"":""success"",""vo-configured"":""success""}"	true	playing	media-b8c9a5f04c	<media-path:3ba49b8978>	28100	7	true	"{""black_screen_risk_reason"":""null"",""blocked_media_count"":0,""consecutive_failures"":0,""current_index"":7,""current_item"":{""alias"":""media-b8c9a5f04c"",""duration_ms"":28100,""offset_ms"":0,""path_alias"":""<media-path:3ba49b8978>"",""started_at_present"":true},""last_poll_error"":""null"",""last_render_error"":""null"",""mpv_running"":true,""next_item"":{""alias"":""media-7eefea6ba2"",""duration_ms"":5000,""path_alias"":""<media-path:9e48f6362b>""},""playback_state"":""playing"",""playlist_size"":9,""present"":true,""uptime_sec"":488}"
450	478.961	2026-07-10T20:16:33+0000	success		494	<media-path:3ba49b8978>	<media-path:3ba49b8978>	<filename:e511e8bce0>	6.072733	28.061367	21.878716	false	false	false	186	v4l2request-copy	true	"{""aspect"":0.5625,""dh"":1920,""dw"":1080,""h"":1920,""par"":1.0,""pixelformat"":""nv12"",""rotate"":0,""stereo-in"":""mono"",""w"":1080}"	"{""duration"":""success"",""eof-reached"":""success"",""estimated-frame-number"":""success"",""filename"":""success"",""hwdec-current"":""success"",""idle-active"":""success"",""path"":""success"",""pause"":""success"",""percent-pos"":""success"",""time-pos"":""success"",""video-params"":""success"",""vo-configured"":""success""}"	true	playing	media-b8c9a5f04c	<media-path:3ba49b8978>	28100	7	true	"{""black_screen_risk_reason"":""null"",""blocked_media_count"":0,""consecutive_failures"":0,""current_index"":7,""current_item"":{""alias"":""media-b8c9a5f04c"",""duration_ms"":28100,""offset_ms"":0,""path_alias"":""<media-path:3ba49b8978>"",""started_at_present"":true},""last_poll_error"":""null"",""last_render_error"":""null"",""mpv_running"":true,""next_item"":{""alias"":""media-7eefea6ba2"",""duration_ms"":5000,""path_alias"":""<media-path:9e48f6362b>""},""playback_state"":""playing"",""playlist_size"":9,""present"":true,""uptime_sec"":488}"
451	480.459	2026-07-10T20:16:34+0000	success		327	<media-path:3ba49b8978>	<media-path:3ba49b8978>	<filename:e511e8bce0>	7.240567	28.061367	26.040428	false	false	false	221	v4l2request-copy	true	"{""aspect"":0.5625,""dh"":1920,""dw"":1080,""h"":1920,""par"":1.0,""pixelformat"":""nv12"",""rotate"":0,""stereo-in"":""mono"",""w"":1080}"	"{""duration"":""success"",""eof-reached"":""success"",""estimated-frame-number"":""success"",""filename"":""success"",""hwdec-current"":""success"",""idle-active"":""success"",""path"":""success"",""pause"":""success"",""percent-pos"":""success"",""time-pos"":""success"",""video-params"":""success"",""vo-configured"":""success""}"	true	playing	media-b8c9a5f04c	<media-path:3ba49b8978>	28100	7	true	"{""black_screen_risk_reason"":""null"",""blocked_media_count"":0,""consecutive_failures"":0,""current_index"":7,""current_item"":{""alias"":""media-b8c9a5f04c"",""duration_ms"":28100,""offset_ms"":0,""path_alias"":""<media-path:3ba49b8978>"",""started_at_present"":true},""last_poll_error"":""null"",""last_render_error"":""null"",""mpv_running"":true,""next_item"":{""alias"":""media-7eefea6ba2"",""duration_ms"":5000,""path_alias"":""<media-path:9e48f6362b>""},""playback_state"":""playing"",""playlist_size"":9,""present"":true,""uptime_sec"":493}"
452	481.790	2026-07-10T20:16:35+0000	success		469	<media-path:3ba49b8978>	<media-path:3ba49b8978>	<filename:e511e8bce0>	8.274933	28.061367	29.726516	false	false	false	252	v4l2request-copy	true	"{""aspect"":0.5625,""dh"":1920,""dw"":1080,""h"":1920,""par"":1.0,""pixelformat"":""nv12"",""rotate"":0,""stereo-in"":""mono"",""w"":1080}"	"{""duration"":""success"",""eof-reached"":""success"",""estimated-frame-number"":""success"",""filename"":""success"",""hwdec-current"":""success"",""idle-active"":""success"",""path"":""success"",""pause"":""success"",""percent-pos"":""success"",""time-pos"":""success"",""video-params"":""success"",""vo-configured"":""success""}"	true	playing	media-b8c9a5f04c	<media-path:3ba49b8978>	28100	7	true	"{""black_screen_risk_reason"":""null"",""blocked_media_count"":0,""consecutive_failures"":0,""current_index"":7,""current_item"":{""alias"":""media-b8c9a5f04c"",""duration_ms"":28100,""offset_ms"":0,""path_alias"":""<media-path:3ba49b8978>"",""started_at_present"":true},""last_poll_error"":""null"",""last_render_error"":""null"",""mpv_running"":true,""next_item"":{""alias"":""media-7eefea6ba2"",""duration_ms"":5000,""path_alias"":""<media-path:9e48f6362b>""},""playback_state"":""playing"",""playlist_size"":9,""present"":true,""uptime_sec"":493}"
453	483.263	2026-07-10T20:16:37+0000	success		136	<media-path:3ba49b8978>	<media-path:3ba49b8978>	<filename:e511e8bce0>	9.442767	28.061367	33.769322	false	false	false	284	v4l2request-copy	true	"{""aspect"":0.5625,""dh"":1920,""dw"":1080,""h"":1920,""par"":1.0,""pixelformat"":""nv12"",""rotate"":0,""stereo-in"":""mono"",""w"":1080}"	"{""duration"":""success"",""eof-reached"":""success"",""estimated-frame-number"":""success"",""filename"":""success"",""hwdec-current"":""success"",""idle-active"":""success"",""path"":""success"",""pause"":""success"",""percent-pos"":""success"",""time-pos"":""success"",""video-params"":""success"",""vo-configured"":""success""}"	true	playing	media-b8c9a5f04c	<media-path:3ba49b8978>	28100	7	true	"{""black_screen_risk_reason"":""null"",""blocked_media_count"":0,""consecutive_failures"":0,""current_index"":7,""current_item"":{""alias"":""media-b8c9a5f04c"",""duration_ms"":28100,""offset_ms"":0,""path_alias"":""<media-path:3ba49b8978>"",""started_at_present"":true},""last_poll_error"":""null"",""last_render_error"":""null"",""mpv_running"":true,""next_item"":{""alias"":""media-7eefea6ba2"",""duration_ms"":5000,""path_alias"":""<media-path:9e48f6362b>""},""playback_state"":""playing"",""playlist_size"":9,""present"":true,""uptime_sec"":493}"
454	484.404	2026-07-10T20:16:38+0000	success		209	<media-path:3ba49b8978>	<media-path:3ba49b8978>	<filename:e511e8bce0>	10.343667	28.061367	37.098692	false	false	false	312	v4l2request-copy	true	"{""aspect"":0.5625,""dh"":1920,""dw"":1080,""h"":1920,""par"":1.0,""pixelformat"":""nv12"",""rotate"":0,""stereo-in"":""mono"",""w"":1080}"	"{""duration"":""success"",""eof-reached"":""success"",""estimated-frame-number"":""success"",""filename"":""success"",""hwdec-current"":""success"",""idle-active"":""success"",""path"":""success"",""pause"":""success"",""percent-pos"":""success"",""time-pos"":""success"",""video-params"":""success"",""vo-configured"":""success""}"	true	playing	media-b8c9a5f04c	<media-path:3ba49b8978>	28100	7	true	"{""black_screen_risk_reason"":""null"",""blocked_media_count"":0,""consecutive_failures"":0,""current_index"":7,""current_item"":{""alias"":""media-b8c9a5f04c"",""duration_ms"":28100,""offset_ms"":0,""path_alias"":""<media-path:3ba49b8978>"",""started_at_present"":true},""last_poll_error"":""null"",""last_render_error"":""null"",""mpv_running"":true,""next_item"":{""alias"":""media-7eefea6ba2"",""duration_ms"":5000,""path_alias"":""<media-path:9e48f6362b>""},""playback_state"":""playing"",""playlist_size"":9,""present"":true,""uptime_sec"":493}"
455	485.617	2026-07-10T20:16:39+0000	success		470	<media-path:3ba49b8978>	<media-path:3ba49b8978>	<filename:e511e8bce0>	11.277933	28.061367	40.428062	false	false	false	342	v4l2request-copy	true	"{""aspect"":0.5625,""dh"":1920,""dw"":1080,""h"":1920,""par"":1.0,""pixelformat"":""nv12"",""rotate"":0,""stereo-in"":""mono"",""w"":1080}"	"{""duration"":""success"",""eof-reached"":""success"",""estimated-frame-number"":""success"",""filename"":""success"",""hwdec-current"":""success"",""idle-active"":""success"",""path"":""success"",""pause"":""success"",""percent-pos"":""success"",""time-pos"":""success"",""video-params"":""success"",""vo-configured"":""success""}"	true	playing	media-b8c9a5f04c	<media-path:3ba49b8978>	28100	7	true	"{""black_screen_risk_reason"":""null"",""blocked_media_count"":0,""consecutive_failures"":0,""current_index"":7,""current_item"":{""alias"":""media-b8c9a5f04c"",""duration_ms"":28100,""offset_ms"":0,""path_alias"":""<media-path:3ba49b8978>"",""started_at_present"":true},""last_poll_error"":""null"",""last_render_error"":""null"",""mpv_running"":true,""next_item"":{""alias"":""media-7eefea6ba2"",""duration_ms"":5000,""path_alias"":""<media-path:9e48f6362b>""},""playback_state"":""playing"",""playlist_size"":9,""present"":true,""uptime_sec"":498}"
456	487.091	2026-07-10T20:16:41+0000	success		494	<media-path:3ba49b8978>	<media-path:3ba49b8978>	<filename:e511e8bce0>	12.445767	28.061367	44.589774	false	false	false	377	v4l2request-copy	true	"{""aspect"":0.5625,""dh"":1920,""dw"":1080,""h"":1920,""par"":1.0,""pixelformat"":""nv12"",""rotate"":0,""stereo-in"":""mono"",""w"":1080}"	"{""duration"":""success"",""eof-reached"":""success"",""estimated-frame-number"":""success"",""filename"":""success"",""hwdec-current"":""success"",""idle-active"":""success"",""path"":""success"",""pause"":""success"",""percent-pos"":""success"",""time-pos"":""success"",""video-params"":""success"",""vo-configured"":""success""}"	true	playing	media-b8c9a5f04c	<media-path:3ba49b8978>	28100	7	true	"{""black_screen_risk_reason"":""null"",""blocked_media_count"":0,""consecutive_failures"":0,""current_index"":7,""current_item"":{""alias"":""media-b8c9a5f04c"",""duration_ms"":28100,""offset_ms"":0,""path_alias"":""<media-path:3ba49b8978>"",""started_at_present"":true},""last_poll_error"":""null"",""last_render_error"":""null"",""mpv_running"":true,""next_item"":{""alias"":""media-7eefea6ba2"",""duration_ms"":5000,""path_alias"":""<media-path:9e48f6362b>""},""playback_state"":""playing"",""playlist_size"":9,""present"":true,""uptime_sec"":498}"
457	488.590	2026-07-10T20:16:42+0000	success		475	<media-path:3ba49b8978>	<media-path:3ba49b8978>	<filename:e511e8bce0>	13.6136	28.061367	48.751486	false	false	false	412	v4l2request-copy	true	"{""aspect"":0.5625,""dh"":1920,""dw"":1080,""h"":1920,""par"":1.0,""pixelformat"":""nv12"",""rotate"":0,""stereo-in"":""mono"",""w"":1080}"	"{""duration"":""success"",""eof-reached"":""success"",""estimated-frame-number"":""success"",""filename"":""success"",""hwdec-current"":""success"",""idle-active"":""success"",""path"":""success"",""pause"":""success"",""percent-pos"":""success"",""time-pos"":""success"",""video-params"":""success"",""vo-configured"":""success""}"	true	playing	media-b8c9a5f04c	<media-path:3ba49b8978>	28100	7	true	"{""black_screen_risk_reason"":""null"",""blocked_media_count"":0,""consecutive_failures"":0,""current_index"":7,""current_item"":{""alias"":""media-b8c9a5f04c"",""duration_ms"":28100,""offset_ms"":0,""path_alias"":""<media-path:3ba49b8978>"",""started_at_present"":true},""last_poll_error"":""null"",""last_render_error"":""null"",""mpv_running"":true,""next_item"":{""alias"":""media-7eefea6ba2"",""duration_ms"":5000,""path_alias"":""<media-path:9e48f6362b>""},""playback_state"":""playing"",""playlist_size"":9,""present"":true,""uptime_sec"":498}"
458	490.069	2026-07-10T20:16:44+0000	success		326	<media-path:3ba49b8978>	<media-path:3ba49b8978>	<filename:e511e8bce0>	14.781433	28.061367	52.913199	false	false	false	447	v4l2request-copy	true	"{""aspect"":0.5625,""dh"":1920,""dw"":1080,""h"":1920,""par"":1.0,""pixelformat"":""nv12"",""rotate"":0,""stereo-in"":""mono"",""w"":1080}"	"{""duration"":""success"",""eof-reached"":""success"",""estimated-frame-number"":""success"",""filename"":""success"",""hwdec-current"":""success"",""idle-active"":""success"",""path"":""success"",""pause"":""success"",""percent-pos"":""success"",""time-pos"":""success"",""video-params"":""success"",""vo-configured"":""success""}"	true	playing	media-b8c9a5f04c	<media-path:3ba49b8978>	28100	7	true	"{""black_screen_risk_reason"":""null"",""blocked_media_count"":0,""consecutive_failures"":0,""current_index"":7,""current_item"":{""alias"":""media-b8c9a5f04c"",""duration_ms"":28100,""offset_ms"":0,""path_alias"":""<media-path:3ba49b8978>"",""started_at_present"":true},""last_poll_error"":""null"",""last_render_error"":""null"",""mpv_running"":true,""next_item"":{""alias"":""media-7eefea6ba2"",""duration_ms"":5000,""path_alias"":""<media-path:9e48f6362b>""},""playback_state"":""playing"",""playlist_size"":9,""present"":true,""uptime_sec"":503}"
459	491.399	2026-07-10T20:16:45+0000	success		468	<media-path:3ba49b8978>	<media-path:3ba49b8978>	<filename:e511e8bce0>	15.8158	28.061367	56.599287	false	false	false	478	v4l2request-copy	true	"{""aspect"":0.5625,""dh"":1920,""dw"":1080,""h"":1920,""par"":1.0,""pixelformat"":""nv12"",""rotate"":0,""stereo-in"":""mono"",""w"":1080}"	"{""duration"":""success"",""eof-reached"":""success"",""estimated-frame-number"":""success"",""filename"":""success"",""hwdec-current"":""success"",""idle-active"":""success"",""path"":""success"",""pause"":""success"",""percent-pos"":""success"",""time-pos"":""success"",""video-params"":""success"",""vo-configured"":""success""}"	true	playing	media-b8c9a5f04c	<media-path:3ba49b8978>	28100	7	true	"{""black_screen_risk_reason"":""null"",""blocked_media_count"":0,""consecutive_failures"":0,""current_index"":7,""current_item"":{""alias"":""media-b8c9a5f04c"",""duration_ms"":28100,""offset_ms"":0,""path_alias"":""<media-path:3ba49b8978>"",""started_at_present"":true},""last_poll_error"":""null"",""last_render_error"":""null"",""mpv_running"":true,""next_item"":{""alias"":""media-7eefea6ba2"",""duration_ms"":5000,""path_alias"":""<media-path:9e48f6362b>""},""playback_state"":""playing"",""playlist_size"":9,""present"":true,""uptime_sec"":503}"
460	492.872	2026-07-10T20:16:46+0000	success		436	<media-path:3ba49b8978>	<media-path:3ba49b8978>	<filename:e511e8bce0>	16.983633	28.061367	60.760999	false	false	false	513	v4l2request-copy	true	"{""aspect"":0.5625,""dh"":1920,""dw"":1080,""h"":1920,""par"":1.0,""pixelformat"":""nv12"",""rotate"":0,""stereo-in"":""mono"",""w"":1080}"	"{""duration"":""success"",""eof-reached"":""success"",""estimated-frame-number"":""success"",""filename"":""success"",""hwdec-current"":""success"",""idle-active"":""success"",""path"":""success"",""pause"":""success"",""percent-pos"":""success"",""time-pos"":""success"",""video-params"":""success"",""vo-configured"":""success""}"	true	playing	media-b8c9a5f04c	<media-path:3ba49b8978>	28100	7	true	"{""black_screen_risk_reason"":""null"",""blocked_media_count"":0,""consecutive_failures"":0,""current_index"":7,""current_item"":{""alias"":""media-b8c9a5f04c"",""duration_ms"":28100,""offset_ms"":0,""path_alias"":""<media-path:3ba49b8978>"",""started_at_present"":true},""last_poll_error"":""null"",""last_render_error"":""null"",""mpv_running"":true,""next_item"":{""alias"":""media-7eefea6ba2"",""duration_ms"":5000,""path_alias"":""<media-path:9e48f6362b>""},""playback_state"":""playing"",""playlist_size"":9,""present"":true,""uptime_sec"":503}"
461	494.312	2026-07-10T20:16:48+0000	success		483	<media-path:3ba49b8978>	<media-path:3ba49b8978>	<filename:e511e8bce0>	18.1181	28.061367	64.803805	false	false	false	547	v4l2request-copy	true	"{""aspect"":0.5625,""dh"":1920,""dw"":1080,""h"":1920,""par"":1.0,""pixelformat"":""nv12"",""rotate"":0,""stereo-in"":""mono"",""w"":1080}"	"{""duration"":""success"",""eof-reached"":""success"",""estimated-frame-number"":""success"",""filename"":""success"",""hwdec-current"":""success"",""idle-active"":""success"",""path"":""success"",""pause"":""success"",""percent-pos"":""success"",""time-pos"":""success"",""video-params"":""success"",""vo-configured"":""success""}"	true	playing	media-b8c9a5f04c	<media-path:3ba49b8978>	28100	7	true	"{""black_screen_risk_reason"":""null"",""blocked_media_count"":0,""consecutive_failures"":0,""current_index"":7,""current_item"":{""alias"":""media-b8c9a5f04c"",""duration_ms"":28100,""offset_ms"":0,""path_alias"":""<media-path:3ba49b8978>"",""started_at_present"":true},""last_poll_error"":""null"",""last_render_error"":""null"",""mpv_running"":true,""next_item"":{""alias"":""media-7eefea6ba2"",""duration_ms"":5000,""path_alias"":""<media-path:9e48f6362b>""},""playback_state"":""playing"",""playlist_size"":9,""present"":true,""uptime_sec"":503}"
462	495.800	2026-07-10T20:16:49+0000	success		330	<media-path:3ba49b8978>	<media-path:3ba49b8978>	<filename:e511e8bce0>	19.285933	28.061367	68.965517	false	false	false	582	v4l2request-copy	true	"{""aspect"":0.5625,""dh"":1920,""dw"":1080,""h"":1920,""par"":1.0,""pixelformat"":""nv12"",""rotate"":0,""stereo-in"":""mono"",""w"":1080}"	"{""duration"":""success"",""eof-reached"":""success"",""estimated-frame-number"":""success"",""filename"":""success"",""hwdec-current"":""success"",""idle-active"":""success"",""path"":""success"",""pause"":""success"",""percent-pos"":""success"",""time-pos"":""success"",""video-params"":""success"",""vo-configured"":""success""}"	true	playing	media-b8c9a5f04c	<media-path:3ba49b8978>	28100	7	true	"{""black_screen_risk_reason"":""null"",""blocked_media_count"":0,""consecutive_failures"":0,""current_index"":7,""current_item"":{""alias"":""media-b8c9a5f04c"",""duration_ms"":28100,""offset_ms"":0,""path_alias"":""<media-path:3ba49b8978>"",""started_at_present"":true},""last_poll_error"":""null"",""last_render_error"":""null"",""mpv_running"":true,""next_item"":{""alias"":""media-7eefea6ba2"",""duration_ms"":5000,""path_alias"":""<media-path:9e48f6362b>""},""playback_state"":""playing"",""playlist_size"":9,""present"":true,""uptime_sec"":508}"
463	497.134	2026-07-10T20:16:51+0000	success		478	<media-path:3ba49b8978>	<media-path:3ba49b8978>	<filename:e511e8bce0>	20.3203	28.061367	72.651605	false	false	false	613	v4l2request-copy	true	"{""aspect"":0.5625,""dh"":1920,""dw"":1080,""h"":1920,""par"":1.0,""pixelformat"":""nv12"",""rotate"":0,""stereo-in"":""mono"",""w"":1080}"	"{""duration"":""success"",""eof-reached"":""success"",""estimated-frame-number"":""success"",""filename"":""success"",""hwdec-current"":""success"",""idle-active"":""success"",""path"":""success"",""pause"":""success"",""percent-pos"":""success"",""time-pos"":""success"",""video-params"":""success"",""vo-configured"":""success""}"	true	playing	media-b8c9a5f04c	<media-path:3ba49b8978>	28100	7	true	"{""black_screen_risk_reason"":""null"",""blocked_media_count"":0,""consecutive_failures"":0,""current_index"":7,""current_item"":{""alias"":""media-b8c9a5f04c"",""duration_ms"":28100,""offset_ms"":0,""path_alias"":""<media-path:3ba49b8978>"",""started_at_present"":true},""last_poll_error"":""null"",""last_render_error"":""null"",""mpv_running"":true,""next_item"":{""alias"":""media-7eefea6ba2"",""duration_ms"":5000,""path_alias"":""<media-path:9e48f6362b>""},""playback_state"":""playing"",""playlist_size"":9,""present"":true,""uptime_sec"":508}"
464	498.615	2026-07-10T20:16:52+0000	success		366	<media-path:3ba49b8978>	<media-path:3ba49b8978>	<filename:e511e8bce0>	21.488133	28.061367	76.813317	false	false	false	648	v4l2request-copy	true	"{""aspect"":0.5625,""dh"":1920,""dw"":1080,""h"":1920,""par"":1.0,""pixelformat"":""nv12"",""rotate"":0,""stereo-in"":""mono"",""w"":1080}"	"{""duration"":""success"",""eof-reached"":""success"",""estimated-frame-number"":""success"",""filename"":""success"",""hwdec-current"":""success"",""idle-active"":""success"",""path"":""success"",""pause"":""success"",""percent-pos"":""success"",""time-pos"":""success"",""video-params"":""success"",""vo-configured"":""success""}"	true	playing	media-b8c9a5f04c	<media-path:3ba49b8978>	28100	7	true	"{""black_screen_risk_reason"":""null"",""blocked_media_count"":0,""consecutive_failures"":0,""current_index"":7,""current_item"":{""alias"":""media-b8c9a5f04c"",""duration_ms"":28100,""offset_ms"":0,""path_alias"":""<media-path:3ba49b8978>"",""started_at_present"":true},""last_poll_error"":""null"",""last_render_error"":""null"",""mpv_running"":true,""next_item"":{""alias"":""media-7eefea6ba2"",""duration_ms"":5000,""path_alias"":""<media-path:9e48f6362b>""},""playback_state"":""playing"",""playlist_size"":9,""present"":true,""uptime_sec"":508}"
465	499.985	2026-07-10T20:16:53+0000	success		6	<media-path:9e48f6362b>	<media-path:9e48f6362b>	<filename:4e569cdfc9>	0.333333	5.041667	6.61157	false	false	false	8	v4l2request-copy	true	"{""aspect"":0.666667,""dh"":720,""dw"":480,""h"":720,""par"":1.0,""pixelformat"":""nv12"",""rotate"":0,""stereo-in"":""mono"",""w"":480}"	"{""duration"":""success"",""eof-reached"":""success"",""estimated-frame-number"":""success"",""filename"":""success"",""hwdec-current"":""success"",""idle-active"":""success"",""path"":""success"",""pause"":""success"",""percent-pos"":""success"",""time-pos"":""success"",""video-params"":""success"",""vo-configured"":""success""}"	true	playing	media-b8c9a5f04c	<media-path:3ba49b8978>	28100	7	true	"{""black_screen_risk_reason"":""null"",""blocked_media_count"":0,""consecutive_failures"":0,""current_index"":7,""current_item"":{""alias"":""media-b8c9a5f04c"",""duration_ms"":28100,""offset_ms"":0,""path_alias"":""<media-path:3ba49b8978>"",""started_at_present"":true},""last_poll_error"":""null"",""last_render_error"":""null"",""mpv_running"":true,""next_item"":{""alias"":""media-7eefea6ba2"",""duration_ms"":5000,""path_alias"":""<media-path:9e48f6362b>""},""playback_state"":""playing"",""playlist_size"":9,""present"":true,""uptime_sec"":508}"
466	500.994	2026-07-10T20:16:54+0000	success		2	<media-path:9e48f6362b>	<media-path:9e48f6362b>	<filename:4e569cdfc9>	1.333333	5.041667	26.446281	false	false	false	32	v4l2request-copy	true	"{""aspect"":0.666667,""dh"":720,""dw"":480,""h"":720,""par"":1.0,""pixelformat"":""nv12"",""rotate"":0,""stereo-in"":""mono"",""w"":480}"	"{""duration"":""success"",""eof-reached"":""success"",""estimated-frame-number"":""success"",""filename"":""success"",""hwdec-current"":""success"",""idle-active"":""success"",""path"":""success"",""pause"":""success"",""percent-pos"":""success"",""time-pos"":""success"",""video-params"":""success"",""vo-configured"":""success""}"	true	playing	media-7eefea6ba2	<media-path:9e48f6362b>	5000	8	true	"{""black_screen_risk_reason"":""null"",""blocked_media_count"":0,""consecutive_failures"":0,""current_index"":8,""current_item"":{""alias"":""media-7eefea6ba2"",""duration_ms"":5000,""offset_ms"":0,""path_alias"":""<media-path:9e48f6362b>"",""started_at_present"":true},""last_poll_error"":""null"",""last_render_error"":""null"",""mpv_running"":true,""next_item"":{""alias"":""media-63e22e276f"",""duration_ms"":15100,""path_alias"":""<media-path:c406539999>""},""playback_state"":""playing"",""playlist_size"":9,""present"":true,""uptime_sec"":513}"
467	501.998	2026-07-10T20:16:55+0000	success		2	<media-path:9e48f6362b>	<media-path:9e48f6362b>	<filename:4e569cdfc9>	2.333333	5.041667	46.280992	false	false	false	56	v4l2request-copy	true	"{""aspect"":0.666667,""dh"":720,""dw"":480,""h"":720,""par"":1.0,""pixelformat"":""nv12"",""rotate"":0,""stereo-in"":""mono"",""w"":480}"	"{""duration"":""success"",""eof-reached"":""success"",""estimated-frame-number"":""success"",""filename"":""success"",""hwdec-current"":""success"",""idle-active"":""success"",""path"":""success"",""pause"":""success"",""percent-pos"":""success"",""time-pos"":""success"",""video-params"":""success"",""vo-configured"":""success""}"	true	playing	media-7eefea6ba2	<media-path:9e48f6362b>	5000	8	true	"{""black_screen_risk_reason"":""null"",""blocked_media_count"":0,""consecutive_failures"":0,""current_index"":8,""current_item"":{""alias"":""media-7eefea6ba2"",""duration_ms"":5000,""offset_ms"":0,""path_alias"":""<media-path:9e48f6362b>"",""started_at_present"":true},""last_poll_error"":""null"",""last_render_error"":""null"",""mpv_running"":true,""next_item"":{""alias"":""media-63e22e276f"",""duration_ms"":15100,""path_alias"":""<media-path:c406539999>""},""playback_state"":""playing"",""playlist_size"":9,""present"":true,""uptime_sec"":513}"
468	503.002	2026-07-10T20:16:56+0000	success		2	<media-path:9e48f6362b>	<media-path:9e48f6362b>	<filename:4e569cdfc9>	3.333333	5.041667	66.115702	false	false	false	80	v4l2request-copy	true	"{""aspect"":0.666667,""dh"":720,""dw"":480,""h"":720,""par"":1.0,""pixelformat"":""nv12"",""rotate"":0,""stereo-in"":""mono"",""w"":480}"	"{""duration"":""success"",""eof-reached"":""success"",""estimated-frame-number"":""success"",""filename"":""success"",""hwdec-current"":""success"",""idle-active"":""success"",""path"":""success"",""pause"":""success"",""percent-pos"":""success"",""time-pos"":""success"",""video-params"":""success"",""vo-configured"":""success""}"	true	playing	media-7eefea6ba2	<media-path:9e48f6362b>	5000	8	true	"{""black_screen_risk_reason"":""null"",""blocked_media_count"":0,""consecutive_failures"":0,""current_index"":8,""current_item"":{""alias"":""media-7eefea6ba2"",""duration_ms"":5000,""offset_ms"":0,""path_alias"":""<media-path:9e48f6362b>"",""started_at_present"":true},""last_poll_error"":""null"",""last_render_error"":""null"",""mpv_running"":true,""next_item"":{""alias"":""media-63e22e276f"",""duration_ms"":15100,""path_alias"":""<media-path:c406539999>""},""playback_state"":""playing"",""playlist_size"":9,""present"":true,""uptime_sec"":513}"
469	504.006	2026-07-10T20:16:57+0000	success		3	<media-path:9e48f6362b>	<media-path:9e48f6362b>	<filename:4e569cdfc9>	4.333333	5.041667	85.950413	false	false	false	104	v4l2request-copy	true	"{""aspect"":0.666667,""dh"":720,""dw"":480,""h"":720,""par"":1.0,""pixelformat"":""nv12"",""rotate"":0,""stereo-in"":""mono"",""w"":480}"	"{""duration"":""success"",""eof-reached"":""success"",""estimated-frame-number"":""success"",""filename"":""success"",""hwdec-current"":""success"",""idle-active"":""success"",""path"":""success"",""pause"":""success"",""percent-pos"":""success"",""time-pos"":""success"",""video-params"":""success"",""vo-configured"":""success""}"	true	playing	media-7eefea6ba2	<media-path:9e48f6362b>	5000	8	true	"{""black_screen_risk_reason"":""null"",""blocked_media_count"":0,""consecutive_failures"":0,""current_index"":8,""current_item"":{""alias"":""media-7eefea6ba2"",""duration_ms"":5000,""offset_ms"":0,""path_alias"":""<media-path:9e48f6362b>"",""started_at_present"":true},""last_poll_error"":""null"",""last_render_error"":""null"",""mpv_running"":true,""next_item"":{""alias"":""media-63e22e276f"",""duration_ms"":15100,""path_alias"":""<media-path:c406539999>""},""playback_state"":""playing"",""playlist_size"":9,""present"":true,""uptime_sec"":513}"
470	505.012	2026-07-10T20:16:58+0000	success		2	<media-path:c406539999>	<media-path:c406539999>	<filename:aaf3979e21>	0.266667	15.069751	1.769549	false	false	false	8	v4l2request-copy	true	"{""aspect"":0.566038,""dh"":848,""dw"":480,""h"":848,""par"":1.0,""pixelformat"":""nv12"",""rotate"":0,""stereo-in"":""mono"",""w"":480}"	"{""duration"":""success"",""eof-reached"":""success"",""estimated-frame-number"":""success"",""filename"":""success"",""hwdec-current"":""success"",""idle-active"":""success"",""path"":""success"",""pause"":""success"",""percent-pos"":""success"",""time-pos"":""success"",""video-params"":""success"",""vo-configured"":""success""}"	true	playing	media-7eefea6ba2	<media-path:9e48f6362b>	5000	8	true	"{""black_screen_risk_reason"":""null"",""blocked_media_count"":0,""consecutive_failures"":0,""current_index"":8,""current_item"":{""alias"":""media-7eefea6ba2"",""duration_ms"":5000,""offset_ms"":0,""path_alias"":""<media-path:9e48f6362b>"",""started_at_present"":true},""last_poll_error"":""null"",""last_render_error"":""null"",""mpv_running"":true,""next_item"":{""alias"":""media-63e22e276f"",""duration_ms"":15100,""path_alias"":""<media-path:c406539999>""},""playback_state"":""playing"",""playlist_size"":9,""present"":true,""uptime_sec"":513}"
471	506.016	2026-07-10T20:16:59+0000	success		2	<media-path:c406539999>	<media-path:c406539999>	<filename:aaf3979e21>	1.266667	15.069751	8.405359	false	false	false	38	v4l2request-copy	true	"{""aspect"":0.566038,""dh"":848,""dw"":480,""h"":848,""par"":1.0,""pixelformat"":""nv12"",""rotate"":0,""stereo-in"":""mono"",""w"":480}"	"{""duration"":""success"",""eof-reached"":""success"",""estimated-frame-number"":""success"",""filename"":""success"",""hwdec-current"":""success"",""idle-active"":""success"",""path"":""success"",""pause"":""success"",""percent-pos"":""success"",""time-pos"":""success"",""video-params"":""success"",""vo-configured"":""success""}"	true	playing	media-63e22e276f	<media-path:c406539999>	15100	0	true	"{""black_screen_risk_reason"":""null"",""blocked_media_count"":0,""consecutive_failures"":0,""current_index"":0,""current_item"":{""alias"":""media-63e22e276f"",""duration_ms"":15100,""offset_ms"":0,""path_alias"":""<media-path:c406539999>"",""started_at_present"":true},""last_poll_error"":""null"",""last_render_error"":""null"",""mpv_running"":true,""next_item"":{""alias"":""media-b04db49d99"",""duration_ms"":15100,""path_alias"":""<media-path:2b030c3c41>""},""playback_state"":""playing"",""playlist_size"":9,""present"":true,""uptime_sec"":518}"
472	507.020	2026-07-10T20:17:00+0000	success		2	<media-path:c406539999>	<media-path:c406539999>	<filename:aaf3979e21>	2.266667	15.069751	15.041169	false	false	false	68	v4l2request-copy	true	"{""aspect"":0.566038,""dh"":848,""dw"":480,""h"":848,""par"":1.0,""pixelformat"":""nv12"",""rotate"":0,""stereo-in"":""mono"",""w"":480}"	"{""duration"":""success"",""eof-reached"":""success"",""estimated-frame-number"":""success"",""filename"":""success"",""hwdec-current"":""success"",""idle-active"":""success"",""path"":""success"",""pause"":""success"",""percent-pos"":""success"",""time-pos"":""success"",""video-params"":""success"",""vo-configured"":""success""}"	true	playing	media-63e22e276f	<media-path:c406539999>	15100	0	true	"{""black_screen_risk_reason"":""null"",""blocked_media_count"":0,""consecutive_failures"":0,""current_index"":0,""current_item"":{""alias"":""media-63e22e276f"",""duration_ms"":15100,""offset_ms"":0,""path_alias"":""<media-path:c406539999>"",""started_at_present"":true},""last_poll_error"":""null"",""last_render_error"":""null"",""mpv_running"":true,""next_item"":{""alias"":""media-b04db49d99"",""duration_ms"":15100,""path_alias"":""<media-path:2b030c3c41>""},""playback_state"":""playing"",""playlist_size"":9,""present"":true,""uptime_sec"":518}"
473	508.024	2026-07-10T20:17:01+0000	success		2	<media-path:c406539999>	<media-path:c406539999>	<filename:aaf3979e21>	3.3	15.069751	21.898173	false	false	false	99	v4l2request-copy	true	"{""aspect"":0.566038,""dh"":848,""dw"":480,""h"":848,""par"":1.0,""pixelformat"":""nv12"",""rotate"":0,""stereo-in"":""mono"",""w"":480}"	"{""duration"":""success"",""eof-reached"":""success"",""estimated-frame-number"":""success"",""filename"":""success"",""hwdec-current"":""success"",""idle-active"":""success"",""path"":""success"",""pause"":""success"",""percent-pos"":""success"",""time-pos"":""success"",""video-params"":""success"",""vo-configured"":""success""}"	true	playing	media-63e22e276f	<media-path:c406539999>	15100	0	true	"{""black_screen_risk_reason"":""null"",""blocked_media_count"":0,""consecutive_failures"":0,""current_index"":0,""current_item"":{""alias"":""media-63e22e276f"",""duration_ms"":15100,""offset_ms"":0,""path_alias"":""<media-path:c406539999>"",""started_at_present"":true},""last_poll_error"":""null"",""last_render_error"":""null"",""mpv_running"":true,""next_item"":{""alias"":""media-b04db49d99"",""duration_ms"":15100,""path_alias"":""<media-path:2b030c3c41>""},""playback_state"":""playing"",""playlist_size"":9,""present"":true,""uptime_sec"":518}"
474	509.029	2026-07-10T20:17:02+0000	success		2	<media-path:c406539999>	<media-path:c406539999>	<filename:aaf3979e21>	4.3	15.069751	28.533983	false	false	false	129	v4l2request-copy	true	"{""aspect"":0.566038,""dh"":848,""dw"":480,""h"":848,""par"":1.0,""pixelformat"":""nv12"",""rotate"":0,""stereo-in"":""mono"",""w"":480}"	"{""duration"":""success"",""eof-reached"":""success"",""estimated-frame-number"":""success"",""filename"":""success"",""hwdec-current"":""success"",""idle-active"":""success"",""path"":""success"",""pause"":""success"",""percent-pos"":""success"",""time-pos"":""success"",""video-params"":""success"",""vo-configured"":""success""}"	true	playing	media-63e22e276f	<media-path:c406539999>	15100	0	true	"{""black_screen_risk_reason"":""null"",""blocked_media_count"":0,""consecutive_failures"":0,""current_index"":0,""current_item"":{""alias"":""media-63e22e276f"",""duration_ms"":15100,""offset_ms"":0,""path_alias"":""<media-path:c406539999>"",""started_at_present"":true},""last_poll_error"":""null"",""last_render_error"":""null"",""mpv_running"":true,""next_item"":{""alias"":""media-b04db49d99"",""duration_ms"":15100,""path_alias"":""<media-path:2b030c3c41>""},""playback_state"":""playing"",""playlist_size"":9,""present"":true,""uptime_sec"":518}"
475	510.033	2026-07-10T20:17:03+0000	success		2	<media-path:c406539999>	<media-path:c406539999>	<filename:aaf3979e21>	5.3	15.069751	35.169792	false	false	false	159	v4l2request-copy	true	"{""aspect"":0.566038,""dh"":848,""dw"":480,""h"":848,""par"":1.0,""pixelformat"":""nv12"",""rotate"":0,""stereo-in"":""mono"",""w"":480}"	"{""duration"":""success"",""eof-reached"":""success"",""estimated-frame-number"":""success"",""filename"":""success"",""hwdec-current"":""success"",""idle-active"":""success"",""path"":""success"",""pause"":""success"",""percent-pos"":""success"",""time-pos"":""success"",""video-params"":""success"",""vo-configured"":""success""}"	true	playing	media-63e22e276f	<media-path:c406539999>	15100	0	true	"{""black_screen_risk_reason"":""null"",""blocked_media_count"":0,""consecutive_failures"":0,""current_index"":0,""current_item"":{""alias"":""media-63e22e276f"",""duration_ms"":15100,""offset_ms"":0,""path_alias"":""<media-path:c406539999>"",""started_at_present"":true},""last_poll_error"":""null"",""last_render_error"":""null"",""mpv_running"":true,""next_item"":{""alias"":""media-b04db49d99"",""duration_ms"":15100,""path_alias"":""<media-path:2b030c3c41>""},""playback_state"":""playing"",""playlist_size"":9,""present"":true,""uptime_sec"":518}"
476	511.037	2026-07-10T20:17:04+0000	success		3	<media-path:c406539999>	<media-path:c406539999>	<filename:aaf3979e21>	6.3	15.069751	41.805602	false	false	false	189	v4l2request-copy	true	"{""aspect"":0.566038,""dh"":848,""dw"":480,""h"":848,""par"":1.0,""pixelformat"":""nv12"",""rotate"":0,""stereo-in"":""mono"",""w"":480}"	"{""duration"":""success"",""eof-reached"":""success"",""estimated-frame-number"":""success"",""filename"":""success"",""hwdec-current"":""success"",""idle-active"":""success"",""path"":""success"",""pause"":""success"",""percent-pos"":""success"",""time-pos"":""success"",""video-params"":""success"",""vo-configured"":""success""}"	true	playing	media-63e22e276f	<media-path:c406539999>	15100	0	true	"{""black_screen_risk_reason"":""null"",""blocked_media_count"":0,""consecutive_failures"":0,""current_index"":0,""current_item"":{""alias"":""media-63e22e276f"",""duration_ms"":15100,""offset_ms"":0,""path_alias"":""<media-path:c406539999>"",""started_at_present"":true},""last_poll_error"":""null"",""last_render_error"":""null"",""mpv_running"":true,""next_item"":{""alias"":""media-b04db49d99"",""duration_ms"":15100,""path_alias"":""<media-path:2b030c3c41>""},""playback_state"":""playing"",""playlist_size"":9,""present"":true,""uptime_sec"":523}"
477	512.044	2026-07-10T20:17:05+0000	success		5	<media-path:c406539999>	<media-path:c406539999>	<filename:aaf3979e21>	7.3	15.069751	48.441412	false	false	false	219	v4l2request-copy	true	"{""aspect"":0.566038,""dh"":848,""dw"":480,""h"":848,""par"":1.0,""pixelformat"":""nv12"",""rotate"":0,""stereo-in"":""mono"",""w"":480}"	"{""duration"":""success"",""eof-reached"":""success"",""estimated-frame-number"":""success"",""filename"":""success"",""hwdec-current"":""success"",""idle-active"":""success"",""path"":""success"",""pause"":""success"",""percent-pos"":""success"",""time-pos"":""success"",""video-params"":""success"",""vo-configured"":""success""}"	true	playing	media-63e22e276f	<media-path:c406539999>	15100	0	true	"{""black_screen_risk_reason"":""null"",""blocked_media_count"":0,""consecutive_failures"":0,""current_index"":0,""current_item"":{""alias"":""media-63e22e276f"",""duration_ms"":15100,""offset_ms"":0,""path_alias"":""<media-path:c406539999>"",""started_at_present"":true},""last_poll_error"":""null"",""last_render_error"":""null"",""mpv_running"":true,""next_item"":{""alias"":""media-b04db49d99"",""duration_ms"":15100,""path_alias"":""<media-path:2b030c3c41>""},""playback_state"":""playing"",""playlist_size"":9,""present"":true,""uptime_sec"":523}"
478	513.052	2026-07-10T20:17:06+0000	success		2	<media-path:c406539999>	<media-path:c406539999>	<filename:aaf3979e21>	8.3	15.069751	55.077222	false	false	false	249	v4l2request-copy	true	"{""aspect"":0.566038,""dh"":848,""dw"":480,""h"":848,""par"":1.0,""pixelformat"":""nv12"",""rotate"":0,""stereo-in"":""mono"",""w"":480}"	"{""duration"":""success"",""eof-reached"":""success"",""estimated-frame-number"":""success"",""filename"":""success"",""hwdec-current"":""success"",""idle-active"":""success"",""path"":""success"",""pause"":""success"",""percent-pos"":""success"",""time-pos"":""success"",""video-params"":""success"",""vo-configured"":""success""}"	true	playing	media-63e22e276f	<media-path:c406539999>	15100	0	true	"{""black_screen_risk_reason"":""null"",""blocked_media_count"":0,""consecutive_failures"":0,""current_index"":0,""current_item"":{""alias"":""media-63e22e276f"",""duration_ms"":15100,""offset_ms"":0,""path_alias"":""<media-path:c406539999>"",""started_at_present"":true},""last_poll_error"":""null"",""last_render_error"":""null"",""mpv_running"":true,""next_item"":{""alias"":""media-b04db49d99"",""duration_ms"":15100,""path_alias"":""<media-path:2b030c3c41>""},""playback_state"":""playing"",""playlist_size"":9,""present"":true,""uptime_sec"":523}"
479	514.056	2026-07-10T20:17:07+0000	success		2	<media-path:c406539999>	<media-path:c406539999>	<filename:aaf3979e21>	9.333333	15.069751	61.934226	false	false	false	280	v4l2request-copy	true	"{""aspect"":0.566038,""dh"":848,""dw"":480,""h"":848,""par"":1.0,""pixelformat"":""nv12"",""rotate"":0,""stereo-in"":""mono"",""w"":480}"	"{""duration"":""success"",""eof-reached"":""success"",""estimated-frame-number"":""success"",""filename"":""success"",""hwdec-current"":""success"",""idle-active"":""success"",""path"":""success"",""pause"":""success"",""percent-pos"":""success"",""time-pos"":""success"",""video-params"":""success"",""vo-configured"":""success""}"	true	playing	media-63e22e276f	<media-path:c406539999>	15100	0	true	"{""black_screen_risk_reason"":""null"",""blocked_media_count"":0,""consecutive_failures"":0,""current_index"":0,""current_item"":{""alias"":""media-63e22e276f"",""duration_ms"":15100,""offset_ms"":0,""path_alias"":""<media-path:c406539999>"",""started_at_present"":true},""last_poll_error"":""null"",""last_render_error"":""null"",""mpv_running"":true,""next_item"":{""alias"":""media-b04db49d99"",""duration_ms"":15100,""path_alias"":""<media-path:2b030c3c41>""},""playback_state"":""playing"",""playlist_size"":9,""present"":true,""uptime_sec"":523}"
480	515.061	2026-07-10T20:17:08+0000	success		2	<media-path:c406539999>	<media-path:c406539999>	<filename:aaf3979e21>	10.333333	15.069751	68.570036	false	false	false	310	v4l2request-copy	true	"{""aspect"":0.566038,""dh"":848,""dw"":480,""h"":848,""par"":1.0,""pixelformat"":""nv12"",""rotate"":0,""stereo-in"":""mono"",""w"":480}"	"{""duration"":""success"",""eof-reached"":""success"",""estimated-frame-number"":""success"",""filename"":""success"",""hwdec-current"":""success"",""idle-active"":""success"",""path"":""success"",""pause"":""success"",""percent-pos"":""success"",""time-pos"":""success"",""video-params"":""success"",""vo-configured"":""success""}"	true	playing	media-63e22e276f	<media-path:c406539999>	15100	0	true	"{""black_screen_risk_reason"":""null"",""blocked_media_count"":0,""consecutive_failures"":0,""current_index"":0,""current_item"":{""alias"":""media-63e22e276f"",""duration_ms"":15100,""offset_ms"":0,""path_alias"":""<media-path:c406539999>"",""started_at_present"":true},""last_poll_error"":""null"",""last_render_error"":""null"",""mpv_running"":true,""next_item"":{""alias"":""media-b04db49d99"",""duration_ms"":15100,""path_alias"":""<media-path:2b030c3c41>""},""playback_state"":""playing"",""playlist_size"":9,""present"":true,""uptime_sec"":523}"
481	516.065	2026-07-10T20:17:09+0000	success		2	<media-path:c406539999>	<media-path:c406539999>	<filename:aaf3979e21>	11.333333	15.069751	75.205846	false	false	false	340	v4l2request-copy	true	"{""aspect"":0.566038,""dh"":848,""dw"":480,""h"":848,""par"":1.0,""pixelformat"":""nv12"",""rotate"":0,""stereo-in"":""mono"",""w"":480}"	"{""duration"":""success"",""eof-reached"":""success"",""estimated-frame-number"":""success"",""filename"":""success"",""hwdec-current"":""success"",""idle-active"":""success"",""path"":""success"",""pause"":""success"",""percent-pos"":""success"",""time-pos"":""success"",""video-params"":""success"",""vo-configured"":""success""}"	true	playing	media-63e22e276f	<media-path:c406539999>	15100	0	true	"{""black_screen_risk_reason"":""null"",""blocked_media_count"":0,""consecutive_failures"":0,""current_index"":0,""current_item"":{""alias"":""media-63e22e276f"",""duration_ms"":15100,""offset_ms"":0,""path_alias"":""<media-path:c406539999>"",""started_at_present"":true},""last_poll_error"":""null"",""last_render_error"":""null"",""mpv_running"":true,""next_item"":{""alias"":""media-b04db49d99"",""duration_ms"":15100,""path_alias"":""<media-path:2b030c3c41>""},""playback_state"":""playing"",""playlist_size"":9,""present"":true,""uptime_sec"":528}"
482	517.069	2026-07-10T20:17:10+0000	success		2	<media-path:c406539999>	<media-path:c406539999>	<filename:aaf3979e21>	12.333333	15.069751	81.841655	false	false	false	370	v4l2request-copy	true	"{""aspect"":0.566038,""dh"":848,""dw"":480,""h"":848,""par"":1.0,""pixelformat"":""nv12"",""rotate"":0,""stereo-in"":""mono"",""w"":480}"	"{""duration"":""success"",""eof-reached"":""success"",""estimated-frame-number"":""success"",""filename"":""success"",""hwdec-current"":""success"",""idle-active"":""success"",""path"":""success"",""pause"":""success"",""percent-pos"":""success"",""time-pos"":""success"",""video-params"":""success"",""vo-configured"":""success""}"	true	playing	media-63e22e276f	<media-path:c406539999>	15100	0	true	"{""black_screen_risk_reason"":""null"",""blocked_media_count"":0,""consecutive_failures"":0,""current_index"":0,""current_item"":{""alias"":""media-63e22e276f"",""duration_ms"":15100,""offset_ms"":0,""path_alias"":""<media-path:c406539999>"",""started_at_present"":true},""last_poll_error"":""null"",""last_render_error"":""null"",""mpv_running"":true,""next_item"":{""alias"":""media-b04db49d99"",""duration_ms"":15100,""path_alias"":""<media-path:2b030c3c41>""},""playback_state"":""playing"",""playlist_size"":9,""present"":true,""uptime_sec"":528}"
483	518.073	2026-07-10T20:17:11+0000	success		9	<media-path:c406539999>	<media-path:c406539999>	<filename:aaf3979e21>	13.333333	15.069751	88.477465	false	false	false	400	v4l2request-copy	true	"{""aspect"":0.566038,""dh"":848,""dw"":480,""h"":848,""par"":1.0,""pixelformat"":""nv12"",""rotate"":0,""stereo-in"":""mono"",""w"":480}"	"{""duration"":""success"",""eof-reached"":""success"",""estimated-frame-number"":""success"",""filename"":""success"",""hwdec-current"":""success"",""idle-active"":""success"",""path"":""success"",""pause"":""success"",""percent-pos"":""success"",""time-pos"":""success"",""video-params"":""success"",""vo-configured"":""success""}"	true	playing	media-63e22e276f	<media-path:c406539999>	15100	0	true	"{""black_screen_risk_reason"":""null"",""blocked_media_count"":0,""consecutive_failures"":0,""current_index"":0,""current_item"":{""alias"":""media-63e22e276f"",""duration_ms"":15100,""offset_ms"":0,""path_alias"":""<media-path:c406539999>"",""started_at_present"":true},""last_poll_error"":""null"",""last_render_error"":""null"",""mpv_running"":true,""next_item"":{""alias"":""media-b04db49d99"",""duration_ms"":15100,""path_alias"":""<media-path:2b030c3c41>""},""playback_state"":""playing"",""playlist_size"":9,""present"":true,""uptime_sec"":528}"
484	519.085	2026-07-10T20:17:12+0000	success		2	<media-path:c406539999>	<media-path:c406539999>	<filename:aaf3979e21>	14.333333	15.069751	95.113275	false	false	false	430	v4l2request-copy	true	"{""aspect"":0.566038,""dh"":848,""dw"":480,""h"":848,""par"":1.0,""pixelformat"":""nv12"",""rotate"":0,""stereo-in"":""mono"",""w"":480}"	"{""duration"":""success"",""eof-reached"":""success"",""estimated-frame-number"":""success"",""filename"":""success"",""hwdec-current"":""success"",""idle-active"":""success"",""path"":""success"",""pause"":""success"",""percent-pos"":""success"",""time-pos"":""success"",""video-params"":""success"",""vo-configured"":""success""}"	true	playing	media-63e22e276f	<media-path:c406539999>	15100	0	true	"{""black_screen_risk_reason"":""null"",""blocked_media_count"":0,""consecutive_failures"":0,""current_index"":0,""current_item"":{""alias"":""media-63e22e276f"",""duration_ms"":15100,""offset_ms"":0,""path_alias"":""<media-path:c406539999>"",""started_at_present"":true},""last_poll_error"":""null"",""last_render_error"":""null"",""mpv_running"":true,""next_item"":{""alias"":""media-b04db49d99"",""duration_ms"":15100,""path_alias"":""<media-path:2b030c3c41>""},""playback_state"":""playing"",""playlist_size"":9,""present"":true,""uptime_sec"":528}"
485	520.089	2026-07-10T20:17:13+0000	success		19	<media-path:2b030c3c41>	<media-path:2b030c3c41>	<filename:c617160627>	0.066667	15.1	0.441501	false	false	false	2	v4l2request-copy	true	"{""aspect"":0.566038,""dh"":848,""dw"":480,""h"":848,""par"":1.0,""pixelformat"":""nv12"",""rotate"":0,""stereo-in"":""mono"",""w"":480}"	"{""duration"":""success"",""eof-reached"":""success"",""estimated-frame-number"":""success"",""filename"":""success"",""hwdec-current"":""success"",""idle-active"":""success"",""path"":""success"",""pause"":""success"",""percent-pos"":""success"",""time-pos"":""success"",""video-params"":""success"",""vo-configured"":""success""}"	true	playing	media-63e22e276f	<media-path:c406539999>	15100	0	true	"{""black_screen_risk_reason"":""null"",""blocked_media_count"":0,""consecutive_failures"":0,""current_index"":0,""current_item"":{""alias"":""media-63e22e276f"",""duration_ms"":15100,""offset_ms"":0,""path_alias"":""<media-path:c406539999>"",""started_at_present"":true},""last_poll_error"":""null"",""last_render_error"":""null"",""mpv_running"":true,""next_item"":{""alias"":""media-b04db49d99"",""duration_ms"":15100,""path_alias"":""<media-path:2b030c3c41>""},""playback_state"":""playing"",""playlist_size"":9,""present"":true,""uptime_sec"":528}"
486	521.112	2026-07-10T20:17:14+0000	success		5	<media-path:2b030c3c41>	<media-path:2b030c3c41>	<filename:c617160627>	1.066667	15.1	7.064018	false	false	false	32	v4l2request-copy	true	"{""aspect"":0.566038,""dh"":848,""dw"":480,""h"":848,""par"":1.0,""pixelformat"":""nv12"",""rotate"":0,""stereo-in"":""mono"",""w"":480}"	"{""duration"":""success"",""eof-reached"":""success"",""estimated-frame-number"":""success"",""filename"":""success"",""hwdec-current"":""success"",""idle-active"":""success"",""path"":""success"",""pause"":""success"",""percent-pos"":""success"",""time-pos"":""success"",""video-params"":""success"",""vo-configured"":""success""}"	true	playing	media-b04db49d99	<media-path:2b030c3c41>	15100	1	true	"{""black_screen_risk_reason"":""null"",""blocked_media_count"":0,""consecutive_failures"":0,""current_index"":1,""current_item"":{""alias"":""media-b04db49d99"",""duration_ms"":15100,""offset_ms"":0,""path_alias"":""<media-path:2b030c3c41>"",""started_at_present"":true},""last_poll_error"":""null"",""last_render_error"":""null"",""mpv_running"":true,""next_item"":{""alias"":""media-8ffdc1f445"",""duration_ms"":14000,""path_alias"":""<media-path:fee4d36eb4>""},""playback_state"":""playing"",""playlist_size"":9,""present"":true,""uptime_sec"":533}"
487	522.119	2026-07-10T20:17:15+0000	success		2	<media-path:2b030c3c41>	<media-path:2b030c3c41>	<filename:c617160627>	2.066667	15.1	13.686534	false	false	false	62	v4l2request-copy	true	"{""aspect"":0.566038,""dh"":848,""dw"":480,""h"":848,""par"":1.0,""pixelformat"":""nv12"",""rotate"":0,""stereo-in"":""mono"",""w"":480}"	"{""duration"":""success"",""eof-reached"":""success"",""estimated-frame-number"":""success"",""filename"":""success"",""hwdec-current"":""success"",""idle-active"":""success"",""path"":""success"",""pause"":""success"",""percent-pos"":""success"",""time-pos"":""success"",""video-params"":""success"",""vo-configured"":""success""}"	true	playing	media-b04db49d99	<media-path:2b030c3c41>	15100	1	true	"{""black_screen_risk_reason"":""null"",""blocked_media_count"":0,""consecutive_failures"":0,""current_index"":1,""current_item"":{""alias"":""media-b04db49d99"",""duration_ms"":15100,""offset_ms"":0,""path_alias"":""<media-path:2b030c3c41>"",""started_at_present"":true},""last_poll_error"":""null"",""last_render_error"":""null"",""mpv_running"":true,""next_item"":{""alias"":""media-8ffdc1f445"",""duration_ms"":14000,""path_alias"":""<media-path:fee4d36eb4>""},""playback_state"":""playing"",""playlist_size"":9,""present"":true,""uptime_sec"":533}"
488	523.124	2026-07-10T20:17:16+0000	success		2	<media-path:2b030c3c41>	<media-path:2b030c3c41>	<filename:c617160627>	3.1	15.1	20.529801	false	false	false	93	v4l2request-copy	true	"{""aspect"":0.566038,""dh"":848,""dw"":480,""h"":848,""par"":1.0,""pixelformat"":""nv12"",""rotate"":0,""stereo-in"":""mono"",""w"":480}"	"{""duration"":""success"",""eof-reached"":""success"",""estimated-frame-number"":""success"",""filename"":""success"",""hwdec-current"":""success"",""idle-active"":""success"",""path"":""success"",""pause"":""success"",""percent-pos"":""success"",""time-pos"":""success"",""video-params"":""success"",""vo-configured"":""success""}"	true	playing	media-b04db49d99	<media-path:2b030c3c41>	15100	1	true	"{""black_screen_risk_reason"":""null"",""blocked_media_count"":0,""consecutive_failures"":0,""current_index"":1,""current_item"":{""alias"":""media-b04db49d99"",""duration_ms"":15100,""offset_ms"":0,""path_alias"":""<media-path:2b030c3c41>"",""started_at_present"":true},""last_poll_error"":""null"",""last_render_error"":""null"",""mpv_running"":true,""next_item"":{""alias"":""media-8ffdc1f445"",""duration_ms"":14000,""path_alias"":""<media-path:fee4d36eb4>""},""playback_state"":""playing"",""playlist_size"":9,""present"":true,""uptime_sec"":533}"
489	524.128	2026-07-10T20:17:17+0000	success		2	<media-path:2b030c3c41>	<media-path:2b030c3c41>	<filename:c617160627>	4.1	15.1	27.152318	false	false	false	123	v4l2request-copy	true	"{""aspect"":0.566038,""dh"":848,""dw"":480,""h"":848,""par"":1.0,""pixelformat"":""nv12"",""rotate"":0,""stereo-in"":""mono"",""w"":480}"	"{""duration"":""success"",""eof-reached"":""success"",""estimated-frame-number"":""success"",""filename"":""success"",""hwdec-current"":""success"",""idle-active"":""success"",""path"":""success"",""pause"":""success"",""percent-pos"":""success"",""time-pos"":""success"",""video-params"":""success"",""vo-configured"":""success""}"	true	playing	media-b04db49d99	<media-path:2b030c3c41>	15100	1	true	"{""black_screen_risk_reason"":""null"",""blocked_media_count"":0,""consecutive_failures"":0,""current_index"":1,""current_item"":{""alias"":""media-b04db49d99"",""duration_ms"":15100,""offset_ms"":0,""path_alias"":""<media-path:2b030c3c41>"",""started_at_present"":true},""last_poll_error"":""null"",""last_render_error"":""null"",""mpv_running"":true,""next_item"":{""alias"":""media-8ffdc1f445"",""duration_ms"":14000,""path_alias"":""<media-path:fee4d36eb4>""},""playback_state"":""playing"",""playlist_size"":9,""present"":true,""uptime_sec"":533}"
490	525.132	2026-07-10T20:17:18+0000	success		2	<media-path:2b030c3c41>	<media-path:2b030c3c41>	<filename:c617160627>	5.1	15.1	33.774834	false	false	false	153	v4l2request-copy	true	"{""aspect"":0.566038,""dh"":848,""dw"":480,""h"":848,""par"":1.0,""pixelformat"":""nv12"",""rotate"":0,""stereo-in"":""mono"",""w"":480}"	"{""duration"":""success"",""eof-reached"":""success"",""estimated-frame-number"":""success"",""filename"":""success"",""hwdec-current"":""success"",""idle-active"":""success"",""path"":""success"",""pause"":""success"",""percent-pos"":""success"",""time-pos"":""success"",""video-params"":""success"",""vo-configured"":""success""}"	true	playing	media-b04db49d99	<media-path:2b030c3c41>	15100	1	true	"{""black_screen_risk_reason"":""null"",""blocked_media_count"":0,""consecutive_failures"":0,""current_index"":1,""current_item"":{""alias"":""media-b04db49d99"",""duration_ms"":15100,""offset_ms"":0,""path_alias"":""<media-path:2b030c3c41>"",""started_at_present"":true},""last_poll_error"":""null"",""last_render_error"":""null"",""mpv_running"":true,""next_item"":{""alias"":""media-8ffdc1f445"",""duration_ms"":14000,""path_alias"":""<media-path:fee4d36eb4>""},""playback_state"":""playing"",""playlist_size"":9,""present"":true,""uptime_sec"":533}"
491	526.136	2026-07-10T20:17:19+0000	success		2	<media-path:2b030c3c41>	<media-path:2b030c3c41>	<filename:c617160627>	6.1	15.1	40.397351	false	false	false	183	v4l2request-copy	true	"{""aspect"":0.566038,""dh"":848,""dw"":480,""h"":848,""par"":1.0,""pixelformat"":""nv12"",""rotate"":0,""stereo-in"":""mono"",""w"":480}"	"{""duration"":""success"",""eof-reached"":""success"",""estimated-frame-number"":""success"",""filename"":""success"",""hwdec-current"":""success"",""idle-active"":""success"",""path"":""success"",""pause"":""success"",""percent-pos"":""success"",""time-pos"":""success"",""video-params"":""success"",""vo-configured"":""success""}"	true	playing	media-b04db49d99	<media-path:2b030c3c41>	15100	1	true	"{""black_screen_risk_reason"":""null"",""blocked_media_count"":0,""consecutive_failures"":0,""current_index"":1,""current_item"":{""alias"":""media-b04db49d99"",""duration_ms"":15100,""offset_ms"":0,""path_alias"":""<media-path:2b030c3c41>"",""started_at_present"":true},""last_poll_error"":""null"",""last_render_error"":""null"",""mpv_running"":true,""next_item"":{""alias"":""media-8ffdc1f445"",""duration_ms"":14000,""path_alias"":""<media-path:fee4d36eb4>""},""playback_state"":""playing"",""playlist_size"":9,""present"":true,""uptime_sec"":538}"
492	527.141	2026-07-10T20:17:20+0000	success		9	<media-path:2b030c3c41>	<media-path:2b030c3c41>	<filename:c617160627>	7.1	15.1	47.019868	false	false	false	213	v4l2request-copy	true	"{""aspect"":0.566038,""dh"":848,""dw"":480,""h"":848,""par"":1.0,""pixelformat"":""nv12"",""rotate"":0,""stereo-in"":""mono"",""w"":480}"	"{""duration"":""success"",""eof-reached"":""success"",""estimated-frame-number"":""success"",""filename"":""success"",""hwdec-current"":""success"",""idle-active"":""success"",""path"":""success"",""pause"":""success"",""percent-pos"":""success"",""time-pos"":""success"",""video-params"":""success"",""vo-configured"":""success""}"	true	playing	media-b04db49d99	<media-path:2b030c3c41>	15100	1	true	"{""black_screen_risk_reason"":""null"",""blocked_media_count"":0,""consecutive_failures"":0,""current_index"":1,""current_item"":{""alias"":""media-b04db49d99"",""duration_ms"":15100,""offset_ms"":0,""path_alias"":""<media-path:2b030c3c41>"",""started_at_present"":true},""last_poll_error"":""null"",""last_render_error"":""null"",""mpv_running"":true,""next_item"":{""alias"":""media-8ffdc1f445"",""duration_ms"":14000,""path_alias"":""<media-path:fee4d36eb4>""},""playback_state"":""playing"",""playlist_size"":9,""present"":true,""uptime_sec"":538}"
493	528.153	2026-07-10T20:17:21+0000	success		2	<media-path:2b030c3c41>	<media-path:2b030c3c41>	<filename:c617160627>	8.1	15.1	53.642384	false	false	false	243	v4l2request-copy	true	"{""aspect"":0.566038,""dh"":848,""dw"":480,""h"":848,""par"":1.0,""pixelformat"":""nv12"",""rotate"":0,""stereo-in"":""mono"",""w"":480}"	"{""duration"":""success"",""eof-reached"":""success"",""estimated-frame-number"":""success"",""filename"":""success"",""hwdec-current"":""success"",""idle-active"":""success"",""path"":""success"",""pause"":""success"",""percent-pos"":""success"",""time-pos"":""success"",""video-params"":""success"",""vo-configured"":""success""}"	true	playing	media-b04db49d99	<media-path:2b030c3c41>	15100	1	true	"{""black_screen_risk_reason"":""null"",""blocked_media_count"":0,""consecutive_failures"":0,""current_index"":1,""current_item"":{""alias"":""media-b04db49d99"",""duration_ms"":15100,""offset_ms"":0,""path_alias"":""<media-path:2b030c3c41>"",""started_at_present"":true},""last_poll_error"":""null"",""last_render_error"":""null"",""mpv_running"":true,""next_item"":{""alias"":""media-8ffdc1f445"",""duration_ms"":14000,""path_alias"":""<media-path:fee4d36eb4>""},""playback_state"":""playing"",""playlist_size"":9,""present"":true,""uptime_sec"":538}"
494	529.157	2026-07-10T20:17:22+0000	success		2	<media-path:2b030c3c41>	<media-path:2b030c3c41>	<filename:c617160627>	9.133333	15.1	60.485651	false	false	false	274	v4l2request-copy	true	"{""aspect"":0.566038,""dh"":848,""dw"":480,""h"":848,""par"":1.0,""pixelformat"":""nv12"",""rotate"":0,""stereo-in"":""mono"",""w"":480}"	"{""duration"":""success"",""eof-reached"":""success"",""estimated-frame-number"":""success"",""filename"":""success"",""hwdec-current"":""success"",""idle-active"":""success"",""path"":""success"",""pause"":""success"",""percent-pos"":""success"",""time-pos"":""success"",""video-params"":""success"",""vo-configured"":""success""}"	true	playing	media-b04db49d99	<media-path:2b030c3c41>	15100	1	true	"{""black_screen_risk_reason"":""null"",""blocked_media_count"":0,""consecutive_failures"":0,""current_index"":1,""current_item"":{""alias"":""media-b04db49d99"",""duration_ms"":15100,""offset_ms"":0,""path_alias"":""<media-path:2b030c3c41>"",""started_at_present"":true},""last_poll_error"":""null"",""last_render_error"":""null"",""mpv_running"":true,""next_item"":{""alias"":""media-8ffdc1f445"",""duration_ms"":14000,""path_alias"":""<media-path:fee4d36eb4>""},""playback_state"":""playing"",""playlist_size"":9,""present"":true,""uptime_sec"":538}"
495	530.162	2026-07-10T20:17:23+0000	success		2	<media-path:2b030c3c41>	<media-path:2b030c3c41>	<filename:c617160627>	10.133333	15.1	67.108168	false	false	false	304	v4l2request-copy	true	"{""aspect"":0.566038,""dh"":848,""dw"":480,""h"":848,""par"":1.0,""pixelformat"":""nv12"",""rotate"":0,""stereo-in"":""mono"",""w"":480}"	"{""duration"":""success"",""eof-reached"":""success"",""estimated-frame-number"":""success"",""filename"":""success"",""hwdec-current"":""success"",""idle-active"":""success"",""path"":""success"",""pause"":""success"",""percent-pos"":""success"",""time-pos"":""success"",""video-params"":""success"",""vo-configured"":""success""}"	true	playing	media-b04db49d99	<media-path:2b030c3c41>	15100	1	true	"{""black_screen_risk_reason"":""null"",""blocked_media_count"":0,""consecutive_failures"":0,""current_index"":1,""current_item"":{""alias"":""media-b04db49d99"",""duration_ms"":15100,""offset_ms"":0,""path_alias"":""<media-path:2b030c3c41>"",""started_at_present"":true},""last_poll_error"":""null"",""last_render_error"":""null"",""mpv_running"":true,""next_item"":{""alias"":""media-8ffdc1f445"",""duration_ms"":14000,""path_alias"":""<media-path:fee4d36eb4>""},""playback_state"":""playing"",""playlist_size"":9,""present"":true,""uptime_sec"":538}"
496	531.166	2026-07-10T20:17:24+0000	success		2	<media-path:2b030c3c41>	<media-path:2b030c3c41>	<filename:c617160627>	11.133333	15.1	73.730684	false	false	false	334	v4l2request-copy	true	"{""aspect"":0.566038,""dh"":848,""dw"":480,""h"":848,""par"":1.0,""pixelformat"":""nv12"",""rotate"":0,""stereo-in"":""mono"",""w"":480}"	"{""duration"":""success"",""eof-reached"":""success"",""estimated-frame-number"":""success"",""filename"":""success"",""hwdec-current"":""success"",""idle-active"":""success"",""path"":""success"",""pause"":""success"",""percent-pos"":""success"",""time-pos"":""success"",""video-params"":""success"",""vo-configured"":""success""}"	true	playing	media-b04db49d99	<media-path:2b030c3c41>	15100	1	true	"{""black_screen_risk_reason"":""null"",""blocked_media_count"":0,""consecutive_failures"":0,""current_index"":1,""current_item"":{""alias"":""media-b04db49d99"",""duration_ms"":15100,""offset_ms"":0,""path_alias"":""<media-path:2b030c3c41>"",""started_at_present"":true},""last_poll_error"":""null"",""last_render_error"":""null"",""mpv_running"":true,""next_item"":{""alias"":""media-8ffdc1f445"",""duration_ms"":14000,""path_alias"":""<media-path:fee4d36eb4>""},""playback_state"":""playing"",""playlist_size"":9,""present"":true,""uptime_sec"":543}"
497	532.170	2026-07-10T20:17:25+0000	success		2	<media-path:2b030c3c41>	<media-path:2b030c3c41>	<filename:c617160627>	12.133333	15.1	80.353201	false	false	false	364	v4l2request-copy	true	"{""aspect"":0.566038,""dh"":848,""dw"":480,""h"":848,""par"":1.0,""pixelformat"":""nv12"",""rotate"":0,""stereo-in"":""mono"",""w"":480}"	"{""duration"":""success"",""eof-reached"":""success"",""estimated-frame-number"":""success"",""filename"":""success"",""hwdec-current"":""success"",""idle-active"":""success"",""path"":""success"",""pause"":""success"",""percent-pos"":""success"",""time-pos"":""success"",""video-params"":""success"",""vo-configured"":""success""}"	true	playing	media-b04db49d99	<media-path:2b030c3c41>	15100	1	true	"{""black_screen_risk_reason"":""null"",""blocked_media_count"":0,""consecutive_failures"":0,""current_index"":1,""current_item"":{""alias"":""media-b04db49d99"",""duration_ms"":15100,""offset_ms"":0,""path_alias"":""<media-path:2b030c3c41>"",""started_at_present"":true},""last_poll_error"":""null"",""last_render_error"":""null"",""mpv_running"":true,""next_item"":{""alias"":""media-8ffdc1f445"",""duration_ms"":14000,""path_alias"":""<media-path:fee4d36eb4>""},""playback_state"":""playing"",""playlist_size"":9,""present"":true,""uptime_sec"":543}"
498	533.175	2026-07-10T20:17:26+0000	success		8	<media-path:2b030c3c41>	<media-path:2b030c3c41>	<filename:c617160627>	13.133333	15.1	86.975717	false	false	false	394	v4l2request-copy	true	"{""aspect"":0.566038,""dh"":848,""dw"":480,""h"":848,""par"":1.0,""pixelformat"":""nv12"",""rotate"":0,""stereo-in"":""mono"",""w"":480}"	"{""duration"":""success"",""eof-reached"":""success"",""estimated-frame-number"":""success"",""filename"":""success"",""hwdec-current"":""success"",""idle-active"":""success"",""path"":""success"",""pause"":""success"",""percent-pos"":""success"",""time-pos"":""success"",""video-params"":""success"",""vo-configured"":""success""}"	true	playing	media-b04db49d99	<media-path:2b030c3c41>	15100	1	true	"{""black_screen_risk_reason"":""null"",""blocked_media_count"":0,""consecutive_failures"":0,""current_index"":1,""current_item"":{""alias"":""media-b04db49d99"",""duration_ms"":15100,""offset_ms"":0,""path_alias"":""<media-path:2b030c3c41>"",""started_at_present"":true},""last_poll_error"":""null"",""last_render_error"":""null"",""mpv_running"":true,""next_item"":{""alias"":""media-8ffdc1f445"",""duration_ms"":14000,""path_alias"":""<media-path:fee4d36eb4>""},""playback_state"":""playing"",""playlist_size"":9,""present"":true,""uptime_sec"":543}"
499	534.186	2026-07-10T20:17:27+0000	success		2	<media-path:2b030c3c41>	<media-path:2b030c3c41>	<filename:c617160627>	14.133333	15.1	93.598234	false	false	false	424	v4l2request-copy	true	"{""aspect"":0.566038,""dh"":848,""dw"":480,""h"":848,""par"":1.0,""pixelformat"":""nv12"",""rotate"":0,""stereo-in"":""mono"",""w"":480}"	"{""duration"":""success"",""eof-reached"":""success"",""estimated-frame-number"":""success"",""filename"":""success"",""hwdec-current"":""success"",""idle-active"":""success"",""path"":""success"",""pause"":""success"",""percent-pos"":""success"",""time-pos"":""success"",""video-params"":""success"",""vo-configured"":""success""}"	true	playing	media-b04db49d99	<media-path:2b030c3c41>	15100	1	true	"{""black_screen_risk_reason"":""null"",""blocked_media_count"":0,""consecutive_failures"":0,""current_index"":1,""current_item"":{""alias"":""media-b04db49d99"",""duration_ms"":15100,""offset_ms"":0,""path_alias"":""<media-path:2b030c3c41>"",""started_at_present"":true},""last_poll_error"":""null"",""last_render_error"":""null"",""mpv_running"":true,""next_item"":{""alias"":""media-8ffdc1f445"",""duration_ms"":14000,""path_alias"":""<media-path:fee4d36eb4>""},""playback_state"":""playing"",""playlist_size"":9,""present"":true,""uptime_sec"":543}"
500	535.190	2026-07-10T20:17:28+0000	success		52	<media-path:2b030c3c41>	<media-path:2b030c3c41>	<filename:c617160627>	0.033333	15.1	0.441501	false	false	false	2	v4l2request-copy	true	"{""aspect"":0.566038,""dh"":848,""dw"":480,""h"":848,""par"":1.0,""pixelformat"":""nv12"",""rotate"":0,""stereo-in"":""mono"",""w"":480}"	"{""duration"":""success"",""eof-reached"":""success"",""estimated-frame-number"":""success"",""filename"":""success"",""hwdec-current"":""success"",""idle-active"":""success"",""path"":""success"",""pause"":""success"",""percent-pos"":""success"",""time-pos"":""success"",""video-params"":""success"",""vo-configured"":""success""}"	true	playing	media-b04db49d99	<media-path:2b030c3c41>	15100	1	true	"{""black_screen_risk_reason"":""null"",""blocked_media_count"":0,""consecutive_failures"":0,""current_index"":1,""current_item"":{""alias"":""media-b04db49d99"",""duration_ms"":15100,""offset_ms"":0,""path_alias"":""<media-path:2b030c3c41>"",""started_at_present"":true},""last_poll_error"":""null"",""last_render_error"":""null"",""mpv_running"":true,""next_item"":{""alias"":""media-8ffdc1f445"",""duration_ms"":14000,""path_alias"":""<media-path:fee4d36eb4>""},""playback_state"":""playing"",""playlist_size"":9,""present"":true,""uptime_sec"":548}"
501	536.246	2026-07-10T20:17:29+0000	success		3	<media-path:fee4d36eb4>	<media-path:fee4d36eb4>	<filename:8ba6df5956>	0.9	14	6.428571	false	false	false	27	v4l2request-copy	true	"{""aspect"":0.557692,""dh"":832,""dw"":464,""h"":832,""par"":1.0,""pixelformat"":""nv12"",""rotate"":0,""stereo-in"":""mono"",""w"":464}"	"{""duration"":""success"",""eof-reached"":""success"",""estimated-frame-number"":""success"",""filename"":""success"",""hwdec-current"":""success"",""idle-active"":""success"",""path"":""success"",""pause"":""success"",""percent-pos"":""success"",""time-pos"":""success"",""video-params"":""success"",""vo-configured"":""success""}"	true	playing	media-b04db49d99	<media-path:2b030c3c41>	15100	1	true	"{""black_screen_risk_reason"":""null"",""blocked_media_count"":0,""consecutive_failures"":0,""current_index"":1,""current_item"":{""alias"":""media-b04db49d99"",""duration_ms"":15100,""offset_ms"":0,""path_alias"":""<media-path:2b030c3c41>"",""started_at_present"":true},""last_poll_error"":""null"",""last_render_error"":""null"",""mpv_running"":true,""next_item"":{""alias"":""media-8ffdc1f445"",""duration_ms"":14000,""path_alias"":""<media-path:fee4d36eb4>""},""playback_state"":""playing"",""playlist_size"":9,""present"":true,""uptime_sec"":548}"
502	537.251	2026-07-10T20:17:30+0000	success		5	<media-path:fee4d36eb4>	<media-path:fee4d36eb4>	<filename:8ba6df5956>	1.9	14	13.571429	false	false	false	57	v4l2request-copy	true	"{""aspect"":0.557692,""dh"":832,""dw"":464,""h"":832,""par"":1.0,""pixelformat"":""nv12"",""rotate"":0,""stereo-in"":""mono"",""w"":464}"	"{""duration"":""success"",""eof-reached"":""success"",""estimated-frame-number"":""success"",""filename"":""success"",""hwdec-current"":""success"",""idle-active"":""success"",""path"":""success"",""pause"":""success"",""percent-pos"":""success"",""time-pos"":""success"",""video-params"":""success"",""vo-configured"":""success""}"	true	playing	media-b04db49d99	<media-path:2b030c3c41>	15100	1	true	"{""black_screen_risk_reason"":""null"",""blocked_media_count"":0,""consecutive_failures"":0,""current_index"":1,""current_item"":{""alias"":""media-b04db49d99"",""duration_ms"":15100,""offset_ms"":0,""path_alias"":""<media-path:2b030c3c41>"",""started_at_present"":true},""last_poll_error"":""null"",""last_render_error"":""null"",""mpv_running"":true,""next_item"":{""alias"":""media-8ffdc1f445"",""duration_ms"":14000,""path_alias"":""<media-path:fee4d36eb4>""},""playback_state"":""playing"",""playlist_size"":9,""present"":true,""uptime_sec"":548}"
503	538.260	2026-07-10T20:17:31+0000	success		2	<media-path:fee4d36eb4>	<media-path:fee4d36eb4>	<filename:8ba6df5956>	2.933333	14	20.952381	false	false	false	88	v4l2request-copy	true	"{""aspect"":0.557692,""dh"":832,""dw"":464,""h"":832,""par"":1.0,""pixelformat"":""nv12"",""rotate"":0,""stereo-in"":""mono"",""w"":464}"	"{""duration"":""success"",""eof-reached"":""success"",""estimated-frame-number"":""success"",""filename"":""success"",""hwdec-current"":""success"",""idle-active"":""success"",""path"":""success"",""pause"":""success"",""percent-pos"":""success"",""time-pos"":""success"",""video-params"":""success"",""vo-configured"":""success""}"	true	playing	media-b04db49d99	<media-path:2b030c3c41>	15100	1	true	"{""black_screen_risk_reason"":""null"",""blocked_media_count"":0,""consecutive_failures"":0,""current_index"":1,""current_item"":{""alias"":""media-b04db49d99"",""duration_ms"":15100,""offset_ms"":0,""path_alias"":""<media-path:2b030c3c41>"",""started_at_present"":true},""last_poll_error"":""null"",""last_render_error"":""null"",""mpv_running"":true,""next_item"":{""alias"":""media-8ffdc1f445"",""duration_ms"":14000,""path_alias"":""<media-path:fee4d36eb4>""},""playback_state"":""playing"",""playlist_size"":9,""present"":true,""uptime_sec"":548}"
504	539.265	2026-07-10T20:17:32+0000	success		2	<media-path:fee4d36eb4>	<media-path:fee4d36eb4>	<filename:8ba6df5956>	3.933333	14	28.095238	false	false	false	118	v4l2request-copy	true	"{""aspect"":0.557692,""dh"":832,""dw"":464,""h"":832,""par"":1.0,""pixelformat"":""nv12"",""rotate"":0,""stereo-in"":""mono"",""w"":464}"	"{""duration"":""success"",""eof-reached"":""success"",""estimated-frame-number"":""success"",""filename"":""success"",""hwdec-current"":""success"",""idle-active"":""success"",""path"":""success"",""pause"":""success"",""percent-pos"":""success"",""time-pos"":""success"",""video-params"":""success"",""vo-configured"":""success""}"	true	playing	media-b04db49d99	<media-path:2b030c3c41>	15100	1	true	"{""black_screen_risk_reason"":""null"",""blocked_media_count"":0,""consecutive_failures"":0,""current_index"":1,""current_item"":{""alias"":""media-b04db49d99"",""duration_ms"":15100,""offset_ms"":0,""path_alias"":""<media-path:2b030c3c41>"",""started_at_present"":true},""last_poll_error"":""null"",""last_render_error"":""null"",""mpv_running"":true,""next_item"":{""alias"":""media-8ffdc1f445"",""duration_ms"":14000,""path_alias"":""<media-path:fee4d36eb4>""},""playback_state"":""playing"",""playlist_size"":9,""present"":true,""uptime_sec"":548}"
505	540.269	2026-07-10T20:17:33+0000	success		11	<media-path:fee4d36eb4>	<media-path:fee4d36eb4>	<filename:8ba6df5956>	4.933333	14	35.238095	false	false	false	148	v4l2request-copy	true	"{""aspect"":0.557692,""dh"":832,""dw"":464,""h"":832,""par"":1.0,""pixelformat"":""nv12"",""rotate"":0,""stereo-in"":""mono"",""w"":464}"	"{""duration"":""success"",""eof-reached"":""success"",""estimated-frame-number"":""success"",""filename"":""success"",""hwdec-current"":""success"",""idle-active"":""success"",""path"":""success"",""pause"":""success"",""percent-pos"":""success"",""time-pos"":""success"",""video-params"":""success"",""vo-configured"":""success""}"	true	playing	media-8ffdc1f445	<media-path:fee4d36eb4>	14000	2	true	"{""black_screen_risk_reason"":""null"",""blocked_media_count"":0,""consecutive_failures"":0,""current_index"":2,""current_item"":{""alias"":""media-8ffdc1f445"",""duration_ms"":14000,""offset_ms"":0,""path_alias"":""<media-path:fee4d36eb4>"",""started_at_present"":true},""last_poll_error"":""null"",""last_render_error"":""null"",""mpv_running"":true,""next_item"":{""alias"":""media-907addee8b"",""duration_ms"":30800,""path_alias"":""<media-path:c58db4e1cc>""},""playback_state"":""playing"",""playlist_size"":9,""present"":true,""uptime_sec"":553}"
506	541.283	2026-07-10T20:17:34+0000	success		3	<media-path:fee4d36eb4>	<media-path:fee4d36eb4>	<filename:8ba6df5956>	5.933333	14	42.380952	false	false	false	178	v4l2request-copy	true	"{""aspect"":0.557692,""dh"":832,""dw"":464,""h"":832,""par"":1.0,""pixelformat"":""nv12"",""rotate"":0,""stereo-in"":""mono"",""w"":464}"	"{""duration"":""success"",""eof-reached"":""success"",""estimated-frame-number"":""success"",""filename"":""success"",""hwdec-current"":""success"",""idle-active"":""success"",""path"":""success"",""pause"":""success"",""percent-pos"":""success"",""time-pos"":""success"",""video-params"":""success"",""vo-configured"":""success""}"	true	playing	media-8ffdc1f445	<media-path:fee4d36eb4>	14000	2	true	"{""black_screen_risk_reason"":""null"",""blocked_media_count"":0,""consecutive_failures"":0,""current_index"":2,""current_item"":{""alias"":""media-8ffdc1f445"",""duration_ms"":14000,""offset_ms"":0,""path_alias"":""<media-path:fee4d36eb4>"",""started_at_present"":true},""last_poll_error"":""null"",""last_render_error"":""null"",""mpv_running"":true,""next_item"":{""alias"":""media-907addee8b"",""duration_ms"":30800,""path_alias"":""<media-path:c58db4e1cc>""},""playback_state"":""playing"",""playlist_size"":9,""present"":true,""uptime_sec"":553}"
507	542.290	2026-07-10T20:17:35+0000	success		3	<media-path:fee4d36eb4>	<media-path:fee4d36eb4>	<filename:8ba6df5956>	6.933333	14	49.52381	false	false	false	208	v4l2request-copy	true	"{""aspect"":0.557692,""dh"":832,""dw"":464,""h"":832,""par"":1.0,""pixelformat"":""nv12"",""rotate"":0,""stereo-in"":""mono"",""w"":464}"	"{""duration"":""success"",""eof-reached"":""success"",""estimated-frame-number"":""success"",""filename"":""success"",""hwdec-current"":""success"",""idle-active"":""success"",""path"":""success"",""pause"":""success"",""percent-pos"":""success"",""time-pos"":""success"",""video-params"":""success"",""vo-configured"":""success""}"	true	playing	media-8ffdc1f445	<media-path:fee4d36eb4>	14000	2	true	"{""black_screen_risk_reason"":""null"",""blocked_media_count"":0,""consecutive_failures"":0,""current_index"":2,""current_item"":{""alias"":""media-8ffdc1f445"",""duration_ms"":14000,""offset_ms"":0,""path_alias"":""<media-path:fee4d36eb4>"",""started_at_present"":true},""last_poll_error"":""null"",""last_render_error"":""null"",""mpv_running"":true,""next_item"":{""alias"":""media-907addee8b"",""duration_ms"":30800,""path_alias"":""<media-path:c58db4e1cc>""},""playback_state"":""playing"",""playlist_size"":9,""present"":true,""uptime_sec"":553}"
508	543.296	2026-07-10T20:17:36+0000	success		2	<media-path:fee4d36eb4>	<media-path:fee4d36eb4>	<filename:8ba6df5956>	7.966667	14	56.904762	false	false	false	239	v4l2request-copy	true	"{""aspect"":0.557692,""dh"":832,""dw"":464,""h"":832,""par"":1.0,""pixelformat"":""nv12"",""rotate"":0,""stereo-in"":""mono"",""w"":464}"	"{""duration"":""success"",""eof-reached"":""success"",""estimated-frame-number"":""success"",""filename"":""success"",""hwdec-current"":""success"",""idle-active"":""success"",""path"":""success"",""pause"":""success"",""percent-pos"":""success"",""time-pos"":""success"",""video-params"":""success"",""vo-configured"":""success""}"	true	playing	media-8ffdc1f445	<media-path:fee4d36eb4>	14000	2	true	"{""black_screen_risk_reason"":""null"",""blocked_media_count"":0,""consecutive_failures"":0,""current_index"":2,""current_item"":{""alias"":""media-8ffdc1f445"",""duration_ms"":14000,""offset_ms"":0,""path_alias"":""<media-path:fee4d36eb4>"",""started_at_present"":true},""last_poll_error"":""null"",""last_render_error"":""null"",""mpv_running"":true,""next_item"":{""alias"":""media-907addee8b"",""duration_ms"":30800,""path_alias"":""<media-path:c58db4e1cc>""},""playback_state"":""playing"",""playlist_size"":9,""present"":true,""uptime_sec"":553}"
509	544.300	2026-07-10T20:17:37+0000	success		2	<media-path:fee4d36eb4>	<media-path:fee4d36eb4>	<filename:8ba6df5956>	8.966667	14	64.047619	false	false	false	269	v4l2request-copy	true	"{""aspect"":0.557692,""dh"":832,""dw"":464,""h"":832,""par"":1.0,""pixelformat"":""nv12"",""rotate"":0,""stereo-in"":""mono"",""w"":464}"	"{""duration"":""success"",""eof-reached"":""success"",""estimated-frame-number"":""success"",""filename"":""success"",""hwdec-current"":""success"",""idle-active"":""success"",""path"":""success"",""pause"":""success"",""percent-pos"":""success"",""time-pos"":""success"",""video-params"":""success"",""vo-configured"":""success""}"	true	playing	media-8ffdc1f445	<media-path:fee4d36eb4>	14000	2	true	"{""black_screen_risk_reason"":""null"",""blocked_media_count"":0,""consecutive_failures"":0,""current_index"":2,""current_item"":{""alias"":""media-8ffdc1f445"",""duration_ms"":14000,""offset_ms"":0,""path_alias"":""<media-path:fee4d36eb4>"",""started_at_present"":true},""last_poll_error"":""null"",""last_render_error"":""null"",""mpv_running"":true,""next_item"":{""alias"":""media-907addee8b"",""duration_ms"":30800,""path_alias"":""<media-path:c58db4e1cc>""},""playback_state"":""playing"",""playlist_size"":9,""present"":true,""uptime_sec"":553}"
510	545.304	2026-07-10T20:17:38+0000	success		2	<media-path:fee4d36eb4>	<media-path:fee4d36eb4>	<filename:8ba6df5956>	9.966667	14	71.190476	false	false	false	299	v4l2request-copy	true	"{""aspect"":0.557692,""dh"":832,""dw"":464,""h"":832,""par"":1.0,""pixelformat"":""nv12"",""rotate"":0,""stereo-in"":""mono"",""w"":464}"	"{""duration"":""success"",""eof-reached"":""success"",""estimated-frame-number"":""success"",""filename"":""success"",""hwdec-current"":""success"",""idle-active"":""success"",""path"":""success"",""pause"":""success"",""percent-pos"":""success"",""time-pos"":""success"",""video-params"":""success"",""vo-configured"":""success""}"	true	playing	media-8ffdc1f445	<media-path:fee4d36eb4>	14000	2	true	"{""black_screen_risk_reason"":""null"",""blocked_media_count"":0,""consecutive_failures"":0,""current_index"":2,""current_item"":{""alias"":""media-8ffdc1f445"",""duration_ms"":14000,""offset_ms"":0,""path_alias"":""<media-path:fee4d36eb4>"",""started_at_present"":true},""last_poll_error"":""null"",""last_render_error"":""null"",""mpv_running"":true,""next_item"":{""alias"":""media-907addee8b"",""duration_ms"":30800,""path_alias"":""<media-path:c58db4e1cc>""},""playback_state"":""playing"",""playlist_size"":9,""present"":true,""uptime_sec"":558}"
511	546.308	2026-07-10T20:17:39+0000	success		9	<media-path:fee4d36eb4>	<media-path:fee4d36eb4>	<filename:8ba6df5956>	10.966667	14	78.333333	false	false	false	329	v4l2request-copy	true	"{""aspect"":0.557692,""dh"":832,""dw"":464,""h"":832,""par"":1.0,""pixelformat"":""nv12"",""rotate"":0,""stereo-in"":""mono"",""w"":464}"	"{""duration"":""success"",""eof-reached"":""success"",""estimated-frame-number"":""success"",""filename"":""success"",""hwdec-current"":""success"",""idle-active"":""success"",""path"":""success"",""pause"":""success"",""percent-pos"":""success"",""time-pos"":""success"",""video-params"":""success"",""vo-configured"":""success""}"	true	playing	media-8ffdc1f445	<media-path:fee4d36eb4>	14000	2	true	"{""black_screen_risk_reason"":""null"",""blocked_media_count"":0,""consecutive_failures"":0,""current_index"":2,""current_item"":{""alias"":""media-8ffdc1f445"",""duration_ms"":14000,""offset_ms"":0,""path_alias"":""<media-path:fee4d36eb4>"",""started_at_present"":true},""last_poll_error"":""null"",""last_render_error"":""null"",""mpv_running"":true,""next_item"":{""alias"":""media-907addee8b"",""duration_ms"":30800,""path_alias"":""<media-path:c58db4e1cc>""},""playback_state"":""playing"",""playlist_size"":9,""present"":true,""uptime_sec"":558}"
512	547.320	2026-07-10T20:17:40+0000	success		2	<media-path:fee4d36eb4>	<media-path:fee4d36eb4>	<filename:8ba6df5956>	11.966667	14	85.47619	false	false	false	359	v4l2request-copy	true	"{""aspect"":0.557692,""dh"":832,""dw"":464,""h"":832,""par"":1.0,""pixelformat"":""nv12"",""rotate"":0,""stereo-in"":""mono"",""w"":464}"	"{""duration"":""success"",""eof-reached"":""success"",""estimated-frame-number"":""success"",""filename"":""success"",""hwdec-current"":""success"",""idle-active"":""success"",""path"":""success"",""pause"":""success"",""percent-pos"":""success"",""time-pos"":""success"",""video-params"":""success"",""vo-configured"":""success""}"	true	playing	media-8ffdc1f445	<media-path:fee4d36eb4>	14000	2	true	"{""black_screen_risk_reason"":""null"",""blocked_media_count"":0,""consecutive_failures"":0,""current_index"":2,""current_item"":{""alias"":""media-8ffdc1f445"",""duration_ms"":14000,""offset_ms"":0,""path_alias"":""<media-path:fee4d36eb4>"",""started_at_present"":true},""last_poll_error"":""null"",""last_render_error"":""null"",""mpv_running"":true,""next_item"":{""alias"":""media-907addee8b"",""duration_ms"":30800,""path_alias"":""<media-path:c58db4e1cc>""},""playback_state"":""playing"",""playlist_size"":9,""present"":true,""uptime_sec"":558}"
513	548.324	2026-07-10T20:17:41+0000	success		9	<media-path:fee4d36eb4>	<media-path:fee4d36eb4>	<filename:8ba6df5956>	13	14	92.857143	false	false	false	390	v4l2request-copy	true	"{""aspect"":0.557692,""dh"":832,""dw"":464,""h"":832,""par"":1.0,""pixelformat"":""nv12"",""rotate"":0,""stereo-in"":""mono"",""w"":464}"	"{""duration"":""success"",""eof-reached"":""success"",""estimated-frame-number"":""success"",""filename"":""success"",""hwdec-current"":""success"",""idle-active"":""success"",""path"":""success"",""pause"":""success"",""percent-pos"":""success"",""time-pos"":""success"",""video-params"":""success"",""vo-configured"":""success""}"	true	playing	media-8ffdc1f445	<media-path:fee4d36eb4>	14000	2	true	"{""black_screen_risk_reason"":""null"",""blocked_media_count"":0,""consecutive_failures"":0,""current_index"":2,""current_item"":{""alias"":""media-8ffdc1f445"",""duration_ms"":14000,""offset_ms"":0,""path_alias"":""<media-path:fee4d36eb4>"",""started_at_present"":true},""last_poll_error"":""null"",""last_render_error"":""null"",""mpv_running"":true,""next_item"":{""alias"":""media-907addee8b"",""duration_ms"":30800,""path_alias"":""<media-path:c58db4e1cc>""},""playback_state"":""playing"",""playlist_size"":9,""present"":true,""uptime_sec"":558}"
514	549.336	2026-07-10T20:17:42+0000	success		43	<media-path:fee4d36eb4>	<media-path:fee4d36eb4>	<filename:8ba6df5956>	0	14	0	false	false	false	0	v4l2request-copy	true	"{""aspect"":0.557692,""dh"":832,""dw"":464,""h"":832,""par"":1.0,""pixelformat"":""nv12"",""rotate"":0,""stereo-in"":""mono"",""w"":464}"	"{""duration"":""success"",""eof-reached"":""success"",""estimated-frame-number"":""success"",""filename"":""success"",""hwdec-current"":""success"",""idle-active"":""success"",""path"":""success"",""pause"":""success"",""percent-pos"":""success"",""time-pos"":""success"",""video-params"":""success"",""vo-configured"":""success""}"	true	playing	media-8ffdc1f445	<media-path:fee4d36eb4>	14000	2	true	"{""black_screen_risk_reason"":""null"",""blocked_media_count"":0,""consecutive_failures"":0,""current_index"":2,""current_item"":{""alias"":""media-8ffdc1f445"",""duration_ms"":14000,""offset_ms"":0,""path_alias"":""<media-path:fee4d36eb4>"",""started_at_present"":true},""last_poll_error"":""null"",""last_render_error"":""null"",""mpv_running"":true,""next_item"":{""alias"":""media-907addee8b"",""duration_ms"":30800,""path_alias"":""<media-path:c58db4e1cc>""},""playback_state"":""playing"",""playlist_size"":9,""present"":true,""uptime_sec"":558}"
515	550.382	2026-07-10T20:17:43+0000	success		2	<media-path:c58db4e1cc>	<media-path:c58db4e1cc>	<filename:9b95323d7d>	0.917583	30.805333	2.978651	false	false	false	22	v4l2request-copy	true	"{""aspect"":0.5625,""dh"":640,""dw"":360,""h"":640,""par"":1.0,""pixelformat"":""nv12"",""rotate"":0,""stereo-in"":""mono"",""w"":360}"	"{""duration"":""success"",""eof-reached"":""success"",""estimated-frame-number"":""success"",""filename"":""success"",""hwdec-current"":""success"",""idle-active"":""success"",""path"":""success"",""pause"":""success"",""percent-pos"":""success"",""time-pos"":""success"",""video-params"":""success"",""vo-configured"":""success""}"	true	playing	media-907addee8b	<media-path:c58db4e1cc>	30800	3	true	"{""black_screen_risk_reason"":""null"",""blocked_media_count"":0,""consecutive_failures"":0,""current_index"":3,""current_item"":{""alias"":""media-907addee8b"",""duration_ms"":30800,""offset_ms"":0,""path_alias"":""<media-path:c58db4e1cc>"",""started_at_present"":true},""last_poll_error"":""null"",""last_render_error"":""null"",""mpv_running"":true,""next_item"":{""alias"":""media-8e4d41f6c2"",""duration_ms"":7200,""path_alias"":""<media-path:3662a4e886>""},""playback_state"":""playing"",""playlist_size"":9,""present"":true,""uptime_sec"":563}"
516	551.385	2026-07-10T20:17:44+0000	success		2	<media-path:c58db4e1cc>	<media-path:c58db4e1cc>	<filename:9b95323d7d>	1.918583	30.805333	6.228088	false	false	false	46	v4l2request-copy	true	"{""aspect"":0.5625,""dh"":640,""dw"":360,""h"":640,""par"":1.0,""pixelformat"":""nv12"",""rotate"":0,""stereo-in"":""mono"",""w"":360}"	"{""duration"":""success"",""eof-reached"":""success"",""estimated-frame-number"":""success"",""filename"":""success"",""hwdec-current"":""success"",""idle-active"":""success"",""path"":""success"",""pause"":""success"",""percent-pos"":""success"",""time-pos"":""success"",""video-params"":""success"",""vo-configured"":""success""}"	true	playing	media-907addee8b	<media-path:c58db4e1cc>	30800	3	true	"{""black_screen_risk_reason"":""null"",""blocked_media_count"":0,""consecutive_failures"":0,""current_index"":3,""current_item"":{""alias"":""media-907addee8b"",""duration_ms"":30800,""offset_ms"":0,""path_alias"":""<media-path:c58db4e1cc>"",""started_at_present"":true},""last_poll_error"":""null"",""last_render_error"":""null"",""mpv_running"":true,""next_item"":{""alias"":""media-8e4d41f6c2"",""duration_ms"":7200,""path_alias"":""<media-path:3662a4e886>""},""playback_state"":""playing"",""playlist_size"":9,""present"":true,""uptime_sec"":563}"
517	552.389	2026-07-10T20:17:45+0000	success		2	<media-path:c58db4e1cc>	<media-path:c58db4e1cc>	<filename:9b95323d7d>	2.919583	30.805333	9.477526	false	false	false	70	v4l2request-copy	true	"{""aspect"":0.5625,""dh"":640,""dw"":360,""h"":640,""par"":1.0,""pixelformat"":""nv12"",""rotate"":0,""stereo-in"":""mono"",""w"":360}"	"{""duration"":""success"",""eof-reached"":""success"",""estimated-frame-number"":""success"",""filename"":""success"",""hwdec-current"":""success"",""idle-active"":""success"",""path"":""success"",""pause"":""success"",""percent-pos"":""success"",""time-pos"":""success"",""video-params"":""success"",""vo-configured"":""success""}"	true	playing	media-907addee8b	<media-path:c58db4e1cc>	30800	3	true	"{""black_screen_risk_reason"":""null"",""blocked_media_count"":0,""consecutive_failures"":0,""current_index"":3,""current_item"":{""alias"":""media-907addee8b"",""duration_ms"":30800,""offset_ms"":0,""path_alias"":""<media-path:c58db4e1cc>"",""started_at_present"":true},""last_poll_error"":""null"",""last_render_error"":""null"",""mpv_running"":true,""next_item"":{""alias"":""media-8e4d41f6c2"",""duration_ms"":7200,""path_alias"":""<media-path:3662a4e886>""},""playback_state"":""playing"",""playlist_size"":9,""present"":true,""uptime_sec"":563}"
518	553.394	2026-07-10T20:17:47+0000	success		2	<media-path:c58db4e1cc>	<media-path:c58db4e1cc>	<filename:9b95323d7d>	3.962292	30.805333	12.862356	false	false	false	95	v4l2request-copy	true	"{""aspect"":0.5625,""dh"":640,""dw"":360,""h"":640,""par"":1.0,""pixelformat"":""nv12"",""rotate"":0,""stereo-in"":""mono"",""w"":360}"	"{""duration"":""success"",""eof-reached"":""success"",""estimated-frame-number"":""success"",""filename"":""success"",""hwdec-current"":""success"",""idle-active"":""success"",""path"":""success"",""pause"":""success"",""percent-pos"":""success"",""time-pos"":""success"",""video-params"":""success"",""vo-configured"":""success""}"	true	playing	media-907addee8b	<media-path:c58db4e1cc>	30800	3	true	"{""black_screen_risk_reason"":""null"",""blocked_media_count"":0,""consecutive_failures"":0,""current_index"":3,""current_item"":{""alias"":""media-907addee8b"",""duration_ms"":30800,""offset_ms"":0,""path_alias"":""<media-path:c58db4e1cc>"",""started_at_present"":true},""last_poll_error"":""null"",""last_render_error"":""null"",""mpv_running"":true,""next_item"":{""alias"":""media-8e4d41f6c2"",""duration_ms"":7200,""path_alias"":""<media-path:3662a4e886>""},""playback_state"":""playing"",""playlist_size"":9,""present"":true,""uptime_sec"":563}"
519	554.398	2026-07-10T20:17:48+0000	success		2	<media-path:c58db4e1cc>	<media-path:c58db4e1cc>	<filename:9b95323d7d>	4.963292	30.805333	16.111793	false	false	false	119	v4l2request-copy	true	"{""aspect"":0.5625,""dh"":640,""dw"":360,""h"":640,""par"":1.0,""pixelformat"":""nv12"",""rotate"":0,""stereo-in"":""mono"",""w"":360}"	"{""duration"":""success"",""eof-reached"":""success"",""estimated-frame-number"":""success"",""filename"":""success"",""hwdec-current"":""success"",""idle-active"":""success"",""path"":""success"",""pause"":""success"",""percent-pos"":""success"",""time-pos"":""success"",""video-params"":""success"",""vo-configured"":""success""}"	true	playing	media-907addee8b	<media-path:c58db4e1cc>	30800	3	true	"{""black_screen_risk_reason"":""null"",""blocked_media_count"":0,""consecutive_failures"":0,""current_index"":3,""current_item"":{""alias"":""media-907addee8b"",""duration_ms"":30800,""offset_ms"":0,""path_alias"":""<media-path:c58db4e1cc>"",""started_at_present"":true},""last_poll_error"":""null"",""last_render_error"":""null"",""mpv_running"":true,""next_item"":{""alias"":""media-8e4d41f6c2"",""duration_ms"":7200,""path_alias"":""<media-path:3662a4e886>""},""playback_state"":""playing"",""playlist_size"":9,""present"":true,""uptime_sec"":563}"
520	555.402	2026-07-10T20:17:49+0000	success		2	<media-path:c58db4e1cc>	<media-path:c58db4e1cc>	<filename:9b95323d7d>	5.964292	30.805333	19.361231	false	false	false	143	v4l2request-copy	true	"{""aspect"":0.5625,""dh"":640,""dw"":360,""h"":640,""par"":1.0,""pixelformat"":""nv12"",""rotate"":0,""stereo-in"":""mono"",""w"":360}"	"{""duration"":""success"",""eof-reached"":""success"",""estimated-frame-number"":""success"",""filename"":""success"",""hwdec-current"":""success"",""idle-active"":""success"",""path"":""success"",""pause"":""success"",""percent-pos"":""success"",""time-pos"":""success"",""video-params"":""success"",""vo-configured"":""success""}"	true	playing	media-907addee8b	<media-path:c58db4e1cc>	30800	3	true	"{""black_screen_risk_reason"":""null"",""blocked_media_count"":0,""consecutive_failures"":0,""current_index"":3,""current_item"":{""alias"":""media-907addee8b"",""duration_ms"":30800,""offset_ms"":0,""path_alias"":""<media-path:c58db4e1cc>"",""started_at_present"":true},""last_poll_error"":""null"",""last_render_error"":""null"",""mpv_running"":true,""next_item"":{""alias"":""media-8e4d41f6c2"",""duration_ms"":7200,""path_alias"":""<media-path:3662a4e886>""},""playback_state"":""playing"",""playlist_size"":9,""present"":true,""uptime_sec"":568}"
521	556.407	2026-07-10T20:17:50+0000	success		5	<media-path:c58db4e1cc>	<media-path:c58db4e1cc>	<filename:9b95323d7d>	6.965292	30.805333	22.610668	false	false	false	167	v4l2request-copy	true	"{""aspect"":0.5625,""dh"":640,""dw"":360,""h"":640,""par"":1.0,""pixelformat"":""nv12"",""rotate"":0,""stereo-in"":""mono"",""w"":360}"	"{""duration"":""success"",""eof-reached"":""success"",""estimated-frame-number"":""success"",""filename"":""success"",""hwdec-current"":""success"",""idle-active"":""success"",""path"":""success"",""pause"":""success"",""percent-pos"":""success"",""time-pos"":""success"",""video-params"":""success"",""vo-configured"":""success""}"	true	playing	media-907addee8b	<media-path:c58db4e1cc>	30800	3	true	"{""black_screen_risk_reason"":""null"",""blocked_media_count"":0,""consecutive_failures"":0,""current_index"":3,""current_item"":{""alias"":""media-907addee8b"",""duration_ms"":30800,""offset_ms"":0,""path_alias"":""<media-path:c58db4e1cc>"",""started_at_present"":true},""last_poll_error"":""null"",""last_render_error"":""null"",""mpv_running"":true,""next_item"":{""alias"":""media-8e4d41f6c2"",""duration_ms"":7200,""path_alias"":""<media-path:3662a4e886>""},""playback_state"":""playing"",""playlist_size"":9,""present"":true,""uptime_sec"":568}"
522	557.414	2026-07-10T20:17:51+0000	success		3	<media-path:c58db4e1cc>	<media-path:c58db4e1cc>	<filename:9b95323d7d>	7.966292	30.805333	25.860105	false	false	false	191	v4l2request-copy	true	"{""aspect"":0.5625,""dh"":640,""dw"":360,""h"":640,""par"":1.0,""pixelformat"":""nv12"",""rotate"":0,""stereo-in"":""mono"",""w"":360}"	"{""duration"":""success"",""eof-reached"":""success"",""estimated-frame-number"":""success"",""filename"":""success"",""hwdec-current"":""success"",""idle-active"":""success"",""path"":""success"",""pause"":""success"",""percent-pos"":""success"",""time-pos"":""success"",""video-params"":""success"",""vo-configured"":""success""}"	true	playing	media-907addee8b	<media-path:c58db4e1cc>	30800	3	true	"{""black_screen_risk_reason"":""null"",""blocked_media_count"":0,""consecutive_failures"":0,""current_index"":3,""current_item"":{""alias"":""media-907addee8b"",""duration_ms"":30800,""offset_ms"":0,""path_alias"":""<media-path:c58db4e1cc>"",""started_at_present"":true},""last_poll_error"":""null"",""last_render_error"":""null"",""mpv_running"":true,""next_item"":{""alias"":""media-8e4d41f6c2"",""duration_ms"":7200,""path_alias"":""<media-path:3662a4e886>""},""playback_state"":""playing"",""playlist_size"":9,""present"":true,""uptime_sec"":568}"
523	558.421	2026-07-10T20:17:52+0000	success		2	<media-path:c58db4e1cc>	<media-path:c58db4e1cc>	<filename:9b95323d7d>	8.967292	30.805333	29.109543	false	false	false	215	v4l2request-copy	true	"{""aspect"":0.5625,""dh"":640,""dw"":360,""h"":640,""par"":1.0,""pixelformat"":""nv12"",""rotate"":0,""stereo-in"":""mono"",""w"":360}"	"{""duration"":""success"",""eof-reached"":""success"",""estimated-frame-number"":""success"",""filename"":""success"",""hwdec-current"":""success"",""idle-active"":""success"",""path"":""success"",""pause"":""success"",""percent-pos"":""success"",""time-pos"":""success"",""video-params"":""success"",""vo-configured"":""success""}"	true	playing	media-907addee8b	<media-path:c58db4e1cc>	30800	3	true	"{""black_screen_risk_reason"":""null"",""blocked_media_count"":0,""consecutive_failures"":0,""current_index"":3,""current_item"":{""alias"":""media-907addee8b"",""duration_ms"":30800,""offset_ms"":0,""path_alias"":""<media-path:c58db4e1cc>"",""started_at_present"":true},""last_poll_error"":""null"",""last_render_error"":""null"",""mpv_running"":true,""next_item"":{""alias"":""media-8e4d41f6c2"",""duration_ms"":7200,""path_alias"":""<media-path:3662a4e886>""},""playback_state"":""playing"",""playlist_size"":9,""present"":true,""uptime_sec"":568}"
524	559.425	2026-07-10T20:17:53+0000	success		2	<media-path:c58db4e1cc>	<media-path:c58db4e1cc>	<filename:9b95323d7d>	9.968292	30.805333	32.35898	false	false	false	239	v4l2request-copy	true	"{""aspect"":0.5625,""dh"":640,""dw"":360,""h"":640,""par"":1.0,""pixelformat"":""nv12"",""rotate"":0,""stereo-in"":""mono"",""w"":360}"	"{""duration"":""success"",""eof-reached"":""success"",""estimated-frame-number"":""success"",""filename"":""success"",""hwdec-current"":""success"",""idle-active"":""success"",""path"":""success"",""pause"":""success"",""percent-pos"":""success"",""time-pos"":""success"",""video-params"":""success"",""vo-configured"":""success""}"	true	playing	media-907addee8b	<media-path:c58db4e1cc>	30800	3	true	"{""black_screen_risk_reason"":""null"",""blocked_media_count"":0,""consecutive_failures"":0,""current_index"":3,""current_item"":{""alias"":""media-907addee8b"",""duration_ms"":30800,""offset_ms"":0,""path_alias"":""<media-path:c58db4e1cc>"",""started_at_present"":true},""last_poll_error"":""null"",""last_render_error"":""null"",""mpv_running"":true,""next_item"":{""alias"":""media-8e4d41f6c2"",""duration_ms"":7200,""path_alias"":""<media-path:3662a4e886>""},""playback_state"":""playing"",""playlist_size"":9,""present"":true,""uptime_sec"":568}"
525	560.429	2026-07-10T20:17:54+0000	success		2	<media-path:c58db4e1cc>	<media-path:c58db4e1cc>	<filename:9b95323d7d>	10.969292	30.805333	35.608417	false	false	false	263	v4l2request-copy	true	"{""aspect"":0.5625,""dh"":640,""dw"":360,""h"":640,""par"":1.0,""pixelformat"":""nv12"",""rotate"":0,""stereo-in"":""mono"",""w"":360}"	"{""duration"":""success"",""eof-reached"":""success"",""estimated-frame-number"":""success"",""filename"":""success"",""hwdec-current"":""success"",""idle-active"":""success"",""path"":""success"",""pause"":""success"",""percent-pos"":""success"",""time-pos"":""success"",""video-params"":""success"",""vo-configured"":""success""}"	true	playing	media-907addee8b	<media-path:c58db4e1cc>	30800	3	true	"{""black_screen_risk_reason"":""null"",""blocked_media_count"":0,""consecutive_failures"":0,""current_index"":3,""current_item"":{""alias"":""media-907addee8b"",""duration_ms"":30800,""offset_ms"":0,""path_alias"":""<media-path:c58db4e1cc>"",""started_at_present"":true},""last_poll_error"":""null"",""last_render_error"":""null"",""mpv_running"":true,""next_item"":{""alias"":""media-8e4d41f6c2"",""duration_ms"":7200,""path_alias"":""<media-path:3662a4e886>""},""playback_state"":""playing"",""playlist_size"":9,""present"":true,""uptime_sec"":573}"
526	561.433	2026-07-10T20:17:55+0000	success		2	<media-path:c58db4e1cc>	<media-path:c58db4e1cc>	<filename:9b95323d7d>	11.970292	30.805333	38.857855	false	false	false	287	v4l2request-copy	true	"{""aspect"":0.5625,""dh"":640,""dw"":360,""h"":640,""par"":1.0,""pixelformat"":""nv12"",""rotate"":0,""stereo-in"":""mono"",""w"":360}"	"{""duration"":""success"",""eof-reached"":""success"",""estimated-frame-number"":""success"",""filename"":""success"",""hwdec-current"":""success"",""idle-active"":""success"",""path"":""success"",""pause"":""success"",""percent-pos"":""success"",""time-pos"":""success"",""video-params"":""success"",""vo-configured"":""success""}"	true	playing	media-907addee8b	<media-path:c58db4e1cc>	30800	3	true	"{""black_screen_risk_reason"":""null"",""blocked_media_count"":0,""consecutive_failures"":0,""current_index"":3,""current_item"":{""alias"":""media-907addee8b"",""duration_ms"":30800,""offset_ms"":0,""path_alias"":""<media-path:c58db4e1cc>"",""started_at_present"":true},""last_poll_error"":""null"",""last_render_error"":""null"",""mpv_running"":true,""next_item"":{""alias"":""media-8e4d41f6c2"",""duration_ms"":7200,""path_alias"":""<media-path:3662a4e886>""},""playback_state"":""playing"",""playlist_size"":9,""present"":true,""uptime_sec"":573}"
527	562.437	2026-07-10T20:17:56+0000	success		2	<media-path:c58db4e1cc>	<media-path:c58db4e1cc>	<filename:9b95323d7d>	12.971292	30.805333	42.107292	false	false	false	311	v4l2request-copy	true	"{""aspect"":0.5625,""dh"":640,""dw"":360,""h"":640,""par"":1.0,""pixelformat"":""nv12"",""rotate"":0,""stereo-in"":""mono"",""w"":360}"	"{""duration"":""success"",""eof-reached"":""success"",""estimated-frame-number"":""success"",""filename"":""success"",""hwdec-current"":""success"",""idle-active"":""success"",""path"":""success"",""pause"":""success"",""percent-pos"":""success"",""time-pos"":""success"",""video-params"":""success"",""vo-configured"":""success""}"	true	playing	media-907addee8b	<media-path:c58db4e1cc>	30800	3	true	"{""black_screen_risk_reason"":""null"",""blocked_media_count"":0,""consecutive_failures"":0,""current_index"":3,""current_item"":{""alias"":""media-907addee8b"",""duration_ms"":30800,""offset_ms"":0,""path_alias"":""<media-path:c58db4e1cc>"",""started_at_present"":true},""last_poll_error"":""null"",""last_render_error"":""null"",""mpv_running"":true,""next_item"":{""alias"":""media-8e4d41f6c2"",""duration_ms"":7200,""path_alias"":""<media-path:3662a4e886>""},""playback_state"":""playing"",""playlist_size"":9,""present"":true,""uptime_sec"":573}"
528	563.442	2026-07-10T20:17:57+0000	success		2	<media-path:c58db4e1cc>	<media-path:c58db4e1cc>	<filename:9b95323d7d>	13.972292	30.805333	45.356729	false	false	false	335	v4l2request-copy	true	"{""aspect"":0.5625,""dh"":640,""dw"":360,""h"":640,""par"":1.0,""pixelformat"":""nv12"",""rotate"":0,""stereo-in"":""mono"",""w"":360}"	"{""duration"":""success"",""eof-reached"":""success"",""estimated-frame-number"":""success"",""filename"":""success"",""hwdec-current"":""success"",""idle-active"":""success"",""path"":""success"",""pause"":""success"",""percent-pos"":""success"",""time-pos"":""success"",""video-params"":""success"",""vo-configured"":""success""}"	true	playing	media-907addee8b	<media-path:c58db4e1cc>	30800	3	true	"{""black_screen_risk_reason"":""null"",""blocked_media_count"":0,""consecutive_failures"":0,""current_index"":3,""current_item"":{""alias"":""media-907addee8b"",""duration_ms"":30800,""offset_ms"":0,""path_alias"":""<media-path:c58db4e1cc>"",""started_at_present"":true},""last_poll_error"":""null"",""last_render_error"":""null"",""mpv_running"":true,""next_item"":{""alias"":""media-8e4d41f6c2"",""duration_ms"":7200,""path_alias"":""<media-path:3662a4e886>""},""playback_state"":""playing"",""playlist_size"":9,""present"":true,""uptime_sec"":573}"
529	564.446	2026-07-10T20:17:58+0000	success		2	<media-path:c58db4e1cc>	<media-path:c58db4e1cc>	<filename:9b95323d7d>	15.015	30.805333	48.74156	false	false	false	360	v4l2request-copy	true	"{""aspect"":0.5625,""dh"":640,""dw"":360,""h"":640,""par"":1.0,""pixelformat"":""nv12"",""rotate"":0,""stereo-in"":""mono"",""w"":360}"	"{""duration"":""success"",""eof-reached"":""success"",""estimated-frame-number"":""success"",""filename"":""success"",""hwdec-current"":""success"",""idle-active"":""success"",""path"":""success"",""pause"":""success"",""percent-pos"":""success"",""time-pos"":""success"",""video-params"":""success"",""vo-configured"":""success""}"	true	playing	media-907addee8b	<media-path:c58db4e1cc>	30800	3	true	"{""black_screen_risk_reason"":""null"",""blocked_media_count"":0,""consecutive_failures"":0,""current_index"":3,""current_item"":{""alias"":""media-907addee8b"",""duration_ms"":30800,""offset_ms"":0,""path_alias"":""<media-path:c58db4e1cc>"",""started_at_present"":true},""last_poll_error"":""null"",""last_render_error"":""null"",""mpv_running"":true,""next_item"":{""alias"":""media-8e4d41f6c2"",""duration_ms"":7200,""path_alias"":""<media-path:3662a4e886>""},""playback_state"":""playing"",""playlist_size"":9,""present"":true,""uptime_sec"":573}"
530	565.450	2026-07-10T20:17:59+0000	success		6	<media-path:c58db4e1cc>	<media-path:c58db4e1cc>	<filename:9b95323d7d>	16.016	30.805333	51.990997	false	false	false	384	v4l2request-copy	true	"{""aspect"":0.5625,""dh"":640,""dw"":360,""h"":640,""par"":1.0,""pixelformat"":""nv12"",""rotate"":0,""stereo-in"":""mono"",""w"":360}"	"{""duration"":""success"",""eof-reached"":""success"",""estimated-frame-number"":""success"",""filename"":""success"",""hwdec-current"":""success"",""idle-active"":""success"",""path"":""success"",""pause"":""success"",""percent-pos"":""success"",""time-pos"":""success"",""video-params"":""success"",""vo-configured"":""success""}"	true	playing	media-907addee8b	<media-path:c58db4e1cc>	30800	3	true	"{""black_screen_risk_reason"":""null"",""blocked_media_count"":0,""consecutive_failures"":0,""current_index"":3,""current_item"":{""alias"":""media-907addee8b"",""duration_ms"":30800,""offset_ms"":0,""path_alias"":""<media-path:c58db4e1cc>"",""started_at_present"":true},""last_poll_error"":""null"",""last_render_error"":""null"",""mpv_running"":true,""next_item"":{""alias"":""media-8e4d41f6c2"",""duration_ms"":7200,""path_alias"":""<media-path:3662a4e886>""},""playback_state"":""playing"",""playlist_size"":9,""present"":true,""uptime_sec"":578}"
531	566.459	2026-07-10T20:18:00+0000	success		2	<media-path:c58db4e1cc>	<media-path:c58db4e1cc>	<filename:9b95323d7d>	17.017	30.805333	55.240435	false	false	false	408	v4l2request-copy	true	"{""aspect"":0.5625,""dh"":640,""dw"":360,""h"":640,""par"":1.0,""pixelformat"":""nv12"",""rotate"":0,""stereo-in"":""mono"",""w"":360}"	"{""duration"":""success"",""eof-reached"":""success"",""estimated-frame-number"":""success"",""filename"":""success"",""hwdec-current"":""success"",""idle-active"":""success"",""path"":""success"",""pause"":""success"",""percent-pos"":""success"",""time-pos"":""success"",""video-params"":""success"",""vo-configured"":""success""}"	true	playing	media-907addee8b	<media-path:c58db4e1cc>	30800	3	true	"{""black_screen_risk_reason"":""null"",""blocked_media_count"":0,""consecutive_failures"":0,""current_index"":3,""current_item"":{""alias"":""media-907addee8b"",""duration_ms"":30800,""offset_ms"":0,""path_alias"":""<media-path:c58db4e1cc>"",""started_at_present"":true},""last_poll_error"":""null"",""last_render_error"":""null"",""mpv_running"":true,""next_item"":{""alias"":""media-8e4d41f6c2"",""duration_ms"":7200,""path_alias"":""<media-path:3662a4e886>""},""playback_state"":""playing"",""playlist_size"":9,""present"":true,""uptime_sec"":578}"
532	567.463	2026-07-10T20:18:01+0000	success		2	<media-path:c58db4e1cc>	<media-path:c58db4e1cc>	<filename:9b95323d7d>	18.018	30.805333	58.489872	false	false	false	432	v4l2request-copy	true	"{""aspect"":0.5625,""dh"":640,""dw"":360,""h"":640,""par"":1.0,""pixelformat"":""nv12"",""rotate"":0,""stereo-in"":""mono"",""w"":360}"	"{""duration"":""success"",""eof-reached"":""success"",""estimated-frame-number"":""success"",""filename"":""success"",""hwdec-current"":""success"",""idle-active"":""success"",""path"":""success"",""pause"":""success"",""percent-pos"":""success"",""time-pos"":""success"",""video-params"":""success"",""vo-configured"":""success""}"	true	playing	media-907addee8b	<media-path:c58db4e1cc>	30800	3	true	"{""black_screen_risk_reason"":""null"",""blocked_media_count"":0,""consecutive_failures"":0,""current_index"":3,""current_item"":{""alias"":""media-907addee8b"",""duration_ms"":30800,""offset_ms"":0,""path_alias"":""<media-path:c58db4e1cc>"",""started_at_present"":true},""last_poll_error"":""null"",""last_render_error"":""null"",""mpv_running"":true,""next_item"":{""alias"":""media-8e4d41f6c2"",""duration_ms"":7200,""path_alias"":""<media-path:3662a4e886>""},""playback_state"":""playing"",""playlist_size"":9,""present"":true,""uptime_sec"":578}"
533	568.467	2026-07-10T20:18:02+0000	success		2	<media-path:c58db4e1cc>	<media-path:c58db4e1cc>	<filename:9b95323d7d>	19.019	30.805333	61.739309	false	false	false	456	v4l2request-copy	true	"{""aspect"":0.5625,""dh"":640,""dw"":360,""h"":640,""par"":1.0,""pixelformat"":""nv12"",""rotate"":0,""stereo-in"":""mono"",""w"":360}"	"{""duration"":""success"",""eof-reached"":""success"",""estimated-frame-number"":""success"",""filename"":""success"",""hwdec-current"":""success"",""idle-active"":""success"",""path"":""success"",""pause"":""success"",""percent-pos"":""success"",""time-pos"":""success"",""video-params"":""success"",""vo-configured"":""success""}"	true	playing	media-907addee8b	<media-path:c58db4e1cc>	30800	3	true	"{""black_screen_risk_reason"":""null"",""blocked_media_count"":0,""consecutive_failures"":0,""current_index"":3,""current_item"":{""alias"":""media-907addee8b"",""duration_ms"":30800,""offset_ms"":0,""path_alias"":""<media-path:c58db4e1cc>"",""started_at_present"":true},""last_poll_error"":""null"",""last_render_error"":""null"",""mpv_running"":true,""next_item"":{""alias"":""media-8e4d41f6c2"",""duration_ms"":7200,""path_alias"":""<media-path:3662a4e886>""},""playback_state"":""playing"",""playlist_size"":9,""present"":true,""uptime_sec"":578}"
534	569.471	2026-07-10T20:18:03+0000	success		2	<media-path:c58db4e1cc>	<media-path:c58db4e1cc>	<filename:9b95323d7d>	20.02	30.805333	64.988747	false	false	false	480	v4l2request-copy	true	"{""aspect"":0.5625,""dh"":640,""dw"":360,""h"":640,""par"":1.0,""pixelformat"":""nv12"",""rotate"":0,""stereo-in"":""mono"",""w"":360}"	"{""duration"":""success"",""eof-reached"":""success"",""estimated-frame-number"":""success"",""filename"":""success"",""hwdec-current"":""success"",""idle-active"":""success"",""path"":""success"",""pause"":""success"",""percent-pos"":""success"",""time-pos"":""success"",""video-params"":""success"",""vo-configured"":""success""}"	true	playing	media-907addee8b	<media-path:c58db4e1cc>	30800	3	true	"{""black_screen_risk_reason"":""null"",""blocked_media_count"":0,""consecutive_failures"":0,""current_index"":3,""current_item"":{""alias"":""media-907addee8b"",""duration_ms"":30800,""offset_ms"":0,""path_alias"":""<media-path:c58db4e1cc>"",""started_at_present"":true},""last_poll_error"":""null"",""last_render_error"":""null"",""mpv_running"":true,""next_item"":{""alias"":""media-8e4d41f6c2"",""duration_ms"":7200,""path_alias"":""<media-path:3662a4e886>""},""playback_state"":""playing"",""playlist_size"":9,""present"":true,""uptime_sec"":578}"
535	570.475	2026-07-10T20:18:04+0000	success		4	<media-path:c58db4e1cc>	<media-path:c58db4e1cc>	<filename:9b95323d7d>	21.021	30.805333	68.238184	false	false	false	504	v4l2request-copy	true	"{""aspect"":0.5625,""dh"":640,""dw"":360,""h"":640,""par"":1.0,""pixelformat"":""nv12"",""rotate"":0,""stereo-in"":""mono"",""w"":360}"	"{""duration"":""success"",""eof-reached"":""success"",""estimated-frame-number"":""success"",""filename"":""success"",""hwdec-current"":""success"",""idle-active"":""success"",""path"":""success"",""pause"":""success"",""percent-pos"":""success"",""time-pos"":""success"",""video-params"":""success"",""vo-configured"":""success""}"	true	playing	media-907addee8b	<media-path:c58db4e1cc>	30800	3	true	"{""black_screen_risk_reason"":""null"",""blocked_media_count"":0,""consecutive_failures"":0,""current_index"":3,""current_item"":{""alias"":""media-907addee8b"",""duration_ms"":30800,""offset_ms"":0,""path_alias"":""<media-path:c58db4e1cc>"",""started_at_present"":true},""last_poll_error"":""null"",""last_render_error"":""null"",""mpv_running"":true,""next_item"":{""alias"":""media-8e4d41f6c2"",""duration_ms"":7200,""path_alias"":""<media-path:3662a4e886>""},""playback_state"":""playing"",""playlist_size"":9,""present"":true,""uptime_sec"":583}"
536	571.483	2026-07-10T20:18:05+0000	success		2	<media-path:c58db4e1cc>	<media-path:c58db4e1cc>	<filename:9b95323d7d>	22.022	30.805333	71.487621	false	false	false	528	v4l2request-copy	true	"{""aspect"":0.5625,""dh"":640,""dw"":360,""h"":640,""par"":1.0,""pixelformat"":""nv12"",""rotate"":0,""stereo-in"":""mono"",""w"":360}"	"{""duration"":""success"",""eof-reached"":""success"",""estimated-frame-number"":""success"",""filename"":""success"",""hwdec-current"":""success"",""idle-active"":""success"",""path"":""success"",""pause"":""success"",""percent-pos"":""success"",""time-pos"":""success"",""video-params"":""success"",""vo-configured"":""success""}"	true	playing	media-907addee8b	<media-path:c58db4e1cc>	30800	3	true	"{""black_screen_risk_reason"":""null"",""blocked_media_count"":0,""consecutive_failures"":0,""current_index"":3,""current_item"":{""alias"":""media-907addee8b"",""duration_ms"":30800,""offset_ms"":0,""path_alias"":""<media-path:c58db4e1cc>"",""started_at_present"":true},""last_poll_error"":""null"",""last_render_error"":""null"",""mpv_running"":true,""next_item"":{""alias"":""media-8e4d41f6c2"",""duration_ms"":7200,""path_alias"":""<media-path:3662a4e886>""},""playback_state"":""playing"",""playlist_size"":9,""present"":true,""uptime_sec"":583}"
537	572.486	2026-07-10T20:18:06+0000	success		2	<media-path:c58db4e1cc>	<media-path:c58db4e1cc>	<filename:9b95323d7d>	23.023	30.805333	74.737059	false	false	false	552	v4l2request-copy	true	"{""aspect"":0.5625,""dh"":640,""dw"":360,""h"":640,""par"":1.0,""pixelformat"":""nv12"",""rotate"":0,""stereo-in"":""mono"",""w"":360}"	"{""duration"":""success"",""eof-reached"":""success"",""estimated-frame-number"":""success"",""filename"":""success"",""hwdec-current"":""success"",""idle-active"":""success"",""path"":""success"",""pause"":""success"",""percent-pos"":""success"",""time-pos"":""success"",""video-params"":""success"",""vo-configured"":""success""}"	true	playing	media-907addee8b	<media-path:c58db4e1cc>	30800	3	true	"{""black_screen_risk_reason"":""null"",""blocked_media_count"":0,""consecutive_failures"":0,""current_index"":3,""current_item"":{""alias"":""media-907addee8b"",""duration_ms"":30800,""offset_ms"":0,""path_alias"":""<media-path:c58db4e1cc>"",""started_at_present"":true},""last_poll_error"":""null"",""last_render_error"":""null"",""mpv_running"":true,""next_item"":{""alias"":""media-8e4d41f6c2"",""duration_ms"":7200,""path_alias"":""<media-path:3662a4e886>""},""playback_state"":""playing"",""playlist_size"":9,""present"":true,""uptime_sec"":583}"
538	573.490	2026-07-10T20:18:07+0000	success		2	<media-path:c58db4e1cc>	<media-path:c58db4e1cc>	<filename:9b95323d7d>	24.024	30.805333	77.986496	false	false	false	576	v4l2request-copy	true	"{""aspect"":0.5625,""dh"":640,""dw"":360,""h"":640,""par"":1.0,""pixelformat"":""nv12"",""rotate"":0,""stereo-in"":""mono"",""w"":360}"	"{""duration"":""success"",""eof-reached"":""success"",""estimated-frame-number"":""success"",""filename"":""success"",""hwdec-current"":""success"",""idle-active"":""success"",""path"":""success"",""pause"":""success"",""percent-pos"":""success"",""time-pos"":""success"",""video-params"":""success"",""vo-configured"":""success""}"	true	playing	media-907addee8b	<media-path:c58db4e1cc>	30800	3	true	"{""black_screen_risk_reason"":""null"",""blocked_media_count"":0,""consecutive_failures"":0,""current_index"":3,""current_item"":{""alias"":""media-907addee8b"",""duration_ms"":30800,""offset_ms"":0,""path_alias"":""<media-path:c58db4e1cc>"",""started_at_present"":true},""last_poll_error"":""null"",""last_render_error"":""null"",""mpv_running"":true,""next_item"":{""alias"":""media-8e4d41f6c2"",""duration_ms"":7200,""path_alias"":""<media-path:3662a4e886>""},""playback_state"":""playing"",""playlist_size"":9,""present"":true,""uptime_sec"":583}"
539	574.493	2026-07-10T20:18:08+0000	success		2	<media-path:c58db4e1cc>	<media-path:c58db4e1cc>	<filename:9b95323d7d>	25.025	30.805333	81.235933	false	false	false	600	v4l2request-copy	true	"{""aspect"":0.5625,""dh"":640,""dw"":360,""h"":640,""par"":1.0,""pixelformat"":""nv12"",""rotate"":0,""stereo-in"":""mono"",""w"":360}"	"{""duration"":""success"",""eof-reached"":""success"",""estimated-frame-number"":""success"",""filename"":""success"",""hwdec-current"":""success"",""idle-active"":""success"",""path"":""success"",""pause"":""success"",""percent-pos"":""success"",""time-pos"":""success"",""video-params"":""success"",""vo-configured"":""success""}"	true	playing	media-907addee8b	<media-path:c58db4e1cc>	30800	3	true	"{""black_screen_risk_reason"":""null"",""blocked_media_count"":0,""consecutive_failures"":0,""current_index"":3,""current_item"":{""alias"":""media-907addee8b"",""duration_ms"":30800,""offset_ms"":0,""path_alias"":""<media-path:c58db4e1cc>"",""started_at_present"":true},""last_poll_error"":""null"",""last_render_error"":""null"",""mpv_running"":true,""next_item"":{""alias"":""media-8e4d41f6c2"",""duration_ms"":7200,""path_alias"":""<media-path:3662a4e886>""},""playback_state"":""playing"",""playlist_size"":9,""present"":true,""uptime_sec"":583}"
540	575.497	2026-07-10T20:18:09+0000	success		2	<media-path:c58db4e1cc>	<media-path:c58db4e1cc>	<filename:9b95323d7d>	26.026	30.805333	84.48537	false	false	false	624	v4l2request-copy	true	"{""aspect"":0.5625,""dh"":640,""dw"":360,""h"":640,""par"":1.0,""pixelformat"":""nv12"",""rotate"":0,""stereo-in"":""mono"",""w"":360}"	"{""duration"":""success"",""eof-reached"":""success"",""estimated-frame-number"":""success"",""filename"":""success"",""hwdec-current"":""success"",""idle-active"":""success"",""path"":""success"",""pause"":""success"",""percent-pos"":""success"",""time-pos"":""success"",""video-params"":""success"",""vo-configured"":""success""}"	true	playing	media-907addee8b	<media-path:c58db4e1cc>	30800	3	true	"{""black_screen_risk_reason"":""null"",""blocked_media_count"":0,""consecutive_failures"":0,""current_index"":3,""current_item"":{""alias"":""media-907addee8b"",""duration_ms"":30800,""offset_ms"":0,""path_alias"":""<media-path:c58db4e1cc>"",""started_at_present"":true},""last_poll_error"":""null"",""last_render_error"":""null"",""mpv_running"":true,""next_item"":{""alias"":""media-8e4d41f6c2"",""duration_ms"":7200,""path_alias"":""<media-path:3662a4e886>""},""playback_state"":""playing"",""playlist_size"":9,""present"":true,""uptime_sec"":588}"
541	576.503	2026-07-10T20:18:10+0000	success		3	<media-path:c58db4e1cc>	<media-path:c58db4e1cc>	<filename:9b95323d7d>	27.068708	30.805333	87.870201	false	false	false	648	v4l2request-copy	true	"{""aspect"":0.5625,""dh"":640,""dw"":360,""h"":640,""par"":1.0,""pixelformat"":""nv12"",""rotate"":0,""stereo-in"":""mono"",""w"":360}"	"{""duration"":""success"",""eof-reached"":""success"",""estimated-frame-number"":""success"",""filename"":""success"",""hwdec-current"":""success"",""idle-active"":""success"",""path"":""success"",""pause"":""success"",""percent-pos"":""success"",""time-pos"":""success"",""video-params"":""success"",""vo-configured"":""success""}"	true	playing	media-907addee8b	<media-path:c58db4e1cc>	30800	3	true	"{""black_screen_risk_reason"":""null"",""blocked_media_count"":0,""consecutive_failures"":0,""current_index"":3,""current_item"":{""alias"":""media-907addee8b"",""duration_ms"":30800,""offset_ms"":0,""path_alias"":""<media-path:c58db4e1cc>"",""started_at_present"":true},""last_poll_error"":""null"",""last_render_error"":""null"",""mpv_running"":true,""next_item"":{""alias"":""media-8e4d41f6c2"",""duration_ms"":7200,""path_alias"":""<media-path:3662a4e886>""},""playback_state"":""playing"",""playlist_size"":9,""present"":true,""uptime_sec"":588}"
542	577.509	2026-07-10T20:18:11+0000	success		7	<media-path:c58db4e1cc>	<media-path:c58db4e1cc>	<filename:9b95323d7d>	28.069708	30.805333	91.119638	false	false	false	672	v4l2request-copy	true	"{""aspect"":0.5625,""dh"":640,""dw"":360,""h"":640,""par"":1.0,""pixelformat"":""nv12"",""rotate"":0,""stereo-in"":""mono"",""w"":360}"	"{""duration"":""success"",""eof-reached"":""success"",""estimated-frame-number"":""success"",""filename"":""success"",""hwdec-current"":""success"",""idle-active"":""success"",""path"":""success"",""pause"":""success"",""percent-pos"":""success"",""time-pos"":""success"",""video-params"":""success"",""vo-configured"":""success""}"	true	playing	media-907addee8b	<media-path:c58db4e1cc>	30800	3	true	"{""black_screen_risk_reason"":""null"",""blocked_media_count"":0,""consecutive_failures"":0,""current_index"":3,""current_item"":{""alias"":""media-907addee8b"",""duration_ms"":30800,""offset_ms"":0,""path_alias"":""<media-path:c58db4e1cc>"",""started_at_present"":true},""last_poll_error"":""null"",""last_render_error"":""null"",""mpv_running"":true,""next_item"":{""alias"":""media-8e4d41f6c2"",""duration_ms"":7200,""path_alias"":""<media-path:3662a4e886>""},""playback_state"":""playing"",""playlist_size"":9,""present"":true,""uptime_sec"":588}"
543	578.518	2026-07-10T20:18:12+0000	success		2	<media-path:c58db4e1cc>	<media-path:c58db4e1cc>	<filename:9b95323d7d>	29.070708	30.805333	94.369076	false	false	false	696	v4l2request-copy	true	"{""aspect"":0.5625,""dh"":640,""dw"":360,""h"":640,""par"":1.0,""pixelformat"":""nv12"",""rotate"":0,""stereo-in"":""mono"",""w"":360}"	"{""duration"":""success"",""eof-reached"":""success"",""estimated-frame-number"":""success"",""filename"":""success"",""hwdec-current"":""success"",""idle-active"":""success"",""path"":""success"",""pause"":""success"",""percent-pos"":""success"",""time-pos"":""success"",""video-params"":""success"",""vo-configured"":""success""}"	true	playing	media-907addee8b	<media-path:c58db4e1cc>	30800	3	true	"{""black_screen_risk_reason"":""null"",""blocked_media_count"":0,""consecutive_failures"":0,""current_index"":3,""current_item"":{""alias"":""media-907addee8b"",""duration_ms"":30800,""offset_ms"":0,""path_alias"":""<media-path:c58db4e1cc>"",""started_at_present"":true},""last_poll_error"":""null"",""last_render_error"":""null"",""mpv_running"":true,""next_item"":{""alias"":""media-8e4d41f6c2"",""duration_ms"":7200,""path_alias"":""<media-path:3662a4e886>""},""playback_state"":""playing"",""playlist_size"":9,""present"":true,""uptime_sec"":588}"
544	579.522	2026-07-10T20:18:13+0000	success		2	<media-path:c58db4e1cc>	<media-path:c58db4e1cc>	<filename:9b95323d7d>	30.071708	30.805333	97.618513	false	false	false	720	v4l2request-copy	true	"{""aspect"":0.5625,""dh"":640,""dw"":360,""h"":640,""par"":1.0,""pixelformat"":""nv12"",""rotate"":0,""stereo-in"":""mono"",""w"":360}"	"{""duration"":""success"",""eof-reached"":""success"",""estimated-frame-number"":""success"",""filename"":""success"",""hwdec-current"":""success"",""idle-active"":""success"",""path"":""success"",""pause"":""success"",""percent-pos"":""success"",""time-pos"":""success"",""video-params"":""success"",""vo-configured"":""success""}"	true	playing	media-907addee8b	<media-path:c58db4e1cc>	30800	3	true	"{""black_screen_risk_reason"":""null"",""blocked_media_count"":0,""consecutive_failures"":0,""current_index"":3,""current_item"":{""alias"":""media-907addee8b"",""duration_ms"":30800,""offset_ms"":0,""path_alias"":""<media-path:c58db4e1cc>"",""started_at_present"":true},""last_poll_error"":""null"",""last_render_error"":""null"",""mpv_running"":true,""next_item"":{""alias"":""media-8e4d41f6c2"",""duration_ms"":7200,""path_alias"":""<media-path:3662a4e886>""},""playback_state"":""playing"",""playlist_size"":9,""present"":true,""uptime_sec"":588}"
545	580.526	2026-07-10T20:18:14+0000	success		14	<media-path:3662a4e886>	<media-path:3662a4e886>	<filename:0a2aeee29a>	0.166667	7.221406	2.307953	false	false	false	5	v4l2request-copy	true	"{""aspect"":0.5625,""dh"":1024,""dw"":576,""h"":1024,""par"":1.0,""pixelformat"":""nv12"",""rotate"":0,""stereo-in"":""mono"",""w"":576}"	"{""duration"":""success"",""eof-reached"":""success"",""estimated-frame-number"":""success"",""filename"":""success"",""hwdec-current"":""success"",""idle-active"":""success"",""path"":""success"",""pause"":""success"",""percent-pos"":""success"",""time-pos"":""success"",""video-params"":""success"",""vo-configured"":""success""}"	true	playing	media-907addee8b	<media-path:c58db4e1cc>	30800	3	true	"{""black_screen_risk_reason"":""null"",""blocked_media_count"":0,""consecutive_failures"":0,""current_index"":3,""current_item"":{""alias"":""media-907addee8b"",""duration_ms"":30800,""offset_ms"":0,""path_alias"":""<media-path:c58db4e1cc>"",""started_at_present"":true},""last_poll_error"":""null"",""last_render_error"":""null"",""mpv_running"":true,""next_item"":{""alias"":""media-8e4d41f6c2"",""duration_ms"":7200,""path_alias"":""<media-path:3662a4e886>""},""playback_state"":""playing"",""playlist_size"":9,""present"":true,""uptime_sec"":593}"
546	581.543	2026-07-10T20:18:15+0000	success		14	<media-path:3662a4e886>	<media-path:3662a4e886>	<filename:0a2aeee29a>	1.166667	7.221406	16.155672	false	false	false	35	v4l2request-copy	true	"{""aspect"":0.5625,""dh"":1024,""dw"":576,""h"":1024,""par"":1.0,""pixelformat"":""nv12"",""rotate"":0,""stereo-in"":""mono"",""w"":576}"	"{""duration"":""success"",""eof-reached"":""success"",""estimated-frame-number"":""success"",""filename"":""success"",""hwdec-current"":""success"",""idle-active"":""success"",""path"":""success"",""pause"":""success"",""percent-pos"":""success"",""time-pos"":""success"",""video-params"":""success"",""vo-configured"":""success""}"	true	playing	media-907addee8b	<media-path:c58db4e1cc>	30800	3	true	"{""black_screen_risk_reason"":""null"",""blocked_media_count"":0,""consecutive_failures"":0,""current_index"":3,""current_item"":{""alias"":""media-907addee8b"",""duration_ms"":30800,""offset_ms"":0,""path_alias"":""<media-path:c58db4e1cc>"",""started_at_present"":true},""last_poll_error"":""null"",""last_render_error"":""null"",""mpv_running"":true,""next_item"":{""alias"":""media-8e4d41f6c2"",""duration_ms"":7200,""path_alias"":""<media-path:3662a4e886>""},""playback_state"":""playing"",""playlist_size"":9,""present"":true,""uptime_sec"":593}"
547	582.559	2026-07-10T20:18:16+0000	success		2	<media-path:3662a4e886>	<media-path:3662a4e886>	<filename:0a2aeee29a>	2.2	7.221406	30.464982	false	false	false	65	v4l2request-copy	true	"{""aspect"":0.5625,""dh"":1024,""dw"":576,""h"":1024,""par"":1.0,""pixelformat"":""nv12"",""rotate"":0,""stereo-in"":""mono"",""w"":576}"	"{""duration"":""success"",""eof-reached"":""success"",""estimated-frame-number"":""success"",""filename"":""success"",""hwdec-current"":""success"",""idle-active"":""success"",""path"":""success"",""pause"":""success"",""percent-pos"":""success"",""time-pos"":""success"",""video-params"":""success"",""vo-configured"":""success""}"	true	playing	media-907addee8b	<media-path:c58db4e1cc>	30800	3	true	"{""black_screen_risk_reason"":""null"",""blocked_media_count"":0,""consecutive_failures"":0,""current_index"":3,""current_item"":{""alias"":""media-907addee8b"",""duration_ms"":30800,""offset_ms"":0,""path_alias"":""<media-path:c58db4e1cc>"",""started_at_present"":true},""last_poll_error"":""null"",""last_render_error"":""null"",""mpv_running"":true,""next_item"":{""alias"":""media-8e4d41f6c2"",""duration_ms"":7200,""path_alias"":""<media-path:3662a4e886>""},""playback_state"":""playing"",""playlist_size"":9,""present"":true,""uptime_sec"":593}"
548	583.564	2026-07-10T20:18:17+0000	success		2	<media-path:3662a4e886>	<media-path:3662a4e886>	<filename:0a2aeee29a>	3.2	7.221406	44.312701	false	false	false	95	v4l2request-copy	true	"{""aspect"":0.5625,""dh"":1024,""dw"":576,""h"":1024,""par"":1.0,""pixelformat"":""nv12"",""rotate"":0,""stereo-in"":""mono"",""w"":576}"	"{""duration"":""success"",""eof-reached"":""success"",""estimated-frame-number"":""success"",""filename"":""success"",""hwdec-current"":""success"",""idle-active"":""success"",""path"":""success"",""pause"":""success"",""percent-pos"":""success"",""time-pos"":""success"",""video-params"":""success"",""vo-configured"":""success""}"	true	playing	media-907addee8b	<media-path:c58db4e1cc>	30800	3	true	"{""black_screen_risk_reason"":""null"",""blocked_media_count"":0,""consecutive_failures"":0,""current_index"":3,""current_item"":{""alias"":""media-907addee8b"",""duration_ms"":30800,""offset_ms"":0,""path_alias"":""<media-path:c58db4e1cc>"",""started_at_present"":true},""last_poll_error"":""null"",""last_render_error"":""null"",""mpv_running"":true,""next_item"":{""alias"":""media-8e4d41f6c2"",""duration_ms"":7200,""path_alias"":""<media-path:3662a4e886>""},""playback_state"":""playing"",""playlist_size"":9,""present"":true,""uptime_sec"":593}"
549	584.569	2026-07-10T20:18:18+0000	success		2	<media-path:3662a4e886>	<media-path:3662a4e886>	<filename:0a2aeee29a>	4.2	7.221406	58.16042	false	false	false	125	v4l2request-copy	true	"{""aspect"":0.5625,""dh"":1024,""dw"":576,""h"":1024,""par"":1.0,""pixelformat"":""nv12"",""rotate"":0,""stereo-in"":""mono"",""w"":576}"	"{""duration"":""success"",""eof-reached"":""success"",""estimated-frame-number"":""success"",""filename"":""success"",""hwdec-current"":""success"",""idle-active"":""success"",""path"":""success"",""pause"":""success"",""percent-pos"":""success"",""time-pos"":""success"",""video-params"":""success"",""vo-configured"":""success""}"	true	playing	media-907addee8b	<media-path:c58db4e1cc>	30800	3	true	"{""black_screen_risk_reason"":""null"",""blocked_media_count"":0,""consecutive_failures"":0,""current_index"":3,""current_item"":{""alias"":""media-907addee8b"",""duration_ms"":30800,""offset_ms"":0,""path_alias"":""<media-path:c58db4e1cc>"",""started_at_present"":true},""last_poll_error"":""null"",""last_render_error"":""null"",""mpv_running"":true,""next_item"":{""alias"":""media-8e4d41f6c2"",""duration_ms"":7200,""path_alias"":""<media-path:3662a4e886>""},""playback_state"":""playing"",""playlist_size"":9,""present"":true,""uptime_sec"":593}"
550	585.574	2026-07-10T20:18:19+0000	success		2	<media-path:3662a4e886>	<media-path:3662a4e886>	<filename:0a2aeee29a>	5.2	7.221406	72.008139	false	false	false	155	v4l2request-copy	true	"{""aspect"":0.5625,""dh"":1024,""dw"":576,""h"":1024,""par"":1.0,""pixelformat"":""nv12"",""rotate"":0,""stereo-in"":""mono"",""w"":576}"	"{""duration"":""success"",""eof-reached"":""success"",""estimated-frame-number"":""success"",""filename"":""success"",""hwdec-current"":""success"",""idle-active"":""success"",""path"":""success"",""pause"":""success"",""percent-pos"":""success"",""time-pos"":""success"",""video-params"":""success"",""vo-configured"":""success""}"	true	playing	media-8e4d41f6c2	<media-path:3662a4e886>	7200	4	true	"{""black_screen_risk_reason"":""null"",""blocked_media_count"":0,""consecutive_failures"":0,""current_index"":4,""current_item"":{""alias"":""media-8e4d41f6c2"",""duration_ms"":7200,""offset_ms"":0,""path_alias"":""<media-path:3662a4e886>"",""started_at_present"":true},""last_poll_error"":""null"",""last_render_error"":""null"",""mpv_running"":true,""next_item"":{""alias"":""media-fba32b0055"",""duration_ms"":5100,""path_alias"":""<media-path:97100fcdae>""},""playback_state"":""playing"",""playlist_size"":9,""present"":true,""uptime_sec"":598}"
551	586.579	2026-07-10T20:18:20+0000	success		10	<media-path:3662a4e886>	<media-path:3662a4e886>	<filename:0a2aeee29a>	6.2	7.221406	85.855858	false	false	false	185	v4l2request-copy	true	"{""aspect"":0.5625,""dh"":1024,""dw"":576,""h"":1024,""par"":1.0,""pixelformat"":""nv12"",""rotate"":0,""stereo-in"":""mono"",""w"":576}"	"{""duration"":""success"",""eof-reached"":""success"",""estimated-frame-number"":""success"",""filename"":""success"",""hwdec-current"":""success"",""idle-active"":""success"",""path"":""success"",""pause"":""success"",""percent-pos"":""success"",""time-pos"":""success"",""video-params"":""success"",""vo-configured"":""success""}"	true	playing	media-8e4d41f6c2	<media-path:3662a4e886>	7200	4	true	"{""black_screen_risk_reason"":""null"",""blocked_media_count"":0,""consecutive_failures"":0,""current_index"":4,""current_item"":{""alias"":""media-8e4d41f6c2"",""duration_ms"":7200,""offset_ms"":0,""path_alias"":""<media-path:3662a4e886>"",""started_at_present"":true},""last_poll_error"":""null"",""last_render_error"":""null"",""mpv_running"":true,""next_item"":{""alias"":""media-fba32b0055"",""duration_ms"":5100,""path_alias"":""<media-path:97100fcdae>""},""playback_state"":""playing"",""playlist_size"":9,""present"":true,""uptime_sec"":598}"
552	587.592	2026-07-10T20:18:21+0000	success		17	<media-path:3662a4e886>	<media-path:3662a4e886>	<filename:0a2aeee29a>	0	7.221406	0	false	false	false	0	v4l2request-copy	true	"{""aspect"":0.5625,""dh"":1024,""dw"":576,""h"":1024,""par"":1.0,""pixelformat"":""nv12"",""rotate"":0,""stereo-in"":""mono"",""w"":576}"	"{""duration"":""success"",""eof-reached"":""success"",""estimated-frame-number"":""success"",""filename"":""success"",""hwdec-current"":""success"",""idle-active"":""success"",""path"":""success"",""pause"":""success"",""percent-pos"":""success"",""time-pos"":""success"",""video-params"":""success"",""vo-configured"":""success""}"	true	playing	media-8e4d41f6c2	<media-path:3662a4e886>	7200	4	true	"{""black_screen_risk_reason"":""null"",""blocked_media_count"":0,""consecutive_failures"":0,""current_index"":4,""current_item"":{""alias"":""media-8e4d41f6c2"",""duration_ms"":7200,""offset_ms"":0,""path_alias"":""<media-path:3662a4e886>"",""started_at_present"":true},""last_poll_error"":""null"",""last_render_error"":""null"",""mpv_running"":true,""next_item"":{""alias"":""media-fba32b0055"",""duration_ms"":5100,""path_alias"":""<media-path:97100fcdae>""},""playback_state"":""playing"",""playlist_size"":9,""present"":true,""uptime_sec"":598}"
553	588.612	2026-07-10T20:18:22+0000	success		2	<media-path:97100fcdae>	<media-path:97100fcdae>	<filename:a4bfef2b1b>	0.933333	5.06195	18.438217	false	false	false	28	v4l2request-copy	true	"{""aspect"":0.697674,""dh"":688,""dw"":480,""h"":688,""par"":1.0,""pixelformat"":""nv12"",""rotate"":0,""stereo-in"":""mono"",""w"":480}"	"{""duration"":""success"",""eof-reached"":""success"",""estimated-frame-number"":""success"",""filename"":""success"",""hwdec-current"":""success"",""idle-active"":""success"",""path"":""success"",""pause"":""success"",""percent-pos"":""success"",""time-pos"":""success"",""video-params"":""success"",""vo-configured"":""success""}"	true	playing	media-8e4d41f6c2	<media-path:3662a4e886>	7200	4	true	"{""black_screen_risk_reason"":""null"",""blocked_media_count"":0,""consecutive_failures"":0,""current_index"":4,""current_item"":{""alias"":""media-8e4d41f6c2"",""duration_ms"":7200,""offset_ms"":0,""path_alias"":""<media-path:3662a4e886>"",""started_at_present"":true},""last_poll_error"":""null"",""last_render_error"":""null"",""mpv_running"":true,""next_item"":{""alias"":""media-fba32b0055"",""duration_ms"":5100,""path_alias"":""<media-path:97100fcdae>""},""playback_state"":""playing"",""playlist_size"":9,""present"":true,""uptime_sec"":598}"
554	589.616	2026-07-10T20:18:23+0000	success		2	<media-path:97100fcdae>	<media-path:97100fcdae>	<filename:a4bfef2b1b>	1.966667	5.06195	38.851957	false	false	false	59	v4l2request-copy	true	"{""aspect"":0.697674,""dh"":688,""dw"":480,""h"":688,""par"":1.0,""pixelformat"":""nv12"",""rotate"":0,""stereo-in"":""mono"",""w"":480}"	"{""duration"":""success"",""eof-reached"":""success"",""estimated-frame-number"":""success"",""filename"":""success"",""hwdec-current"":""success"",""idle-active"":""success"",""path"":""success"",""pause"":""success"",""percent-pos"":""success"",""time-pos"":""success"",""video-params"":""success"",""vo-configured"":""success""}"	true	playing	media-8e4d41f6c2	<media-path:3662a4e886>	7200	4	true	"{""black_screen_risk_reason"":""null"",""blocked_media_count"":0,""consecutive_failures"":0,""current_index"":4,""current_item"":{""alias"":""media-8e4d41f6c2"",""duration_ms"":7200,""offset_ms"":0,""path_alias"":""<media-path:3662a4e886>"",""started_at_present"":true},""last_poll_error"":""null"",""last_render_error"":""null"",""mpv_running"":true,""next_item"":{""alias"":""media-fba32b0055"",""duration_ms"":5100,""path_alias"":""<media-path:97100fcdae>""},""playback_state"":""playing"",""playlist_size"":9,""present"":true,""uptime_sec"":598}"
555	590.620	2026-07-10T20:18:24+0000	success		2	<media-path:97100fcdae>	<media-path:97100fcdae>	<filename:a4bfef2b1b>	2.966667	5.06195	58.607189	false	false	false	88	v4l2request-copy	true	"{""aspect"":0.697674,""dh"":688,""dw"":480,""h"":688,""par"":1.0,""pixelformat"":""nv12"",""rotate"":0,""stereo-in"":""mono"",""w"":480}"	"{""duration"":""success"",""eof-reached"":""success"",""estimated-frame-number"":""success"",""filename"":""success"",""hwdec-current"":""success"",""idle-active"":""success"",""path"":""success"",""pause"":""success"",""percent-pos"":""success"",""time-pos"":""success"",""video-params"":""success"",""vo-configured"":""success""}"	true	playing	media-fba32b0055	<media-path:97100fcdae>	5100	5	true	"{""black_screen_risk_reason"":""null"",""blocked_media_count"":0,""consecutive_failures"":0,""current_index"":5,""current_item"":{""alias"":""media-fba32b0055"",""duration_ms"":5100,""offset_ms"":0,""path_alias"":""<media-path:97100fcdae>"",""started_at_present"":true},""last_poll_error"":""null"",""last_render_error"":""null"",""mpv_running"":true,""next_item"":{""alias"":""media-749f1db21b"",""duration_ms"":3900,""path_alias"":""<media-path:31af3d58a2>""},""playback_state"":""playing"",""playlist_size"":9,""present"":true,""uptime_sec"":603}"
556	591.625	2026-07-10T20:18:25+0000	success		2	<media-path:97100fcdae>	<media-path:97100fcdae>	<filename:a4bfef2b1b>	3.966667	5.06195	78.362421	false	false	false	118	v4l2request-copy	true	"{""aspect"":0.697674,""dh"":688,""dw"":480,""h"":688,""par"":1.0,""pixelformat"":""nv12"",""rotate"":0,""stereo-in"":""mono"",""w"":480}"	"{""duration"":""success"",""eof-reached"":""success"",""estimated-frame-number"":""success"",""filename"":""success"",""hwdec-current"":""success"",""idle-active"":""success"",""path"":""success"",""pause"":""success"",""percent-pos"":""success"",""time-pos"":""success"",""video-params"":""success"",""vo-configured"":""success""}"	true	playing	media-fba32b0055	<media-path:97100fcdae>	5100	5	true	"{""black_screen_risk_reason"":""null"",""blocked_media_count"":0,""consecutive_failures"":0,""current_index"":5,""current_item"":{""alias"":""media-fba32b0055"",""duration_ms"":5100,""offset_ms"":0,""path_alias"":""<media-path:97100fcdae>"",""started_at_present"":true},""last_poll_error"":""null"",""last_render_error"":""null"",""mpv_running"":true,""next_item"":{""alias"":""media-749f1db21b"",""duration_ms"":3900,""path_alias"":""<media-path:31af3d58a2>""},""playback_state"":""playing"",""playlist_size"":9,""present"":true,""uptime_sec"":603}"
557	592.631	2026-07-10T20:18:26+0000	success		3	<media-path:97100fcdae>	<media-path:97100fcdae>	<filename:a4bfef2b1b>	0	5.06195	0	false	false	false	0	v4l2request-copy	true	"{""aspect"":0.697674,""dh"":688,""dw"":480,""h"":688,""par"":1.0,""pixelformat"":""nv12"",""rotate"":0,""stereo-in"":""mono"",""w"":480}"	"{""duration"":""success"",""eof-reached"":""success"",""estimated-frame-number"":""success"",""filename"":""success"",""hwdec-current"":""success"",""idle-active"":""success"",""path"":""success"",""pause"":""success"",""percent-pos"":""success"",""time-pos"":""success"",""video-params"":""success"",""vo-configured"":""success""}"	true	playing	media-fba32b0055	<media-path:97100fcdae>	5100	5	true	"{""black_screen_risk_reason"":""null"",""blocked_media_count"":0,""consecutive_failures"":0,""current_index"":5,""current_item"":{""alias"":""media-fba32b0055"",""duration_ms"":5100,""offset_ms"":0,""path_alias"":""<media-path:97100fcdae>"",""started_at_present"":true},""last_poll_error"":""null"",""last_render_error"":""null"",""mpv_running"":true,""next_item"":{""alias"":""media-749f1db21b"",""duration_ms"":3900,""path_alias"":""<media-path:31af3d58a2>""},""playback_state"":""playing"",""playlist_size"":9,""present"":true,""uptime_sec"":603}"
558	593.639	2026-07-10T20:18:27+0000	success		2	<media-path:31af3d58a2>	<media-path:31af3d58a2>	<filename:92829f14a9>	0.633333	3.9	16.239316	false	false	false	19	v4l2request-copy	true	"{""aspect"":0.566038,""dh"":848,""dw"":480,""h"":848,""par"":1.0,""pixelformat"":""nv12"",""rotate"":0,""stereo-in"":""mono"",""w"":480}"	"{""duration"":""success"",""eof-reached"":""success"",""estimated-frame-number"":""success"",""filename"":""success"",""hwdec-current"":""success"",""idle-active"":""success"",""path"":""success"",""pause"":""success"",""percent-pos"":""success"",""time-pos"":""success"",""video-params"":""success"",""vo-configured"":""success""}"	true	playing	media-fba32b0055	<media-path:97100fcdae>	5100	5	true	"{""black_screen_risk_reason"":""null"",""blocked_media_count"":0,""consecutive_failures"":0,""current_index"":5,""current_item"":{""alias"":""media-fba32b0055"",""duration_ms"":5100,""offset_ms"":0,""path_alias"":""<media-path:97100fcdae>"",""started_at_present"":true},""last_poll_error"":""null"",""last_render_error"":""null"",""mpv_running"":true,""next_item"":{""alias"":""media-749f1db21b"",""duration_ms"":3900,""path_alias"":""<media-path:31af3d58a2>""},""playback_state"":""playing"",""playlist_size"":9,""present"":true,""uptime_sec"":603}"
559	594.643	2026-07-10T20:18:28+0000	success		2	<media-path:31af3d58a2>	<media-path:31af3d58a2>	<filename:92829f14a9>	1.633333	3.9	41.880342	false	false	false	49	v4l2request-copy	true	"{""aspect"":0.566038,""dh"":848,""dw"":480,""h"":848,""par"":1.0,""pixelformat"":""nv12"",""rotate"":0,""stereo-in"":""mono"",""w"":480}"	"{""duration"":""success"",""eof-reached"":""success"",""estimated-frame-number"":""success"",""filename"":""success"",""hwdec-current"":""success"",""idle-active"":""success"",""path"":""success"",""pause"":""success"",""percent-pos"":""success"",""time-pos"":""success"",""video-params"":""success"",""vo-configured"":""success""}"	true	playing	media-fba32b0055	<media-path:97100fcdae>	5100	5	true	"{""black_screen_risk_reason"":""null"",""blocked_media_count"":0,""consecutive_failures"":0,""current_index"":5,""current_item"":{""alias"":""media-fba32b0055"",""duration_ms"":5100,""offset_ms"":0,""path_alias"":""<media-path:97100fcdae>"",""started_at_present"":true},""last_poll_error"":""null"",""last_render_error"":""null"",""mpv_running"":true,""next_item"":{""alias"":""media-749f1db21b"",""duration_ms"":3900,""path_alias"":""<media-path:31af3d58a2>""},""playback_state"":""playing"",""playlist_size"":9,""present"":true,""uptime_sec"":603}"
560	595.648	2026-07-10T20:18:29+0000	success		2	<media-path:31af3d58a2>	<media-path:31af3d58a2>	<filename:92829f14a9>	2.666667	3.9	68.376068	false	false	false	79	v4l2request-copy	true	"{""aspect"":0.566038,""dh"":848,""dw"":480,""h"":848,""par"":1.0,""pixelformat"":""nv12"",""rotate"":0,""stereo-in"":""mono"",""w"":480}"	"{""duration"":""success"",""eof-reached"":""success"",""estimated-frame-number"":""success"",""filename"":""success"",""hwdec-current"":""success"",""idle-active"":""success"",""path"":""success"",""pause"":""success"",""percent-pos"":""success"",""time-pos"":""success"",""video-params"":""success"",""vo-configured"":""success""}"	true	playing	media-749f1db21b	<media-path:31af3d58a2>	3900	6	true	"{""black_screen_risk_reason"":""null"",""blocked_media_count"":0,""consecutive_failures"":0,""current_index"":6,""current_item"":{""alias"":""media-749f1db21b"",""duration_ms"":3900,""offset_ms"":0,""path_alias"":""<media-path:31af3d58a2>"",""started_at_present"":true},""last_poll_error"":""null"",""last_render_error"":""null"",""mpv_running"":true,""next_item"":{""alias"":""media-b8c9a5f04c"",""duration_ms"":28100,""path_alias"":""<media-path:3ba49b8978>""},""playback_state"":""playing"",""playlist_size"":9,""present"":true,""uptime_sec"":608}"
561	596.652	2026-07-10T20:18:30+0000	success		2	<media-path:31af3d58a2>	<media-path:31af3d58a2>	<filename:92829f14a9>	3.666667	3.9	94.017094	false	false	false	109	v4l2request-copy	true	"{""aspect"":0.566038,""dh"":848,""dw"":480,""h"":848,""par"":1.0,""pixelformat"":""nv12"",""rotate"":0,""stereo-in"":""mono"",""w"":480}"	"{""duration"":""success"",""eof-reached"":""success"",""estimated-frame-number"":""success"",""filename"":""success"",""hwdec-current"":""success"",""idle-active"":""success"",""path"":""success"",""pause"":""success"",""percent-pos"":""success"",""time-pos"":""success"",""video-params"":""success"",""vo-configured"":""success""}"	true	playing	media-749f1db21b	<media-path:31af3d58a2>	3900	6	true	"{""black_screen_risk_reason"":""null"",""blocked_media_count"":0,""consecutive_failures"":0,""current_index"":6,""current_item"":{""alias"":""media-749f1db21b"",""duration_ms"":3900,""offset_ms"":0,""path_alias"":""<media-path:31af3d58a2>"",""started_at_present"":true},""last_poll_error"":""null"",""last_render_error"":""null"",""mpv_running"":true,""next_item"":{""alias"":""media-b8c9a5f04c"",""duration_ms"":28100,""path_alias"":""<media-path:3ba49b8978>""},""playback_state"":""playing"",""playlist_size"":9,""present"":true,""uptime_sec"":608}"
562	597.657	2026-07-10T20:18:31+0000	success		530	<media-path:3ba49b8978>	<media-path:3ba49b8978>	<filename:e511e8bce0>	0.333667	28.061367	1.426873	false	false	false	14	v4l2request-copy	true	"{""aspect"":0.5625,""dh"":1920,""dw"":1080,""h"":1920,""par"":1.0,""pixelformat"":""nv12"",""rotate"":0,""stereo-in"":""mono"",""w"":1080}"	"{""duration"":""success"",""eof-reached"":""success"",""estimated-frame-number"":""success"",""filename"":""success"",""hwdec-current"":""success"",""idle-active"":""success"",""path"":""success"",""pause"":""success"",""percent-pos"":""success"",""time-pos"":""success"",""video-params"":""success"",""vo-configured"":""success""}"	true	playing	media-749f1db21b	<media-path:31af3d58a2>	3900	6	true	"{""black_screen_risk_reason"":""null"",""blocked_media_count"":0,""consecutive_failures"":0,""current_index"":6,""current_item"":{""alias"":""media-749f1db21b"",""duration_ms"":3900,""offset_ms"":0,""path_alias"":""<media-path:31af3d58a2>"",""started_at_present"":true},""last_poll_error"":""null"",""last_render_error"":""null"",""mpv_running"":true,""next_item"":{""alias"":""media-b8c9a5f04c"",""duration_ms"":28100,""path_alias"":""<media-path:3ba49b8978>""},""playback_state"":""playing"",""playlist_size"":9,""present"":true,""uptime_sec"":608}"
563	599.191	2026-07-10T20:18:33+0000	success		503	<media-path:3ba49b8978>	<media-path:3ba49b8978>	<filename:e511e8bce0>	1.5015	28.061367	5.588585	false	false	false	49	v4l2request-copy	true	"{""aspect"":0.5625,""dh"":1920,""dw"":1080,""h"":1920,""par"":1.0,""pixelformat"":""nv12"",""rotate"":0,""stereo-in"":""mono"",""w"":1080}"	"{""duration"":""success"",""eof-reached"":""success"",""estimated-frame-number"":""success"",""filename"":""success"",""hwdec-current"":""success"",""idle-active"":""success"",""path"":""success"",""pause"":""success"",""percent-pos"":""success"",""time-pos"":""success"",""video-params"":""success"",""vo-configured"":""success""}"	true	playing	media-749f1db21b	<media-path:31af3d58a2>	3900	6	true	"{""black_screen_risk_reason"":""null"",""blocked_media_count"":0,""consecutive_failures"":0,""current_index"":6,""current_item"":{""alias"":""media-749f1db21b"",""duration_ms"":3900,""offset_ms"":0,""path_alias"":""<media-path:31af3d58a2>"",""started_at_present"":true},""last_poll_error"":""null"",""last_render_error"":""null"",""mpv_running"":true,""next_item"":{""alias"":""media-b8c9a5f04c"",""duration_ms"":28100,""path_alias"":""<media-path:3ba49b8978>""},""playback_state"":""playing"",""playlist_size"":9,""present"":true,""uptime_sec"":608}"
