seq	rel_sec	wall_time	ipc_result	ipc_error	ipc_elapsed_ms	current_alias	path_alias	current_path_kind	filename_alias	time_pos	duration	percent_pos	idle_active	pause	eof_reached	estimated_frame_number	hwdec_current	vo_configured	video_params_json	property_errors_json	status_present	status_playback_state	status_current_alias	status_path_alias	status_duration_ms	status_current_index	status_mpv_running	status_snapshot_json
1	0.001	2026-07-15T16:08:32+0000	success		469	<media-path:3ba49b8978>	<media-path:3ba49b8978>	motion_media	<filename:e511e8bce0>	1.334667	28.061367	4.994055	false	false	false	44	v4l2request-copy	true	"{""aspect"":0.5625,""dh"":1920,""dw"":1080,""h"":1920,""par"":1.0,""pixelformat"":""nv12"",""rotate"":0,""stereo-in"":""mono"",""w"":1080}"	"{""duration"":""success"",""eof-reached"":""success"",""estimated-frame-number"":""success"",""filename"":""success"",""hwdec-current"":""success"",""idle-active"":""success"",""path"":""success"",""pause"":""success"",""percent-pos"":""success"",""time-pos"":""success"",""video-params"":""success"",""vo-configured"":""success""}"	true	playing	media-749f1db21b	<media-path:31af3d58a2>	3900	3	true	"{""black_screen_risk_reason"":""null"",""blocked_media_count"":0,""consecutive_failures"":0,""current_index"":3,""current_item"":{""alias"":""media-749f1db21b"",""duration_ms"":3900,""media_kind"":""motion_media"",""offset_ms"":0,""path_alias"":""<media-path:31af3d58a2>"",""started_at_present"":true},""last_poll_error"":""null"",""last_render_error"":""null"",""mpv_running"":true,""next_item"":{""alias"":""media-b8c9a5f04c"",""duration_ms"":28100,""media_kind"":""motion_media"",""path_alias"":""<media-path:3ba49b8978>""},""playback_state"":""playing"",""playlist_size"":5,""present"":true,""uptime_sec"":129}"
2	1.474	2026-07-15T16:08:34+0000	success		207	<media-path:3ba49b8978>	<media-path:3ba49b8978>	motion_media	<filename:e511e8bce0>	2.5025	28.061367	9.155767	false	false	false	77	v4l2request-copy	true	"{""aspect"":0.5625,""dh"":1920,""dw"":1080,""h"":1920,""par"":1.0,""pixelformat"":""nv12"",""rotate"":0,""stereo-in"":""mono"",""w"":1080}"	"{""duration"":""success"",""eof-reached"":""success"",""estimated-frame-number"":""success"",""filename"":""success"",""hwdec-current"":""success"",""idle-active"":""success"",""path"":""success"",""pause"":""success"",""percent-pos"":""success"",""time-pos"":""success"",""video-params"":""success"",""vo-configured"":""success""}"	true	playing	media-749f1db21b	<media-path:31af3d58a2>	3900	3	true	"{""black_screen_risk_reason"":""null"",""blocked_media_count"":0,""consecutive_failures"":0,""current_index"":3,""current_item"":{""alias"":""media-749f1db21b"",""duration_ms"":3900,""media_kind"":""motion_media"",""offset_ms"":0,""path_alias"":""<media-path:31af3d58a2>"",""started_at_present"":true},""last_poll_error"":""null"",""last_render_error"":""null"",""mpv_running"":true,""next_item"":{""alias"":""media-b8c9a5f04c"",""duration_ms"":28100,""media_kind"":""motion_media"",""path_alias"":""<media-path:3ba49b8978>""},""playback_state"":""playing"",""playlist_size"":5,""present"":true,""uptime_sec"":129}"
3	2.685	2026-07-15T16:08:35+0000	success		468	<media-path:3ba49b8978>	<media-path:3ba49b8978>	motion_media	<filename:e511e8bce0>	3.436767	28.061367	12.485137	false	false	false	107	v4l2request-copy	true	"{""aspect"":0.5625,""dh"":1920,""dw"":1080,""h"":1920,""par"":1.0,""pixelformat"":""nv12"",""rotate"":0,""stereo-in"":""mono"",""w"":1080}"	"{""duration"":""success"",""eof-reached"":""success"",""estimated-frame-number"":""success"",""filename"":""success"",""hwdec-current"":""success"",""idle-active"":""success"",""path"":""success"",""pause"":""success"",""percent-pos"":""success"",""time-pos"":""success"",""video-params"":""success"",""vo-configured"":""success""}"	true	playing	media-b8c9a5f04c	<media-path:3ba49b8978>	28100	4	true	"{""black_screen_risk_reason"":""null"",""blocked_media_count"":0,""consecutive_failures"":0,""current_index"":4,""current_item"":{""alias"":""media-b8c9a5f04c"",""duration_ms"":28100,""media_kind"":""motion_media"",""offset_ms"":0,""path_alias"":""<media-path:3ba49b8978>"",""started_at_present"":true},""last_poll_error"":""null"",""last_render_error"":""null"",""mpv_running"":true,""next_item"":{""alias"":""media-63e22e276f"",""duration_ms"":15100,""media_kind"":""motion_media"",""path_alias"":""<media-path:c406539999>""},""playback_state"":""playing"",""playlist_size"":5,""present"":true,""uptime_sec"":134}"
4	4.159	2026-07-15T16:08:37+0000	success		363	<media-path:3ba49b8978>	<media-path:3ba49b8978>	motion_media	<filename:e511e8bce0>	4.6046	28.061367	16.646849	false	false	false	142	v4l2request-copy	true	"{""aspect"":0.5625,""dh"":1920,""dw"":1080,""h"":1920,""par"":1.0,""pixelformat"":""nv12"",""rotate"":0,""stereo-in"":""mono"",""w"":1080}"	"{""duration"":""success"",""eof-reached"":""success"",""estimated-frame-number"":""success"",""filename"":""success"",""hwdec-current"":""success"",""idle-active"":""success"",""path"":""success"",""pause"":""success"",""percent-pos"":""success"",""time-pos"":""success"",""video-params"":""success"",""vo-configured"":""success""}"	true	playing	media-b8c9a5f04c	<media-path:3ba49b8978>	28100	4	true	"{""black_screen_risk_reason"":""null"",""blocked_media_count"":0,""consecutive_failures"":0,""current_index"":4,""current_item"":{""alias"":""media-b8c9a5f04c"",""duration_ms"":28100,""media_kind"":""motion_media"",""offset_ms"":0,""path_alias"":""<media-path:3ba49b8978>"",""started_at_present"":true},""last_poll_error"":""null"",""last_render_error"":""null"",""mpv_running"":true,""next_item"":{""alias"":""media-63e22e276f"",""duration_ms"":15100,""media_kind"":""motion_media"",""path_alias"":""<media-path:c406539999>""},""playback_state"":""playing"",""playlist_size"":5,""present"":true,""uptime_sec"":134}"
5	5.526	2026-07-15T16:08:38+0000	success		480	<media-path:3ba49b8978>	<media-path:3ba49b8978>	motion_media	<filename:e511e8bce0>	5.672333	28.061367	20.451843	false	false	false	174	v4l2request-copy	true	"{""aspect"":0.5625,""dh"":1920,""dw"":1080,""h"":1920,""par"":1.0,""pixelformat"":""nv12"",""rotate"":0,""stereo-in"":""mono"",""w"":1080}"	"{""duration"":""success"",""eof-reached"":""success"",""estimated-frame-number"":""success"",""filename"":""success"",""hwdec-current"":""success"",""idle-active"":""success"",""path"":""success"",""pause"":""success"",""percent-pos"":""success"",""time-pos"":""success"",""video-params"":""success"",""vo-configured"":""success""}"	true	playing	media-b8c9a5f04c	<media-path:3ba49b8978>	28100	4	true	"{""black_screen_risk_reason"":""null"",""blocked_media_count"":0,""consecutive_failures"":0,""current_index"":4,""current_item"":{""alias"":""media-b8c9a5f04c"",""duration_ms"":28100,""media_kind"":""motion_media"",""offset_ms"":0,""path_alias"":""<media-path:3ba49b8978>"",""started_at_present"":true},""last_poll_error"":""null"",""last_render_error"":""null"",""mpv_running"":true,""next_item"":{""alias"":""media-63e22e276f"",""duration_ms"":15100,""media_kind"":""motion_media"",""path_alias"":""<media-path:c406539999>""},""playback_state"":""playing"",""playlist_size"":5,""present"":true,""uptime_sec"":134}"
6	7.009	2026-07-15T16:08:40+0000	success		512	<media-path:3ba49b8978>	<media-path:3ba49b8978>	motion_media	<filename:e511e8bce0>	6.840167	28.061367	24.613555	false	false	false	209	v4l2request-copy	true	"{""aspect"":0.5625,""dh"":1920,""dw"":1080,""h"":1920,""par"":1.0,""pixelformat"":""nv12"",""rotate"":0,""stereo-in"":""mono"",""w"":1080}"	"{""duration"":""success"",""eof-reached"":""success"",""estimated-frame-number"":""success"",""filename"":""success"",""hwdec-current"":""success"",""idle-active"":""success"",""path"":""success"",""pause"":""success"",""percent-pos"":""success"",""time-pos"":""success"",""video-params"":""success"",""vo-configured"":""success""}"	true	playing	media-b8c9a5f04c	<media-path:3ba49b8978>	28100	4	true	"{""black_screen_risk_reason"":""null"",""blocked_media_count"":0,""consecutive_failures"":0,""current_index"":4,""current_item"":{""alias"":""media-b8c9a5f04c"",""duration_ms"":28100,""media_kind"":""motion_media"",""offset_ms"":0,""path_alias"":""<media-path:3ba49b8978>"",""started_at_present"":true},""last_poll_error"":""null"",""last_render_error"":""null"",""mpv_running"":true,""next_item"":{""alias"":""media-63e22e276f"",""duration_ms"":15100,""media_kind"":""motion_media"",""path_alias"":""<media-path:c406539999>""},""playback_state"":""playing"",""playlist_size"":5,""present"":true,""uptime_sec"":139}"
7	8.526	2026-07-15T16:08:41+0000	success		468	<media-path:3ba49b8978>	<media-path:3ba49b8978>	motion_media	<filename:e511e8bce0>	8.008	28.061367	28.775268	false	false	false	244	v4l2request-copy	true	"{""aspect"":0.5625,""dh"":1920,""dw"":1080,""h"":1920,""par"":1.0,""pixelformat"":""nv12"",""rotate"":0,""stereo-in"":""mono"",""w"":1080}"	"{""duration"":""success"",""eof-reached"":""success"",""estimated-frame-number"":""success"",""filename"":""success"",""hwdec-current"":""success"",""idle-active"":""success"",""path"":""success"",""pause"":""success"",""percent-pos"":""success"",""time-pos"":""success"",""video-params"":""success"",""vo-configured"":""success""}"	true	playing	media-b8c9a5f04c	<media-path:3ba49b8978>	28100	4	true	"{""black_screen_risk_reason"":""null"",""blocked_media_count"":0,""consecutive_failures"":0,""current_index"":4,""current_item"":{""alias"":""media-b8c9a5f04c"",""duration_ms"":28100,""media_kind"":""motion_media"",""offset_ms"":0,""path_alias"":""<media-path:3ba49b8978>"",""started_at_present"":true},""last_poll_error"":""null"",""last_render_error"":""null"",""mpv_running"":true,""next_item"":{""alias"":""media-63e22e276f"",""duration_ms"":15100,""media_kind"":""motion_media"",""path_alias"":""<media-path:c406539999>""},""playback_state"":""playing"",""playlist_size"":5,""present"":true,""uptime_sec"":139}"
8	9.998	2026-07-15T16:08:42+0000	success		198	<media-path:3ba49b8978>	<media-path:3ba49b8978>	motion_media	<filename:e511e8bce0>	9.175833	28.061367	32.93698	false	false	false	277	v4l2request-copy	true	"{""aspect"":0.5625,""dh"":1920,""dw"":1080,""h"":1920,""par"":1.0,""pixelformat"":""nv12"",""rotate"":0,""stereo-in"":""mono"",""w"":1080}"	"{""duration"":""success"",""eof-reached"":""success"",""estimated-frame-number"":""success"",""filename"":""success"",""hwdec-current"":""success"",""idle-active"":""success"",""path"":""success"",""pause"":""success"",""percent-pos"":""success"",""time-pos"":""success"",""video-params"":""success"",""vo-configured"":""success""}"	true	playing	media-b8c9a5f04c	<media-path:3ba49b8978>	28100	4	true	"{""black_screen_risk_reason"":""null"",""blocked_media_count"":0,""consecutive_failures"":0,""current_index"":4,""current_item"":{""alias"":""media-b8c9a5f04c"",""duration_ms"":28100,""media_kind"":""motion_media"",""offset_ms"":0,""path_alias"":""<media-path:3ba49b8978>"",""started_at_present"":true},""last_poll_error"":""null"",""last_render_error"":""null"",""mpv_running"":true,""next_item"":{""alias"":""media-63e22e276f"",""duration_ms"":15100,""media_kind"":""motion_media"",""path_alias"":""<media-path:c406539999>""},""playback_state"":""playing"",""playlist_size"":5,""present"":true,""uptime_sec"":139}"
9	11.201	2026-07-15T16:08:44+0000	success		481	<media-path:3ba49b8978>	<media-path:3ba49b8978>	motion_media	<filename:e511e8bce0>	10.1101	28.061367	36.26635	false	false	false	307	v4l2request-copy	true	"{""aspect"":0.5625,""dh"":1920,""dw"":1080,""h"":1920,""par"":1.0,""pixelformat"":""nv12"",""rotate"":0,""stereo-in"":""mono"",""w"":1080}"	"{""duration"":""success"",""eof-reached"":""success"",""estimated-frame-number"":""success"",""filename"":""success"",""hwdec-current"":""success"",""idle-active"":""success"",""path"":""success"",""pause"":""success"",""percent-pos"":""success"",""time-pos"":""success"",""video-params"":""success"",""vo-configured"":""success""}"	true	playing	media-b8c9a5f04c	<media-path:3ba49b8978>	28100	4	true	"{""black_screen_risk_reason"":""null"",""blocked_media_count"":0,""consecutive_failures"":0,""current_index"":4,""current_item"":{""alias"":""media-b8c9a5f04c"",""duration_ms"":28100,""media_kind"":""motion_media"",""offset_ms"":0,""path_alias"":""<media-path:3ba49b8978>"",""started_at_present"":true},""last_poll_error"":""null"",""last_render_error"":""null"",""mpv_running"":true,""next_item"":{""alias"":""media-63e22e276f"",""duration_ms"":15100,""media_kind"":""motion_media"",""path_alias"":""<media-path:c406539999>""},""playback_state"":""playing"",""playlist_size"":5,""present"":true,""uptime_sec"":139}"
10	12.687	2026-07-15T16:08:45+0000	success		332	<media-path:3ba49b8978>	<media-path:3ba49b8978>	motion_media	<filename:e511e8bce0>	11.277933	28.061367	40.428062	false	false	false	342	v4l2request-copy	true	"{""aspect"":0.5625,""dh"":1920,""dw"":1080,""h"":1920,""par"":1.0,""pixelformat"":""nv12"",""rotate"":0,""stereo-in"":""mono"",""w"":1080}"	"{""duration"":""success"",""eof-reached"":""success"",""estimated-frame-number"":""success"",""filename"":""success"",""hwdec-current"":""success"",""idle-active"":""success"",""path"":""success"",""pause"":""success"",""percent-pos"":""success"",""time-pos"":""success"",""video-params"":""success"",""vo-configured"":""success""}"	true	playing	media-b8c9a5f04c	<media-path:3ba49b8978>	28100	4	true	"{""black_screen_risk_reason"":""null"",""blocked_media_count"":0,""consecutive_failures"":0,""current_index"":4,""current_item"":{""alias"":""media-b8c9a5f04c"",""duration_ms"":28100,""media_kind"":""motion_media"",""offset_ms"":0,""path_alias"":""<media-path:3ba49b8978>"",""started_at_present"":true},""last_poll_error"":""null"",""last_render_error"":""null"",""mpv_running"":true,""next_item"":{""alias"":""media-63e22e276f"",""duration_ms"":15100,""media_kind"":""motion_media"",""path_alias"":""<media-path:c406539999>""},""playback_state"":""playing"",""playlist_size"":5,""present"":true,""uptime_sec"":144}"
11	14.024	2026-07-15T16:08:47+0000	success		475	<media-path:3ba49b8978>	<media-path:3ba49b8978>	motion_media	<filename:e511e8bce0>	12.3123	28.061367	44.11415	false	false	false	373	v4l2request-copy	true	"{""aspect"":0.5625,""dh"":1920,""dw"":1080,""h"":1920,""par"":1.0,""pixelformat"":""nv12"",""rotate"":0,""stereo-in"":""mono"",""w"":1080}"	"{""duration"":""success"",""eof-reached"":""success"",""estimated-frame-number"":""success"",""filename"":""success"",""hwdec-current"":""success"",""idle-active"":""success"",""path"":""success"",""pause"":""success"",""percent-pos"":""success"",""time-pos"":""success"",""video-params"":""success"",""vo-configured"":""success""}"	true	playing	media-b8c9a5f04c	<media-path:3ba49b8978>	28100	4	true	"{""black_screen_risk_reason"":""null"",""blocked_media_count"":0,""consecutive_failures"":0,""current_index"":4,""current_item"":{""alias"":""media-b8c9a5f04c"",""duration_ms"":28100,""media_kind"":""motion_media"",""offset_ms"":0,""path_alias"":""<media-path:3ba49b8978>"",""started_at_present"":true},""last_poll_error"":""null"",""last_render_error"":""null"",""mpv_running"":true,""next_item"":{""alias"":""media-63e22e276f"",""duration_ms"":15100,""media_kind"":""motion_media"",""path_alias"":""<media-path:c406539999>""},""playback_state"":""playing"",""playlist_size"":5,""present"":true,""uptime_sec"":144}"
12	15.504	2026-07-15T16:08:48+0000	success		370	<media-path:3ba49b8978>	<media-path:3ba49b8978>	motion_media	<filename:e511e8bce0>	13.480133	28.061367	48.275862	false	false	false	408	v4l2request-copy	true	"{""aspect"":0.5625,""dh"":1920,""dw"":1080,""h"":1920,""par"":1.0,""pixelformat"":""nv12"",""rotate"":0,""stereo-in"":""mono"",""w"":1080}"	"{""duration"":""success"",""eof-reached"":""success"",""estimated-frame-number"":""success"",""filename"":""success"",""hwdec-current"":""success"",""idle-active"":""success"",""path"":""success"",""pause"":""success"",""percent-pos"":""success"",""time-pos"":""success"",""video-params"":""success"",""vo-configured"":""success""}"	true	playing	media-b8c9a5f04c	<media-path:3ba49b8978>	28100	4	true	"{""black_screen_risk_reason"":""null"",""blocked_media_count"":0,""consecutive_failures"":0,""current_index"":4,""current_item"":{""alias"":""media-b8c9a5f04c"",""duration_ms"":28100,""media_kind"":""motion_media"",""offset_ms"":0,""path_alias"":""<media-path:3ba49b8978>"",""started_at_present"":true},""last_poll_error"":""null"",""last_render_error"":""null"",""mpv_running"":true,""next_item"":{""alias"":""media-63e22e276f"",""duration_ms"":15100,""media_kind"":""motion_media"",""path_alias"":""<media-path:c406539999>""},""playback_state"":""playing"",""playlist_size"":5,""present"":true,""uptime_sec"":144}"
13	16.877	2026-07-15T16:08:49+0000	success		486	<media-path:3ba49b8978>	<media-path:3ba49b8978>	motion_media	<filename:e511e8bce0>	14.547867	28.061367	52.080856	false	false	false	440	v4l2request-copy	true	"{""aspect"":0.5625,""dh"":1920,""dw"":1080,""h"":1920,""par"":1.0,""pixelformat"":""nv12"",""rotate"":0,""stereo-in"":""mono"",""w"":1080}"	"{""duration"":""success"",""eof-reached"":""success"",""estimated-frame-number"":""success"",""filename"":""success"",""hwdec-current"":""success"",""idle-active"":""success"",""path"":""success"",""pause"":""success"",""percent-pos"":""success"",""time-pos"":""success"",""video-params"":""success"",""vo-configured"":""success""}"	true	playing	media-b8c9a5f04c	<media-path:3ba49b8978>	28100	4	true	"{""black_screen_risk_reason"":""null"",""blocked_media_count"":0,""consecutive_failures"":0,""current_index"":4,""current_item"":{""alias"":""media-b8c9a5f04c"",""duration_ms"":28100,""media_kind"":""motion_media"",""offset_ms"":0,""path_alias"":""<media-path:3ba49b8978>"",""started_at_present"":true},""last_poll_error"":""null"",""last_render_error"":""null"",""mpv_running"":true,""next_item"":{""alias"":""media-63e22e276f"",""duration_ms"":15100,""media_kind"":""motion_media"",""path_alias"":""<media-path:c406539999>""},""playback_state"":""playing"",""playlist_size"":5,""present"":true,""uptime_sec"":149}"
14	18.370	2026-07-15T16:08:51+0000	success		320	<media-path:3ba49b8978>	<media-path:3ba49b8978>	motion_media	<filename:e511e8bce0>	15.7157	28.061367	56.242568	false	false	false	475	v4l2request-copy	true	"{""aspect"":0.5625,""dh"":1920,""dw"":1080,""h"":1920,""par"":1.0,""pixelformat"":""nv12"",""rotate"":0,""stereo-in"":""mono"",""w"":1080}"	"{""duration"":""success"",""eof-reached"":""success"",""estimated-frame-number"":""success"",""filename"":""success"",""hwdec-current"":""success"",""idle-active"":""success"",""path"":""success"",""pause"":""success"",""percent-pos"":""success"",""time-pos"":""success"",""video-params"":""success"",""vo-configured"":""success""}"	true	playing	media-b8c9a5f04c	<media-path:3ba49b8978>	28100	4	true	"{""black_screen_risk_reason"":""null"",""blocked_media_count"":0,""consecutive_failures"":0,""current_index"":4,""current_item"":{""alias"":""media-b8c9a5f04c"",""duration_ms"":28100,""media_kind"":""motion_media"",""offset_ms"":0,""path_alias"":""<media-path:3ba49b8978>"",""started_at_present"":true},""last_poll_error"":""null"",""last_render_error"":""null"",""mpv_running"":true,""next_item"":{""alias"":""media-63e22e276f"",""duration_ms"":15100,""media_kind"":""motion_media"",""path_alias"":""<media-path:c406539999>""},""playback_state"":""playing"",""playlist_size"":5,""present"":true,""uptime_sec"":149}"
15	19.694	2026-07-15T16:08:52+0000	success		464	<media-path:3ba49b8978>	<media-path:3ba49b8978>	motion_media	<filename:e511e8bce0>	16.750067	28.061367	59.928656	false	false	false	506	v4l2request-copy	true	"{""aspect"":0.5625,""dh"":1920,""dw"":1080,""h"":1920,""par"":1.0,""pixelformat"":""nv12"",""rotate"":0,""stereo-in"":""mono"",""w"":1080}"	"{""duration"":""success"",""eof-reached"":""success"",""estimated-frame-number"":""success"",""filename"":""success"",""hwdec-current"":""success"",""idle-active"":""success"",""path"":""success"",""pause"":""success"",""percent-pos"":""success"",""time-pos"":""success"",""video-params"":""success"",""vo-configured"":""success""}"	true	playing	media-b8c9a5f04c	<media-path:3ba49b8978>	28100	4	true	"{""black_screen_risk_reason"":""null"",""blocked_media_count"":0,""consecutive_failures"":0,""current_index"":4,""current_item"":{""alias"":""media-b8c9a5f04c"",""duration_ms"":28100,""media_kind"":""motion_media"",""offset_ms"":0,""path_alias"":""<media-path:3ba49b8978>"",""started_at_present"":true},""last_poll_error"":""null"",""last_render_error"":""null"",""mpv_running"":true,""next_item"":{""alias"":""media-63e22e276f"",""duration_ms"":15100,""media_kind"":""motion_media"",""path_alias"":""<media-path:c406539999>""},""playback_state"":""playing"",""playlist_size"":5,""present"":true,""uptime_sec"":149}"
16	21.163	2026-07-15T16:08:54+0000	success		487	<media-path:3ba49b8978>	<media-path:3ba49b8978>	motion_media	<filename:e511e8bce0>	17.9179	28.061367	64.090369	false	false	false	541	v4l2request-copy	true	"{""aspect"":0.5625,""dh"":1920,""dw"":1080,""h"":1920,""par"":1.0,""pixelformat"":""nv12"",""rotate"":0,""stereo-in"":""mono"",""w"":1080}"	"{""duration"":""success"",""eof-reached"":""success"",""estimated-frame-number"":""success"",""filename"":""success"",""hwdec-current"":""success"",""idle-active"":""success"",""path"":""success"",""pause"":""success"",""percent-pos"":""success"",""time-pos"":""success"",""video-params"":""success"",""vo-configured"":""success""}"	true	playing	media-b8c9a5f04c	<media-path:3ba49b8978>	28100	4	true	"{""black_screen_risk_reason"":""null"",""blocked_media_count"":0,""consecutive_failures"":0,""current_index"":4,""current_item"":{""alias"":""media-b8c9a5f04c"",""duration_ms"":28100,""media_kind"":""motion_media"",""offset_ms"":0,""path_alias"":""<media-path:3ba49b8978>"",""started_at_present"":true},""last_poll_error"":""null"",""last_render_error"":""null"",""mpv_running"":true,""next_item"":{""alias"":""media-63e22e276f"",""duration_ms"":15100,""media_kind"":""motion_media"",""path_alias"":""<media-path:c406539999>""},""playback_state"":""playing"",""playlist_size"":5,""present"":true,""uptime_sec"":149}"
17	22.655	2026-07-15T16:08:55+0000	success		502	<media-path:3ba49b8978>	<media-path:3ba49b8978>	motion_media	<filename:e511e8bce0>	19.085733	28.061367	68.252081	false	false	false	576	v4l2request-copy	true	"{""aspect"":0.5625,""dh"":1920,""dw"":1080,""h"":1920,""par"":1.0,""pixelformat"":""nv12"",""rotate"":0,""stereo-in"":""mono"",""w"":1080}"	"{""duration"":""success"",""eof-reached"":""success"",""estimated-frame-number"":""success"",""filename"":""success"",""hwdec-current"":""success"",""idle-active"":""success"",""path"":""success"",""pause"":""success"",""percent-pos"":""success"",""time-pos"":""success"",""video-params"":""success"",""vo-configured"":""success""}"	true	playing	media-b8c9a5f04c	<media-path:3ba49b8978>	28100	4	true	"{""black_screen_risk_reason"":""null"",""blocked_media_count"":0,""consecutive_failures"":0,""current_index"":4,""current_item"":{""alias"":""media-b8c9a5f04c"",""duration_ms"":28100,""media_kind"":""motion_media"",""offset_ms"":0,""path_alias"":""<media-path:3ba49b8978>"",""started_at_present"":true},""last_poll_error"":""null"",""last_render_error"":""null"",""mpv_running"":true,""next_item"":{""alias"":""media-63e22e276f"",""duration_ms"":15100,""media_kind"":""motion_media"",""path_alias"":""<media-path:c406539999>""},""playback_state"":""playing"",""playlist_size"":5,""present"":true,""uptime_sec"":154}"
18	24.161	2026-07-15T16:08:56+0000	success		203	<media-path:3ba49b8978>	<media-path:3ba49b8978>	motion_media	<filename:e511e8bce0>	20.253567	28.061367	72.413793	false	false	false	609	v4l2request-copy	true	"{""aspect"":0.5625,""dh"":1920,""dw"":1080,""h"":1920,""par"":1.0,""pixelformat"":""nv12"",""rotate"":0,""stereo-in"":""mono"",""w"":1080}"	"{""duration"":""success"",""eof-reached"":""success"",""estimated-frame-number"":""success"",""filename"":""success"",""hwdec-current"":""success"",""idle-active"":""success"",""path"":""success"",""pause"":""success"",""percent-pos"":""success"",""time-pos"":""success"",""video-params"":""success"",""vo-configured"":""success""}"	true	playing	media-b8c9a5f04c	<media-path:3ba49b8978>	28100	4	true	"{""black_screen_risk_reason"":""null"",""blocked_media_count"":0,""consecutive_failures"":0,""current_index"":4,""current_item"":{""alias"":""media-b8c9a5f04c"",""duration_ms"":28100,""media_kind"":""motion_media"",""offset_ms"":0,""path_alias"":""<media-path:3ba49b8978>"",""started_at_present"":true},""last_poll_error"":""null"",""last_render_error"":""null"",""mpv_running"":true,""next_item"":{""alias"":""media-63e22e276f"",""duration_ms"":15100,""media_kind"":""motion_media"",""path_alias"":""<media-path:c406539999>""},""playback_state"":""playing"",""playlist_size"":5,""present"":true,""uptime_sec"":154}"
19	25.368	2026-07-15T16:08:58+0000	success		489	<media-path:3ba49b8978>	<media-path:3ba49b8978>	motion_media	<filename:e511e8bce0>	21.187833	28.061367	75.743163	false	false	false	639	v4l2request-copy	true	"{""aspect"":0.5625,""dh"":1920,""dw"":1080,""h"":1920,""par"":1.0,""pixelformat"":""nv12"",""rotate"":0,""stereo-in"":""mono"",""w"":1080}"	"{""duration"":""success"",""eof-reached"":""success"",""estimated-frame-number"":""success"",""filename"":""success"",""hwdec-current"":""success"",""idle-active"":""success"",""path"":""success"",""pause"":""success"",""percent-pos"":""success"",""time-pos"":""success"",""video-params"":""success"",""vo-configured"":""success""}"	true	playing	media-b8c9a5f04c	<media-path:3ba49b8978>	28100	4	true	"{""black_screen_risk_reason"":""null"",""blocked_media_count"":0,""consecutive_failures"":0,""current_index"":4,""current_item"":{""alias"":""media-b8c9a5f04c"",""duration_ms"":28100,""media_kind"":""motion_media"",""offset_ms"":0,""path_alias"":""<media-path:3ba49b8978>"",""started_at_present"":true},""last_poll_error"":""null"",""last_render_error"":""null"",""mpv_running"":true,""next_item"":{""alias"":""media-63e22e276f"",""duration_ms"":15100,""media_kind"":""motion_media"",""path_alias"":""<media-path:c406539999>""},""playback_state"":""playing"",""playlist_size"":5,""present"":true,""uptime_sec"":154}"
20	26.862	2026-07-15T16:08:59+0000	success		61	<media-path:3ba49b8978>	<media-path:3ba49b8978>	motion_media	<filename:e511e8bce0>				false	false				true	{}	"{""duration"":""property unavailable"",""eof-reached"":""property unavailable"",""estimated-frame-number"":""property unavailable"",""filename"":""success"",""hwdec-current"":""property unavailable"",""idle-active"":""success"",""path"":""success"",""pause"":""success"",""percent-pos"":""property unavailable"",""time-pos"":""property unavailable"",""video-params"":""property unavailable"",""vo-configured"":""success""}"	true	playing	media-b8c9a5f04c	<media-path:3ba49b8978>	28100	4	true	"{""black_screen_risk_reason"":""null"",""blocked_media_count"":0,""consecutive_failures"":0,""current_index"":4,""current_item"":{""alias"":""media-b8c9a5f04c"",""duration_ms"":28100,""media_kind"":""motion_media"",""offset_ms"":0,""path_alias"":""<media-path:3ba49b8978>"",""started_at_present"":true},""last_poll_error"":""null"",""last_render_error"":""null"",""mpv_running"":true,""next_item"":{""alias"":""media-63e22e276f"",""duration_ms"":15100,""media_kind"":""motion_media"",""path_alias"":""<media-path:c406539999>""},""playback_state"":""playing"",""playlist_size"":5,""present"":true,""uptime_sec"":154}"
21	27.927	2026-07-15T16:09:00+0000	success		2	<media-path:c406539999>	<media-path:c406539999>	motion_media	<filename:aaf3979e21>	0.966667	15.069751	6.414616	false	false	false	29	v4l2request-copy	true	"{""aspect"":0.566038,""dh"":848,""dw"":480,""h"":848,""par"":1.0,""pixelformat"":""nv12"",""rotate"":0,""stereo-in"":""mono"",""w"":480}"	"{""duration"":""success"",""eof-reached"":""success"",""estimated-frame-number"":""success"",""filename"":""success"",""hwdec-current"":""success"",""idle-active"":""success"",""path"":""success"",""pause"":""success"",""percent-pos"":""success"",""time-pos"":""success"",""video-params"":""success"",""vo-configured"":""success""}"	true	playing	media-63e22e276f	<media-path:c406539999>	15100	0	true	"{""black_screen_risk_reason"":""null"",""blocked_media_count"":0,""consecutive_failures"":0,""current_index"":0,""current_item"":{""alias"":""media-63e22e276f"",""duration_ms"":15100,""media_kind"":""motion_media"",""offset_ms"":0,""path_alias"":""<media-path:c406539999>"",""started_at_present"":true},""last_poll_error"":""null"",""last_render_error"":""null"",""mpv_running"":true,""next_item"":{""alias"":""media-b04db49d99"",""duration_ms"":15100,""media_kind"":""motion_media"",""path_alias"":""<media-path:2b030c3c41>""},""playback_state"":""playing"",""playlist_size"":5,""present"":true,""uptime_sec"":159}"
22	28.934	2026-07-15T16:09:01+0000	success		4	<media-path:c406539999>	<media-path:c406539999>	motion_media	<filename:aaf3979e21>	1.966667	15.069751	13.050426	false	false	false	59	v4l2request-copy	true	"{""aspect"":0.566038,""dh"":848,""dw"":480,""h"":848,""par"":1.0,""pixelformat"":""nv12"",""rotate"":0,""stereo-in"":""mono"",""w"":480}"	"{""duration"":""success"",""eof-reached"":""success"",""estimated-frame-number"":""success"",""filename"":""success"",""hwdec-current"":""success"",""idle-active"":""success"",""path"":""success"",""pause"":""success"",""percent-pos"":""success"",""time-pos"":""success"",""video-params"":""success"",""vo-configured"":""success""}"	true	playing	media-63e22e276f	<media-path:c406539999>	15100	0	true	"{""black_screen_risk_reason"":""null"",""blocked_media_count"":0,""consecutive_failures"":0,""current_index"":0,""current_item"":{""alias"":""media-63e22e276f"",""duration_ms"":15100,""media_kind"":""motion_media"",""offset_ms"":0,""path_alias"":""<media-path:c406539999>"",""started_at_present"":true},""last_poll_error"":""null"",""last_render_error"":""null"",""mpv_running"":true,""next_item"":{""alias"":""media-b04db49d99"",""duration_ms"":15100,""media_kind"":""motion_media"",""path_alias"":""<media-path:2b030c3c41>""},""playback_state"":""playing"",""playlist_size"":5,""present"":true,""uptime_sec"":159}"
23	29.940	2026-07-15T16:09:02+0000	success		2	<media-path:c406539999>	<media-path:c406539999>	motion_media	<filename:aaf3979e21>	2.966667	15.069751	19.686236	false	false	false	89	v4l2request-copy	true	"{""aspect"":0.566038,""dh"":848,""dw"":480,""h"":848,""par"":1.0,""pixelformat"":""nv12"",""rotate"":0,""stereo-in"":""mono"",""w"":480}"	"{""duration"":""success"",""eof-reached"":""success"",""estimated-frame-number"":""success"",""filename"":""success"",""hwdec-current"":""success"",""idle-active"":""success"",""path"":""success"",""pause"":""success"",""percent-pos"":""success"",""time-pos"":""success"",""video-params"":""success"",""vo-configured"":""success""}"	true	playing	media-63e22e276f	<media-path:c406539999>	15100	0	true	"{""black_screen_risk_reason"":""null"",""blocked_media_count"":0,""consecutive_failures"":0,""current_index"":0,""current_item"":{""alias"":""media-63e22e276f"",""duration_ms"":15100,""media_kind"":""motion_media"",""offset_ms"":0,""path_alias"":""<media-path:c406539999>"",""started_at_present"":true},""last_poll_error"":""null"",""last_render_error"":""null"",""mpv_running"":true,""next_item"":{""alias"":""media-b04db49d99"",""duration_ms"":15100,""media_kind"":""motion_media"",""path_alias"":""<media-path:2b030c3c41>""},""playback_state"":""playing"",""playlist_size"":5,""present"":true,""uptime_sec"":159}"
24	30.945	2026-07-15T16:09:03+0000	success		3	<media-path:c406539999>	<media-path:c406539999>	motion_media	<filename:aaf3979e21>	4	15.069751	26.54324	false	false	false	120	v4l2request-copy	true	"{""aspect"":0.566038,""dh"":848,""dw"":480,""h"":848,""par"":1.0,""pixelformat"":""nv12"",""rotate"":0,""stereo-in"":""mono"",""w"":480}"	"{""duration"":""success"",""eof-reached"":""success"",""estimated-frame-number"":""success"",""filename"":""success"",""hwdec-current"":""success"",""idle-active"":""success"",""path"":""success"",""pause"":""success"",""percent-pos"":""success"",""time-pos"":""success"",""video-params"":""success"",""vo-configured"":""success""}"	true	playing	media-63e22e276f	<media-path:c406539999>	15100	0	true	"{""black_screen_risk_reason"":""null"",""blocked_media_count"":0,""consecutive_failures"":0,""current_index"":0,""current_item"":{""alias"":""media-63e22e276f"",""duration_ms"":15100,""media_kind"":""motion_media"",""offset_ms"":0,""path_alias"":""<media-path:c406539999>"",""started_at_present"":true},""last_poll_error"":""null"",""last_render_error"":""null"",""mpv_running"":true,""next_item"":{""alias"":""media-b04db49d99"",""duration_ms"":15100,""media_kind"":""motion_media"",""path_alias"":""<media-path:2b030c3c41>""},""playback_state"":""playing"",""playlist_size"":5,""present"":true,""uptime_sec"":159}"
25	31.952	2026-07-15T16:09:04+0000	success		3	<media-path:c406539999>	<media-path:c406539999>	motion_media	<filename:aaf3979e21>	5	15.069751	33.179049	false	false	false	150	v4l2request-copy	true	"{""aspect"":0.566038,""dh"":848,""dw"":480,""h"":848,""par"":1.0,""pixelformat"":""nv12"",""rotate"":0,""stereo-in"":""mono"",""w"":480}"	"{""duration"":""success"",""eof-reached"":""success"",""estimated-frame-number"":""success"",""filename"":""success"",""hwdec-current"":""success"",""idle-active"":""success"",""path"":""success"",""pause"":""success"",""percent-pos"":""success"",""time-pos"":""success"",""video-params"":""success"",""vo-configured"":""success""}"	true	playing	media-63e22e276f	<media-path:c406539999>	15100	0	true	"{""black_screen_risk_reason"":""null"",""blocked_media_count"":0,""consecutive_failures"":0,""current_index"":0,""current_item"":{""alias"":""media-63e22e276f"",""duration_ms"":15100,""media_kind"":""motion_media"",""offset_ms"":0,""path_alias"":""<media-path:c406539999>"",""started_at_present"":true},""last_poll_error"":""null"",""last_render_error"":""null"",""mpv_running"":true,""next_item"":{""alias"":""media-b04db49d99"",""duration_ms"":15100,""media_kind"":""motion_media"",""path_alias"":""<media-path:2b030c3c41>""},""playback_state"":""playing"",""playlist_size"":5,""present"":true,""uptime_sec"":159}"
26	32.958	2026-07-15T16:09:05+0000	success		2	<media-path:c406539999>	<media-path:c406539999>	motion_media	<filename:aaf3979e21>	6	15.069751	39.814859	false	false	false	180	v4l2request-copy	true	"{""aspect"":0.566038,""dh"":848,""dw"":480,""h"":848,""par"":1.0,""pixelformat"":""nv12"",""rotate"":0,""stereo-in"":""mono"",""w"":480}"	"{""duration"":""success"",""eof-reached"":""success"",""estimated-frame-number"":""success"",""filename"":""success"",""hwdec-current"":""success"",""idle-active"":""success"",""path"":""success"",""pause"":""success"",""percent-pos"":""success"",""time-pos"":""success"",""video-params"":""success"",""vo-configured"":""success""}"	true	playing	media-63e22e276f	<media-path:c406539999>	15100	0	true	"{""black_screen_risk_reason"":""null"",""blocked_media_count"":0,""consecutive_failures"":0,""current_index"":0,""current_item"":{""alias"":""media-63e22e276f"",""duration_ms"":15100,""media_kind"":""motion_media"",""offset_ms"":0,""path_alias"":""<media-path:c406539999>"",""started_at_present"":true},""last_poll_error"":""null"",""last_render_error"":""null"",""mpv_running"":true,""next_item"":{""alias"":""media-b04db49d99"",""duration_ms"":15100,""media_kind"":""motion_media"",""path_alias"":""<media-path:2b030c3c41>""},""playback_state"":""playing"",""playlist_size"":5,""present"":true,""uptime_sec"":164}"
27	33.964	2026-07-15T16:09:06+0000	success		9	<media-path:c406539999>	<media-path:c406539999>	motion_media	<filename:aaf3979e21>	7	15.069751	46.450669	false	false	false	210	v4l2request-copy	true	"{""aspect"":0.566038,""dh"":848,""dw"":480,""h"":848,""par"":1.0,""pixelformat"":""nv12"",""rotate"":0,""stereo-in"":""mono"",""w"":480}"	"{""duration"":""success"",""eof-reached"":""success"",""estimated-frame-number"":""success"",""filename"":""success"",""hwdec-current"":""success"",""idle-active"":""success"",""path"":""success"",""pause"":""success"",""percent-pos"":""success"",""time-pos"":""success"",""video-params"":""success"",""vo-configured"":""success""}"	true	playing	media-63e22e276f	<media-path:c406539999>	15100	0	true	"{""black_screen_risk_reason"":""null"",""blocked_media_count"":0,""consecutive_failures"":0,""current_index"":0,""current_item"":{""alias"":""media-63e22e276f"",""duration_ms"":15100,""media_kind"":""motion_media"",""offset_ms"":0,""path_alias"":""<media-path:c406539999>"",""started_at_present"":true},""last_poll_error"":""null"",""last_render_error"":""null"",""mpv_running"":true,""next_item"":{""alias"":""media-b04db49d99"",""duration_ms"":15100,""media_kind"":""motion_media"",""path_alias"":""<media-path:2b030c3c41>""},""playback_state"":""playing"",""playlist_size"":5,""present"":true,""uptime_sec"":164}"
28	34.977	2026-07-15T16:09:07+0000	success		2	<media-path:c406539999>	<media-path:c406539999>	motion_media	<filename:aaf3979e21>	8.033333	15.069751	53.307673	false	false	false	241	v4l2request-copy	true	"{""aspect"":0.566038,""dh"":848,""dw"":480,""h"":848,""par"":1.0,""pixelformat"":""nv12"",""rotate"":0,""stereo-in"":""mono"",""w"":480}"	"{""duration"":""success"",""eof-reached"":""success"",""estimated-frame-number"":""success"",""filename"":""success"",""hwdec-current"":""success"",""idle-active"":""success"",""path"":""success"",""pause"":""success"",""percent-pos"":""success"",""time-pos"":""success"",""video-params"":""success"",""vo-configured"":""success""}"	true	playing	media-63e22e276f	<media-path:c406539999>	15100	0	true	"{""black_screen_risk_reason"":""null"",""blocked_media_count"":0,""consecutive_failures"":0,""current_index"":0,""current_item"":{""alias"":""media-63e22e276f"",""duration_ms"":15100,""media_kind"":""motion_media"",""offset_ms"":0,""path_alias"":""<media-path:c406539999>"",""started_at_present"":true},""last_poll_error"":""null"",""last_render_error"":""null"",""mpv_running"":true,""next_item"":{""alias"":""media-b04db49d99"",""duration_ms"":15100,""media_kind"":""motion_media"",""path_alias"":""<media-path:2b030c3c41>""},""playback_state"":""playing"",""playlist_size"":5,""present"":true,""uptime_sec"":164}"
29	35.982	2026-07-15T16:09:08+0000	success		2	<media-path:c406539999>	<media-path:c406539999>	motion_media	<filename:aaf3979e21>	9.033333	15.069751	59.943483	false	false	false	271	v4l2request-copy	true	"{""aspect"":0.566038,""dh"":848,""dw"":480,""h"":848,""par"":1.0,""pixelformat"":""nv12"",""rotate"":0,""stereo-in"":""mono"",""w"":480}"	"{""duration"":""success"",""eof-reached"":""success"",""estimated-frame-number"":""success"",""filename"":""success"",""hwdec-current"":""success"",""idle-active"":""success"",""path"":""success"",""pause"":""success"",""percent-pos"":""success"",""time-pos"":""success"",""video-params"":""success"",""vo-configured"":""success""}"	true	playing	media-63e22e276f	<media-path:c406539999>	15100	0	true	"{""black_screen_risk_reason"":""null"",""blocked_media_count"":0,""consecutive_failures"":0,""current_index"":0,""current_item"":{""alias"":""media-63e22e276f"",""duration_ms"":15100,""media_kind"":""motion_media"",""offset_ms"":0,""path_alias"":""<media-path:c406539999>"",""started_at_present"":true},""last_poll_error"":""null"",""last_render_error"":""null"",""mpv_running"":true,""next_item"":{""alias"":""media-b04db49d99"",""duration_ms"":15100,""media_kind"":""motion_media"",""path_alias"":""<media-path:2b030c3c41>""},""playback_state"":""playing"",""playlist_size"":5,""present"":true,""uptime_sec"":164}"
30	36.986	2026-07-15T16:09:09+0000	success		10	<media-path:c406539999>	<media-path:c406539999>	motion_media	<filename:aaf3979e21>	10.033333	15.069751	66.579293	false	false	false	301	v4l2request-copy	true	"{""aspect"":0.566038,""dh"":848,""dw"":480,""h"":848,""par"":1.0,""pixelformat"":""nv12"",""rotate"":0,""stereo-in"":""mono"",""w"":480}"	"{""duration"":""success"",""eof-reached"":""success"",""estimated-frame-number"":""success"",""filename"":""success"",""hwdec-current"":""success"",""idle-active"":""success"",""path"":""success"",""pause"":""success"",""percent-pos"":""success"",""time-pos"":""success"",""video-params"":""success"",""vo-configured"":""success""}"	true	playing	media-63e22e276f	<media-path:c406539999>	15100	0	true	"{""black_screen_risk_reason"":""null"",""blocked_media_count"":0,""consecutive_failures"":0,""current_index"":0,""current_item"":{""alias"":""media-63e22e276f"",""duration_ms"":15100,""media_kind"":""motion_media"",""offset_ms"":0,""path_alias"":""<media-path:c406539999>"",""started_at_present"":true},""last_poll_error"":""null"",""last_render_error"":""null"",""mpv_running"":true,""next_item"":{""alias"":""media-b04db49d99"",""duration_ms"":15100,""media_kind"":""motion_media"",""path_alias"":""<media-path:2b030c3c41>""},""playback_state"":""playing"",""playlist_size"":5,""present"":true,""uptime_sec"":164}"
31	38.000	2026-07-15T16:09:10+0000	success		5	<media-path:c406539999>	<media-path:c406539999>	motion_media	<filename:aaf3979e21>	11.033333	15.069751	73.215103	false	false	false	331	v4l2request-copy	true	"{""aspect"":0.566038,""dh"":848,""dw"":480,""h"":848,""par"":1.0,""pixelformat"":""nv12"",""rotate"":0,""stereo-in"":""mono"",""w"":480}"	"{""duration"":""success"",""eof-reached"":""success"",""estimated-frame-number"":""success"",""filename"":""success"",""hwdec-current"":""success"",""idle-active"":""success"",""path"":""success"",""pause"":""success"",""percent-pos"":""success"",""time-pos"":""success"",""video-params"":""success"",""vo-configured"":""success""}"	true	playing	media-63e22e276f	<media-path:c406539999>	15100	0	true	"{""black_screen_risk_reason"":""null"",""blocked_media_count"":0,""consecutive_failures"":0,""current_index"":0,""current_item"":{""alias"":""media-63e22e276f"",""duration_ms"":15100,""media_kind"":""motion_media"",""offset_ms"":0,""path_alias"":""<media-path:c406539999>"",""started_at_present"":true},""last_poll_error"":""null"",""last_render_error"":""null"",""mpv_running"":true,""next_item"":{""alias"":""media-b04db49d99"",""duration_ms"":15100,""media_kind"":""motion_media"",""path_alias"":""<media-path:2b030c3c41>""},""playback_state"":""playing"",""playlist_size"":5,""present"":true,""uptime_sec"":169}"
32	39.007	2026-07-15T16:09:11+0000	success		3	<media-path:c406539999>	<media-path:c406539999>	motion_media	<filename:aaf3979e21>	12.033333	15.069751	79.850912	false	false	false	361	v4l2request-copy	true	"{""aspect"":0.566038,""dh"":848,""dw"":480,""h"":848,""par"":1.0,""pixelformat"":""nv12"",""rotate"":0,""stereo-in"":""mono"",""w"":480}"	"{""duration"":""success"",""eof-reached"":""success"",""estimated-frame-number"":""success"",""filename"":""success"",""hwdec-current"":""success"",""idle-active"":""success"",""path"":""success"",""pause"":""success"",""percent-pos"":""success"",""time-pos"":""success"",""video-params"":""success"",""vo-configured"":""success""}"	true	playing	media-63e22e276f	<media-path:c406539999>	15100	0	true	"{""black_screen_risk_reason"":""null"",""blocked_media_count"":0,""consecutive_failures"":0,""current_index"":0,""current_item"":{""alias"":""media-63e22e276f"",""duration_ms"":15100,""media_kind"":""motion_media"",""offset_ms"":0,""path_alias"":""<media-path:c406539999>"",""started_at_present"":true},""last_poll_error"":""null"",""last_render_error"":""null"",""mpv_running"":true,""next_item"":{""alias"":""media-b04db49d99"",""duration_ms"":15100,""media_kind"":""motion_media"",""path_alias"":""<media-path:2b030c3c41>""},""playback_state"":""playing"",""playlist_size"":5,""present"":true,""uptime_sec"":169}"
33	40.014	2026-07-15T16:09:12+0000	success		2	<media-path:c406539999>	<media-path:c406539999>	motion_media	<filename:aaf3979e21>	13.066667	15.069751	86.707916	false	false	false	392	v4l2request-copy	true	"{""aspect"":0.566038,""dh"":848,""dw"":480,""h"":848,""par"":1.0,""pixelformat"":""nv12"",""rotate"":0,""stereo-in"":""mono"",""w"":480}"	"{""duration"":""success"",""eof-reached"":""success"",""estimated-frame-number"":""success"",""filename"":""success"",""hwdec-current"":""success"",""idle-active"":""success"",""path"":""success"",""pause"":""success"",""percent-pos"":""success"",""time-pos"":""success"",""video-params"":""success"",""vo-configured"":""success""}"	true	playing	media-63e22e276f	<media-path:c406539999>	15100	0	true	"{""black_screen_risk_reason"":""null"",""blocked_media_count"":0,""consecutive_failures"":0,""current_index"":0,""current_item"":{""alias"":""media-63e22e276f"",""duration_ms"":15100,""media_kind"":""motion_media"",""offset_ms"":0,""path_alias"":""<media-path:c406539999>"",""started_at_present"":true},""last_poll_error"":""null"",""last_render_error"":""null"",""mpv_running"":true,""next_item"":{""alias"":""media-b04db49d99"",""duration_ms"":15100,""media_kind"":""motion_media"",""path_alias"":""<media-path:2b030c3c41>""},""playback_state"":""playing"",""playlist_size"":5,""present"":true,""uptime_sec"":169}"
34	41.018	2026-07-15T16:09:13+0000	success		2	<media-path:c406539999>	<media-path:c406539999>	motion_media	<filename:aaf3979e21>	14.066667	15.069751	93.343726	false	false	false	422	v4l2request-copy	true	"{""aspect"":0.566038,""dh"":848,""dw"":480,""h"":848,""par"":1.0,""pixelformat"":""nv12"",""rotate"":0,""stereo-in"":""mono"",""w"":480}"	"{""duration"":""success"",""eof-reached"":""success"",""estimated-frame-number"":""success"",""filename"":""success"",""hwdec-current"":""success"",""idle-active"":""success"",""path"":""success"",""pause"":""success"",""percent-pos"":""success"",""time-pos"":""success"",""video-params"":""success"",""vo-configured"":""success""}"	true	playing	media-63e22e276f	<media-path:c406539999>	15100	0	true	"{""black_screen_risk_reason"":""null"",""blocked_media_count"":0,""consecutive_failures"":0,""current_index"":0,""current_item"":{""alias"":""media-63e22e276f"",""duration_ms"":15100,""media_kind"":""motion_media"",""offset_ms"":0,""path_alias"":""<media-path:c406539999>"",""started_at_present"":true},""last_poll_error"":""null"",""last_render_error"":""null"",""mpv_running"":true,""next_item"":{""alias"":""media-b04db49d99"",""duration_ms"":15100,""media_kind"":""motion_media"",""path_alias"":""<media-path:2b030c3c41>""},""playback_state"":""playing"",""playlist_size"":5,""present"":true,""uptime_sec"":169}"
35	42.023	2026-07-15T16:09:14+0000	success		2	<media-path:c406539999>	<media-path:c406539999>	motion_media	<filename:aaf3979e21>	0	15.069751	0	false	false	false	0	v4l2request-copy	true	"{""aspect"":0.566038,""dh"":848,""dw"":480,""h"":848,""par"":1.0,""pixelformat"":""nv12"",""rotate"":0,""stereo-in"":""mono"",""w"":480}"	"{""duration"":""success"",""eof-reached"":""success"",""estimated-frame-number"":""success"",""filename"":""success"",""hwdec-current"":""success"",""idle-active"":""success"",""path"":""success"",""pause"":""success"",""percent-pos"":""success"",""time-pos"":""success"",""video-params"":""success"",""vo-configured"":""success""}"	true	playing	media-63e22e276f	<media-path:c406539999>	15100	0	true	"{""black_screen_risk_reason"":""null"",""blocked_media_count"":0,""consecutive_failures"":0,""current_index"":0,""current_item"":{""alias"":""media-63e22e276f"",""duration_ms"":15100,""media_kind"":""motion_media"",""offset_ms"":0,""path_alias"":""<media-path:c406539999>"",""started_at_present"":true},""last_poll_error"":""null"",""last_render_error"":""null"",""mpv_running"":true,""next_item"":{""alias"":""media-b04db49d99"",""duration_ms"":15100,""media_kind"":""motion_media"",""path_alias"":""<media-path:2b030c3c41>""},""playback_state"":""playing"",""playlist_size"":5,""present"":true,""uptime_sec"":169}"
36	43.026	2026-07-15T16:09:15+0000	success		2	<media-path:2b030c3c41>	<media-path:2b030c3c41>	motion_media	<filename:c617160627>	0.7	15.1	4.635762	false	false	false	21	v4l2request-copy	true	"{""aspect"":0.566038,""dh"":848,""dw"":480,""h"":848,""par"":1.0,""pixelformat"":""nv12"",""rotate"":0,""stereo-in"":""mono"",""w"":480}"	"{""duration"":""success"",""eof-reached"":""success"",""estimated-frame-number"":""success"",""filename"":""success"",""hwdec-current"":""success"",""idle-active"":""success"",""path"":""success"",""pause"":""success"",""percent-pos"":""success"",""time-pos"":""success"",""video-params"":""success"",""vo-configured"":""success""}"	true	playing	media-63e22e276f	<media-path:c406539999>	15100	0	true	"{""black_screen_risk_reason"":""null"",""blocked_media_count"":0,""consecutive_failures"":0,""current_index"":0,""current_item"":{""alias"":""media-63e22e276f"",""duration_ms"":15100,""media_kind"":""motion_media"",""offset_ms"":0,""path_alias"":""<media-path:c406539999>"",""started_at_present"":true},""last_poll_error"":""null"",""last_render_error"":""null"",""mpv_running"":true,""next_item"":{""alias"":""media-b04db49d99"",""duration_ms"":15100,""media_kind"":""motion_media"",""path_alias"":""<media-path:2b030c3c41>""},""playback_state"":""playing"",""playlist_size"":5,""present"":true,""uptime_sec"":174}"
37	44.032	2026-07-15T16:09:16+0000	success		9	<media-path:2b030c3c41>	<media-path:2b030c3c41>	motion_media	<filename:c617160627>	1.7	15.1	11.258278	false	false	false	51	v4l2request-copy	true	"{""aspect"":0.566038,""dh"":848,""dw"":480,""h"":848,""par"":1.0,""pixelformat"":""nv12"",""rotate"":0,""stereo-in"":""mono"",""w"":480}"	"{""duration"":""success"",""eof-reached"":""success"",""estimated-frame-number"":""success"",""filename"":""success"",""hwdec-current"":""success"",""idle-active"":""success"",""path"":""success"",""pause"":""success"",""percent-pos"":""success"",""time-pos"":""success"",""video-params"":""success"",""vo-configured"":""success""}"	true	playing	media-63e22e276f	<media-path:c406539999>	15100	0	true	"{""black_screen_risk_reason"":""null"",""blocked_media_count"":0,""consecutive_failures"":0,""current_index"":0,""current_item"":{""alias"":""media-63e22e276f"",""duration_ms"":15100,""media_kind"":""motion_media"",""offset_ms"":0,""path_alias"":""<media-path:c406539999>"",""started_at_present"":true},""last_poll_error"":""null"",""last_render_error"":""null"",""mpv_running"":true,""next_item"":{""alias"":""media-b04db49d99"",""duration_ms"":15100,""media_kind"":""motion_media"",""path_alias"":""<media-path:2b030c3c41>""},""playback_state"":""playing"",""playlist_size"":5,""present"":true,""uptime_sec"":174}"
38	45.043	2026-07-15T16:09:17+0000	success		2	<media-path:2b030c3c41>	<media-path:2b030c3c41>	motion_media	<filename:c617160627>	2.7	15.1	17.880795	false	false	false	81	v4l2request-copy	true	"{""aspect"":0.566038,""dh"":848,""dw"":480,""h"":848,""par"":1.0,""pixelformat"":""nv12"",""rotate"":0,""stereo-in"":""mono"",""w"":480}"	"{""duration"":""success"",""eof-reached"":""success"",""estimated-frame-number"":""success"",""filename"":""success"",""hwdec-current"":""success"",""idle-active"":""success"",""path"":""success"",""pause"":""success"",""percent-pos"":""success"",""time-pos"":""success"",""video-params"":""success"",""vo-configured"":""success""}"	true	playing	media-63e22e276f	<media-path:c406539999>	15100	0	true	"{""black_screen_risk_reason"":""null"",""blocked_media_count"":0,""consecutive_failures"":0,""current_index"":0,""current_item"":{""alias"":""media-63e22e276f"",""duration_ms"":15100,""media_kind"":""motion_media"",""offset_ms"":0,""path_alias"":""<media-path:c406539999>"",""started_at_present"":true},""last_poll_error"":""null"",""last_render_error"":""null"",""mpv_running"":true,""next_item"":{""alias"":""media-b04db49d99"",""duration_ms"":15100,""media_kind"":""motion_media"",""path_alias"":""<media-path:2b030c3c41>""},""playback_state"":""playing"",""playlist_size"":5,""present"":true,""uptime_sec"":174}"
39	46.048	2026-07-15T16:09:18+0000	success		2	<media-path:2b030c3c41>	<media-path:2b030c3c41>	motion_media	<filename:c617160627>	3.733333	15.1	24.724062	false	false	false	112	v4l2request-copy	true	"{""aspect"":0.566038,""dh"":848,""dw"":480,""h"":848,""par"":1.0,""pixelformat"":""nv12"",""rotate"":0,""stereo-in"":""mono"",""w"":480}"	"{""duration"":""success"",""eof-reached"":""success"",""estimated-frame-number"":""success"",""filename"":""success"",""hwdec-current"":""success"",""idle-active"":""success"",""path"":""success"",""pause"":""success"",""percent-pos"":""success"",""time-pos"":""success"",""video-params"":""success"",""vo-configured"":""success""}"	true	playing	media-63e22e276f	<media-path:c406539999>	15100	0	true	"{""black_screen_risk_reason"":""null"",""blocked_media_count"":0,""consecutive_failures"":0,""current_index"":0,""current_item"":{""alias"":""media-63e22e276f"",""duration_ms"":15100,""media_kind"":""motion_media"",""offset_ms"":0,""path_alias"":""<media-path:c406539999>"",""started_at_present"":true},""last_poll_error"":""null"",""last_render_error"":""null"",""mpv_running"":true,""next_item"":{""alias"":""media-b04db49d99"",""duration_ms"":15100,""media_kind"":""motion_media"",""path_alias"":""<media-path:2b030c3c41>""},""playback_state"":""playing"",""playlist_size"":5,""present"":true,""uptime_sec"":174}"
40	47.053	2026-07-15T16:09:19+0000	success		2	<media-path:2b030c3c41>	<media-path:2b030c3c41>	motion_media	<filename:c617160627>	4.733333	15.1	31.346578	false	false	false	142	v4l2request-copy	true	"{""aspect"":0.566038,""dh"":848,""dw"":480,""h"":848,""par"":1.0,""pixelformat"":""nv12"",""rotate"":0,""stereo-in"":""mono"",""w"":480}"	"{""duration"":""success"",""eof-reached"":""success"",""estimated-frame-number"":""success"",""filename"":""success"",""hwdec-current"":""success"",""idle-active"":""success"",""path"":""success"",""pause"":""success"",""percent-pos"":""success"",""time-pos"":""success"",""video-params"":""success"",""vo-configured"":""success""}"	true	playing	media-63e22e276f	<media-path:c406539999>	15100	0	true	"{""black_screen_risk_reason"":""null"",""blocked_media_count"":0,""consecutive_failures"":0,""current_index"":0,""current_item"":{""alias"":""media-63e22e276f"",""duration_ms"":15100,""media_kind"":""motion_media"",""offset_ms"":0,""path_alias"":""<media-path:c406539999>"",""started_at_present"":true},""last_poll_error"":""null"",""last_render_error"":""null"",""mpv_running"":true,""next_item"":{""alias"":""media-b04db49d99"",""duration_ms"":15100,""media_kind"":""motion_media"",""path_alias"":""<media-path:2b030c3c41>""},""playback_state"":""playing"",""playlist_size"":5,""present"":true,""uptime_sec"":174}"
41	48.057	2026-07-15T16:09:20+0000	success		2	<media-path:2b030c3c41>	<media-path:2b030c3c41>	motion_media	<filename:c617160627>	5.733333	15.1	37.969095	false	false	false	172	v4l2request-copy	true	"{""aspect"":0.566038,""dh"":848,""dw"":480,""h"":848,""par"":1.0,""pixelformat"":""nv12"",""rotate"":0,""stereo-in"":""mono"",""w"":480}"	"{""duration"":""success"",""eof-reached"":""success"",""estimated-frame-number"":""success"",""filename"":""success"",""hwdec-current"":""success"",""idle-active"":""success"",""path"":""success"",""pause"":""success"",""percent-pos"":""success"",""time-pos"":""success"",""video-params"":""success"",""vo-configured"":""success""}"	true	playing	media-b04db49d99	<media-path:2b030c3c41>	15100	1	true	"{""black_screen_risk_reason"":""null"",""blocked_media_count"":0,""consecutive_failures"":0,""current_index"":1,""current_item"":{""alias"":""media-b04db49d99"",""duration_ms"":15100,""media_kind"":""motion_media"",""offset_ms"":0,""path_alias"":""<media-path:2b030c3c41>"",""started_at_present"":true},""last_poll_error"":""null"",""last_render_error"":""null"",""mpv_running"":true,""next_item"":{""alias"":""media-8ffdc1f445"",""duration_ms"":14000,""media_kind"":""motion_media"",""path_alias"":""<media-path:fee4d36eb4>""},""playback_state"":""playing"",""playlist_size"":5,""present"":true,""uptime_sec"":179}"
42	49.061	2026-07-15T16:09:21+0000	success		2	<media-path:2b030c3c41>	<media-path:2b030c3c41>	motion_media	<filename:c617160627>	6.733333	15.1	44.591611	false	false	false	202	v4l2request-copy	true	"{""aspect"":0.566038,""dh"":848,""dw"":480,""h"":848,""par"":1.0,""pixelformat"":""nv12"",""rotate"":0,""stereo-in"":""mono"",""w"":480}"	"{""duration"":""success"",""eof-reached"":""success"",""estimated-frame-number"":""success"",""filename"":""success"",""hwdec-current"":""success"",""idle-active"":""success"",""path"":""success"",""pause"":""success"",""percent-pos"":""success"",""time-pos"":""success"",""video-params"":""success"",""vo-configured"":""success""}"	true	playing	media-b04db49d99	<media-path:2b030c3c41>	15100	1	true	"{""black_screen_risk_reason"":""null"",""blocked_media_count"":0,""consecutive_failures"":0,""current_index"":1,""current_item"":{""alias"":""media-b04db49d99"",""duration_ms"":15100,""media_kind"":""motion_media"",""offset_ms"":0,""path_alias"":""<media-path:2b030c3c41>"",""started_at_present"":true},""last_poll_error"":""null"",""last_render_error"":""null"",""mpv_running"":true,""next_item"":{""alias"":""media-8ffdc1f445"",""duration_ms"":14000,""media_kind"":""motion_media"",""path_alias"":""<media-path:fee4d36eb4>""},""playback_state"":""playing"",""playlist_size"":5,""present"":true,""uptime_sec"":179}"
43	50.067	2026-07-15T16:09:22+0000	success		8	<media-path:2b030c3c41>	<media-path:2b030c3c41>	motion_media	<filename:c617160627>	7.733333	15.1	51.214128	false	false	false	232	v4l2request-copy	true	"{""aspect"":0.566038,""dh"":848,""dw"":480,""h"":848,""par"":1.0,""pixelformat"":""nv12"",""rotate"":0,""stereo-in"":""mono"",""w"":480}"	"{""duration"":""success"",""eof-reached"":""success"",""estimated-frame-number"":""success"",""filename"":""success"",""hwdec-current"":""success"",""idle-active"":""success"",""path"":""success"",""pause"":""success"",""percent-pos"":""success"",""time-pos"":""success"",""video-params"":""success"",""vo-configured"":""success""}"	true	playing	media-b04db49d99	<media-path:2b030c3c41>	15100	1	true	"{""black_screen_risk_reason"":""null"",""blocked_media_count"":0,""consecutive_failures"":0,""current_index"":1,""current_item"":{""alias"":""media-b04db49d99"",""duration_ms"":15100,""media_kind"":""motion_media"",""offset_ms"":0,""path_alias"":""<media-path:2b030c3c41>"",""started_at_present"":true},""last_poll_error"":""null"",""last_render_error"":""null"",""mpv_running"":true,""next_item"":{""alias"":""media-8ffdc1f445"",""duration_ms"":14000,""media_kind"":""motion_media"",""path_alias"":""<media-path:fee4d36eb4>""},""playback_state"":""playing"",""playlist_size"":5,""present"":true,""uptime_sec"":179}"
44	51.079	2026-07-15T16:09:23+0000	success		2	<media-path:2b030c3c41>	<media-path:2b030c3c41>	motion_media	<filename:c617160627>	8.766667	15.1	58.057395	false	false	false	263	v4l2request-copy	true	"{""aspect"":0.566038,""dh"":848,""dw"":480,""h"":848,""par"":1.0,""pixelformat"":""nv12"",""rotate"":0,""stereo-in"":""mono"",""w"":480}"	"{""duration"":""success"",""eof-reached"":""success"",""estimated-frame-number"":""success"",""filename"":""success"",""hwdec-current"":""success"",""idle-active"":""success"",""path"":""success"",""pause"":""success"",""percent-pos"":""success"",""time-pos"":""success"",""video-params"":""success"",""vo-configured"":""success""}"	true	playing	media-b04db49d99	<media-path:2b030c3c41>	15100	1	true	"{""black_screen_risk_reason"":""null"",""blocked_media_count"":0,""consecutive_failures"":0,""current_index"":1,""current_item"":{""alias"":""media-b04db49d99"",""duration_ms"":15100,""media_kind"":""motion_media"",""offset_ms"":0,""path_alias"":""<media-path:2b030c3c41>"",""started_at_present"":true},""last_poll_error"":""null"",""last_render_error"":""null"",""mpv_running"":true,""next_item"":{""alias"":""media-8ffdc1f445"",""duration_ms"":14000,""media_kind"":""motion_media"",""path_alias"":""<media-path:fee4d36eb4>""},""playback_state"":""playing"",""playlist_size"":5,""present"":true,""uptime_sec"":179}"
45	52.084	2026-07-15T16:09:24+0000	success		3	<media-path:2b030c3c41>	<media-path:2b030c3c41>	motion_media	<filename:c617160627>	9.766667	15.1	64.679912	false	false	false	293	v4l2request-copy	true	"{""aspect"":0.566038,""dh"":848,""dw"":480,""h"":848,""par"":1.0,""pixelformat"":""nv12"",""rotate"":0,""stereo-in"":""mono"",""w"":480}"	"{""duration"":""success"",""eof-reached"":""success"",""estimated-frame-number"":""success"",""filename"":""success"",""hwdec-current"":""success"",""idle-active"":""success"",""path"":""success"",""pause"":""success"",""percent-pos"":""success"",""time-pos"":""success"",""video-params"":""success"",""vo-configured"":""success""}"	true	playing	media-b04db49d99	<media-path:2b030c3c41>	15100	1	true	"{""black_screen_risk_reason"":""null"",""blocked_media_count"":0,""consecutive_failures"":0,""current_index"":1,""current_item"":{""alias"":""media-b04db49d99"",""duration_ms"":15100,""media_kind"":""motion_media"",""offset_ms"":0,""path_alias"":""<media-path:2b030c3c41>"",""started_at_present"":true},""last_poll_error"":""null"",""last_render_error"":""null"",""mpv_running"":true,""next_item"":{""alias"":""media-8ffdc1f445"",""duration_ms"":14000,""media_kind"":""motion_media"",""path_alias"":""<media-path:fee4d36eb4>""},""playback_state"":""playing"",""playlist_size"":5,""present"":true,""uptime_sec"":179}"
46	53.091	2026-07-15T16:09:25+0000	success		2	<media-path:2b030c3c41>	<media-path:2b030c3c41>	motion_media	<filename:c617160627>	10.766667	15.1	71.302428	false	false	false	323	v4l2request-copy	true	"{""aspect"":0.566038,""dh"":848,""dw"":480,""h"":848,""par"":1.0,""pixelformat"":""nv12"",""rotate"":0,""stereo-in"":""mono"",""w"":480}"	"{""duration"":""success"",""eof-reached"":""success"",""estimated-frame-number"":""success"",""filename"":""success"",""hwdec-current"":""success"",""idle-active"":""success"",""path"":""success"",""pause"":""success"",""percent-pos"":""success"",""time-pos"":""success"",""video-params"":""success"",""vo-configured"":""success""}"	true	playing	media-b04db49d99	<media-path:2b030c3c41>	15100	1	true	"{""black_screen_risk_reason"":""null"",""blocked_media_count"":0,""consecutive_failures"":0,""current_index"":1,""current_item"":{""alias"":""media-b04db49d99"",""duration_ms"":15100,""media_kind"":""motion_media"",""offset_ms"":0,""path_alias"":""<media-path:2b030c3c41>"",""started_at_present"":true},""last_poll_error"":""null"",""last_render_error"":""null"",""mpv_running"":true,""next_item"":{""alias"":""media-8ffdc1f445"",""duration_ms"":14000,""media_kind"":""motion_media"",""path_alias"":""<media-path:fee4d36eb4>""},""playback_state"":""playing"",""playlist_size"":5,""present"":true,""uptime_sec"":184}"
47	54.095	2026-07-15T16:09:26+0000	success		11	<media-path:2b030c3c41>	<media-path:2b030c3c41>	motion_media	<filename:c617160627>	11.766667	15.1	77.924945	false	false	false	353	v4l2request-copy	true	"{""aspect"":0.566038,""dh"":848,""dw"":480,""h"":848,""par"":1.0,""pixelformat"":""nv12"",""rotate"":0,""stereo-in"":""mono"",""w"":480}"	"{""duration"":""success"",""eof-reached"":""success"",""estimated-frame-number"":""success"",""filename"":""success"",""hwdec-current"":""success"",""idle-active"":""success"",""path"":""success"",""pause"":""success"",""percent-pos"":""success"",""time-pos"":""success"",""video-params"":""success"",""vo-configured"":""success""}"	true	playing	media-b04db49d99	<media-path:2b030c3c41>	15100	1	true	"{""black_screen_risk_reason"":""null"",""blocked_media_count"":0,""consecutive_failures"":0,""current_index"":1,""current_item"":{""alias"":""media-b04db49d99"",""duration_ms"":15100,""media_kind"":""motion_media"",""offset_ms"":0,""path_alias"":""<media-path:2b030c3c41>"",""started_at_present"":true},""last_poll_error"":""null"",""last_render_error"":""null"",""mpv_running"":true,""next_item"":{""alias"":""media-8ffdc1f445"",""duration_ms"":14000,""media_kind"":""motion_media"",""path_alias"":""<media-path:fee4d36eb4>""},""playback_state"":""playing"",""playlist_size"":5,""present"":true,""uptime_sec"":184}"
48	55.109	2026-07-15T16:09:27+0000	success		2	<media-path:2b030c3c41>	<media-path:2b030c3c41>	motion_media	<filename:c617160627>	12.766667	15.1	84.547461	false	false	false	383	v4l2request-copy	true	"{""aspect"":0.566038,""dh"":848,""dw"":480,""h"":848,""par"":1.0,""pixelformat"":""nv12"",""rotate"":0,""stereo-in"":""mono"",""w"":480}"	"{""duration"":""success"",""eof-reached"":""success"",""estimated-frame-number"":""success"",""filename"":""success"",""hwdec-current"":""success"",""idle-active"":""success"",""path"":""success"",""pause"":""success"",""percent-pos"":""success"",""time-pos"":""success"",""video-params"":""success"",""vo-configured"":""success""}"	true	playing	media-b04db49d99	<media-path:2b030c3c41>	15100	1	true	"{""black_screen_risk_reason"":""null"",""blocked_media_count"":0,""consecutive_failures"":0,""current_index"":1,""current_item"":{""alias"":""media-b04db49d99"",""duration_ms"":15100,""media_kind"":""motion_media"",""offset_ms"":0,""path_alias"":""<media-path:2b030c3c41>"",""started_at_present"":true},""last_poll_error"":""null"",""last_render_error"":""null"",""mpv_running"":true,""next_item"":{""alias"":""media-8ffdc1f445"",""duration_ms"":14000,""media_kind"":""motion_media"",""path_alias"":""<media-path:fee4d36eb4>""},""playback_state"":""playing"",""playlist_size"":5,""present"":true,""uptime_sec"":184}"
49	56.113	2026-07-15T16:09:28+0000	success		2	<media-path:2b030c3c41>	<media-path:2b030c3c41>	motion_media	<filename:c617160627>	13.8	15.1	91.390728	false	false	false	414	v4l2request-copy	true	"{""aspect"":0.566038,""dh"":848,""dw"":480,""h"":848,""par"":1.0,""pixelformat"":""nv12"",""rotate"":0,""stereo-in"":""mono"",""w"":480}"	"{""duration"":""success"",""eof-reached"":""success"",""estimated-frame-number"":""success"",""filename"":""success"",""hwdec-current"":""success"",""idle-active"":""success"",""path"":""success"",""pause"":""success"",""percent-pos"":""success"",""time-pos"":""success"",""video-params"":""success"",""vo-configured"":""success""}"	true	playing	media-b04db49d99	<media-path:2b030c3c41>	15100	1	true	"{""black_screen_risk_reason"":""null"",""blocked_media_count"":0,""consecutive_failures"":0,""current_index"":1,""current_item"":{""alias"":""media-b04db49d99"",""duration_ms"":15100,""media_kind"":""motion_media"",""offset_ms"":0,""path_alias"":""<media-path:2b030c3c41>"",""started_at_present"":true},""last_poll_error"":""null"",""last_render_error"":""null"",""mpv_running"":true,""next_item"":{""alias"":""media-8ffdc1f445"",""duration_ms"":14000,""media_kind"":""motion_media"",""path_alias"":""<media-path:fee4d36eb4>""},""playback_state"":""playing"",""playlist_size"":5,""present"":true,""uptime_sec"":184}"
50	57.119	2026-07-15T16:09:29+0000	success		2	<media-path:2b030c3c41>	<media-path:2b030c3c41>	motion_media	<filename:c617160627>	14.8	15.1	98.013245	false	false	false	444	v4l2request-copy	true	"{""aspect"":0.566038,""dh"":848,""dw"":480,""h"":848,""par"":1.0,""pixelformat"":""nv12"",""rotate"":0,""stereo-in"":""mono"",""w"":480}"	"{""duration"":""success"",""eof-reached"":""success"",""estimated-frame-number"":""success"",""filename"":""success"",""hwdec-current"":""success"",""idle-active"":""success"",""path"":""success"",""pause"":""success"",""percent-pos"":""success"",""time-pos"":""success"",""video-params"":""success"",""vo-configured"":""success""}"	true	playing	media-b04db49d99	<media-path:2b030c3c41>	15100	1	true	"{""black_screen_risk_reason"":""null"",""blocked_media_count"":0,""consecutive_failures"":0,""current_index"":1,""current_item"":{""alias"":""media-b04db49d99"",""duration_ms"":15100,""media_kind"":""motion_media"",""offset_ms"":0,""path_alias"":""<media-path:2b030c3c41>"",""started_at_present"":true},""last_poll_error"":""null"",""last_render_error"":""null"",""mpv_running"":true,""next_item"":{""alias"":""media-8ffdc1f445"",""duration_ms"":14000,""media_kind"":""motion_media"",""path_alias"":""<media-path:fee4d36eb4>""},""playback_state"":""playing"",""playlist_size"":5,""present"":true,""uptime_sec"":184}"
51	58.123	2026-07-15T16:09:30+0000	success		2	<media-path:fee4d36eb4>	<media-path:fee4d36eb4>	motion_media	<filename:8ba6df5956>	0.4	14	2.857143	false	false	false	12	v4l2request-copy	true	"{""aspect"":0.557692,""dh"":832,""dw"":464,""h"":832,""par"":1.0,""pixelformat"":""nv12"",""rotate"":0,""stereo-in"":""mono"",""w"":464}"	"{""duration"":""success"",""eof-reached"":""success"",""estimated-frame-number"":""success"",""filename"":""success"",""hwdec-current"":""success"",""idle-active"":""success"",""path"":""success"",""pause"":""success"",""percent-pos"":""success"",""time-pos"":""success"",""video-params"":""success"",""vo-configured"":""success""}"	true	playing	media-b04db49d99	<media-path:2b030c3c41>	15100	1	true	"{""black_screen_risk_reason"":""null"",""blocked_media_count"":0,""consecutive_failures"":0,""current_index"":1,""current_item"":{""alias"":""media-b04db49d99"",""duration_ms"":15100,""media_kind"":""motion_media"",""offset_ms"":0,""path_alias"":""<media-path:2b030c3c41>"",""started_at_present"":true},""last_poll_error"":""null"",""last_render_error"":""null"",""mpv_running"":true,""next_item"":{""alias"":""media-8ffdc1f445"",""duration_ms"":14000,""media_kind"":""motion_media"",""path_alias"":""<media-path:fee4d36eb4>""},""playback_state"":""playing"",""playlist_size"":5,""present"":true,""uptime_sec"":189}"
52	59.128	2026-07-15T16:09:31+0000	success		9	<media-path:fee4d36eb4>	<media-path:fee4d36eb4>	motion_media	<filename:8ba6df5956>	1.4	14	10	false	false	false	42	v4l2request-copy	true	"{""aspect"":0.557692,""dh"":832,""dw"":464,""h"":832,""par"":1.0,""pixelformat"":""nv12"",""rotate"":0,""stereo-in"":""mono"",""w"":464}"	"{""duration"":""success"",""eof-reached"":""success"",""estimated-frame-number"":""success"",""filename"":""success"",""hwdec-current"":""success"",""idle-active"":""success"",""path"":""success"",""pause"":""success"",""percent-pos"":""success"",""time-pos"":""success"",""video-params"":""success"",""vo-configured"":""success""}"	true	playing	media-b04db49d99	<media-path:2b030c3c41>	15100	1	true	"{""black_screen_risk_reason"":""null"",""blocked_media_count"":0,""consecutive_failures"":0,""current_index"":1,""current_item"":{""alias"":""media-b04db49d99"",""duration_ms"":15100,""media_kind"":""motion_media"",""offset_ms"":0,""path_alias"":""<media-path:2b030c3c41>"",""started_at_present"":true},""last_poll_error"":""null"",""last_render_error"":""null"",""mpv_running"":true,""next_item"":{""alias"":""media-8ffdc1f445"",""duration_ms"":14000,""media_kind"":""motion_media"",""path_alias"":""<media-path:fee4d36eb4>""},""playback_state"":""playing"",""playlist_size"":5,""present"":true,""uptime_sec"":189}"
53	60.140	2026-07-15T16:09:32+0000	success		3	<media-path:fee4d36eb4>	<media-path:fee4d36eb4>	motion_media	<filename:8ba6df5956>	2.433333	14	17.380952	false	false	false	73	v4l2request-copy	true	"{""aspect"":0.557692,""dh"":832,""dw"":464,""h"":832,""par"":1.0,""pixelformat"":""nv12"",""rotate"":0,""stereo-in"":""mono"",""w"":464}"	"{""duration"":""success"",""eof-reached"":""success"",""estimated-frame-number"":""success"",""filename"":""success"",""hwdec-current"":""success"",""idle-active"":""success"",""path"":""success"",""pause"":""success"",""percent-pos"":""success"",""time-pos"":""success"",""video-params"":""success"",""vo-configured"":""success""}"	true	playing	media-b04db49d99	<media-path:2b030c3c41>	15100	1	true	"{""black_screen_risk_reason"":""null"",""blocked_media_count"":0,""consecutive_failures"":0,""current_index"":1,""current_item"":{""alias"":""media-b04db49d99"",""duration_ms"":15100,""media_kind"":""motion_media"",""offset_ms"":0,""path_alias"":""<media-path:2b030c3c41>"",""started_at_present"":true},""last_poll_error"":""null"",""last_render_error"":""null"",""mpv_running"":true,""next_item"":{""alias"":""media-8ffdc1f445"",""duration_ms"":14000,""media_kind"":""motion_media"",""path_alias"":""<media-path:fee4d36eb4>""},""playback_state"":""playing"",""playlist_size"":5,""present"":true,""uptime_sec"":189}"
54	61.147	2026-07-15T16:09:33+0000	success		4	<media-path:fee4d36eb4>	<media-path:fee4d36eb4>	motion_media	<filename:8ba6df5956>	3.433333	14	24.52381	false	false	false	103	v4l2request-copy	true	"{""aspect"":0.557692,""dh"":832,""dw"":464,""h"":832,""par"":1.0,""pixelformat"":""nv12"",""rotate"":0,""stereo-in"":""mono"",""w"":464}"	"{""duration"":""success"",""eof-reached"":""success"",""estimated-frame-number"":""success"",""filename"":""success"",""hwdec-current"":""success"",""idle-active"":""success"",""path"":""success"",""pause"":""success"",""percent-pos"":""success"",""time-pos"":""success"",""video-params"":""success"",""vo-configured"":""success""}"	true	playing	media-b04db49d99	<media-path:2b030c3c41>	15100	1	true	"{""black_screen_risk_reason"":""null"",""blocked_media_count"":0,""consecutive_failures"":0,""current_index"":1,""current_item"":{""alias"":""media-b04db49d99"",""duration_ms"":15100,""media_kind"":""motion_media"",""offset_ms"":0,""path_alias"":""<media-path:2b030c3c41>"",""started_at_present"":true},""last_poll_error"":""null"",""last_render_error"":""null"",""mpv_running"":true,""next_item"":{""alias"":""media-8ffdc1f445"",""duration_ms"":14000,""media_kind"":""motion_media"",""path_alias"":""<media-path:fee4d36eb4>""},""playback_state"":""playing"",""playlist_size"":5,""present"":true,""uptime_sec"":189}"
55	62.153	2026-07-15T16:09:34+0000	success		5	<media-path:fee4d36eb4>	<media-path:fee4d36eb4>	motion_media	<filename:8ba6df5956>	4.433333	14	31.666667	false	false	false	133	v4l2request-copy	true	"{""aspect"":0.557692,""dh"":832,""dw"":464,""h"":832,""par"":1.0,""pixelformat"":""nv12"",""rotate"":0,""stereo-in"":""mono"",""w"":464}"	"{""duration"":""success"",""eof-reached"":""success"",""estimated-frame-number"":""success"",""filename"":""success"",""hwdec-current"":""success"",""idle-active"":""success"",""path"":""success"",""pause"":""success"",""percent-pos"":""success"",""time-pos"":""success"",""video-params"":""success"",""vo-configured"":""success""}"	true	playing	media-b04db49d99	<media-path:2b030c3c41>	15100	1	true	"{""black_screen_risk_reason"":""null"",""blocked_media_count"":0,""consecutive_failures"":0,""current_index"":1,""current_item"":{""alias"":""media-b04db49d99"",""duration_ms"":15100,""media_kind"":""motion_media"",""offset_ms"":0,""path_alias"":""<media-path:2b030c3c41>"",""started_at_present"":true},""last_poll_error"":""null"",""last_render_error"":""null"",""mpv_running"":true,""next_item"":{""alias"":""media-8ffdc1f445"",""duration_ms"":14000,""media_kind"":""motion_media"",""path_alias"":""<media-path:fee4d36eb4>""},""playback_state"":""playing"",""playlist_size"":5,""present"":true,""uptime_sec"":189}"
56	63.161	2026-07-15T16:09:35+0000	success		2	<media-path:fee4d36eb4>	<media-path:fee4d36eb4>	motion_media	<filename:8ba6df5956>	5.433333	14	38.809524	false	false	false	163	v4l2request-copy	true	"{""aspect"":0.557692,""dh"":832,""dw"":464,""h"":832,""par"":1.0,""pixelformat"":""nv12"",""rotate"":0,""stereo-in"":""mono"",""w"":464}"	"{""duration"":""success"",""eof-reached"":""success"",""estimated-frame-number"":""success"",""filename"":""success"",""hwdec-current"":""success"",""idle-active"":""success"",""path"":""success"",""pause"":""success"",""percent-pos"":""success"",""time-pos"":""success"",""video-params"":""success"",""vo-configured"":""success""}"	true	playing	media-8ffdc1f445	<media-path:fee4d36eb4>	14000	2	true	"{""black_screen_risk_reason"":""null"",""blocked_media_count"":0,""consecutive_failures"":0,""current_index"":2,""current_item"":{""alias"":""media-8ffdc1f445"",""duration_ms"":14000,""media_kind"":""motion_media"",""offset_ms"":0,""path_alias"":""<media-path:fee4d36eb4>"",""started_at_present"":true},""last_poll_error"":""null"",""last_render_error"":""null"",""mpv_running"":true,""next_item"":{""alias"":""media-749f1db21b"",""duration_ms"":3900,""media_kind"":""motion_media"",""path_alias"":""<media-path:31af3d58a2>""},""playback_state"":""playing"",""playlist_size"":5,""present"":true,""uptime_sec"":194}"
57	64.165	2026-07-15T16:09:36+0000	success		2	<media-path:fee4d36eb4>	<media-path:fee4d36eb4>	motion_media	<filename:8ba6df5956>	6.433333	14	45.952381	false	false	false	193	v4l2request-copy	true	"{""aspect"":0.557692,""dh"":832,""dw"":464,""h"":832,""par"":1.0,""pixelformat"":""nv12"",""rotate"":0,""stereo-in"":""mono"",""w"":464}"	"{""duration"":""success"",""eof-reached"":""success"",""estimated-frame-number"":""success"",""filename"":""success"",""hwdec-current"":""success"",""idle-active"":""success"",""path"":""success"",""pause"":""success"",""percent-pos"":""success"",""time-pos"":""success"",""video-params"":""success"",""vo-configured"":""success""}"	true	playing	media-8ffdc1f445	<media-path:fee4d36eb4>	14000	2	true	"{""black_screen_risk_reason"":""null"",""blocked_media_count"":0,""consecutive_failures"":0,""current_index"":2,""current_item"":{""alias"":""media-8ffdc1f445"",""duration_ms"":14000,""media_kind"":""motion_media"",""offset_ms"":0,""path_alias"":""<media-path:fee4d36eb4>"",""started_at_present"":true},""last_poll_error"":""null"",""last_render_error"":""null"",""mpv_running"":true,""next_item"":{""alias"":""media-749f1db21b"",""duration_ms"":3900,""media_kind"":""motion_media"",""path_alias"":""<media-path:31af3d58a2>""},""playback_state"":""playing"",""playlist_size"":5,""present"":true,""uptime_sec"":194}"
58	65.169	2026-07-15T16:09:37+0000	success		3	<media-path:fee4d36eb4>	<media-path:fee4d36eb4>	motion_media	<filename:8ba6df5956>	7.433333	14	53.095238	false	false	false	223	v4l2request-copy	true	"{""aspect"":0.557692,""dh"":832,""dw"":464,""h"":832,""par"":1.0,""pixelformat"":""nv12"",""rotate"":0,""stereo-in"":""mono"",""w"":464}"	"{""duration"":""success"",""eof-reached"":""success"",""estimated-frame-number"":""success"",""filename"":""success"",""hwdec-current"":""success"",""idle-active"":""success"",""path"":""success"",""pause"":""success"",""percent-pos"":""success"",""time-pos"":""success"",""video-params"":""success"",""vo-configured"":""success""}"	true	playing	media-8ffdc1f445	<media-path:fee4d36eb4>	14000	2	true	"{""black_screen_risk_reason"":""null"",""blocked_media_count"":0,""consecutive_failures"":0,""current_index"":2,""current_item"":{""alias"":""media-8ffdc1f445"",""duration_ms"":14000,""media_kind"":""motion_media"",""offset_ms"":0,""path_alias"":""<media-path:fee4d36eb4>"",""started_at_present"":true},""last_poll_error"":""null"",""last_render_error"":""null"",""mpv_running"":true,""next_item"":{""alias"":""media-749f1db21b"",""duration_ms"":3900,""media_kind"":""motion_media"",""path_alias"":""<media-path:31af3d58a2>""},""playback_state"":""playing"",""playlist_size"":5,""present"":true,""uptime_sec"":194}"
59	66.176	2026-07-15T16:09:38+0000	success		2	<media-path:fee4d36eb4>	<media-path:fee4d36eb4>	motion_media	<filename:8ba6df5956>	8.466667	14	60.47619	false	false	false	254	v4l2request-copy	true	"{""aspect"":0.557692,""dh"":832,""dw"":464,""h"":832,""par"":1.0,""pixelformat"":""nv12"",""rotate"":0,""stereo-in"":""mono"",""w"":464}"	"{""duration"":""success"",""eof-reached"":""success"",""estimated-frame-number"":""success"",""filename"":""success"",""hwdec-current"":""success"",""idle-active"":""success"",""path"":""success"",""pause"":""success"",""percent-pos"":""success"",""time-pos"":""success"",""video-params"":""success"",""vo-configured"":""success""}"	true	playing	media-8ffdc1f445	<media-path:fee4d36eb4>	14000	2	true	"{""black_screen_risk_reason"":""null"",""blocked_media_count"":0,""consecutive_failures"":0,""current_index"":2,""current_item"":{""alias"":""media-8ffdc1f445"",""duration_ms"":14000,""media_kind"":""motion_media"",""offset_ms"":0,""path_alias"":""<media-path:fee4d36eb4>"",""started_at_present"":true},""last_poll_error"":""null"",""last_render_error"":""null"",""mpv_running"":true,""next_item"":{""alias"":""media-749f1db21b"",""duration_ms"":3900,""media_kind"":""motion_media"",""path_alias"":""<media-path:31af3d58a2>""},""playback_state"":""playing"",""playlist_size"":5,""present"":true,""uptime_sec"":194}"
60	67.181	2026-07-15T16:09:39+0000	success		2	<media-path:fee4d36eb4>	<media-path:fee4d36eb4>	motion_media	<filename:8ba6df5956>	9.466667	14	67.619048	false	false	false	284	v4l2request-copy	true	"{""aspect"":0.557692,""dh"":832,""dw"":464,""h"":832,""par"":1.0,""pixelformat"":""nv12"",""rotate"":0,""stereo-in"":""mono"",""w"":464}"	"{""duration"":""success"",""eof-reached"":""success"",""estimated-frame-number"":""success"",""filename"":""success"",""hwdec-current"":""success"",""idle-active"":""success"",""path"":""success"",""pause"":""success"",""percent-pos"":""success"",""time-pos"":""success"",""video-params"":""success"",""vo-configured"":""success""}"	true	playing	media-8ffdc1f445	<media-path:fee4d36eb4>	14000	2	true	"{""black_screen_risk_reason"":""null"",""blocked_media_count"":0,""consecutive_failures"":0,""current_index"":2,""current_item"":{""alias"":""media-8ffdc1f445"",""duration_ms"":14000,""media_kind"":""motion_media"",""offset_ms"":0,""path_alias"":""<media-path:fee4d36eb4>"",""started_at_present"":true},""last_poll_error"":""null"",""last_render_error"":""null"",""mpv_running"":true,""next_item"":{""alias"":""media-749f1db21b"",""duration_ms"":3900,""media_kind"":""motion_media"",""path_alias"":""<media-path:31af3d58a2>""},""playback_state"":""playing"",""playlist_size"":5,""present"":true,""uptime_sec"":194}"
61	68.185	2026-07-15T16:09:40+0000	success		2	<media-path:fee4d36eb4>	<media-path:fee4d36eb4>	motion_media	<filename:8ba6df5956>	10.466667	14	74.761905	false	false	false	314	v4l2request-copy	true	"{""aspect"":0.557692,""dh"":832,""dw"":464,""h"":832,""par"":1.0,""pixelformat"":""nv12"",""rotate"":0,""stereo-in"":""mono"",""w"":464}"	"{""duration"":""success"",""eof-reached"":""success"",""estimated-frame-number"":""success"",""filename"":""success"",""hwdec-current"":""success"",""idle-active"":""success"",""path"":""success"",""pause"":""success"",""percent-pos"":""success"",""time-pos"":""success"",""video-params"":""success"",""vo-configured"":""success""}"	true	playing	media-8ffdc1f445	<media-path:fee4d36eb4>	14000	2	true	"{""black_screen_risk_reason"":""null"",""blocked_media_count"":0,""consecutive_failures"":0,""current_index"":2,""current_item"":{""alias"":""media-8ffdc1f445"",""duration_ms"":14000,""media_kind"":""motion_media"",""offset_ms"":0,""path_alias"":""<media-path:fee4d36eb4>"",""started_at_present"":true},""last_poll_error"":""null"",""last_render_error"":""null"",""mpv_running"":true,""next_item"":{""alias"":""media-749f1db21b"",""duration_ms"":3900,""media_kind"":""motion_media"",""path_alias"":""<media-path:31af3d58a2>""},""playback_state"":""playing"",""playlist_size"":5,""present"":true,""uptime_sec"":199}"
62	69.189	2026-07-15T16:09:41+0000	success		2	<media-path:fee4d36eb4>	<media-path:fee4d36eb4>	motion_media	<filename:8ba6df5956>	11.466667	14	81.904762	false	false	false	344	v4l2request-copy	true	"{""aspect"":0.557692,""dh"":832,""dw"":464,""h"":832,""par"":1.0,""pixelformat"":""nv12"",""rotate"":0,""stereo-in"":""mono"",""w"":464}"	"{""duration"":""success"",""eof-reached"":""success"",""estimated-frame-number"":""success"",""filename"":""success"",""hwdec-current"":""success"",""idle-active"":""success"",""path"":""success"",""pause"":""success"",""percent-pos"":""success"",""time-pos"":""success"",""video-params"":""success"",""vo-configured"":""success""}"	true	playing	media-8ffdc1f445	<media-path:fee4d36eb4>	14000	2	true	"{""black_screen_risk_reason"":""null"",""blocked_media_count"":0,""consecutive_failures"":0,""current_index"":2,""current_item"":{""alias"":""media-8ffdc1f445"",""duration_ms"":14000,""media_kind"":""motion_media"",""offset_ms"":0,""path_alias"":""<media-path:fee4d36eb4>"",""started_at_present"":true},""last_poll_error"":""null"",""last_render_error"":""null"",""mpv_running"":true,""next_item"":{""alias"":""media-749f1db21b"",""duration_ms"":3900,""media_kind"":""motion_media"",""path_alias"":""<media-path:31af3d58a2>""},""playback_state"":""playing"",""playlist_size"":5,""present"":true,""uptime_sec"":199}"
63	70.195	2026-07-15T16:09:42+0000	success		7	<media-path:fee4d36eb4>	<media-path:fee4d36eb4>	motion_media	<filename:8ba6df5956>	12.466667	14	89.047619	false	false	false	374	v4l2request-copy	true	"{""aspect"":0.557692,""dh"":832,""dw"":464,""h"":832,""par"":1.0,""pixelformat"":""nv12"",""rotate"":0,""stereo-in"":""mono"",""w"":464}"	"{""duration"":""success"",""eof-reached"":""success"",""estimated-frame-number"":""success"",""filename"":""success"",""hwdec-current"":""success"",""idle-active"":""success"",""path"":""success"",""pause"":""success"",""percent-pos"":""success"",""time-pos"":""success"",""video-params"":""success"",""vo-configured"":""success""}"	true	playing	media-8ffdc1f445	<media-path:fee4d36eb4>	14000	2	true	"{""black_screen_risk_reason"":""null"",""blocked_media_count"":0,""consecutive_failures"":0,""current_index"":2,""current_item"":{""alias"":""media-8ffdc1f445"",""duration_ms"":14000,""media_kind"":""motion_media"",""offset_ms"":0,""path_alias"":""<media-path:fee4d36eb4>"",""started_at_present"":true},""last_poll_error"":""null"",""last_render_error"":""null"",""mpv_running"":true,""next_item"":{""alias"":""media-749f1db21b"",""duration_ms"":3900,""media_kind"":""motion_media"",""path_alias"":""<media-path:31af3d58a2>""},""playback_state"":""playing"",""playlist_size"":5,""present"":true,""uptime_sec"":199}"
64	71.206	2026-07-15T16:09:43+0000	success		3	<media-path:fee4d36eb4>	<media-path:fee4d36eb4>	motion_media	<filename:8ba6df5956>	13.466667	14	96.190476	false	false	false	404	v4l2request-copy	true	"{""aspect"":0.557692,""dh"":832,""dw"":464,""h"":832,""par"":1.0,""pixelformat"":""nv12"",""rotate"":0,""stereo-in"":""mono"",""w"":464}"	"{""duration"":""success"",""eof-reached"":""success"",""estimated-frame-number"":""success"",""filename"":""success"",""hwdec-current"":""success"",""idle-active"":""success"",""path"":""success"",""pause"":""success"",""percent-pos"":""success"",""time-pos"":""success"",""video-params"":""success"",""vo-configured"":""success""}"	true	playing	media-8ffdc1f445	<media-path:fee4d36eb4>	14000	2	true	"{""black_screen_risk_reason"":""null"",""blocked_media_count"":0,""consecutive_failures"":0,""current_index"":2,""current_item"":{""alias"":""media-8ffdc1f445"",""duration_ms"":14000,""media_kind"":""motion_media"",""offset_ms"":0,""path_alias"":""<media-path:fee4d36eb4>"",""started_at_present"":true},""last_poll_error"":""null"",""last_render_error"":""null"",""mpv_running"":true,""next_item"":{""alias"":""media-749f1db21b"",""duration_ms"":3900,""media_kind"":""motion_media"",""path_alias"":""<media-path:31af3d58a2>""},""playback_state"":""playing"",""playlist_size"":5,""present"":true,""uptime_sec"":199}"
65	72.213	2026-07-15T16:09:44+0000	success		11	<media-path:31af3d58a2>	<media-path:31af3d58a2>	motion_media	<filename:92829f14a9>	0.3	3.9	7.692308	false	false	false	9	v4l2request-copy	true	"{""aspect"":0.566038,""dh"":848,""dw"":480,""h"":848,""par"":1.0,""pixelformat"":""nv12"",""rotate"":0,""stereo-in"":""mono"",""w"":480}"	"{""duration"":""success"",""eof-reached"":""success"",""estimated-frame-number"":""success"",""filename"":""success"",""hwdec-current"":""success"",""idle-active"":""success"",""path"":""success"",""pause"":""success"",""percent-pos"":""success"",""time-pos"":""success"",""video-params"":""success"",""vo-configured"":""success""}"	true	playing	media-8ffdc1f445	<media-path:fee4d36eb4>	14000	2	true	"{""black_screen_risk_reason"":""null"",""blocked_media_count"":0,""consecutive_failures"":0,""current_index"":2,""current_item"":{""alias"":""media-8ffdc1f445"",""duration_ms"":14000,""media_kind"":""motion_media"",""offset_ms"":0,""path_alias"":""<media-path:fee4d36eb4>"",""started_at_present"":true},""last_poll_error"":""null"",""last_render_error"":""null"",""mpv_running"":true,""next_item"":{""alias"":""media-749f1db21b"",""duration_ms"":3900,""media_kind"":""motion_media"",""path_alias"":""<media-path:31af3d58a2>""},""playback_state"":""playing"",""playlist_size"":5,""present"":true,""uptime_sec"":199}"
66	73.226	2026-07-15T16:09:45+0000	success		2	<media-path:31af3d58a2>	<media-path:31af3d58a2>	motion_media	<filename:92829f14a9>	1.3	3.9	33.333333	false	false	false	39	v4l2request-copy	true	"{""aspect"":0.566038,""dh"":848,""dw"":480,""h"":848,""par"":1.0,""pixelformat"":""nv12"",""rotate"":0,""stereo-in"":""mono"",""w"":480}"	"{""duration"":""success"",""eof-reached"":""success"",""estimated-frame-number"":""success"",""filename"":""success"",""hwdec-current"":""success"",""idle-active"":""success"",""path"":""success"",""pause"":""success"",""percent-pos"":""success"",""time-pos"":""success"",""video-params"":""success"",""vo-configured"":""success""}"	true	playing	media-749f1db21b	<media-path:31af3d58a2>	3900	3	true	"{""black_screen_risk_reason"":""null"",""blocked_media_count"":0,""consecutive_failures"":0,""current_index"":3,""current_item"":{""alias"":""media-749f1db21b"",""duration_ms"":3900,""media_kind"":""motion_media"",""offset_ms"":0,""path_alias"":""<media-path:31af3d58a2>"",""started_at_present"":true},""last_poll_error"":""null"",""last_render_error"":""null"",""mpv_running"":true,""next_item"":{""alias"":""media-b8c9a5f04c"",""duration_ms"":28100,""media_kind"":""motion_media"",""path_alias"":""<media-path:3ba49b8978>""},""playback_state"":""playing"",""playlist_size"":5,""present"":true,""uptime_sec"":204}"
67	74.232	2026-07-15T16:09:46+0000	success		6	<media-path:31af3d58a2>	<media-path:31af3d58a2>	motion_media	<filename:92829f14a9>	2.3	3.9	58.974359	false	false	false	68	v4l2request-copy	true	"{""aspect"":0.566038,""dh"":848,""dw"":480,""h"":848,""par"":1.0,""pixelformat"":""nv12"",""rotate"":0,""stereo-in"":""mono"",""w"":480}"	"{""duration"":""success"",""eof-reached"":""success"",""estimated-frame-number"":""success"",""filename"":""success"",""hwdec-current"":""success"",""idle-active"":""success"",""path"":""success"",""pause"":""success"",""percent-pos"":""success"",""time-pos"":""success"",""video-params"":""success"",""vo-configured"":""success""}"	true	playing	media-749f1db21b	<media-path:31af3d58a2>	3900	3	true	"{""black_screen_risk_reason"":""null"",""blocked_media_count"":0,""consecutive_failures"":0,""current_index"":3,""current_item"":{""alias"":""media-749f1db21b"",""duration_ms"":3900,""media_kind"":""motion_media"",""offset_ms"":0,""path_alias"":""<media-path:31af3d58a2>"",""started_at_present"":true},""last_poll_error"":""null"",""last_render_error"":""null"",""mpv_running"":true,""next_item"":{""alias"":""media-b8c9a5f04c"",""duration_ms"":28100,""media_kind"":""motion_media"",""path_alias"":""<media-path:3ba49b8978>""},""playback_state"":""playing"",""playlist_size"":5,""present"":true,""uptime_sec"":204}"
68	75.241	2026-07-15T16:09:47+0000	success		2	<media-path:31af3d58a2>	<media-path:31af3d58a2>	motion_media	<filename:92829f14a9>	3.3	3.9	84.615385	false	false	false	98	v4l2request-copy	true	"{""aspect"":0.566038,""dh"":848,""dw"":480,""h"":848,""par"":1.0,""pixelformat"":""nv12"",""rotate"":0,""stereo-in"":""mono"",""w"":480}"	"{""duration"":""success"",""eof-reached"":""success"",""estimated-frame-number"":""success"",""filename"":""success"",""hwdec-current"":""success"",""idle-active"":""success"",""path"":""success"",""pause"":""success"",""percent-pos"":""success"",""time-pos"":""success"",""video-params"":""success"",""vo-configured"":""success""}"	true	playing	media-749f1db21b	<media-path:31af3d58a2>	3900	3	true	"{""black_screen_risk_reason"":""null"",""blocked_media_count"":0,""consecutive_failures"":0,""current_index"":3,""current_item"":{""alias"":""media-749f1db21b"",""duration_ms"":3900,""media_kind"":""motion_media"",""offset_ms"":0,""path_alias"":""<media-path:31af3d58a2>"",""started_at_present"":true},""last_poll_error"":""null"",""last_render_error"":""null"",""mpv_running"":true,""next_item"":{""alias"":""media-b8c9a5f04c"",""duration_ms"":28100,""media_kind"":""motion_media"",""path_alias"":""<media-path:3ba49b8978>""},""playback_state"":""playing"",""playlist_size"":5,""present"":true,""uptime_sec"":204}"
69	76.245	2026-07-15T16:09:48+0000	success		135	<media-path:3ba49b8978>	<media-path:3ba49b8978>	motion_media	<filename:e511e8bce0>	0.033367	28.061367	0.118906	false	false	false	1	v4l2request-copy	true	"{""aspect"":0.5625,""dh"":1920,""dw"":1080,""h"":1920,""par"":1.0,""pixelformat"":""nv12"",""rotate"":0,""stereo-in"":""mono"",""w"":1080}"	"{""duration"":""success"",""eof-reached"":""success"",""estimated-frame-number"":""success"",""filename"":""success"",""hwdec-current"":""success"",""idle-active"":""success"",""path"":""success"",""pause"":""success"",""percent-pos"":""success"",""time-pos"":""success"",""video-params"":""success"",""vo-configured"":""success""}"	true	playing	media-749f1db21b	<media-path:31af3d58a2>	3900	3	true	"{""black_screen_risk_reason"":""null"",""blocked_media_count"":0,""consecutive_failures"":0,""current_index"":3,""current_item"":{""alias"":""media-749f1db21b"",""duration_ms"":3900,""media_kind"":""motion_media"",""offset_ms"":0,""path_alias"":""<media-path:31af3d58a2>"",""started_at_present"":true},""last_poll_error"":""null"",""last_render_error"":""null"",""mpv_running"":true,""next_item"":{""alias"":""media-b8c9a5f04c"",""duration_ms"":28100,""media_kind"":""motion_media"",""path_alias"":""<media-path:3ba49b8978>""},""playback_state"":""playing"",""playlist_size"":5,""present"":true,""uptime_sec"":204}"
70	77.383	2026-07-15T16:09:50+0000	success		535	<media-path:3ba49b8978>	<media-path:3ba49b8978>	motion_media	<filename:e511e8bce0>	0.867533	28.061367	3.32937	false	false	false	30	v4l2request-copy	true	"{""aspect"":0.5625,""dh"":1920,""dw"":1080,""h"":1920,""par"":1.0,""pixelformat"":""nv12"",""rotate"":0,""stereo-in"":""mono"",""w"":1080}"	"{""duration"":""success"",""eof-reached"":""success"",""estimated-frame-number"":""success"",""filename"":""success"",""hwdec-current"":""success"",""idle-active"":""success"",""path"":""success"",""pause"":""success"",""percent-pos"":""success"",""time-pos"":""success"",""video-params"":""success"",""vo-configured"":""success""}"	true	playing	media-b8c9a5f04c	<media-path:3ba49b8978>	28100	4	true	"{""black_screen_risk_reason"":""null"",""blocked_media_count"":0,""consecutive_failures"":0,""current_index"":4,""current_item"":{""alias"":""media-b8c9a5f04c"",""duration_ms"":28100,""media_kind"":""motion_media"",""offset_ms"":0,""path_alias"":""<media-path:3ba49b8978>"",""started_at_present"":true},""last_poll_error"":""null"",""last_render_error"":""null"",""mpv_running"":true,""next_item"":{""alias"":""media-63e22e276f"",""duration_ms"":15100,""media_kind"":""motion_media"",""path_alias"":""<media-path:c406539999>""},""playback_state"":""playing"",""playlist_size"":5,""present"":true,""uptime_sec"":209}"
71	78.924	2026-07-15T16:09:51+0000	success		472	<media-path:3ba49b8978>	<media-path:3ba49b8978>	motion_media	<filename:e511e8bce0>	2.035367	28.061367	7.491082	false	false	false	65	v4l2request-copy	true	"{""aspect"":0.5625,""dh"":1920,""dw"":1080,""h"":1920,""par"":1.0,""pixelformat"":""nv12"",""rotate"":0,""stereo-in"":""mono"",""w"":1080}"	"{""duration"":""success"",""eof-reached"":""success"",""estimated-frame-number"":""success"",""filename"":""success"",""hwdec-current"":""success"",""idle-active"":""success"",""path"":""success"",""pause"":""success"",""percent-pos"":""success"",""time-pos"":""success"",""video-params"":""success"",""vo-configured"":""success""}"	true	playing	media-b8c9a5f04c	<media-path:3ba49b8978>	28100	4	true	"{""black_screen_risk_reason"":""null"",""blocked_media_count"":0,""consecutive_failures"":0,""current_index"":4,""current_item"":{""alias"":""media-b8c9a5f04c"",""duration_ms"":28100,""media_kind"":""motion_media"",""offset_ms"":0,""path_alias"":""<media-path:3ba49b8978>"",""started_at_present"":true},""last_poll_error"":""null"",""last_render_error"":""null"",""mpv_running"":true,""next_item"":{""alias"":""media-63e22e276f"",""duration_ms"":15100,""media_kind"":""motion_media"",""path_alias"":""<media-path:c406539999>""},""playback_state"":""playing"",""playlist_size"":5,""present"":true,""uptime_sec"":209}"
72	80.400	2026-07-15T16:09:53+0000	success		326	<media-path:3ba49b8978>	<media-path:3ba49b8978>	motion_media	<filename:e511e8bce0>	3.2032	28.061367	11.652794	false	false	false	100	v4l2request-copy	true	"{""aspect"":0.5625,""dh"":1920,""dw"":1080,""h"":1920,""par"":1.0,""pixelformat"":""nv12"",""rotate"":0,""stereo-in"":""mono"",""w"":1080}"	"{""duration"":""success"",""eof-reached"":""success"",""estimated-frame-number"":""success"",""filename"":""success"",""hwdec-current"":""success"",""idle-active"":""success"",""path"":""success"",""pause"":""success"",""percent-pos"":""success"",""time-pos"":""success"",""video-params"":""success"",""vo-configured"":""success""}"	true	playing	media-b8c9a5f04c	<media-path:3ba49b8978>	28100	4	true	"{""black_screen_risk_reason"":""null"",""blocked_media_count"":0,""consecutive_failures"":0,""current_index"":4,""current_item"":{""alias"":""media-b8c9a5f04c"",""duration_ms"":28100,""media_kind"":""motion_media"",""offset_ms"":0,""path_alias"":""<media-path:3ba49b8978>"",""started_at_present"":true},""last_poll_error"":""null"",""last_render_error"":""null"",""mpv_running"":true,""next_item"":{""alias"":""media-63e22e276f"",""duration_ms"":15100,""media_kind"":""motion_media"",""path_alias"":""<media-path:c406539999>""},""playback_state"":""playing"",""playlist_size"":5,""present"":true,""uptime_sec"":209}"
73	81.730	2026-07-15T16:09:54+0000	success		477	<media-path:3ba49b8978>	<media-path:3ba49b8978>	motion_media	<filename:e511e8bce0>	4.237567	28.061367	15.338882	false	false	false	131	v4l2request-copy	true	"{""aspect"":0.5625,""dh"":1920,""dw"":1080,""h"":1920,""par"":1.0,""pixelformat"":""nv12"",""rotate"":0,""stereo-in"":""mono"",""w"":1080}"	"{""duration"":""success"",""eof-reached"":""success"",""estimated-frame-number"":""success"",""filename"":""success"",""hwdec-current"":""success"",""idle-active"":""success"",""path"":""success"",""pause"":""success"",""percent-pos"":""success"",""time-pos"":""success"",""video-params"":""success"",""vo-configured"":""success""}"	true	playing	media-b8c9a5f04c	<media-path:3ba49b8978>	28100	4	true	"{""black_screen_risk_reason"":""null"",""blocked_media_count"":0,""consecutive_failures"":0,""current_index"":4,""current_item"":{""alias"":""media-b8c9a5f04c"",""duration_ms"":28100,""media_kind"":""motion_media"",""offset_ms"":0,""path_alias"":""<media-path:3ba49b8978>"",""started_at_present"":true},""last_poll_error"":""null"",""last_render_error"":""null"",""mpv_running"":true,""next_item"":{""alias"":""media-63e22e276f"",""duration_ms"":15100,""media_kind"":""motion_media"",""path_alias"":""<media-path:c406539999>""},""playback_state"":""playing"",""playlist_size"":5,""present"":true,""uptime_sec"":209}"
74	83.210	2026-07-15T16:09:55+0000	success		268	<media-path:3ba49b8978>	<media-path:3ba49b8978>	motion_media	<filename:e511e8bce0>	5.4054	28.061367	19.500595	false	false	false	165	v4l2request-copy	true	"{""aspect"":0.5625,""dh"":1920,""dw"":1080,""h"":1920,""par"":1.0,""pixelformat"":""nv12"",""rotate"":0,""stereo-in"":""mono"",""w"":1080}"	"{""duration"":""success"",""eof-reached"":""success"",""estimated-frame-number"":""success"",""filename"":""success"",""hwdec-current"":""success"",""idle-active"":""success"",""path"":""success"",""pause"":""success"",""percent-pos"":""success"",""time-pos"":""success"",""video-params"":""success"",""vo-configured"":""success""}"	true	playing	media-b8c9a5f04c	<media-path:3ba49b8978>	28100	4	true	"{""black_screen_risk_reason"":""null"",""blocked_media_count"":0,""consecutive_failures"":0,""current_index"":4,""current_item"":{""alias"":""media-b8c9a5f04c"",""duration_ms"":28100,""media_kind"":""motion_media"",""offset_ms"":0,""path_alias"":""<media-path:3ba49b8978>"",""started_at_present"":true},""last_poll_error"":""null"",""last_render_error"":""null"",""mpv_running"":true,""next_item"":{""alias"":""media-63e22e276f"",""duration_ms"":15100,""media_kind"":""motion_media"",""path_alias"":""<media-path:c406539999>""},""playback_state"":""playing"",""playlist_size"":5,""present"":true,""uptime_sec"":214}"
75	84.481	2026-07-15T16:09:57+0000	success		480	<media-path:3ba49b8978>	<media-path:3ba49b8978>	motion_media	<filename:e511e8bce0>	6.373033	28.061367	22.94887	false	false	false	195	v4l2request-copy	true	"{""aspect"":0.5625,""dh"":1920,""dw"":1080,""h"":1920,""par"":1.0,""pixelformat"":""nv12"",""rotate"":0,""stereo-in"":""mono"",""w"":1080}"	"{""duration"":""success"",""eof-reached"":""success"",""estimated-frame-number"":""success"",""filename"":""success"",""hwdec-current"":""success"",""idle-active"":""success"",""path"":""success"",""pause"":""success"",""percent-pos"":""success"",""time-pos"":""success"",""video-params"":""success"",""vo-configured"":""success""}"	true	playing	media-b8c9a5f04c	<media-path:3ba49b8978>	28100	4	true	"{""black_screen_risk_reason"":""null"",""blocked_media_count"":0,""consecutive_failures"":0,""current_index"":4,""current_item"":{""alias"":""media-b8c9a5f04c"",""duration_ms"":28100,""media_kind"":""motion_media"",""offset_ms"":0,""path_alias"":""<media-path:3ba49b8978>"",""started_at_present"":true},""last_poll_error"":""null"",""last_render_error"":""null"",""mpv_running"":true,""next_item"":{""alias"":""media-63e22e276f"",""duration_ms"":15100,""media_kind"":""motion_media"",""path_alias"":""<media-path:c406539999>""},""playback_state"":""playing"",""playlist_size"":5,""present"":true,""uptime_sec"":214}"
76	85.965	2026-07-15T16:09:58+0000	success		310	<media-path:3ba49b8978>	<media-path:3ba49b8978>	motion_media	<filename:e511e8bce0>	7.540867	28.061367	27.110583	false	false	false	230	v4l2request-copy	true	"{""aspect"":0.5625,""dh"":1920,""dw"":1080,""h"":1920,""par"":1.0,""pixelformat"":""nv12"",""rotate"":0,""stereo-in"":""mono"",""w"":1080}"	"{""duration"":""success"",""eof-reached"":""success"",""estimated-frame-number"":""success"",""filename"":""success"",""hwdec-current"":""success"",""idle-active"":""success"",""path"":""success"",""pause"":""success"",""percent-pos"":""success"",""time-pos"":""success"",""video-params"":""success"",""vo-configured"":""success""}"	true	playing	media-b8c9a5f04c	<media-path:3ba49b8978>	28100	4	true	"{""black_screen_risk_reason"":""null"",""blocked_media_count"":0,""consecutive_failures"":0,""current_index"":4,""current_item"":{""alias"":""media-b8c9a5f04c"",""duration_ms"":28100,""media_kind"":""motion_media"",""offset_ms"":0,""path_alias"":""<media-path:3ba49b8978>"",""started_at_present"":true},""last_poll_error"":""null"",""last_render_error"":""null"",""mpv_running"":true,""next_item"":{""alias"":""media-63e22e276f"",""duration_ms"":15100,""media_kind"":""motion_media"",""path_alias"":""<media-path:c406539999>""},""playback_state"":""playing"",""playlist_size"":5,""present"":true,""uptime_sec"":214}"
77	87.280	2026-07-15T16:10:00+0000	success		484	<media-path:3ba49b8978>	<media-path:3ba49b8978>	motion_media	<filename:e511e8bce0>	8.575233	28.061367	30.796671	false	false	false	261	v4l2request-copy	true	"{""aspect"":0.5625,""dh"":1920,""dw"":1080,""h"":1920,""par"":1.0,""pixelformat"":""nv12"",""rotate"":0,""stereo-in"":""mono"",""w"":1080}"	"{""duration"":""success"",""eof-reached"":""success"",""estimated-frame-number"":""success"",""filename"":""success"",""hwdec-current"":""success"",""idle-active"":""success"",""path"":""success"",""pause"":""success"",""percent-pos"":""success"",""time-pos"":""success"",""video-params"":""success"",""vo-configured"":""success""}"	true	playing	media-b8c9a5f04c	<media-path:3ba49b8978>	28100	4	true	"{""black_screen_risk_reason"":""null"",""blocked_media_count"":0,""consecutive_failures"":0,""current_index"":4,""current_item"":{""alias"":""media-b8c9a5f04c"",""duration_ms"":28100,""media_kind"":""motion_media"",""offset_ms"":0,""path_alias"":""<media-path:3ba49b8978>"",""started_at_present"":true},""last_poll_error"":""null"",""last_render_error"":""null"",""mpv_running"":true,""next_item"":{""alias"":""media-63e22e276f"",""duration_ms"":15100,""media_kind"":""motion_media"",""path_alias"":""<media-path:c406539999>""},""playback_state"":""playing"",""playlist_size"":5,""present"":true,""uptime_sec"":219}"
78	88.767	2026-07-15T16:10:01+0000	success		510	<media-path:3ba49b8978>	<media-path:3ba49b8978>	motion_media	<filename:e511e8bce0>	9.743067	28.061367	34.958383	false	false	false	296	v4l2request-copy	true	"{""aspect"":0.5625,""dh"":1920,""dw"":1080,""h"":1920,""par"":1.0,""pixelformat"":""nv12"",""rotate"":0,""stereo-in"":""mono"",""w"":1080}"	"{""duration"":""success"",""eof-reached"":""success"",""estimated-frame-number"":""success"",""filename"":""success"",""hwdec-current"":""success"",""idle-active"":""success"",""path"":""success"",""pause"":""success"",""percent-pos"":""success"",""time-pos"":""success"",""video-params"":""success"",""vo-configured"":""success""}"	true	playing	media-b8c9a5f04c	<media-path:3ba49b8978>	28100	4	true	"{""black_screen_risk_reason"":""null"",""blocked_media_count"":0,""consecutive_failures"":0,""current_index"":4,""current_item"":{""alias"":""media-b8c9a5f04c"",""duration_ms"":28100,""media_kind"":""motion_media"",""offset_ms"":0,""path_alias"":""<media-path:3ba49b8978>"",""started_at_present"":true},""last_poll_error"":""null"",""last_render_error"":""null"",""mpv_running"":true,""next_item"":{""alias"":""media-63e22e276f"",""duration_ms"":15100,""media_kind"":""motion_media"",""path_alias"":""<media-path:c406539999>""},""playback_state"":""playing"",""playlist_size"":5,""present"":true,""uptime_sec"":219}"
79	90.281	2026-07-15T16:10:03+0000	success		466	<media-path:3ba49b8978>	<media-path:3ba49b8978>	motion_media	<filename:e511e8bce0>	10.9109	28.061367	39.120095	false	false	false	331	v4l2request-copy	true	"{""aspect"":0.5625,""dh"":1920,""dw"":1080,""h"":1920,""par"":1.0,""pixelformat"":""nv12"",""rotate"":0,""stereo-in"":""mono"",""w"":1080}"	"{""duration"":""success"",""eof-reached"":""success"",""estimated-frame-number"":""success"",""filename"":""success"",""hwdec-current"":""success"",""idle-active"":""success"",""path"":""success"",""pause"":""success"",""percent-pos"":""success"",""time-pos"":""success"",""video-params"":""success"",""vo-configured"":""success""}"	true	playing	media-b8c9a5f04c	<media-path:3ba49b8978>	28100	4	true	"{""black_screen_risk_reason"":""null"",""blocked_media_count"":0,""consecutive_failures"":0,""current_index"":4,""current_item"":{""alias"":""media-b8c9a5f04c"",""duration_ms"":28100,""media_kind"":""motion_media"",""offset_ms"":0,""path_alias"":""<media-path:3ba49b8978>"",""started_at_present"":true},""last_poll_error"":""null"",""last_render_error"":""null"",""mpv_running"":true,""next_item"":{""alias"":""media-63e22e276f"",""duration_ms"":15100,""media_kind"":""motion_media"",""path_alias"":""<media-path:c406539999>""},""playback_state"":""playing"",""playlist_size"":5,""present"":true,""uptime_sec"":219}"
80	91.752	2026-07-15T16:10:04+0000	success		327	<media-path:3ba49b8978>	<media-path:3ba49b8978>	motion_media	<filename:e511e8bce0>	12.078733	28.061367	43.281807	false	false	false	366	v4l2request-copy	true	"{""aspect"":0.5625,""dh"":1920,""dw"":1080,""h"":1920,""par"":1.0,""pixelformat"":""nv12"",""rotate"":0,""stereo-in"":""mono"",""w"":1080}"	"{""duration"":""success"",""eof-reached"":""success"",""estimated-frame-number"":""success"",""filename"":""success"",""hwdec-current"":""success"",""idle-active"":""success"",""path"":""success"",""pause"":""success"",""percent-pos"":""success"",""time-pos"":""success"",""video-params"":""success"",""vo-configured"":""success""}"	true	playing	media-b8c9a5f04c	<media-path:3ba49b8978>	28100	4	true	"{""black_screen_risk_reason"":""null"",""blocked_media_count"":0,""consecutive_failures"":0,""current_index"":4,""current_item"":{""alias"":""media-b8c9a5f04c"",""duration_ms"":28100,""media_kind"":""motion_media"",""offset_ms"":0,""path_alias"":""<media-path:3ba49b8978>"",""started_at_present"":true},""last_poll_error"":""null"",""last_render_error"":""null"",""mpv_running"":true,""next_item"":{""alias"":""media-63e22e276f"",""duration_ms"":15100,""media_kind"":""motion_media"",""path_alias"":""<media-path:c406539999>""},""playback_state"":""playing"",""playlist_size"":5,""present"":true,""uptime_sec"":219}"
81	93.082	2026-07-15T16:10:06+0000	success		486	<media-path:3ba49b8978>	<media-path:3ba49b8978>	motion_media	<filename:e511e8bce0>	13.1131	28.061367	46.967895	false	false	false	397	v4l2request-copy	true	"{""aspect"":0.5625,""dh"":1920,""dw"":1080,""h"":1920,""par"":1.0,""pixelformat"":""nv12"",""rotate"":0,""stereo-in"":""mono"",""w"":1080}"	"{""duration"":""success"",""eof-reached"":""success"",""estimated-frame-number"":""success"",""filename"":""success"",""hwdec-current"":""success"",""idle-active"":""success"",""path"":""success"",""pause"":""success"",""percent-pos"":""success"",""time-pos"":""success"",""video-params"":""success"",""vo-configured"":""success""}"	true	playing	media-b8c9a5f04c	<media-path:3ba49b8978>	28100	4	true	"{""black_screen_risk_reason"":""null"",""blocked_media_count"":0,""consecutive_failures"":0,""current_index"":4,""current_item"":{""alias"":""media-b8c9a5f04c"",""duration_ms"":28100,""media_kind"":""motion_media"",""offset_ms"":0,""path_alias"":""<media-path:3ba49b8978>"",""started_at_present"":true},""last_poll_error"":""null"",""last_render_error"":""null"",""mpv_running"":true,""next_item"":{""alias"":""media-63e22e276f"",""duration_ms"":15100,""media_kind"":""motion_media"",""path_alias"":""<media-path:c406539999>""},""playback_state"":""playing"",""playlist_size"":5,""present"":true,""uptime_sec"":224}"
82	94.572	2026-07-15T16:10:07+0000	success		262	<media-path:3ba49b8978>	<media-path:3ba49b8978>	motion_media	<filename:e511e8bce0>	14.280933	28.061367	51.129608	false	false	false	431	v4l2request-copy	true	"{""aspect"":0.5625,""dh"":1920,""dw"":1080,""h"":1920,""par"":1.0,""pixelformat"":""nv12"",""rotate"":0,""stereo-in"":""mono"",""w"":1080}"	"{""duration"":""success"",""eof-reached"":""success"",""estimated-frame-number"":""success"",""filename"":""success"",""hwdec-current"":""success"",""idle-active"":""success"",""path"":""success"",""pause"":""success"",""percent-pos"":""success"",""time-pos"":""success"",""video-params"":""success"",""vo-configured"":""success""}"	true	playing	media-b8c9a5f04c	<media-path:3ba49b8978>	28100	4	true	"{""black_screen_risk_reason"":""null"",""blocked_media_count"":0,""consecutive_failures"":0,""current_index"":4,""current_item"":{""alias"":""media-b8c9a5f04c"",""duration_ms"":28100,""media_kind"":""motion_media"",""offset_ms"":0,""path_alias"":""<media-path:3ba49b8978>"",""started_at_present"":true},""last_poll_error"":""null"",""last_render_error"":""null"",""mpv_running"":true,""next_item"":{""alias"":""media-63e22e276f"",""duration_ms"":15100,""media_kind"":""motion_media"",""path_alias"":""<media-path:c406539999>""},""playback_state"":""playing"",""playlist_size"":5,""present"":true,""uptime_sec"":224}"
83	95.838	2026-07-15T16:10:08+0000	success		467	<media-path:3ba49b8978>	<media-path:3ba49b8978>	motion_media	<filename:e511e8bce0>	15.248567	28.061367	54.577883	false	false	false	461	v4l2request-copy	true	"{""aspect"":0.5625,""dh"":1920,""dw"":1080,""h"":1920,""par"":1.0,""pixelformat"":""nv12"",""rotate"":0,""stereo-in"":""mono"",""w"":1080}"	"{""duration"":""success"",""eof-reached"":""success"",""estimated-frame-number"":""success"",""filename"":""success"",""hwdec-current"":""success"",""idle-active"":""success"",""path"":""success"",""pause"":""success"",""percent-pos"":""success"",""time-pos"":""success"",""video-params"":""success"",""vo-configured"":""success""}"	true	playing	media-b8c9a5f04c	<media-path:3ba49b8978>	28100	4	true	"{""black_screen_risk_reason"":""null"",""blocked_media_count"":0,""consecutive_failures"":0,""current_index"":4,""current_item"":{""alias"":""media-b8c9a5f04c"",""duration_ms"":28100,""media_kind"":""motion_media"",""offset_ms"":0,""path_alias"":""<media-path:3ba49b8978>"",""started_at_present"":true},""last_poll_error"":""null"",""last_render_error"":""null"",""mpv_running"":true,""next_item"":{""alias"":""media-63e22e276f"",""duration_ms"":15100,""media_kind"":""motion_media"",""path_alias"":""<media-path:c406539999>""},""playback_state"":""playing"",""playlist_size"":5,""present"":true,""uptime_sec"":224}"
84	97.309	2026-07-15T16:10:10+0000	success		443	<media-path:3ba49b8978>	<media-path:3ba49b8978>	motion_media	<filename:e511e8bce0>	16.4164	28.061367	58.739596	false	false	false	496	v4l2request-copy	true	"{""aspect"":0.5625,""dh"":1920,""dw"":1080,""h"":1920,""par"":1.0,""pixelformat"":""nv12"",""rotate"":0,""stereo-in"":""mono"",""w"":1080}"	"{""duration"":""success"",""eof-reached"":""success"",""estimated-frame-number"":""success"",""filename"":""success"",""hwdec-current"":""success"",""idle-active"":""success"",""path"":""success"",""pause"":""success"",""percent-pos"":""success"",""time-pos"":""success"",""video-params"":""success"",""vo-configured"":""success""}"	true	playing	media-b8c9a5f04c	<media-path:3ba49b8978>	28100	4	true	"{""black_screen_risk_reason"":""null"",""blocked_media_count"":0,""consecutive_failures"":0,""current_index"":4,""current_item"":{""alias"":""media-b8c9a5f04c"",""duration_ms"":28100,""media_kind"":""motion_media"",""offset_ms"":0,""path_alias"":""<media-path:3ba49b8978>"",""started_at_present"":true},""last_poll_error"":""null"",""last_render_error"":""null"",""mpv_running"":true,""next_item"":{""alias"":""media-63e22e276f"",""duration_ms"":15100,""media_kind"":""motion_media"",""path_alias"":""<media-path:c406539999>""},""playback_state"":""playing"",""playlist_size"":5,""present"":true,""uptime_sec"":229}"
85	98.756	2026-07-15T16:10:11+0000	success		467	<media-path:3ba49b8978>	<media-path:3ba49b8978>	motion_media	<filename:e511e8bce0>	17.550867	28.061367	62.782402	false	false	false	530	v4l2request-copy	true	"{""aspect"":0.5625,""dh"":1920,""dw"":1080,""h"":1920,""par"":1.0,""pixelformat"":""nv12"",""rotate"":0,""stereo-in"":""mono"",""w"":1080}"	"{""duration"":""success"",""eof-reached"":""success"",""estimated-frame-number"":""success"",""filename"":""success"",""hwdec-current"":""success"",""idle-active"":""success"",""path"":""success"",""pause"":""success"",""percent-pos"":""success"",""time-pos"":""success"",""video-params"":""success"",""vo-configured"":""success""}"	true	playing	media-b8c9a5f04c	<media-path:3ba49b8978>	28100	4	true	"{""black_screen_risk_reason"":""null"",""blocked_media_count"":0,""consecutive_failures"":0,""current_index"":4,""current_item"":{""alias"":""media-b8c9a5f04c"",""duration_ms"":28100,""media_kind"":""motion_media"",""offset_ms"":0,""path_alias"":""<media-path:3ba49b8978>"",""started_at_present"":true},""last_poll_error"":""null"",""last_render_error"":""null"",""mpv_running"":true,""next_item"":{""alias"":""media-63e22e276f"",""duration_ms"":15100,""media_kind"":""motion_media"",""path_alias"":""<media-path:c406539999>""},""playback_state"":""playing"",""playlist_size"":5,""present"":true,""uptime_sec"":229}"
86	100.228	2026-07-15T16:10:13+0000	success		295	<media-path:3ba49b8978>	<media-path:3ba49b8978>	motion_media	<filename:e511e8bce0>	18.7187	28.061367	66.944114	false	false	false	565	v4l2request-copy	true	"{""aspect"":0.5625,""dh"":1920,""dw"":1080,""h"":1920,""par"":1.0,""pixelformat"":""nv12"",""rotate"":0,""stereo-in"":""mono"",""w"":1080}"	"{""duration"":""success"",""eof-reached"":""success"",""estimated-frame-number"":""success"",""filename"":""success"",""hwdec-current"":""success"",""idle-active"":""success"",""path"":""success"",""pause"":""success"",""percent-pos"":""success"",""time-pos"":""success"",""video-params"":""success"",""vo-configured"":""success""}"	true	playing	media-b8c9a5f04c	<media-path:3ba49b8978>	28100	4	true	"{""black_screen_risk_reason"":""null"",""blocked_media_count"":0,""consecutive_failures"":0,""current_index"":4,""current_item"":{""alias"":""media-b8c9a5f04c"",""duration_ms"":28100,""media_kind"":""motion_media"",""offset_ms"":0,""path_alias"":""<media-path:3ba49b8978>"",""started_at_present"":true},""last_poll_error"":""null"",""last_render_error"":""null"",""mpv_running"":true,""next_item"":{""alias"":""media-63e22e276f"",""duration_ms"":15100,""media_kind"":""motion_media"",""path_alias"":""<media-path:c406539999>""},""playback_state"":""playing"",""playlist_size"":5,""present"":true,""uptime_sec"":229}"
87	101.528	2026-07-15T16:10:14+0000	success		485	<media-path:3ba49b8978>	<media-path:3ba49b8978>	motion_media	<filename:e511e8bce0>	19.7197	28.061367	70.511296	false	false	false	595	v4l2request-copy	true	"{""aspect"":0.5625,""dh"":1920,""dw"":1080,""h"":1920,""par"":1.0,""pixelformat"":""nv12"",""rotate"":0,""stereo-in"":""mono"",""w"":1080}"	"{""duration"":""success"",""eof-reached"":""success"",""estimated-frame-number"":""success"",""filename"":""success"",""hwdec-current"":""success"",""idle-active"":""success"",""path"":""success"",""pause"":""success"",""percent-pos"":""success"",""time-pos"":""success"",""video-params"":""success"",""vo-configured"":""success""}"	true	playing	media-b8c9a5f04c	<media-path:3ba49b8978>	28100	4	true	"{""black_screen_risk_reason"":""null"",""blocked_media_count"":0,""consecutive_failures"":0,""current_index"":4,""current_item"":{""alias"":""media-b8c9a5f04c"",""duration_ms"":28100,""media_kind"":""motion_media"",""offset_ms"":0,""path_alias"":""<media-path:3ba49b8978>"",""started_at_present"":true},""last_poll_error"":""null"",""last_render_error"":""null"",""mpv_running"":true,""next_item"":{""alias"":""media-63e22e276f"",""duration_ms"":15100,""media_kind"":""motion_media"",""path_alias"":""<media-path:c406539999>""},""playback_state"":""playing"",""playlist_size"":5,""present"":true,""uptime_sec"":229}"
88	103.017	2026-07-15T16:10:15+0000	success		289	<media-path:3ba49b8978>	<media-path:3ba49b8978>	motion_media	<filename:e511e8bce0>	20.887533	28.061367	74.673008	false	false	false	630	v4l2request-copy	true	"{""aspect"":0.5625,""dh"":1920,""dw"":1080,""h"":1920,""par"":1.0,""pixelformat"":""nv12"",""rotate"":0,""stereo-in"":""mono"",""w"":1080}"	"{""duration"":""success"",""eof-reached"":""success"",""estimated-frame-number"":""success"",""filename"":""success"",""hwdec-current"":""success"",""idle-active"":""success"",""path"":""success"",""pause"":""success"",""percent-pos"":""success"",""time-pos"":""success"",""video-params"":""success"",""vo-configured"":""success""}"	true	playing	media-b8c9a5f04c	<media-path:3ba49b8978>	28100	4	true	"{""black_screen_risk_reason"":""null"",""blocked_media_count"":0,""consecutive_failures"":0,""current_index"":4,""current_item"":{""alias"":""media-b8c9a5f04c"",""duration_ms"":28100,""media_kind"":""motion_media"",""offset_ms"":0,""path_alias"":""<media-path:3ba49b8978>"",""started_at_present"":true},""last_poll_error"":""null"",""last_render_error"":""null"",""mpv_running"":true,""next_item"":{""alias"":""media-63e22e276f"",""duration_ms"":15100,""media_kind"":""motion_media"",""path_alias"":""<media-path:c406539999>""},""playback_state"":""playing"",""playlist_size"":5,""present"":true,""uptime_sec"":234}"
89	104.309	2026-07-15T16:10:17+0000	success		480	<media-path:3ba49b8978>	<media-path:3ba49b8978>	motion_media	<filename:e511e8bce0>	21.888533	28.061367	78.24019	false	false	false	660	v4l2request-copy	true	"{""aspect"":0.5625,""dh"":1920,""dw"":1080,""h"":1920,""par"":1.0,""pixelformat"":""nv12"",""rotate"":0,""stereo-in"":""mono"",""w"":1080}"	"{""duration"":""success"",""eof-reached"":""success"",""estimated-frame-number"":""success"",""filename"":""success"",""hwdec-current"":""success"",""idle-active"":""success"",""path"":""success"",""pause"":""success"",""percent-pos"":""success"",""time-pos"":""success"",""video-params"":""success"",""vo-configured"":""success""}"	true	playing	media-b8c9a5f04c	<media-path:3ba49b8978>	28100	4	true	"{""black_screen_risk_reason"":""null"",""blocked_media_count"":0,""consecutive_failures"":0,""current_index"":4,""current_item"":{""alias"":""media-b8c9a5f04c"",""duration_ms"":28100,""media_kind"":""motion_media"",""offset_ms"":0,""path_alias"":""<media-path:3ba49b8978>"",""started_at_present"":true},""last_poll_error"":""null"",""last_render_error"":""null"",""mpv_running"":true,""next_item"":{""alias"":""media-63e22e276f"",""duration_ms"":15100,""media_kind"":""motion_media"",""path_alias"":""<media-path:c406539999>""},""playback_state"":""playing"",""playlist_size"":5,""present"":true,""uptime_sec"":234}"
90	105.794	2026-07-15T16:10:18+0000	success		2	<media-path:c406539999>	<media-path:c406539999>	motion_media	<filename:aaf3979e21>	0.766667	15.069751	5.087454	false	false	false	23	v4l2request-copy	true	"{""aspect"":0.566038,""dh"":848,""dw"":480,""h"":848,""par"":1.0,""pixelformat"":""nv12"",""rotate"":0,""stereo-in"":""mono"",""w"":480}"	"{""duration"":""success"",""eof-reached"":""success"",""estimated-frame-number"":""success"",""filename"":""success"",""hwdec-current"":""success"",""idle-active"":""success"",""path"":""success"",""pause"":""success"",""percent-pos"":""success"",""time-pos"":""success"",""video-params"":""success"",""vo-configured"":""success""}"	true	playing	media-b8c9a5f04c	<media-path:3ba49b8978>	28100	4	true	"{""black_screen_risk_reason"":""null"",""blocked_media_count"":0,""consecutive_failures"":0,""current_index"":4,""current_item"":{""alias"":""media-b8c9a5f04c"",""duration_ms"":28100,""media_kind"":""motion_media"",""offset_ms"":0,""path_alias"":""<media-path:3ba49b8978>"",""started_at_present"":true},""last_poll_error"":""null"",""last_render_error"":""null"",""mpv_running"":true,""next_item"":{""alias"":""media-63e22e276f"",""duration_ms"":15100,""media_kind"":""motion_media"",""path_alias"":""<media-path:c406539999>""},""playback_state"":""playing"",""playlist_size"":5,""present"":true,""uptime_sec"":234}"
91	106.798	2026-07-15T16:10:19+0000	success		11	<media-path:c406539999>	<media-path:c406539999>	motion_media	<filename:aaf3979e21>	1.766667	15.069751	11.723264	false	false	false	53	v4l2request-copy	true	"{""aspect"":0.566038,""dh"":848,""dw"":480,""h"":848,""par"":1.0,""pixelformat"":""nv12"",""rotate"":0,""stereo-in"":""mono"",""w"":480}"	"{""duration"":""success"",""eof-reached"":""success"",""estimated-frame-number"":""success"",""filename"":""success"",""hwdec-current"":""success"",""idle-active"":""success"",""path"":""success"",""pause"":""success"",""percent-pos"":""success"",""time-pos"":""success"",""video-params"":""success"",""vo-configured"":""success""}"	true	playing	media-b8c9a5f04c	<media-path:3ba49b8978>	28100	4	true	"{""black_screen_risk_reason"":""null"",""blocked_media_count"":0,""consecutive_failures"":0,""current_index"":4,""current_item"":{""alias"":""media-b8c9a5f04c"",""duration_ms"":28100,""media_kind"":""motion_media"",""offset_ms"":0,""path_alias"":""<media-path:3ba49b8978>"",""started_at_present"":true},""last_poll_error"":""null"",""last_render_error"":""null"",""mpv_running"":true,""next_item"":{""alias"":""media-63e22e276f"",""duration_ms"":15100,""media_kind"":""motion_media"",""path_alias"":""<media-path:c406539999>""},""playback_state"":""playing"",""playlist_size"":5,""present"":true,""uptime_sec"":234}"
92	107.812	2026-07-15T16:10:20+0000	success		2	<media-path:c406539999>	<media-path:c406539999>	motion_media	<filename:aaf3979e21>	2.766667	15.069751	18.359074	false	false	false	83	v4l2request-copy	true	"{""aspect"":0.566038,""dh"":848,""dw"":480,""h"":848,""par"":1.0,""pixelformat"":""nv12"",""rotate"":0,""stereo-in"":""mono"",""w"":480}"	"{""duration"":""success"",""eof-reached"":""success"",""estimated-frame-number"":""success"",""filename"":""success"",""hwdec-current"":""success"",""idle-active"":""success"",""path"":""success"",""pause"":""success"",""percent-pos"":""success"",""time-pos"":""success"",""video-params"":""success"",""vo-configured"":""success""}"	true	playing	media-63e22e276f	<media-path:c406539999>	15100	0	true	"{""black_screen_risk_reason"":""null"",""blocked_media_count"":0,""consecutive_failures"":0,""current_index"":0,""current_item"":{""alias"":""media-63e22e276f"",""duration_ms"":15100,""media_kind"":""motion_media"",""offset_ms"":0,""path_alias"":""<media-path:c406539999>"",""started_at_present"":true},""last_poll_error"":""null"",""last_render_error"":""null"",""mpv_running"":true,""next_item"":{""alias"":""media-b04db49d99"",""duration_ms"":15100,""media_kind"":""motion_media"",""path_alias"":""<media-path:2b030c3c41>""},""playback_state"":""playing"",""playlist_size"":5,""present"":true,""uptime_sec"":239}"
93	108.817	2026-07-15T16:10:21+0000	success		2	<media-path:c406539999>	<media-path:c406539999>	motion_media	<filename:aaf3979e21>	3.8	15.069751	25.216078	false	false	false	114	v4l2request-copy	true	"{""aspect"":0.566038,""dh"":848,""dw"":480,""h"":848,""par"":1.0,""pixelformat"":""nv12"",""rotate"":0,""stereo-in"":""mono"",""w"":480}"	"{""duration"":""success"",""eof-reached"":""success"",""estimated-frame-number"":""success"",""filename"":""success"",""hwdec-current"":""success"",""idle-active"":""success"",""path"":""success"",""pause"":""success"",""percent-pos"":""success"",""time-pos"":""success"",""video-params"":""success"",""vo-configured"":""success""}"	true	playing	media-63e22e276f	<media-path:c406539999>	15100	0	true	"{""black_screen_risk_reason"":""null"",""blocked_media_count"":0,""consecutive_failures"":0,""current_index"":0,""current_item"":{""alias"":""media-63e22e276f"",""duration_ms"":15100,""media_kind"":""motion_media"",""offset_ms"":0,""path_alias"":""<media-path:c406539999>"",""started_at_present"":true},""last_poll_error"":""null"",""last_render_error"":""null"",""mpv_running"":true,""next_item"":{""alias"":""media-b04db49d99"",""duration_ms"":15100,""media_kind"":""motion_media"",""path_alias"":""<media-path:2b030c3c41>""},""playback_state"":""playing"",""playlist_size"":5,""present"":true,""uptime_sec"":239}"
94	109.822	2026-07-15T16:10:22+0000	success		2	<media-path:c406539999>	<media-path:c406539999>	motion_media	<filename:aaf3979e21>	4.8	15.069751	31.851888	false	false	false	144	v4l2request-copy	true	"{""aspect"":0.566038,""dh"":848,""dw"":480,""h"":848,""par"":1.0,""pixelformat"":""nv12"",""rotate"":0,""stereo-in"":""mono"",""w"":480}"	"{""duration"":""success"",""eof-reached"":""success"",""estimated-frame-number"":""success"",""filename"":""success"",""hwdec-current"":""success"",""idle-active"":""success"",""path"":""success"",""pause"":""success"",""percent-pos"":""success"",""time-pos"":""success"",""video-params"":""success"",""vo-configured"":""success""}"	true	playing	media-63e22e276f	<media-path:c406539999>	15100	0	true	"{""black_screen_risk_reason"":""null"",""blocked_media_count"":0,""consecutive_failures"":0,""current_index"":0,""current_item"":{""alias"":""media-63e22e276f"",""duration_ms"":15100,""media_kind"":""motion_media"",""offset_ms"":0,""path_alias"":""<media-path:c406539999>"",""started_at_present"":true},""last_poll_error"":""null"",""last_render_error"":""null"",""mpv_running"":true,""next_item"":{""alias"":""media-b04db49d99"",""duration_ms"":15100,""media_kind"":""motion_media"",""path_alias"":""<media-path:2b030c3c41>""},""playback_state"":""playing"",""playlist_size"":5,""present"":true,""uptime_sec"":239}"
95	110.826	2026-07-15T16:10:23+0000	success		2	<media-path:c406539999>	<media-path:c406539999>	motion_media	<filename:aaf3979e21>	5.8	15.069751	38.487697	false	false	false	174	v4l2request-copy	true	"{""aspect"":0.566038,""dh"":848,""dw"":480,""h"":848,""par"":1.0,""pixelformat"":""nv12"",""rotate"":0,""stereo-in"":""mono"",""w"":480}"	"{""duration"":""success"",""eof-reached"":""success"",""estimated-frame-number"":""success"",""filename"":""success"",""hwdec-current"":""success"",""idle-active"":""success"",""path"":""success"",""pause"":""success"",""percent-pos"":""success"",""time-pos"":""success"",""video-params"":""success"",""vo-configured"":""success""}"	true	playing	media-63e22e276f	<media-path:c406539999>	15100	0	true	"{""black_screen_risk_reason"":""null"",""blocked_media_count"":0,""consecutive_failures"":0,""current_index"":0,""current_item"":{""alias"":""media-63e22e276f"",""duration_ms"":15100,""media_kind"":""motion_media"",""offset_ms"":0,""path_alias"":""<media-path:c406539999>"",""started_at_present"":true},""last_poll_error"":""null"",""last_render_error"":""null"",""mpv_running"":true,""next_item"":{""alias"":""media-b04db49d99"",""duration_ms"":15100,""media_kind"":""motion_media"",""path_alias"":""<media-path:2b030c3c41>""},""playback_state"":""playing"",""playlist_size"":5,""present"":true,""uptime_sec"":239}"
96	111.831	2026-07-15T16:10:24+0000	success		2	<media-path:c406539999>	<media-path:c406539999>	motion_media	<filename:aaf3979e21>	6.8	15.069751	45.123507	false	false	false	204	v4l2request-copy	true	"{""aspect"":0.566038,""dh"":848,""dw"":480,""h"":848,""par"":1.0,""pixelformat"":""nv12"",""rotate"":0,""stereo-in"":""mono"",""w"":480}"	"{""duration"":""success"",""eof-reached"":""success"",""estimated-frame-number"":""success"",""filename"":""success"",""hwdec-current"":""success"",""idle-active"":""success"",""path"":""success"",""pause"":""success"",""percent-pos"":""success"",""time-pos"":""success"",""video-params"":""success"",""vo-configured"":""success""}"	true	playing	media-63e22e276f	<media-path:c406539999>	15100	0	true	"{""black_screen_risk_reason"":""null"",""blocked_media_count"":0,""consecutive_failures"":0,""current_index"":0,""current_item"":{""alias"":""media-63e22e276f"",""duration_ms"":15100,""media_kind"":""motion_media"",""offset_ms"":0,""path_alias"":""<media-path:c406539999>"",""started_at_present"":true},""last_poll_error"":""null"",""last_render_error"":""null"",""mpv_running"":true,""next_item"":{""alias"":""media-b04db49d99"",""duration_ms"":15100,""media_kind"":""motion_media"",""path_alias"":""<media-path:2b030c3c41>""},""playback_state"":""playing"",""playlist_size"":5,""present"":true,""uptime_sec"":239}"
97	112.837	2026-07-15T16:10:25+0000	success		9	<media-path:c406539999>	<media-path:c406539999>	motion_media	<filename:aaf3979e21>	7.8	15.069751	51.759317	false	false	false	234	v4l2request-copy	true	"{""aspect"":0.566038,""dh"":848,""dw"":480,""h"":848,""par"":1.0,""pixelformat"":""nv12"",""rotate"":0,""stereo-in"":""mono"",""w"":480}"	"{""duration"":""success"",""eof-reached"":""success"",""estimated-frame-number"":""success"",""filename"":""success"",""hwdec-current"":""success"",""idle-active"":""success"",""path"":""success"",""pause"":""success"",""percent-pos"":""success"",""time-pos"":""success"",""video-params"":""success"",""vo-configured"":""success""}"	true	playing	media-63e22e276f	<media-path:c406539999>	15100	0	true	"{""black_screen_risk_reason"":""null"",""blocked_media_count"":0,""consecutive_failures"":0,""current_index"":0,""current_item"":{""alias"":""media-63e22e276f"",""duration_ms"":15100,""media_kind"":""motion_media"",""offset_ms"":0,""path_alias"":""<media-path:c406539999>"",""started_at_present"":true},""last_poll_error"":""null"",""last_render_error"":""null"",""mpv_running"":true,""next_item"":{""alias"":""media-b04db49d99"",""duration_ms"":15100,""media_kind"":""motion_media"",""path_alias"":""<media-path:2b030c3c41>""},""playback_state"":""playing"",""playlist_size"":5,""present"":true,""uptime_sec"":244}"
98	113.850	2026-07-15T16:10:26+0000	success		2	<media-path:c406539999>	<media-path:c406539999>	motion_media	<filename:aaf3979e21>	8.833333	15.069751	58.616321	false	false	false	265	v4l2request-copy	true	"{""aspect"":0.566038,""dh"":848,""dw"":480,""h"":848,""par"":1.0,""pixelformat"":""nv12"",""rotate"":0,""stereo-in"":""mono"",""w"":480}"	"{""duration"":""success"",""eof-reached"":""success"",""estimated-frame-number"":""success"",""filename"":""success"",""hwdec-current"":""success"",""idle-active"":""success"",""path"":""success"",""pause"":""success"",""percent-pos"":""success"",""time-pos"":""success"",""video-params"":""success"",""vo-configured"":""success""}"	true	playing	media-63e22e276f	<media-path:c406539999>	15100	0	true	"{""black_screen_risk_reason"":""null"",""blocked_media_count"":0,""consecutive_failures"":0,""current_index"":0,""current_item"":{""alias"":""media-63e22e276f"",""duration_ms"":15100,""media_kind"":""motion_media"",""offset_ms"":0,""path_alias"":""<media-path:c406539999>"",""started_at_present"":true},""last_poll_error"":""null"",""last_render_error"":""null"",""mpv_running"":true,""next_item"":{""alias"":""media-b04db49d99"",""duration_ms"":15100,""media_kind"":""motion_media"",""path_alias"":""<media-path:2b030c3c41>""},""playback_state"":""playing"",""playlist_size"":5,""present"":true,""uptime_sec"":244}"
99	114.855	2026-07-15T16:10:27+0000	success		2	<media-path:c406539999>	<media-path:c406539999>	motion_media	<filename:aaf3979e21>	9.833333	15.069751	65.252131	false	false	false	295	v4l2request-copy	true	"{""aspect"":0.566038,""dh"":848,""dw"":480,""h"":848,""par"":1.0,""pixelformat"":""nv12"",""rotate"":0,""stereo-in"":""mono"",""w"":480}"	"{""duration"":""success"",""eof-reached"":""success"",""estimated-frame-number"":""success"",""filename"":""success"",""hwdec-current"":""success"",""idle-active"":""success"",""path"":""success"",""pause"":""success"",""percent-pos"":""success"",""time-pos"":""success"",""video-params"":""success"",""vo-configured"":""success""}"	true	playing	media-63e22e276f	<media-path:c406539999>	15100	0	true	"{""black_screen_risk_reason"":""null"",""blocked_media_count"":0,""consecutive_failures"":0,""current_index"":0,""current_item"":{""alias"":""media-63e22e276f"",""duration_ms"":15100,""media_kind"":""motion_media"",""offset_ms"":0,""path_alias"":""<media-path:c406539999>"",""started_at_present"":true},""last_poll_error"":""null"",""last_render_error"":""null"",""mpv_running"":true,""next_item"":{""alias"":""media-b04db49d99"",""duration_ms"":15100,""media_kind"":""motion_media"",""path_alias"":""<media-path:2b030c3c41>""},""playback_state"":""playing"",""playlist_size"":5,""present"":true,""uptime_sec"":244}"
100	115.859	2026-07-15T16:10:28+0000	success		2	<media-path:c406539999>	<media-path:c406539999>	motion_media	<filename:aaf3979e21>	10.833333	15.069751	71.887941	false	false	false	325	v4l2request-copy	true	"{""aspect"":0.566038,""dh"":848,""dw"":480,""h"":848,""par"":1.0,""pixelformat"":""nv12"",""rotate"":0,""stereo-in"":""mono"",""w"":480}"	"{""duration"":""success"",""eof-reached"":""success"",""estimated-frame-number"":""success"",""filename"":""success"",""hwdec-current"":""success"",""idle-active"":""success"",""path"":""success"",""pause"":""success"",""percent-pos"":""success"",""time-pos"":""success"",""video-params"":""success"",""vo-configured"":""success""}"	true	playing	media-63e22e276f	<media-path:c406539999>	15100	0	true	"{""black_screen_risk_reason"":""null"",""blocked_media_count"":0,""consecutive_failures"":0,""current_index"":0,""current_item"":{""alias"":""media-63e22e276f"",""duration_ms"":15100,""media_kind"":""motion_media"",""offset_ms"":0,""path_alias"":""<media-path:c406539999>"",""started_at_present"":true},""last_poll_error"":""null"",""last_render_error"":""null"",""mpv_running"":true,""next_item"":{""alias"":""media-b04db49d99"",""duration_ms"":15100,""media_kind"":""motion_media"",""path_alias"":""<media-path:2b030c3c41>""},""playback_state"":""playing"",""playlist_size"":5,""present"":true,""uptime_sec"":244}"
101	116.863	2026-07-15T16:10:29+0000	success		6	<media-path:c406539999>	<media-path:c406539999>	motion_media	<filename:aaf3979e21>	11.833333	15.069751	78.52375	false	false	false	355	v4l2request-copy	true	"{""aspect"":0.566038,""dh"":848,""dw"":480,""h"":848,""par"":1.0,""pixelformat"":""nv12"",""rotate"":0,""stereo-in"":""mono"",""w"":480}"	"{""duration"":""success"",""eof-reached"":""success"",""estimated-frame-number"":""success"",""filename"":""success"",""hwdec-current"":""success"",""idle-active"":""success"",""path"":""success"",""pause"":""success"",""percent-pos"":""success"",""time-pos"":""success"",""video-params"":""success"",""vo-configured"":""success""}"	true	playing	media-63e22e276f	<media-path:c406539999>	15100	0	true	"{""black_screen_risk_reason"":""null"",""blocked_media_count"":0,""consecutive_failures"":0,""current_index"":0,""current_item"":{""alias"":""media-63e22e276f"",""duration_ms"":15100,""media_kind"":""motion_media"",""offset_ms"":0,""path_alias"":""<media-path:c406539999>"",""started_at_present"":true},""last_poll_error"":""null"",""last_render_error"":""null"",""mpv_running"":true,""next_item"":{""alias"":""media-b04db49d99"",""duration_ms"":15100,""media_kind"":""motion_media"",""path_alias"":""<media-path:2b030c3c41>""},""playback_state"":""playing"",""playlist_size"":5,""present"":true,""uptime_sec"":244}"
102	117.871	2026-07-15T16:10:30+0000	success		2	<media-path:c406539999>	<media-path:c406539999>	motion_media	<filename:aaf3979e21>	12.833333	15.069751	85.15956	false	false	false	385	v4l2request-copy	true	"{""aspect"":0.566038,""dh"":848,""dw"":480,""h"":848,""par"":1.0,""pixelformat"":""nv12"",""rotate"":0,""stereo-in"":""mono"",""w"":480}"	"{""duration"":""success"",""eof-reached"":""success"",""estimated-frame-number"":""success"",""filename"":""success"",""hwdec-current"":""success"",""idle-active"":""success"",""path"":""success"",""pause"":""success"",""percent-pos"":""success"",""time-pos"":""success"",""video-params"":""success"",""vo-configured"":""success""}"	true	playing	media-63e22e276f	<media-path:c406539999>	15100	0	true	"{""black_screen_risk_reason"":""null"",""blocked_media_count"":0,""consecutive_failures"":0,""current_index"":0,""current_item"":{""alias"":""media-63e22e276f"",""duration_ms"":15100,""media_kind"":""motion_media"",""offset_ms"":0,""path_alias"":""<media-path:c406539999>"",""started_at_present"":true},""last_poll_error"":""null"",""last_render_error"":""null"",""mpv_running"":true,""next_item"":{""alias"":""media-b04db49d99"",""duration_ms"":15100,""media_kind"":""motion_media"",""path_alias"":""<media-path:2b030c3c41>""},""playback_state"":""playing"",""playlist_size"":5,""present"":true,""uptime_sec"":249}"
103	118.876	2026-07-15T16:10:31+0000	success		2	<media-path:c406539999>	<media-path:c406539999>	motion_media	<filename:aaf3979e21>	13.833333	15.069751	91.79537	false	false	false	415	v4l2request-copy	true	"{""aspect"":0.566038,""dh"":848,""dw"":480,""h"":848,""par"":1.0,""pixelformat"":""nv12"",""rotate"":0,""stereo-in"":""mono"",""w"":480}"	"{""duration"":""success"",""eof-reached"":""success"",""estimated-frame-number"":""success"",""filename"":""success"",""hwdec-current"":""success"",""idle-active"":""success"",""path"":""success"",""pause"":""success"",""percent-pos"":""success"",""time-pos"":""success"",""video-params"":""success"",""vo-configured"":""success""}"	true	playing	media-63e22e276f	<media-path:c406539999>	15100	0	true	"{""black_screen_risk_reason"":""null"",""blocked_media_count"":0,""consecutive_failures"":0,""current_index"":0,""current_item"":{""alias"":""media-63e22e276f"",""duration_ms"":15100,""media_kind"":""motion_media"",""offset_ms"":0,""path_alias"":""<media-path:c406539999>"",""started_at_present"":true},""last_poll_error"":""null"",""last_render_error"":""null"",""mpv_running"":true,""next_item"":{""alias"":""media-b04db49d99"",""duration_ms"":15100,""media_kind"":""motion_media"",""path_alias"":""<media-path:2b030c3c41>""},""playback_state"":""playing"",""playlist_size"":5,""present"":true,""uptime_sec"":249}"
104	119.880	2026-07-15T16:10:32+0000	success		2	<media-path:c406539999>	<media-path:c406539999>	motion_media	<filename:aaf3979e21>	14.833333	15.069751	98.43118	false	false	false	445	v4l2request-copy	true	"{""aspect"":0.566038,""dh"":848,""dw"":480,""h"":848,""par"":1.0,""pixelformat"":""nv12"",""rotate"":0,""stereo-in"":""mono"",""w"":480}"	"{""duration"":""success"",""eof-reached"":""success"",""estimated-frame-number"":""success"",""filename"":""success"",""hwdec-current"":""success"",""idle-active"":""success"",""path"":""success"",""pause"":""success"",""percent-pos"":""success"",""time-pos"":""success"",""video-params"":""success"",""vo-configured"":""success""}"	true	playing	media-63e22e276f	<media-path:c406539999>	15100	0	true	"{""black_screen_risk_reason"":""null"",""blocked_media_count"":0,""consecutive_failures"":0,""current_index"":0,""current_item"":{""alias"":""media-63e22e276f"",""duration_ms"":15100,""media_kind"":""motion_media"",""offset_ms"":0,""path_alias"":""<media-path:c406539999>"",""started_at_present"":true},""last_poll_error"":""null"",""last_render_error"":""null"",""mpv_running"":true,""next_item"":{""alias"":""media-b04db49d99"",""duration_ms"":15100,""media_kind"":""motion_media"",""path_alias"":""<media-path:2b030c3c41>""},""playback_state"":""playing"",""playlist_size"":5,""present"":true,""uptime_sec"":249}"
