seq	rel_sec	wall_time	ipc_result	ipc_error	ipc_elapsed_ms	current_alias	path_alias	filename_alias	time_pos	duration	percent_pos	idle_active	pause	eof_reached	estimated_frame_number	hwdec_current	vo_configured	video_params_json	property_errors_json	status_present	status_playback_state	status_current_alias	status_path_alias	status_duration_ms	status_current_index	status_mpv_running	status_snapshot_json
1	0.001	2026-07-10T19:56:03+0000	success		524	<media-path:3ba49b8978>	<media-path:3ba49b8978>	<filename:e511e8bce0>	6.239567	28.061367	22.473246	false	false	false	191	v4l2request-copy	true	"{""aspect"":0.5625,""dh"":1920,""dw"":1080,""h"":1920,""par"":1.0,""pixelformat"":""nv12"",""rotate"":0,""stereo-in"":""mono"",""w"":1080}"	"{""duration"":""success"",""eof-reached"":""success"",""estimated-frame-number"":""success"",""filename"":""success"",""hwdec-current"":""success"",""idle-active"":""success"",""path"":""success"",""pause"":""success"",""percent-pos"":""success"",""time-pos"":""success"",""video-params"":""success"",""vo-configured"":""success""}"	true	playing	media-b8c9a5f04c	<media-path:3ba49b8978>	28100	7	true	"{""black_screen_risk_reason"":""null"",""blocked_media_count"":0,""consecutive_failures"":0,""current_index"":7,""current_item"":{""alias"":""media-b8c9a5f04c"",""duration_ms"":28100,""offset_ms"":13954,""path_alias"":""<media-path:3ba49b8978>"",""started_at_present"":true},""last_poll_error"":""null"",""last_render_error"":""null"",""mpv_running"":true,""next_item"":{""alias"":""media-7eefea6ba2"",""duration_ms"":5000,""path_alias"":""<media-path:9e48f6362b>""},""playback_state"":""playing"",""playlist_size"":9,""present"":true,""uptime_sec"":23}"
2	1.531	2026-07-10T19:56:05+0000	success		458	<media-path:3ba49b8978>	<media-path:3ba49b8978>	<filename:e511e8bce0>	7.340667	28.061367	26.397146	false	false	false	224	v4l2request-copy	true	"{""aspect"":0.5625,""dh"":1920,""dw"":1080,""h"":1920,""par"":1.0,""pixelformat"":""nv12"",""rotate"":0,""stereo-in"":""mono"",""w"":1080}"	"{""duration"":""success"",""eof-reached"":""success"",""estimated-frame-number"":""success"",""filename"":""success"",""hwdec-current"":""success"",""idle-active"":""success"",""path"":""success"",""pause"":""success"",""percent-pos"":""success"",""time-pos"":""success"",""video-params"":""success"",""vo-configured"":""success""}"	true	playing	media-b8c9a5f04c	<media-path:3ba49b8978>	28100	7	true	"{""black_screen_risk_reason"":""null"",""blocked_media_count"":0,""consecutive_failures"":0,""current_index"":7,""current_item"":{""alias"":""media-b8c9a5f04c"",""duration_ms"":28100,""offset_ms"":13954,""path_alias"":""<media-path:3ba49b8978>"",""started_at_present"":true},""last_poll_error"":""null"",""last_render_error"":""null"",""mpv_running"":true,""next_item"":{""alias"":""media-7eefea6ba2"",""duration_ms"":5000,""path_alias"":""<media-path:9e48f6362b>""},""playback_state"":""playing"",""playlist_size"":9,""present"":true,""uptime_sec"":23}"
3	2.994	2026-07-10T19:56:06+0000	success		570	<media-path:3ba49b8978>	<media-path:3ba49b8978>	<filename:e511e8bce0>	8.375033	28.061367	30.083234	false	false	false	255	v4l2request-copy	true	"{""aspect"":0.5625,""dh"":1920,""dw"":1080,""h"":1920,""par"":1.0,""pixelformat"":""nv12"",""rotate"":0,""stereo-in"":""mono"",""w"":1080}"	"{""duration"":""success"",""eof-reached"":""success"",""estimated-frame-number"":""success"",""filename"":""success"",""hwdec-current"":""success"",""idle-active"":""success"",""path"":""success"",""pause"":""success"",""percent-pos"":""success"",""time-pos"":""success"",""video-params"":""success"",""vo-configured"":""success""}"	true	playing	media-b8c9a5f04c	<media-path:3ba49b8978>	28100	7	true	"{""black_screen_risk_reason"":""null"",""blocked_media_count"":0,""consecutive_failures"":0,""current_index"":7,""current_item"":{""alias"":""media-b8c9a5f04c"",""duration_ms"":28100,""offset_ms"":13954,""path_alias"":""<media-path:3ba49b8978>"",""started_at_present"":true},""last_poll_error"":""null"",""last_render_error"":""null"",""mpv_running"":true,""next_item"":{""alias"":""media-7eefea6ba2"",""duration_ms"":5000,""path_alias"":""<media-path:9e48f6362b>""},""playback_state"":""playing"",""playlist_size"":9,""present"":true,""uptime_sec"":23}"
4	4.574	2026-07-10T19:56:07+0000	success		19	<media-path:3ba49b8978>	<media-path:3ba49b8978>	<filename:e511e8bce0>				false	false				true	{}	"{""duration"":""property unavailable"",""eof-reached"":""property unavailable"",""estimated-frame-number"":""property unavailable"",""filename"":""success"",""hwdec-current"":""property unavailable"",""idle-active"":""success"",""path"":""success"",""pause"":""success"",""percent-pos"":""property unavailable"",""time-pos"":""property unavailable"",""video-params"":""property unavailable"",""vo-configured"":""success""}"	true	playing	media-b8c9a5f04c	<media-path:3ba49b8978>	28100	7	true	"{""black_screen_risk_reason"":""null"",""blocked_media_count"":0,""consecutive_failures"":0,""current_index"":7,""current_item"":{""alias"":""media-b8c9a5f04c"",""duration_ms"":28100,""offset_ms"":13954,""path_alias"":""<media-path:3ba49b8978>"",""started_at_present"":true},""last_poll_error"":""null"",""last_render_error"":""null"",""mpv_running"":true,""next_item"":{""alias"":""media-7eefea6ba2"",""duration_ms"":5000,""path_alias"":""<media-path:9e48f6362b>""},""playback_state"":""playing"",""playlist_size"":9,""present"":true,""uptime_sec"":23}"
5	5.597	2026-07-10T19:56:08+0000	success		4	<media-path:9e48f6362b>	<media-path:9e48f6362b>	<filename:4e569cdfc9>	0.916667	5.041667	18.181818	false	false	false	22	v4l2request-copy	true	"{""aspect"":0.666667,""dh"":720,""dw"":480,""h"":720,""par"":1.0,""pixelformat"":""nv12"",""rotate"":0,""stereo-in"":""mono"",""w"":480}"	"{""duration"":""success"",""eof-reached"":""success"",""estimated-frame-number"":""success"",""filename"":""success"",""hwdec-current"":""success"",""idle-active"":""success"",""path"":""success"",""pause"":""success"",""percent-pos"":""success"",""time-pos"":""success"",""video-params"":""success"",""vo-configured"":""success""}"	true	playing	media-7eefea6ba2	<media-path:9e48f6362b>	5000	8	true	"{""black_screen_risk_reason"":""null"",""blocked_media_count"":0,""consecutive_failures"":0,""current_index"":8,""current_item"":{""alias"":""media-7eefea6ba2"",""duration_ms"":5000,""offset_ms"":0,""path_alias"":""<media-path:9e48f6362b>"",""started_at_present"":true},""last_poll_error"":""null"",""last_render_error"":""null"",""mpv_running"":true,""next_item"":{""alias"":""media-63e22e276f"",""duration_ms"":15100,""path_alias"":""<media-path:c406539999>""},""playback_state"":""playing"",""playlist_size"":9,""present"":true,""uptime_sec"":28}"
6	6.603	2026-07-10T19:56:09+0000	success		2	<media-path:9e48f6362b>	<media-path:9e48f6362b>	<filename:4e569cdfc9>	1.916667	5.041667	38.016529	false	false	false	46	v4l2request-copy	true	"{""aspect"":0.666667,""dh"":720,""dw"":480,""h"":720,""par"":1.0,""pixelformat"":""nv12"",""rotate"":0,""stereo-in"":""mono"",""w"":480}"	"{""duration"":""success"",""eof-reached"":""success"",""estimated-frame-number"":""success"",""filename"":""success"",""hwdec-current"":""success"",""idle-active"":""success"",""path"":""success"",""pause"":""success"",""percent-pos"":""success"",""time-pos"":""success"",""video-params"":""success"",""vo-configured"":""success""}"	true	playing	media-7eefea6ba2	<media-path:9e48f6362b>	5000	8	true	"{""black_screen_risk_reason"":""null"",""blocked_media_count"":0,""consecutive_failures"":0,""current_index"":8,""current_item"":{""alias"":""media-7eefea6ba2"",""duration_ms"":5000,""offset_ms"":0,""path_alias"":""<media-path:9e48f6362b>"",""started_at_present"":true},""last_poll_error"":""null"",""last_render_error"":""null"",""mpv_running"":true,""next_item"":{""alias"":""media-63e22e276f"",""duration_ms"":15100,""path_alias"":""<media-path:c406539999>""},""playback_state"":""playing"",""playlist_size"":9,""present"":true,""uptime_sec"":28}"
7	7.607	2026-07-10T19:56:10+0000	success		2	<media-path:9e48f6362b>	<media-path:9e48f6362b>	<filename:4e569cdfc9>	2.916667	5.041667	57.85124	false	false	false	70	v4l2request-copy	true	"{""aspect"":0.666667,""dh"":720,""dw"":480,""h"":720,""par"":1.0,""pixelformat"":""nv12"",""rotate"":0,""stereo-in"":""mono"",""w"":480}"	"{""duration"":""success"",""eof-reached"":""success"",""estimated-frame-number"":""success"",""filename"":""success"",""hwdec-current"":""success"",""idle-active"":""success"",""path"":""success"",""pause"":""success"",""percent-pos"":""success"",""time-pos"":""success"",""video-params"":""success"",""vo-configured"":""success""}"	true	playing	media-7eefea6ba2	<media-path:9e48f6362b>	5000	8	true	"{""black_screen_risk_reason"":""null"",""blocked_media_count"":0,""consecutive_failures"":0,""current_index"":8,""current_item"":{""alias"":""media-7eefea6ba2"",""duration_ms"":5000,""offset_ms"":0,""path_alias"":""<media-path:9e48f6362b>"",""started_at_present"":true},""last_poll_error"":""null"",""last_render_error"":""null"",""mpv_running"":true,""next_item"":{""alias"":""media-63e22e276f"",""duration_ms"":15100,""path_alias"":""<media-path:c406539999>""},""playback_state"":""playing"",""playlist_size"":9,""present"":true,""uptime_sec"":28}"
8	8.611	2026-07-10T19:56:11+0000	success		3	<media-path:9e48f6362b>	<media-path:9e48f6362b>	<filename:4e569cdfc9>	3.916667	5.041667	77.68595	false	false	false	94	v4l2request-copy	true	"{""aspect"":0.666667,""dh"":720,""dw"":480,""h"":720,""par"":1.0,""pixelformat"":""nv12"",""rotate"":0,""stereo-in"":""mono"",""w"":480}"	"{""duration"":""success"",""eof-reached"":""success"",""estimated-frame-number"":""success"",""filename"":""success"",""hwdec-current"":""success"",""idle-active"":""success"",""path"":""success"",""pause"":""success"",""percent-pos"":""success"",""time-pos"":""success"",""video-params"":""success"",""vo-configured"":""success""}"	true	playing	media-7eefea6ba2	<media-path:9e48f6362b>	5000	8	true	"{""black_screen_risk_reason"":""null"",""blocked_media_count"":0,""consecutive_failures"":0,""current_index"":8,""current_item"":{""alias"":""media-7eefea6ba2"",""duration_ms"":5000,""offset_ms"":0,""path_alias"":""<media-path:9e48f6362b>"",""started_at_present"":true},""last_poll_error"":""null"",""last_render_error"":""null"",""mpv_running"":true,""next_item"":{""alias"":""media-63e22e276f"",""duration_ms"":15100,""path_alias"":""<media-path:c406539999>""},""playback_state"":""playing"",""playlist_size"":9,""present"":true,""uptime_sec"":28}"
9	9.617	2026-07-10T19:56:12+0000	success		2	<media-path:9e48f6362b>	<media-path:9e48f6362b>	<filename:4e569cdfc9>	4.916667	5.041667	97.520661	false	false	false	118	v4l2request-copy	true	"{""aspect"":0.666667,""dh"":720,""dw"":480,""h"":720,""par"":1.0,""pixelformat"":""nv12"",""rotate"":0,""stereo-in"":""mono"",""w"":480}"	"{""duration"":""success"",""eof-reached"":""success"",""estimated-frame-number"":""success"",""filename"":""success"",""hwdec-current"":""success"",""idle-active"":""success"",""path"":""success"",""pause"":""success"",""percent-pos"":""success"",""time-pos"":""success"",""video-params"":""success"",""vo-configured"":""success""}"	true	playing	media-7eefea6ba2	<media-path:9e48f6362b>	5000	8	true	"{""black_screen_risk_reason"":""null"",""blocked_media_count"":0,""consecutive_failures"":0,""current_index"":8,""current_item"":{""alias"":""media-7eefea6ba2"",""duration_ms"":5000,""offset_ms"":0,""path_alias"":""<media-path:9e48f6362b>"",""started_at_present"":true},""last_poll_error"":""null"",""last_render_error"":""null"",""mpv_running"":true,""next_item"":{""alias"":""media-63e22e276f"",""duration_ms"":15100,""path_alias"":""<media-path:c406539999>""},""playback_state"":""playing"",""playlist_size"":9,""present"":true,""uptime_sec"":28}"
10	10.621	2026-07-10T19:56:13+0000	success		2	<media-path:c406539999>	<media-path:c406539999>	<filename:aaf3979e21>	0.8	15.069751	5.308648	false	false	false	24	v4l2request-copy	true	"{""aspect"":0.566038,""dh"":848,""dw"":480,""h"":848,""par"":1.0,""pixelformat"":""nv12"",""rotate"":0,""stereo-in"":""mono"",""w"":480}"	"{""duration"":""success"",""eof-reached"":""success"",""estimated-frame-number"":""success"",""filename"":""success"",""hwdec-current"":""success"",""idle-active"":""success"",""path"":""success"",""pause"":""success"",""percent-pos"":""success"",""time-pos"":""success"",""video-params"":""success"",""vo-configured"":""success""}"	true	playing	media-63e22e276f	<media-path:c406539999>	15100	0	true	"{""black_screen_risk_reason"":""null"",""blocked_media_count"":0,""consecutive_failures"":0,""current_index"":0,""current_item"":{""alias"":""media-63e22e276f"",""duration_ms"":15100,""offset_ms"":0,""path_alias"":""<media-path:c406539999>"",""started_at_present"":true},""last_poll_error"":""null"",""last_render_error"":""null"",""mpv_running"":true,""next_item"":{""alias"":""media-b04db49d99"",""duration_ms"":15100,""path_alias"":""<media-path:2b030c3c41>""},""playback_state"":""playing"",""playlist_size"":9,""present"":true,""uptime_sec"":33}"
11	11.625	2026-07-10T19:56:14+0000	success		2	<media-path:c406539999>	<media-path:c406539999>	<filename:aaf3979e21>	1.8	15.069751	11.944458	false	false	false	54	v4l2request-copy	true	"{""aspect"":0.566038,""dh"":848,""dw"":480,""h"":848,""par"":1.0,""pixelformat"":""nv12"",""rotate"":0,""stereo-in"":""mono"",""w"":480}"	"{""duration"":""success"",""eof-reached"":""success"",""estimated-frame-number"":""success"",""filename"":""success"",""hwdec-current"":""success"",""idle-active"":""success"",""path"":""success"",""pause"":""success"",""percent-pos"":""success"",""time-pos"":""success"",""video-params"":""success"",""vo-configured"":""success""}"	true	playing	media-63e22e276f	<media-path:c406539999>	15100	0	true	"{""black_screen_risk_reason"":""null"",""blocked_media_count"":0,""consecutive_failures"":0,""current_index"":0,""current_item"":{""alias"":""media-63e22e276f"",""duration_ms"":15100,""offset_ms"":0,""path_alias"":""<media-path:c406539999>"",""started_at_present"":true},""last_poll_error"":""null"",""last_render_error"":""null"",""mpv_running"":true,""next_item"":{""alias"":""media-b04db49d99"",""duration_ms"":15100,""path_alias"":""<media-path:2b030c3c41>""},""playback_state"":""playing"",""playlist_size"":9,""present"":true,""uptime_sec"":33}"
12	12.629	2026-07-10T19:56:15+0000	success		12	<media-path:c406539999>	<media-path:c406539999>	<filename:aaf3979e21>	2.8	15.069751	18.580268	false	false	false	84	v4l2request-copy	true	"{""aspect"":0.566038,""dh"":848,""dw"":480,""h"":848,""par"":1.0,""pixelformat"":""nv12"",""rotate"":0,""stereo-in"":""mono"",""w"":480}"	"{""duration"":""success"",""eof-reached"":""success"",""estimated-frame-number"":""success"",""filename"":""success"",""hwdec-current"":""success"",""idle-active"":""success"",""path"":""success"",""pause"":""success"",""percent-pos"":""success"",""time-pos"":""success"",""video-params"":""success"",""vo-configured"":""success""}"	true	playing	media-63e22e276f	<media-path:c406539999>	15100	0	true	"{""black_screen_risk_reason"":""null"",""blocked_media_count"":0,""consecutive_failures"":0,""current_index"":0,""current_item"":{""alias"":""media-63e22e276f"",""duration_ms"":15100,""offset_ms"":0,""path_alias"":""<media-path:c406539999>"",""started_at_present"":true},""last_poll_error"":""null"",""last_render_error"":""null"",""mpv_running"":true,""next_item"":{""alias"":""media-b04db49d99"",""duration_ms"":15100,""path_alias"":""<media-path:2b030c3c41>""},""playback_state"":""playing"",""playlist_size"":9,""present"":true,""uptime_sec"":33}"
13	13.643	2026-07-10T19:56:16+0000	success		2	<media-path:c406539999>	<media-path:c406539999>	<filename:aaf3979e21>	3.8	15.069751	25.216078	false	false	false	114	v4l2request-copy	true	"{""aspect"":0.566038,""dh"":848,""dw"":480,""h"":848,""par"":1.0,""pixelformat"":""nv12"",""rotate"":0,""stereo-in"":""mono"",""w"":480}"	"{""duration"":""success"",""eof-reached"":""success"",""estimated-frame-number"":""success"",""filename"":""success"",""hwdec-current"":""success"",""idle-active"":""success"",""path"":""success"",""pause"":""success"",""percent-pos"":""success"",""time-pos"":""success"",""video-params"":""success"",""vo-configured"":""success""}"	true	playing	media-63e22e276f	<media-path:c406539999>	15100	0	true	"{""black_screen_risk_reason"":""null"",""blocked_media_count"":0,""consecutive_failures"":0,""current_index"":0,""current_item"":{""alias"":""media-63e22e276f"",""duration_ms"":15100,""offset_ms"":0,""path_alias"":""<media-path:c406539999>"",""started_at_present"":true},""last_poll_error"":""null"",""last_render_error"":""null"",""mpv_running"":true,""next_item"":{""alias"":""media-b04db49d99"",""duration_ms"":15100,""path_alias"":""<media-path:2b030c3c41>""},""playback_state"":""playing"",""playlist_size"":9,""present"":true,""uptime_sec"":33}"
14	14.647	2026-07-10T19:56:17+0000	success		2	<media-path:c406539999>	<media-path:c406539999>	<filename:aaf3979e21>	4.833333	15.069751	32.073081	false	false	false	145	v4l2request-copy	true	"{""aspect"":0.566038,""dh"":848,""dw"":480,""h"":848,""par"":1.0,""pixelformat"":""nv12"",""rotate"":0,""stereo-in"":""mono"",""w"":480}"	"{""duration"":""success"",""eof-reached"":""success"",""estimated-frame-number"":""success"",""filename"":""success"",""hwdec-current"":""success"",""idle-active"":""success"",""path"":""success"",""pause"":""success"",""percent-pos"":""success"",""time-pos"":""success"",""video-params"":""success"",""vo-configured"":""success""}"	true	playing	media-63e22e276f	<media-path:c406539999>	15100	0	true	"{""black_screen_risk_reason"":""null"",""blocked_media_count"":0,""consecutive_failures"":0,""current_index"":0,""current_item"":{""alias"":""media-63e22e276f"",""duration_ms"":15100,""offset_ms"":0,""path_alias"":""<media-path:c406539999>"",""started_at_present"":true},""last_poll_error"":""null"",""last_render_error"":""null"",""mpv_running"":true,""next_item"":{""alias"":""media-b04db49d99"",""duration_ms"":15100,""path_alias"":""<media-path:2b030c3c41>""},""playback_state"":""playing"",""playlist_size"":9,""present"":true,""uptime_sec"":33}"
15	15.652	2026-07-10T19:56:18+0000	success		9	<media-path:c406539999>	<media-path:c406539999>	<filename:aaf3979e21>	5.833333	15.069751	38.708891	false	false	false	175	v4l2request-copy	true	"{""aspect"":0.566038,""dh"":848,""dw"":480,""h"":848,""par"":1.0,""pixelformat"":""nv12"",""rotate"":0,""stereo-in"":""mono"",""w"":480}"	"{""duration"":""success"",""eof-reached"":""success"",""estimated-frame-number"":""success"",""filename"":""success"",""hwdec-current"":""success"",""idle-active"":""success"",""path"":""success"",""pause"":""success"",""percent-pos"":""success"",""time-pos"":""success"",""video-params"":""success"",""vo-configured"":""success""}"	true	playing	media-63e22e276f	<media-path:c406539999>	15100	0	true	"{""black_screen_risk_reason"":""null"",""blocked_media_count"":0,""consecutive_failures"":0,""current_index"":0,""current_item"":{""alias"":""media-63e22e276f"",""duration_ms"":15100,""offset_ms"":0,""path_alias"":""<media-path:c406539999>"",""started_at_present"":true},""last_poll_error"":""null"",""last_render_error"":""null"",""mpv_running"":true,""next_item"":{""alias"":""media-b04db49d99"",""duration_ms"":15100,""path_alias"":""<media-path:2b030c3c41>""},""playback_state"":""playing"",""playlist_size"":9,""present"":true,""uptime_sec"":38}"
16	16.664	2026-07-10T19:56:19+0000	success		3	<media-path:c406539999>	<media-path:c406539999>	<filename:aaf3979e21>	6.833333	15.069751	45.344701	false	false	false	205	v4l2request-copy	true	"{""aspect"":0.566038,""dh"":848,""dw"":480,""h"":848,""par"":1.0,""pixelformat"":""nv12"",""rotate"":0,""stereo-in"":""mono"",""w"":480}"	"{""duration"":""success"",""eof-reached"":""success"",""estimated-frame-number"":""success"",""filename"":""success"",""hwdec-current"":""success"",""idle-active"":""success"",""path"":""success"",""pause"":""success"",""percent-pos"":""success"",""time-pos"":""success"",""video-params"":""success"",""vo-configured"":""success""}"	true	playing	media-63e22e276f	<media-path:c406539999>	15100	0	true	"{""black_screen_risk_reason"":""null"",""blocked_media_count"":0,""consecutive_failures"":0,""current_index"":0,""current_item"":{""alias"":""media-63e22e276f"",""duration_ms"":15100,""offset_ms"":0,""path_alias"":""<media-path:c406539999>"",""started_at_present"":true},""last_poll_error"":""null"",""last_render_error"":""null"",""mpv_running"":true,""next_item"":{""alias"":""media-b04db49d99"",""duration_ms"":15100,""path_alias"":""<media-path:2b030c3c41>""},""playback_state"":""playing"",""playlist_size"":9,""present"":true,""uptime_sec"":38}"
17	17.669	2026-07-10T19:56:20+0000	success		2	<media-path:c406539999>	<media-path:c406539999>	<filename:aaf3979e21>	7.833333	15.069751	51.980511	false	false	false	235	v4l2request-copy	true	"{""aspect"":0.566038,""dh"":848,""dw"":480,""h"":848,""par"":1.0,""pixelformat"":""nv12"",""rotate"":0,""stereo-in"":""mono"",""w"":480}"	"{""duration"":""success"",""eof-reached"":""success"",""estimated-frame-number"":""success"",""filename"":""success"",""hwdec-current"":""success"",""idle-active"":""success"",""path"":""success"",""pause"":""success"",""percent-pos"":""success"",""time-pos"":""success"",""video-params"":""success"",""vo-configured"":""success""}"	true	playing	media-63e22e276f	<media-path:c406539999>	15100	0	true	"{""black_screen_risk_reason"":""null"",""blocked_media_count"":0,""consecutive_failures"":0,""current_index"":0,""current_item"":{""alias"":""media-63e22e276f"",""duration_ms"":15100,""offset_ms"":0,""path_alias"":""<media-path:c406539999>"",""started_at_present"":true},""last_poll_error"":""null"",""last_render_error"":""null"",""mpv_running"":true,""next_item"":{""alias"":""media-b04db49d99"",""duration_ms"":15100,""path_alias"":""<media-path:2b030c3c41>""},""playback_state"":""playing"",""playlist_size"":9,""present"":true,""uptime_sec"":38}"
18	18.675	2026-07-10T19:56:21+0000	success		2	<media-path:c406539999>	<media-path:c406539999>	<filename:aaf3979e21>	8.833333	15.069751	58.616321	false	false	false	265	v4l2request-copy	true	"{""aspect"":0.566038,""dh"":848,""dw"":480,""h"":848,""par"":1.0,""pixelformat"":""nv12"",""rotate"":0,""stereo-in"":""mono"",""w"":480}"	"{""duration"":""success"",""eof-reached"":""success"",""estimated-frame-number"":""success"",""filename"":""success"",""hwdec-current"":""success"",""idle-active"":""success"",""path"":""success"",""pause"":""success"",""percent-pos"":""success"",""time-pos"":""success"",""video-params"":""success"",""vo-configured"":""success""}"	true	playing	media-63e22e276f	<media-path:c406539999>	15100	0	true	"{""black_screen_risk_reason"":""null"",""blocked_media_count"":0,""consecutive_failures"":0,""current_index"":0,""current_item"":{""alias"":""media-63e22e276f"",""duration_ms"":15100,""offset_ms"":0,""path_alias"":""<media-path:c406539999>"",""started_at_present"":true},""last_poll_error"":""null"",""last_render_error"":""null"",""mpv_running"":true,""next_item"":{""alias"":""media-b04db49d99"",""duration_ms"":15100,""path_alias"":""<media-path:2b030c3c41>""},""playback_state"":""playing"",""playlist_size"":9,""present"":true,""uptime_sec"":38}"
19	19.679	2026-07-10T19:56:22+0000	success		2	<media-path:c406539999>	<media-path:c406539999>	<filename:aaf3979e21>	9.833333	15.069751	65.252131	false	false	false	295	v4l2request-copy	true	"{""aspect"":0.566038,""dh"":848,""dw"":480,""h"":848,""par"":1.0,""pixelformat"":""nv12"",""rotate"":0,""stereo-in"":""mono"",""w"":480}"	"{""duration"":""success"",""eof-reached"":""success"",""estimated-frame-number"":""success"",""filename"":""success"",""hwdec-current"":""success"",""idle-active"":""success"",""path"":""success"",""pause"":""success"",""percent-pos"":""success"",""time-pos"":""success"",""video-params"":""success"",""vo-configured"":""success""}"	true	playing	media-63e22e276f	<media-path:c406539999>	15100	0	true	"{""black_screen_risk_reason"":""null"",""blocked_media_count"":0,""consecutive_failures"":0,""current_index"":0,""current_item"":{""alias"":""media-63e22e276f"",""duration_ms"":15100,""offset_ms"":0,""path_alias"":""<media-path:c406539999>"",""started_at_present"":true},""last_poll_error"":""null"",""last_render_error"":""null"",""mpv_running"":true,""next_item"":{""alias"":""media-b04db49d99"",""duration_ms"":15100,""path_alias"":""<media-path:2b030c3c41>""},""playback_state"":""playing"",""playlist_size"":9,""present"":true,""uptime_sec"":38}"
20	20.683	2026-07-10T19:56:23+0000	success		2	<media-path:c406539999>	<media-path:c406539999>	<filename:aaf3979e21>	10.866667	15.069751	72.109134	false	false	false	326	v4l2request-copy	true	"{""aspect"":0.566038,""dh"":848,""dw"":480,""h"":848,""par"":1.0,""pixelformat"":""nv12"",""rotate"":0,""stereo-in"":""mono"",""w"":480}"	"{""duration"":""success"",""eof-reached"":""success"",""estimated-frame-number"":""success"",""filename"":""success"",""hwdec-current"":""success"",""idle-active"":""success"",""path"":""success"",""pause"":""success"",""percent-pos"":""success"",""time-pos"":""success"",""video-params"":""success"",""vo-configured"":""success""}"	true	playing	media-63e22e276f	<media-path:c406539999>	15100	0	true	"{""black_screen_risk_reason"":""null"",""blocked_media_count"":0,""consecutive_failures"":0,""current_index"":0,""current_item"":{""alias"":""media-63e22e276f"",""duration_ms"":15100,""offset_ms"":0,""path_alias"":""<media-path:c406539999>"",""started_at_present"":true},""last_poll_error"":""null"",""last_render_error"":""null"",""mpv_running"":true,""next_item"":{""alias"":""media-b04db49d99"",""duration_ms"":15100,""path_alias"":""<media-path:2b030c3c41>""},""playback_state"":""playing"",""playlist_size"":9,""present"":true,""uptime_sec"":43}"
21	21.688	2026-07-10T19:56:24+0000	success		2	<media-path:c406539999>	<media-path:c406539999>	<filename:aaf3979e21>	11.866667	15.069751	78.744944	false	false	false	356	v4l2request-copy	true	"{""aspect"":0.566038,""dh"":848,""dw"":480,""h"":848,""par"":1.0,""pixelformat"":""nv12"",""rotate"":0,""stereo-in"":""mono"",""w"":480}"	"{""duration"":""success"",""eof-reached"":""success"",""estimated-frame-number"":""success"",""filename"":""success"",""hwdec-current"":""success"",""idle-active"":""success"",""path"":""success"",""pause"":""success"",""percent-pos"":""success"",""time-pos"":""success"",""video-params"":""success"",""vo-configured"":""success""}"	true	playing	media-63e22e276f	<media-path:c406539999>	15100	0	true	"{""black_screen_risk_reason"":""null"",""blocked_media_count"":0,""consecutive_failures"":0,""current_index"":0,""current_item"":{""alias"":""media-63e22e276f"",""duration_ms"":15100,""offset_ms"":0,""path_alias"":""<media-path:c406539999>"",""started_at_present"":true},""last_poll_error"":""null"",""last_render_error"":""null"",""mpv_running"":true,""next_item"":{""alias"":""media-b04db49d99"",""duration_ms"":15100,""path_alias"":""<media-path:2b030c3c41>""},""playback_state"":""playing"",""playlist_size"":9,""present"":true,""uptime_sec"":43}"
22	22.692	2026-07-10T19:56:25+0000	success		2	<media-path:c406539999>	<media-path:c406539999>	<filename:aaf3979e21>	12.866667	15.069751	85.380754	false	false	false	386	v4l2request-copy	true	"{""aspect"":0.566038,""dh"":848,""dw"":480,""h"":848,""par"":1.0,""pixelformat"":""nv12"",""rotate"":0,""stereo-in"":""mono"",""w"":480}"	"{""duration"":""success"",""eof-reached"":""success"",""estimated-frame-number"":""success"",""filename"":""success"",""hwdec-current"":""success"",""idle-active"":""success"",""path"":""success"",""pause"":""success"",""percent-pos"":""success"",""time-pos"":""success"",""video-params"":""success"",""vo-configured"":""success""}"	true	playing	media-63e22e276f	<media-path:c406539999>	15100	0	true	"{""black_screen_risk_reason"":""null"",""blocked_media_count"":0,""consecutive_failures"":0,""current_index"":0,""current_item"":{""alias"":""media-63e22e276f"",""duration_ms"":15100,""offset_ms"":0,""path_alias"":""<media-path:c406539999>"",""started_at_present"":true},""last_poll_error"":""null"",""last_render_error"":""null"",""mpv_running"":true,""next_item"":{""alias"":""media-b04db49d99"",""duration_ms"":15100,""path_alias"":""<media-path:2b030c3c41>""},""playback_state"":""playing"",""playlist_size"":9,""present"":true,""uptime_sec"":43}"
23	23.696	2026-07-10T19:56:26+0000	success		11	<media-path:c406539999>	<media-path:c406539999>	<filename:aaf3979e21>	13.866667	15.069751	92.016564	false	false	false	416	v4l2request-copy	true	"{""aspect"":0.566038,""dh"":848,""dw"":480,""h"":848,""par"":1.0,""pixelformat"":""nv12"",""rotate"":0,""stereo-in"":""mono"",""w"":480}"	"{""duration"":""success"",""eof-reached"":""success"",""estimated-frame-number"":""success"",""filename"":""success"",""hwdec-current"":""success"",""idle-active"":""success"",""path"":""success"",""pause"":""success"",""percent-pos"":""success"",""time-pos"":""success"",""video-params"":""success"",""vo-configured"":""success""}"	true	playing	media-63e22e276f	<media-path:c406539999>	15100	0	true	"{""black_screen_risk_reason"":""null"",""blocked_media_count"":0,""consecutive_failures"":0,""current_index"":0,""current_item"":{""alias"":""media-63e22e276f"",""duration_ms"":15100,""offset_ms"":0,""path_alias"":""<media-path:c406539999>"",""started_at_present"":true},""last_poll_error"":""null"",""last_render_error"":""null"",""mpv_running"":true,""next_item"":{""alias"":""media-b04db49d99"",""duration_ms"":15100,""path_alias"":""<media-path:2b030c3c41>""},""playback_state"":""playing"",""playlist_size"":9,""present"":true,""uptime_sec"":43}"
24	24.710	2026-07-10T19:56:27+0000	success		2	<media-path:c406539999>	<media-path:c406539999>	<filename:aaf3979e21>	14.866667	15.069751	98.652374	false	false	false	446	v4l2request-copy	true	"{""aspect"":0.566038,""dh"":848,""dw"":480,""h"":848,""par"":1.0,""pixelformat"":""nv12"",""rotate"":0,""stereo-in"":""mono"",""w"":480}"	"{""duration"":""success"",""eof-reached"":""success"",""estimated-frame-number"":""success"",""filename"":""success"",""hwdec-current"":""success"",""idle-active"":""success"",""path"":""success"",""pause"":""success"",""percent-pos"":""success"",""time-pos"":""success"",""video-params"":""success"",""vo-configured"":""success""}"	true	playing	media-63e22e276f	<media-path:c406539999>	15100	0	true	"{""black_screen_risk_reason"":""null"",""blocked_media_count"":0,""consecutive_failures"":0,""current_index"":0,""current_item"":{""alias"":""media-63e22e276f"",""duration_ms"":15100,""offset_ms"":0,""path_alias"":""<media-path:c406539999>"",""started_at_present"":true},""last_poll_error"":""null"",""last_render_error"":""null"",""mpv_running"":true,""next_item"":{""alias"":""media-b04db49d99"",""duration_ms"":15100,""path_alias"":""<media-path:2b030c3c41>""},""playback_state"":""playing"",""playlist_size"":9,""present"":true,""uptime_sec"":43}"
25	25.714	2026-07-10T19:56:28+0000	success		6	<media-path:2b030c3c41>	<media-path:2b030c3c41>	<filename:c617160627>	0.6	15.1	3.97351	false	false	false	18	v4l2request-copy	true	"{""aspect"":0.566038,""dh"":848,""dw"":480,""h"":848,""par"":1.0,""pixelformat"":""nv12"",""rotate"":0,""stereo-in"":""mono"",""w"":480}"	"{""duration"":""success"",""eof-reached"":""success"",""estimated-frame-number"":""success"",""filename"":""success"",""hwdec-current"":""success"",""idle-active"":""success"",""path"":""success"",""pause"":""success"",""percent-pos"":""success"",""time-pos"":""success"",""video-params"":""success"",""vo-configured"":""success""}"	true	playing	media-b04db49d99	<media-path:2b030c3c41>	15100	1	true	"{""black_screen_risk_reason"":""null"",""blocked_media_count"":0,""consecutive_failures"":0,""current_index"":1,""current_item"":{""alias"":""media-b04db49d99"",""duration_ms"":15100,""offset_ms"":0,""path_alias"":""<media-path:2b030c3c41>"",""started_at_present"":true},""last_poll_error"":""null"",""last_render_error"":""null"",""mpv_running"":true,""next_item"":{""alias"":""media-8ffdc1f445"",""duration_ms"":14000,""path_alias"":""<media-path:fee4d36eb4>""},""playback_state"":""playing"",""playlist_size"":9,""present"":true,""uptime_sec"":48}"
26	26.723	2026-07-10T19:56:29+0000	success		2	<media-path:2b030c3c41>	<media-path:2b030c3c41>	<filename:c617160627>	1.6	15.1	10.596026	false	false	false	48	v4l2request-copy	true	"{""aspect"":0.566038,""dh"":848,""dw"":480,""h"":848,""par"":1.0,""pixelformat"":""nv12"",""rotate"":0,""stereo-in"":""mono"",""w"":480}"	"{""duration"":""success"",""eof-reached"":""success"",""estimated-frame-number"":""success"",""filename"":""success"",""hwdec-current"":""success"",""idle-active"":""success"",""path"":""success"",""pause"":""success"",""percent-pos"":""success"",""time-pos"":""success"",""video-params"":""success"",""vo-configured"":""success""}"	true	playing	media-b04db49d99	<media-path:2b030c3c41>	15100	1	true	"{""black_screen_risk_reason"":""null"",""blocked_media_count"":0,""consecutive_failures"":0,""current_index"":1,""current_item"":{""alias"":""media-b04db49d99"",""duration_ms"":15100,""offset_ms"":0,""path_alias"":""<media-path:2b030c3c41>"",""started_at_present"":true},""last_poll_error"":""null"",""last_render_error"":""null"",""mpv_running"":true,""next_item"":{""alias"":""media-8ffdc1f445"",""duration_ms"":14000,""path_alias"":""<media-path:fee4d36eb4>""},""playback_state"":""playing"",""playlist_size"":9,""present"":true,""uptime_sec"":48}"
27	27.728	2026-07-10T19:56:30+0000	success		2	<media-path:2b030c3c41>	<media-path:2b030c3c41>	<filename:c617160627>	2.633333	15.1	17.439294	false	false	false	79	v4l2request-copy	true	"{""aspect"":0.566038,""dh"":848,""dw"":480,""h"":848,""par"":1.0,""pixelformat"":""nv12"",""rotate"":0,""stereo-in"":""mono"",""w"":480}"	"{""duration"":""success"",""eof-reached"":""success"",""estimated-frame-number"":""success"",""filename"":""success"",""hwdec-current"":""success"",""idle-active"":""success"",""path"":""success"",""pause"":""success"",""percent-pos"":""success"",""time-pos"":""success"",""video-params"":""success"",""vo-configured"":""success""}"	true	playing	media-b04db49d99	<media-path:2b030c3c41>	15100	1	true	"{""black_screen_risk_reason"":""null"",""blocked_media_count"":0,""consecutive_failures"":0,""current_index"":1,""current_item"":{""alias"":""media-b04db49d99"",""duration_ms"":15100,""offset_ms"":0,""path_alias"":""<media-path:2b030c3c41>"",""started_at_present"":true},""last_poll_error"":""null"",""last_render_error"":""null"",""mpv_running"":true,""next_item"":{""alias"":""media-8ffdc1f445"",""duration_ms"":14000,""path_alias"":""<media-path:fee4d36eb4>""},""playback_state"":""playing"",""playlist_size"":9,""present"":true,""uptime_sec"":48}"
28	28.732	2026-07-10T19:56:31+0000	success		2	<media-path:2b030c3c41>	<media-path:2b030c3c41>	<filename:c617160627>	3.633333	15.1	24.06181	false	false	false	109	v4l2request-copy	true	"{""aspect"":0.566038,""dh"":848,""dw"":480,""h"":848,""par"":1.0,""pixelformat"":""nv12"",""rotate"":0,""stereo-in"":""mono"",""w"":480}"	"{""duration"":""success"",""eof-reached"":""success"",""estimated-frame-number"":""success"",""filename"":""success"",""hwdec-current"":""success"",""idle-active"":""success"",""path"":""success"",""pause"":""success"",""percent-pos"":""success"",""time-pos"":""success"",""video-params"":""success"",""vo-configured"":""success""}"	true	playing	media-b04db49d99	<media-path:2b030c3c41>	15100	1	true	"{""black_screen_risk_reason"":""null"",""blocked_media_count"":0,""consecutive_failures"":0,""current_index"":1,""current_item"":{""alias"":""media-b04db49d99"",""duration_ms"":15100,""offset_ms"":0,""path_alias"":""<media-path:2b030c3c41>"",""started_at_present"":true},""last_poll_error"":""null"",""last_render_error"":""null"",""mpv_running"":true,""next_item"":{""alias"":""media-8ffdc1f445"",""duration_ms"":14000,""path_alias"":""<media-path:fee4d36eb4>""},""playback_state"":""playing"",""playlist_size"":9,""present"":true,""uptime_sec"":48}"
29	29.736	2026-07-10T19:56:32+0000	success		2	<media-path:2b030c3c41>	<media-path:2b030c3c41>	<filename:c617160627>	4.633333	15.1	30.684327	false	false	false	139	v4l2request-copy	true	"{""aspect"":0.566038,""dh"":848,""dw"":480,""h"":848,""par"":1.0,""pixelformat"":""nv12"",""rotate"":0,""stereo-in"":""mono"",""w"":480}"	"{""duration"":""success"",""eof-reached"":""success"",""estimated-frame-number"":""success"",""filename"":""success"",""hwdec-current"":""success"",""idle-active"":""success"",""path"":""success"",""pause"":""success"",""percent-pos"":""success"",""time-pos"":""success"",""video-params"":""success"",""vo-configured"":""success""}"	true	playing	media-b04db49d99	<media-path:2b030c3c41>	15100	1	true	"{""black_screen_risk_reason"":""null"",""blocked_media_count"":0,""consecutive_failures"":0,""current_index"":1,""current_item"":{""alias"":""media-b04db49d99"",""duration_ms"":15100,""offset_ms"":0,""path_alias"":""<media-path:2b030c3c41>"",""started_at_present"":true},""last_poll_error"":""null"",""last_render_error"":""null"",""mpv_running"":true,""next_item"":{""alias"":""media-8ffdc1f445"",""duration_ms"":14000,""path_alias"":""<media-path:fee4d36eb4>""},""playback_state"":""playing"",""playlist_size"":9,""present"":true,""uptime_sec"":48}"
30	30.740	2026-07-10T19:56:33+0000	success		3	<media-path:2b030c3c41>	<media-path:2b030c3c41>	<filename:c617160627>	5.633333	15.1	37.306843	false	false	false	169	v4l2request-copy	true	"{""aspect"":0.566038,""dh"":848,""dw"":480,""h"":848,""par"":1.0,""pixelformat"":""nv12"",""rotate"":0,""stereo-in"":""mono"",""w"":480}"	"{""duration"":""success"",""eof-reached"":""success"",""estimated-frame-number"":""success"",""filename"":""success"",""hwdec-current"":""success"",""idle-active"":""success"",""path"":""success"",""pause"":""success"",""percent-pos"":""success"",""time-pos"":""success"",""video-params"":""success"",""vo-configured"":""success""}"	true	playing	media-b04db49d99	<media-path:2b030c3c41>	15100	1	true	"{""black_screen_risk_reason"":""null"",""blocked_media_count"":0,""consecutive_failures"":0,""current_index"":1,""current_item"":{""alias"":""media-b04db49d99"",""duration_ms"":15100,""offset_ms"":0,""path_alias"":""<media-path:2b030c3c41>"",""started_at_present"":true},""last_poll_error"":""null"",""last_render_error"":""null"",""mpv_running"":true,""next_item"":{""alias"":""media-8ffdc1f445"",""duration_ms"":14000,""path_alias"":""<media-path:fee4d36eb4>""},""playback_state"":""playing"",""playlist_size"":9,""present"":true,""uptime_sec"":53}"
31	31.748	2026-07-10T19:56:34+0000	success		5	<media-path:2b030c3c41>	<media-path:2b030c3c41>	<filename:c617160627>	6.633333	15.1	43.92936	false	false	false	199	v4l2request-copy	true	"{""aspect"":0.566038,""dh"":848,""dw"":480,""h"":848,""par"":1.0,""pixelformat"":""nv12"",""rotate"":0,""stereo-in"":""mono"",""w"":480}"	"{""duration"":""success"",""eof-reached"":""success"",""estimated-frame-number"":""success"",""filename"":""success"",""hwdec-current"":""success"",""idle-active"":""success"",""path"":""success"",""pause"":""success"",""percent-pos"":""success"",""time-pos"":""success"",""video-params"":""success"",""vo-configured"":""success""}"	true	playing	media-b04db49d99	<media-path:2b030c3c41>	15100	1	true	"{""black_screen_risk_reason"":""null"",""blocked_media_count"":0,""consecutive_failures"":0,""current_index"":1,""current_item"":{""alias"":""media-b04db49d99"",""duration_ms"":15100,""offset_ms"":0,""path_alias"":""<media-path:2b030c3c41>"",""started_at_present"":true},""last_poll_error"":""null"",""last_render_error"":""null"",""mpv_running"":true,""next_item"":{""alias"":""media-8ffdc1f445"",""duration_ms"":14000,""path_alias"":""<media-path:fee4d36eb4>""},""playback_state"":""playing"",""playlist_size"":9,""present"":true,""uptime_sec"":53}"
32	32.755	2026-07-10T19:56:35+0000	success		2	<media-path:2b030c3c41>	<media-path:2b030c3c41>	<filename:c617160627>	7.633333	15.1	50.551876	false	false	false	229	v4l2request-copy	true	"{""aspect"":0.566038,""dh"":848,""dw"":480,""h"":848,""par"":1.0,""pixelformat"":""nv12"",""rotate"":0,""stereo-in"":""mono"",""w"":480}"	"{""duration"":""success"",""eof-reached"":""success"",""estimated-frame-number"":""success"",""filename"":""success"",""hwdec-current"":""success"",""idle-active"":""success"",""path"":""success"",""pause"":""success"",""percent-pos"":""success"",""time-pos"":""success"",""video-params"":""success"",""vo-configured"":""success""}"	true	playing	media-b04db49d99	<media-path:2b030c3c41>	15100	1	true	"{""black_screen_risk_reason"":""null"",""blocked_media_count"":0,""consecutive_failures"":0,""current_index"":1,""current_item"":{""alias"":""media-b04db49d99"",""duration_ms"":15100,""offset_ms"":0,""path_alias"":""<media-path:2b030c3c41>"",""started_at_present"":true},""last_poll_error"":""null"",""last_render_error"":""null"",""mpv_running"":true,""next_item"":{""alias"":""media-8ffdc1f445"",""duration_ms"":14000,""path_alias"":""<media-path:fee4d36eb4>""},""playback_state"":""playing"",""playlist_size"":9,""present"":true,""uptime_sec"":53}"
33	33.759	2026-07-10T19:56:36+0000	success		2	<media-path:2b030c3c41>	<media-path:2b030c3c41>	<filename:c617160627>	8.666667	15.1	57.395143	false	false	false	260	v4l2request-copy	true	"{""aspect"":0.566038,""dh"":848,""dw"":480,""h"":848,""par"":1.0,""pixelformat"":""nv12"",""rotate"":0,""stereo-in"":""mono"",""w"":480}"	"{""duration"":""success"",""eof-reached"":""success"",""estimated-frame-number"":""success"",""filename"":""success"",""hwdec-current"":""success"",""idle-active"":""success"",""path"":""success"",""pause"":""success"",""percent-pos"":""success"",""time-pos"":""success"",""video-params"":""success"",""vo-configured"":""success""}"	true	playing	media-b04db49d99	<media-path:2b030c3c41>	15100	1	true	"{""black_screen_risk_reason"":""null"",""blocked_media_count"":0,""consecutive_failures"":0,""current_index"":1,""current_item"":{""alias"":""media-b04db49d99"",""duration_ms"":15100,""offset_ms"":0,""path_alias"":""<media-path:2b030c3c41>"",""started_at_present"":true},""last_poll_error"":""null"",""last_render_error"":""null"",""mpv_running"":true,""next_item"":{""alias"":""media-8ffdc1f445"",""duration_ms"":14000,""path_alias"":""<media-path:fee4d36eb4>""},""playback_state"":""playing"",""playlist_size"":9,""present"":true,""uptime_sec"":53}"
34	34.764	2026-07-10T19:56:37+0000	success		2	<media-path:2b030c3c41>	<media-path:2b030c3c41>	<filename:c617160627>	9.666667	15.1	64.01766	false	false	false	290	v4l2request-copy	true	"{""aspect"":0.566038,""dh"":848,""dw"":480,""h"":848,""par"":1.0,""pixelformat"":""nv12"",""rotate"":0,""stereo-in"":""mono"",""w"":480}"	"{""duration"":""success"",""eof-reached"":""success"",""estimated-frame-number"":""success"",""filename"":""success"",""hwdec-current"":""success"",""idle-active"":""success"",""path"":""success"",""pause"":""success"",""percent-pos"":""success"",""time-pos"":""success"",""video-params"":""success"",""vo-configured"":""success""}"	true	playing	media-b04db49d99	<media-path:2b030c3c41>	15100	1	true	"{""black_screen_risk_reason"":""null"",""blocked_media_count"":0,""consecutive_failures"":0,""current_index"":1,""current_item"":{""alias"":""media-b04db49d99"",""duration_ms"":15100,""offset_ms"":0,""path_alias"":""<media-path:2b030c3c41>"",""started_at_present"":true},""last_poll_error"":""null"",""last_render_error"":""null"",""mpv_running"":true,""next_item"":{""alias"":""media-8ffdc1f445"",""duration_ms"":14000,""path_alias"":""<media-path:fee4d36eb4>""},""playback_state"":""playing"",""playlist_size"":9,""present"":true,""uptime_sec"":53}"
35	35.768	2026-07-10T19:56:38+0000	success		2	<media-path:2b030c3c41>	<media-path:2b030c3c41>	<filename:c617160627>	10.666667	15.1	70.640177	false	false	false	320	v4l2request-copy	true	"{""aspect"":0.566038,""dh"":848,""dw"":480,""h"":848,""par"":1.0,""pixelformat"":""nv12"",""rotate"":0,""stereo-in"":""mono"",""w"":480}"	"{""duration"":""success"",""eof-reached"":""success"",""estimated-frame-number"":""success"",""filename"":""success"",""hwdec-current"":""success"",""idle-active"":""success"",""path"":""success"",""pause"":""success"",""percent-pos"":""success"",""time-pos"":""success"",""video-params"":""success"",""vo-configured"":""success""}"	true	playing	media-b04db49d99	<media-path:2b030c3c41>	15100	1	true	"{""black_screen_risk_reason"":""null"",""blocked_media_count"":0,""consecutive_failures"":0,""current_index"":1,""current_item"":{""alias"":""media-b04db49d99"",""duration_ms"":15100,""offset_ms"":0,""path_alias"":""<media-path:2b030c3c41>"",""started_at_present"":true},""last_poll_error"":""null"",""last_render_error"":""null"",""mpv_running"":true,""next_item"":{""alias"":""media-8ffdc1f445"",""duration_ms"":14000,""path_alias"":""<media-path:fee4d36eb4>""},""playback_state"":""playing"",""playlist_size"":9,""present"":true,""uptime_sec"":58}"
36	36.772	2026-07-10T19:56:39+0000	success		2	<media-path:2b030c3c41>	<media-path:2b030c3c41>	<filename:c617160627>	11.666667	15.1	77.262693	false	false	false	350	v4l2request-copy	true	"{""aspect"":0.566038,""dh"":848,""dw"":480,""h"":848,""par"":1.0,""pixelformat"":""nv12"",""rotate"":0,""stereo-in"":""mono"",""w"":480}"	"{""duration"":""success"",""eof-reached"":""success"",""estimated-frame-number"":""success"",""filename"":""success"",""hwdec-current"":""success"",""idle-active"":""success"",""path"":""success"",""pause"":""success"",""percent-pos"":""success"",""time-pos"":""success"",""video-params"":""success"",""vo-configured"":""success""}"	true	playing	media-b04db49d99	<media-path:2b030c3c41>	15100	1	true	"{""black_screen_risk_reason"":""null"",""blocked_media_count"":0,""consecutive_failures"":0,""current_index"":1,""current_item"":{""alias"":""media-b04db49d99"",""duration_ms"":15100,""offset_ms"":0,""path_alias"":""<media-path:2b030c3c41>"",""started_at_present"":true},""last_poll_error"":""null"",""last_render_error"":""null"",""mpv_running"":true,""next_item"":{""alias"":""media-8ffdc1f445"",""duration_ms"":14000,""path_alias"":""<media-path:fee4d36eb4>""},""playback_state"":""playing"",""playlist_size"":9,""present"":true,""uptime_sec"":58}"
37	37.777	2026-07-10T19:56:40+0000	success		9	<media-path:2b030c3c41>	<media-path:2b030c3c41>	<filename:c617160627>	12.666667	15.1	83.88521	false	false	false	380	v4l2request-copy	true	"{""aspect"":0.566038,""dh"":848,""dw"":480,""h"":848,""par"":1.0,""pixelformat"":""nv12"",""rotate"":0,""stereo-in"":""mono"",""w"":480}"	"{""duration"":""success"",""eof-reached"":""success"",""estimated-frame-number"":""success"",""filename"":""success"",""hwdec-current"":""success"",""idle-active"":""success"",""path"":""success"",""pause"":""success"",""percent-pos"":""success"",""time-pos"":""success"",""video-params"":""success"",""vo-configured"":""success""}"	true	playing	media-b04db49d99	<media-path:2b030c3c41>	15100	1	true	"{""black_screen_risk_reason"":""null"",""blocked_media_count"":0,""consecutive_failures"":0,""current_index"":1,""current_item"":{""alias"":""media-b04db49d99"",""duration_ms"":15100,""offset_ms"":0,""path_alias"":""<media-path:2b030c3c41>"",""started_at_present"":true},""last_poll_error"":""null"",""last_render_error"":""null"",""mpv_running"":true,""next_item"":{""alias"":""media-8ffdc1f445"",""duration_ms"":14000,""path_alias"":""<media-path:fee4d36eb4>""},""playback_state"":""playing"",""playlist_size"":9,""present"":true,""uptime_sec"":58}"
38	38.788	2026-07-10T19:56:41+0000	success		2	<media-path:2b030c3c41>	<media-path:2b030c3c41>	<filename:c617160627>	13.666667	15.1	90.507726	false	false	false	410	v4l2request-copy	true	"{""aspect"":0.566038,""dh"":848,""dw"":480,""h"":848,""par"":1.0,""pixelformat"":""nv12"",""rotate"":0,""stereo-in"":""mono"",""w"":480}"	"{""duration"":""success"",""eof-reached"":""success"",""estimated-frame-number"":""success"",""filename"":""success"",""hwdec-current"":""success"",""idle-active"":""success"",""path"":""success"",""pause"":""success"",""percent-pos"":""success"",""time-pos"":""success"",""video-params"":""success"",""vo-configured"":""success""}"	true	playing	media-b04db49d99	<media-path:2b030c3c41>	15100	1	true	"{""black_screen_risk_reason"":""null"",""blocked_media_count"":0,""consecutive_failures"":0,""current_index"":1,""current_item"":{""alias"":""media-b04db49d99"",""duration_ms"":15100,""offset_ms"":0,""path_alias"":""<media-path:2b030c3c41>"",""started_at_present"":true},""last_poll_error"":""null"",""last_render_error"":""null"",""mpv_running"":true,""next_item"":{""alias"":""media-8ffdc1f445"",""duration_ms"":14000,""path_alias"":""<media-path:fee4d36eb4>""},""playback_state"":""playing"",""playlist_size"":9,""present"":true,""uptime_sec"":58}"
39	39.793	2026-07-10T19:56:42+0000	success		3	<media-path:2b030c3c41>	<media-path:2b030c3c41>	<filename:c617160627>	14.7	15.1	97.350993	false	false	false	441	v4l2request-copy	true	"{""aspect"":0.566038,""dh"":848,""dw"":480,""h"":848,""par"":1.0,""pixelformat"":""nv12"",""rotate"":0,""stereo-in"":""mono"",""w"":480}"	"{""duration"":""success"",""eof-reached"":""success"",""estimated-frame-number"":""success"",""filename"":""success"",""hwdec-current"":""success"",""idle-active"":""success"",""path"":""success"",""pause"":""success"",""percent-pos"":""success"",""time-pos"":""success"",""video-params"":""success"",""vo-configured"":""success""}"	true	playing	media-b04db49d99	<media-path:2b030c3c41>	15100	1	true	"{""black_screen_risk_reason"":""null"",""blocked_media_count"":0,""consecutive_failures"":0,""current_index"":1,""current_item"":{""alias"":""media-b04db49d99"",""duration_ms"":15100,""offset_ms"":0,""path_alias"":""<media-path:2b030c3c41>"",""started_at_present"":true},""last_poll_error"":""null"",""last_render_error"":""null"",""mpv_running"":true,""next_item"":{""alias"":""media-8ffdc1f445"",""duration_ms"":14000,""path_alias"":""<media-path:fee4d36eb4>""},""playback_state"":""playing"",""playlist_size"":9,""present"":true,""uptime_sec"":58}"
40	40.799	2026-07-10T19:56:43+0000	success		12	<media-path:fee4d36eb4>	<media-path:fee4d36eb4>	<filename:8ba6df5956>	0.4	14	2.857143	false	false	false	12	v4l2request-copy	true	"{""aspect"":0.557692,""dh"":832,""dw"":464,""h"":832,""par"":1.0,""pixelformat"":""nv12"",""rotate"":0,""stereo-in"":""mono"",""w"":464}"	"{""duration"":""success"",""eof-reached"":""success"",""estimated-frame-number"":""success"",""filename"":""success"",""hwdec-current"":""success"",""idle-active"":""success"",""path"":""success"",""pause"":""success"",""percent-pos"":""success"",""time-pos"":""success"",""video-params"":""success"",""vo-configured"":""success""}"	true	playing	media-b04db49d99	<media-path:2b030c3c41>	15100	1	true	"{""black_screen_risk_reason"":""null"",""blocked_media_count"":0,""consecutive_failures"":0,""current_index"":1,""current_item"":{""alias"":""media-b04db49d99"",""duration_ms"":15100,""offset_ms"":0,""path_alias"":""<media-path:2b030c3c41>"",""started_at_present"":true},""last_poll_error"":""null"",""last_render_error"":""null"",""mpv_running"":true,""next_item"":{""alias"":""media-8ffdc1f445"",""duration_ms"":14000,""path_alias"":""<media-path:fee4d36eb4>""},""playback_state"":""playing"",""playlist_size"":9,""present"":true,""uptime_sec"":63}"
41	41.814	2026-07-10T19:56:44+0000	success		8	<media-path:fee4d36eb4>	<media-path:fee4d36eb4>	<filename:8ba6df5956>	1.4	14	10	false	false	false	42	v4l2request-copy	true	"{""aspect"":0.557692,""dh"":832,""dw"":464,""h"":832,""par"":1.0,""pixelformat"":""nv12"",""rotate"":0,""stereo-in"":""mono"",""w"":464}"	"{""duration"":""success"",""eof-reached"":""success"",""estimated-frame-number"":""success"",""filename"":""success"",""hwdec-current"":""success"",""idle-active"":""success"",""path"":""success"",""pause"":""success"",""percent-pos"":""success"",""time-pos"":""success"",""video-params"":""success"",""vo-configured"":""success""}"	true	playing	media-b04db49d99	<media-path:2b030c3c41>	15100	1	true	"{""black_screen_risk_reason"":""null"",""blocked_media_count"":0,""consecutive_failures"":0,""current_index"":1,""current_item"":{""alias"":""media-b04db49d99"",""duration_ms"":15100,""offset_ms"":0,""path_alias"":""<media-path:2b030c3c41>"",""started_at_present"":true},""last_poll_error"":""null"",""last_render_error"":""null"",""mpv_running"":true,""next_item"":{""alias"":""media-8ffdc1f445"",""duration_ms"":14000,""path_alias"":""<media-path:fee4d36eb4>""},""playback_state"":""playing"",""playlist_size"":9,""present"":true,""uptime_sec"":63}"
42	42.825	2026-07-10T19:56:45+0000	success		2	<media-path:fee4d36eb4>	<media-path:fee4d36eb4>	<filename:8ba6df5956>	2.4	14	17.142857	false	false	false	72	v4l2request-copy	true	"{""aspect"":0.557692,""dh"":832,""dw"":464,""h"":832,""par"":1.0,""pixelformat"":""nv12"",""rotate"":0,""stereo-in"":""mono"",""w"":464}"	"{""duration"":""success"",""eof-reached"":""success"",""estimated-frame-number"":""success"",""filename"":""success"",""hwdec-current"":""success"",""idle-active"":""success"",""path"":""success"",""pause"":""success"",""percent-pos"":""success"",""time-pos"":""success"",""video-params"":""success"",""vo-configured"":""success""}"	true	playing	media-b04db49d99	<media-path:2b030c3c41>	15100	1	true	"{""black_screen_risk_reason"":""null"",""blocked_media_count"":0,""consecutive_failures"":0,""current_index"":1,""current_item"":{""alias"":""media-b04db49d99"",""duration_ms"":15100,""offset_ms"":0,""path_alias"":""<media-path:2b030c3c41>"",""started_at_present"":true},""last_poll_error"":""null"",""last_render_error"":""null"",""mpv_running"":true,""next_item"":{""alias"":""media-8ffdc1f445"",""duration_ms"":14000,""path_alias"":""<media-path:fee4d36eb4>""},""playback_state"":""playing"",""playlist_size"":9,""present"":true,""uptime_sec"":63}"
43	43.829	2026-07-10T19:56:46+0000	success		2	<media-path:fee4d36eb4>	<media-path:fee4d36eb4>	<filename:8ba6df5956>	3.433333	14	24.52381	false	false	false	103	v4l2request-copy	true	"{""aspect"":0.557692,""dh"":832,""dw"":464,""h"":832,""par"":1.0,""pixelformat"":""nv12"",""rotate"":0,""stereo-in"":""mono"",""w"":464}"	"{""duration"":""success"",""eof-reached"":""success"",""estimated-frame-number"":""success"",""filename"":""success"",""hwdec-current"":""success"",""idle-active"":""success"",""path"":""success"",""pause"":""success"",""percent-pos"":""success"",""time-pos"":""success"",""video-params"":""success"",""vo-configured"":""success""}"	true	playing	media-b04db49d99	<media-path:2b030c3c41>	15100	1	true	"{""black_screen_risk_reason"":""null"",""blocked_media_count"":0,""consecutive_failures"":0,""current_index"":1,""current_item"":{""alias"":""media-b04db49d99"",""duration_ms"":15100,""offset_ms"":0,""path_alias"":""<media-path:2b030c3c41>"",""started_at_present"":true},""last_poll_error"":""null"",""last_render_error"":""null"",""mpv_running"":true,""next_item"":{""alias"":""media-8ffdc1f445"",""duration_ms"":14000,""path_alias"":""<media-path:fee4d36eb4>""},""playback_state"":""playing"",""playlist_size"":9,""present"":true,""uptime_sec"":63}"
44	44.834	2026-07-10T19:56:47+0000	success		3	<media-path:fee4d36eb4>	<media-path:fee4d36eb4>	<filename:8ba6df5956>	4.433333	14	31.666667	false	false	false	133	v4l2request-copy	true	"{""aspect"":0.557692,""dh"":832,""dw"":464,""h"":832,""par"":1.0,""pixelformat"":""nv12"",""rotate"":0,""stereo-in"":""mono"",""w"":464}"	"{""duration"":""success"",""eof-reached"":""success"",""estimated-frame-number"":""success"",""filename"":""success"",""hwdec-current"":""success"",""idle-active"":""success"",""path"":""success"",""pause"":""success"",""percent-pos"":""success"",""time-pos"":""success"",""video-params"":""success"",""vo-configured"":""success""}"	true	playing	media-b04db49d99	<media-path:2b030c3c41>	15100	1	true	"{""black_screen_risk_reason"":""null"",""blocked_media_count"":0,""consecutive_failures"":0,""current_index"":1,""current_item"":{""alias"":""media-b04db49d99"",""duration_ms"":15100,""offset_ms"":0,""path_alias"":""<media-path:2b030c3c41>"",""started_at_present"":true},""last_poll_error"":""null"",""last_render_error"":""null"",""mpv_running"":true,""next_item"":{""alias"":""media-8ffdc1f445"",""duration_ms"":14000,""path_alias"":""<media-path:fee4d36eb4>""},""playback_state"":""playing"",""playlist_size"":9,""present"":true,""uptime_sec"":63}"
45	45.840	2026-07-10T19:56:48+0000	success		2	<media-path:fee4d36eb4>	<media-path:fee4d36eb4>	<filename:8ba6df5956>	5.433333	14	38.809524	false	false	false	163	v4l2request-copy	true	"{""aspect"":0.557692,""dh"":832,""dw"":464,""h"":832,""par"":1.0,""pixelformat"":""nv12"",""rotate"":0,""stereo-in"":""mono"",""w"":464}"	"{""duration"":""success"",""eof-reached"":""success"",""estimated-frame-number"":""success"",""filename"":""success"",""hwdec-current"":""success"",""idle-active"":""success"",""path"":""success"",""pause"":""success"",""percent-pos"":""success"",""time-pos"":""success"",""video-params"":""success"",""vo-configured"":""success""}"	true	playing	media-8ffdc1f445	<media-path:fee4d36eb4>	14000	2	true	"{""black_screen_risk_reason"":""null"",""blocked_media_count"":0,""consecutive_failures"":0,""current_index"":2,""current_item"":{""alias"":""media-8ffdc1f445"",""duration_ms"":14000,""offset_ms"":0,""path_alias"":""<media-path:fee4d36eb4>"",""started_at_present"":true},""last_poll_error"":""null"",""last_render_error"":""null"",""mpv_running"":true,""next_item"":{""alias"":""media-907addee8b"",""duration_ms"":30800,""path_alias"":""<media-path:c58db4e1cc>""},""playback_state"":""playing"",""playlist_size"":9,""present"":true,""uptime_sec"":68}"
46	46.844	2026-07-10T19:56:49+0000	success		2	<media-path:fee4d36eb4>	<media-path:fee4d36eb4>	<filename:8ba6df5956>	6.433333	14	45.952381	false	false	false	193	v4l2request-copy	true	"{""aspect"":0.557692,""dh"":832,""dw"":464,""h"":832,""par"":1.0,""pixelformat"":""nv12"",""rotate"":0,""stereo-in"":""mono"",""w"":464}"	"{""duration"":""success"",""eof-reached"":""success"",""estimated-frame-number"":""success"",""filename"":""success"",""hwdec-current"":""success"",""idle-active"":""success"",""path"":""success"",""pause"":""success"",""percent-pos"":""success"",""time-pos"":""success"",""video-params"":""success"",""vo-configured"":""success""}"	true	playing	media-8ffdc1f445	<media-path:fee4d36eb4>	14000	2	true	"{""black_screen_risk_reason"":""null"",""blocked_media_count"":0,""consecutive_failures"":0,""current_index"":2,""current_item"":{""alias"":""media-8ffdc1f445"",""duration_ms"":14000,""offset_ms"":0,""path_alias"":""<media-path:fee4d36eb4>"",""started_at_present"":true},""last_poll_error"":""null"",""last_render_error"":""null"",""mpv_running"":true,""next_item"":{""alias"":""media-907addee8b"",""duration_ms"":30800,""path_alias"":""<media-path:c58db4e1cc>""},""playback_state"":""playing"",""playlist_size"":9,""present"":true,""uptime_sec"":68}"
47	47.849	2026-07-10T19:56:50+0000	success		8	<media-path:fee4d36eb4>	<media-path:fee4d36eb4>	<filename:8ba6df5956>	7.433333	14	53.095238	false	false	false	223	v4l2request-copy	true	"{""aspect"":0.557692,""dh"":832,""dw"":464,""h"":832,""par"":1.0,""pixelformat"":""nv12"",""rotate"":0,""stereo-in"":""mono"",""w"":464}"	"{""duration"":""success"",""eof-reached"":""success"",""estimated-frame-number"":""success"",""filename"":""success"",""hwdec-current"":""success"",""idle-active"":""success"",""path"":""success"",""pause"":""success"",""percent-pos"":""success"",""time-pos"":""success"",""video-params"":""success"",""vo-configured"":""success""}"	true	playing	media-8ffdc1f445	<media-path:fee4d36eb4>	14000	2	true	"{""black_screen_risk_reason"":""null"",""blocked_media_count"":0,""consecutive_failures"":0,""current_index"":2,""current_item"":{""alias"":""media-8ffdc1f445"",""duration_ms"":14000,""offset_ms"":0,""path_alias"":""<media-path:fee4d36eb4>"",""started_at_present"":true},""last_poll_error"":""null"",""last_render_error"":""null"",""mpv_running"":true,""next_item"":{""alias"":""media-907addee8b"",""duration_ms"":30800,""path_alias"":""<media-path:c58db4e1cc>""},""playback_state"":""playing"",""playlist_size"":9,""present"":true,""uptime_sec"":68}"
48	48.859	2026-07-10T19:56:51+0000	success		2	<media-path:fee4d36eb4>	<media-path:fee4d36eb4>	<filename:8ba6df5956>	8.433333	14	60.238095	false	false	false	253	v4l2request-copy	true	"{""aspect"":0.557692,""dh"":832,""dw"":464,""h"":832,""par"":1.0,""pixelformat"":""nv12"",""rotate"":0,""stereo-in"":""mono"",""w"":464}"	"{""duration"":""success"",""eof-reached"":""success"",""estimated-frame-number"":""success"",""filename"":""success"",""hwdec-current"":""success"",""idle-active"":""success"",""path"":""success"",""pause"":""success"",""percent-pos"":""success"",""time-pos"":""success"",""video-params"":""success"",""vo-configured"":""success""}"	true	playing	media-8ffdc1f445	<media-path:fee4d36eb4>	14000	2	true	"{""black_screen_risk_reason"":""null"",""blocked_media_count"":0,""consecutive_failures"":0,""current_index"":2,""current_item"":{""alias"":""media-8ffdc1f445"",""duration_ms"":14000,""offset_ms"":0,""path_alias"":""<media-path:fee4d36eb4>"",""started_at_present"":true},""last_poll_error"":""null"",""last_render_error"":""null"",""mpv_running"":true,""next_item"":{""alias"":""media-907addee8b"",""duration_ms"":30800,""path_alias"":""<media-path:c58db4e1cc>""},""playback_state"":""playing"",""playlist_size"":9,""present"":true,""uptime_sec"":68}"
49	49.864	2026-07-10T19:56:52+0000	success		2	<media-path:fee4d36eb4>	<media-path:fee4d36eb4>	<filename:8ba6df5956>	9.466667	14	67.619048	false	false	false	284	v4l2request-copy	true	"{""aspect"":0.557692,""dh"":832,""dw"":464,""h"":832,""par"":1.0,""pixelformat"":""nv12"",""rotate"":0,""stereo-in"":""mono"",""w"":464}"	"{""duration"":""success"",""eof-reached"":""success"",""estimated-frame-number"":""success"",""filename"":""success"",""hwdec-current"":""success"",""idle-active"":""success"",""path"":""success"",""pause"":""success"",""percent-pos"":""success"",""time-pos"":""success"",""video-params"":""success"",""vo-configured"":""success""}"	true	playing	media-8ffdc1f445	<media-path:fee4d36eb4>	14000	2	true	"{""black_screen_risk_reason"":""null"",""blocked_media_count"":0,""consecutive_failures"":0,""current_index"":2,""current_item"":{""alias"":""media-8ffdc1f445"",""duration_ms"":14000,""offset_ms"":0,""path_alias"":""<media-path:fee4d36eb4>"",""started_at_present"":true},""last_poll_error"":""null"",""last_render_error"":""null"",""mpv_running"":true,""next_item"":{""alias"":""media-907addee8b"",""duration_ms"":30800,""path_alias"":""<media-path:c58db4e1cc>""},""playback_state"":""playing"",""playlist_size"":9,""present"":true,""uptime_sec"":68}"
50	50.868	2026-07-10T19:56:53+0000	success		2	<media-path:fee4d36eb4>	<media-path:fee4d36eb4>	<filename:8ba6df5956>	10.466667	14	74.761905	false	false	false	314	v4l2request-copy	true	"{""aspect"":0.557692,""dh"":832,""dw"":464,""h"":832,""par"":1.0,""pixelformat"":""nv12"",""rotate"":0,""stereo-in"":""mono"",""w"":464}"	"{""duration"":""success"",""eof-reached"":""success"",""estimated-frame-number"":""success"",""filename"":""success"",""hwdec-current"":""success"",""idle-active"":""success"",""path"":""success"",""pause"":""success"",""percent-pos"":""success"",""time-pos"":""success"",""video-params"":""success"",""vo-configured"":""success""}"	true	playing	media-8ffdc1f445	<media-path:fee4d36eb4>	14000	2	true	"{""black_screen_risk_reason"":""null"",""blocked_media_count"":0,""consecutive_failures"":0,""current_index"":2,""current_item"":{""alias"":""media-8ffdc1f445"",""duration_ms"":14000,""offset_ms"":0,""path_alias"":""<media-path:fee4d36eb4>"",""started_at_present"":true},""last_poll_error"":""null"",""last_render_error"":""null"",""mpv_running"":true,""next_item"":{""alias"":""media-907addee8b"",""duration_ms"":30800,""path_alias"":""<media-path:c58db4e1cc>""},""playback_state"":""playing"",""playlist_size"":9,""present"":true,""uptime_sec"":73}"
51	51.872	2026-07-10T19:56:54+0000	success		3	<media-path:fee4d36eb4>	<media-path:fee4d36eb4>	<filename:8ba6df5956>	11.466667	14	81.904762	false	false	false	344	v4l2request-copy	true	"{""aspect"":0.557692,""dh"":832,""dw"":464,""h"":832,""par"":1.0,""pixelformat"":""nv12"",""rotate"":0,""stereo-in"":""mono"",""w"":464}"	"{""duration"":""success"",""eof-reached"":""success"",""estimated-frame-number"":""success"",""filename"":""success"",""hwdec-current"":""success"",""idle-active"":""success"",""path"":""success"",""pause"":""success"",""percent-pos"":""success"",""time-pos"":""success"",""video-params"":""success"",""vo-configured"":""success""}"	true	playing	media-8ffdc1f445	<media-path:fee4d36eb4>	14000	2	true	"{""black_screen_risk_reason"":""null"",""blocked_media_count"":0,""consecutive_failures"":0,""current_index"":2,""current_item"":{""alias"":""media-8ffdc1f445"",""duration_ms"":14000,""offset_ms"":0,""path_alias"":""<media-path:fee4d36eb4>"",""started_at_present"":true},""last_poll_error"":""null"",""last_render_error"":""null"",""mpv_running"":true,""next_item"":{""alias"":""media-907addee8b"",""duration_ms"":30800,""path_alias"":""<media-path:c58db4e1cc>""},""playback_state"":""playing"",""playlist_size"":9,""present"":true,""uptime_sec"":73}"
52	52.878	2026-07-10T19:56:55+0000	success		2	<media-path:fee4d36eb4>	<media-path:fee4d36eb4>	<filename:8ba6df5956>	12.466667	14	89.047619	false	false	false	374	v4l2request-copy	true	"{""aspect"":0.557692,""dh"":832,""dw"":464,""h"":832,""par"":1.0,""pixelformat"":""nv12"",""rotate"":0,""stereo-in"":""mono"",""w"":464}"	"{""duration"":""success"",""eof-reached"":""success"",""estimated-frame-number"":""success"",""filename"":""success"",""hwdec-current"":""success"",""idle-active"":""success"",""path"":""success"",""pause"":""success"",""percent-pos"":""success"",""time-pos"":""success"",""video-params"":""success"",""vo-configured"":""success""}"	true	playing	media-8ffdc1f445	<media-path:fee4d36eb4>	14000	2	true	"{""black_screen_risk_reason"":""null"",""blocked_media_count"":0,""consecutive_failures"":0,""current_index"":2,""current_item"":{""alias"":""media-8ffdc1f445"",""duration_ms"":14000,""offset_ms"":0,""path_alias"":""<media-path:fee4d36eb4>"",""started_at_present"":true},""last_poll_error"":""null"",""last_render_error"":""null"",""mpv_running"":true,""next_item"":{""alias"":""media-907addee8b"",""duration_ms"":30800,""path_alias"":""<media-path:c58db4e1cc>""},""playback_state"":""playing"",""playlist_size"":9,""present"":true,""uptime_sec"":73}"
53	53.884	2026-07-10T19:56:56+0000	success		5	<media-path:fee4d36eb4>	<media-path:fee4d36eb4>	<filename:8ba6df5956>	13.466667	14	96.190476	false	false	false	404	v4l2request-copy	true	"{""aspect"":0.557692,""dh"":832,""dw"":464,""h"":832,""par"":1.0,""pixelformat"":""nv12"",""rotate"":0,""stereo-in"":""mono"",""w"":464}"	"{""duration"":""success"",""eof-reached"":""success"",""estimated-frame-number"":""success"",""filename"":""success"",""hwdec-current"":""success"",""idle-active"":""success"",""path"":""success"",""pause"":""success"",""percent-pos"":""success"",""time-pos"":""success"",""video-params"":""success"",""vo-configured"":""success""}"	true	playing	media-8ffdc1f445	<media-path:fee4d36eb4>	14000	2	true	"{""black_screen_risk_reason"":""null"",""blocked_media_count"":0,""consecutive_failures"":0,""current_index"":2,""current_item"":{""alias"":""media-8ffdc1f445"",""duration_ms"":14000,""offset_ms"":0,""path_alias"":""<media-path:fee4d36eb4>"",""started_at_present"":true},""last_poll_error"":""null"",""last_render_error"":""null"",""mpv_running"":true,""next_item"":{""alias"":""media-907addee8b"",""duration_ms"":30800,""path_alias"":""<media-path:c58db4e1cc>""},""playback_state"":""playing"",""playlist_size"":9,""present"":true,""uptime_sec"":73}"
54	54.891	2026-07-10T19:56:57+0000	success		2	<media-path:c58db4e1cc>	<media-path:c58db4e1cc>	<filename:9b95323d7d>	0.417083	30.805333	1.353932	false	false	false	10	v4l2request-copy	true	"{""aspect"":0.5625,""dh"":640,""dw"":360,""h"":640,""par"":1.0,""pixelformat"":""nv12"",""rotate"":0,""stereo-in"":""mono"",""w"":360}"	"{""duration"":""success"",""eof-reached"":""success"",""estimated-frame-number"":""success"",""filename"":""success"",""hwdec-current"":""success"",""idle-active"":""success"",""path"":""success"",""pause"":""success"",""percent-pos"":""success"",""time-pos"":""success"",""video-params"":""success"",""vo-configured"":""success""}"	true	playing	media-8ffdc1f445	<media-path:fee4d36eb4>	14000	2	true	"{""black_screen_risk_reason"":""null"",""blocked_media_count"":0,""consecutive_failures"":0,""current_index"":2,""current_item"":{""alias"":""media-8ffdc1f445"",""duration_ms"":14000,""offset_ms"":0,""path_alias"":""<media-path:fee4d36eb4>"",""started_at_present"":true},""last_poll_error"":""null"",""last_render_error"":""null"",""mpv_running"":true,""next_item"":{""alias"":""media-907addee8b"",""duration_ms"":30800,""path_alias"":""<media-path:c58db4e1cc>""},""playback_state"":""playing"",""playlist_size"":9,""present"":true,""uptime_sec"":73}"
55	55.895	2026-07-10T19:56:58+0000	success		2	<media-path:c58db4e1cc>	<media-path:c58db4e1cc>	<filename:9b95323d7d>	1.418083	30.805333	4.60337	false	false	false	34	v4l2request-copy	true	"{""aspect"":0.5625,""dh"":640,""dw"":360,""h"":640,""par"":1.0,""pixelformat"":""nv12"",""rotate"":0,""stereo-in"":""mono"",""w"":360}"	"{""duration"":""success"",""eof-reached"":""success"",""estimated-frame-number"":""success"",""filename"":""success"",""hwdec-current"":""success"",""idle-active"":""success"",""path"":""success"",""pause"":""success"",""percent-pos"":""success"",""time-pos"":""success"",""video-params"":""success"",""vo-configured"":""success""}"	true	playing	media-907addee8b	<media-path:c58db4e1cc>	30800	3	true	"{""black_screen_risk_reason"":""null"",""blocked_media_count"":0,""consecutive_failures"":0,""current_index"":3,""current_item"":{""alias"":""media-907addee8b"",""duration_ms"":30800,""offset_ms"":0,""path_alias"":""<media-path:c58db4e1cc>"",""started_at_present"":true},""last_poll_error"":""null"",""last_render_error"":""null"",""mpv_running"":true,""next_item"":{""alias"":""media-8e4d41f6c2"",""duration_ms"":7200,""path_alias"":""<media-path:3662a4e886>""},""playback_state"":""playing"",""playlist_size"":9,""present"":true,""uptime_sec"":78}"
56	56.899	2026-07-10T19:56:59+0000	success		8	<media-path:c58db4e1cc>	<media-path:c58db4e1cc>	<filename:9b95323d7d>	2.419083	30.805333	7.852807	false	false	false	58	v4l2request-copy	true	"{""aspect"":0.5625,""dh"":640,""dw"":360,""h"":640,""par"":1.0,""pixelformat"":""nv12"",""rotate"":0,""stereo-in"":""mono"",""w"":360}"	"{""duration"":""success"",""eof-reached"":""success"",""estimated-frame-number"":""success"",""filename"":""success"",""hwdec-current"":""success"",""idle-active"":""success"",""path"":""success"",""pause"":""success"",""percent-pos"":""success"",""time-pos"":""success"",""video-params"":""success"",""vo-configured"":""success""}"	true	playing	media-907addee8b	<media-path:c58db4e1cc>	30800	3	true	"{""black_screen_risk_reason"":""null"",""blocked_media_count"":0,""consecutive_failures"":0,""current_index"":3,""current_item"":{""alias"":""media-907addee8b"",""duration_ms"":30800,""offset_ms"":0,""path_alias"":""<media-path:c58db4e1cc>"",""started_at_present"":true},""last_poll_error"":""null"",""last_render_error"":""null"",""mpv_running"":true,""next_item"":{""alias"":""media-8e4d41f6c2"",""duration_ms"":7200,""path_alias"":""<media-path:3662a4e886>""},""playback_state"":""playing"",""playlist_size"":9,""present"":true,""uptime_sec"":78}"
57	57.910	2026-07-10T19:57:00+0000	success		3	<media-path:c58db4e1cc>	<media-path:c58db4e1cc>	<filename:9b95323d7d>	3.420083	30.805333	11.102244	false	false	false	82	v4l2request-copy	true	"{""aspect"":0.5625,""dh"":640,""dw"":360,""h"":640,""par"":1.0,""pixelformat"":""nv12"",""rotate"":0,""stereo-in"":""mono"",""w"":360}"	"{""duration"":""success"",""eof-reached"":""success"",""estimated-frame-number"":""success"",""filename"":""success"",""hwdec-current"":""success"",""idle-active"":""success"",""path"":""success"",""pause"":""success"",""percent-pos"":""success"",""time-pos"":""success"",""video-params"":""success"",""vo-configured"":""success""}"	true	playing	media-907addee8b	<media-path:c58db4e1cc>	30800	3	true	"{""black_screen_risk_reason"":""null"",""blocked_media_count"":0,""consecutive_failures"":0,""current_index"":3,""current_item"":{""alias"":""media-907addee8b"",""duration_ms"":30800,""offset_ms"":0,""path_alias"":""<media-path:c58db4e1cc>"",""started_at_present"":true},""last_poll_error"":""null"",""last_render_error"":""null"",""mpv_running"":true,""next_item"":{""alias"":""media-8e4d41f6c2"",""duration_ms"":7200,""path_alias"":""<media-path:3662a4e886>""},""playback_state"":""playing"",""playlist_size"":9,""present"":true,""uptime_sec"":78}"
58	58.917	2026-07-10T19:57:01+0000	success		2	<media-path:c58db4e1cc>	<media-path:c58db4e1cc>	<filename:9b95323d7d>	4.421083	30.805333	14.351682	false	false	false	106	v4l2request-copy	true	"{""aspect"":0.5625,""dh"":640,""dw"":360,""h"":640,""par"":1.0,""pixelformat"":""nv12"",""rotate"":0,""stereo-in"":""mono"",""w"":360}"	"{""duration"":""success"",""eof-reached"":""success"",""estimated-frame-number"":""success"",""filename"":""success"",""hwdec-current"":""success"",""idle-active"":""success"",""path"":""success"",""pause"":""success"",""percent-pos"":""success"",""time-pos"":""success"",""video-params"":""success"",""vo-configured"":""success""}"	true	playing	media-907addee8b	<media-path:c58db4e1cc>	30800	3	true	"{""black_screen_risk_reason"":""null"",""blocked_media_count"":0,""consecutive_failures"":0,""current_index"":3,""current_item"":{""alias"":""media-907addee8b"",""duration_ms"":30800,""offset_ms"":0,""path_alias"":""<media-path:c58db4e1cc>"",""started_at_present"":true},""last_poll_error"":""null"",""last_render_error"":""null"",""mpv_running"":true,""next_item"":{""alias"":""media-8e4d41f6c2"",""duration_ms"":7200,""path_alias"":""<media-path:3662a4e886>""},""playback_state"":""playing"",""playlist_size"":9,""present"":true,""uptime_sec"":78}"
59	59.922	2026-07-10T19:57:02+0000	success		2	<media-path:c58db4e1cc>	<media-path:c58db4e1cc>	<filename:9b95323d7d>	5.422083	30.805333	17.601119	false	false	false	130	v4l2request-copy	true	"{""aspect"":0.5625,""dh"":640,""dw"":360,""h"":640,""par"":1.0,""pixelformat"":""nv12"",""rotate"":0,""stereo-in"":""mono"",""w"":360}"	"{""duration"":""success"",""eof-reached"":""success"",""estimated-frame-number"":""success"",""filename"":""success"",""hwdec-current"":""success"",""idle-active"":""success"",""path"":""success"",""pause"":""success"",""percent-pos"":""success"",""time-pos"":""success"",""video-params"":""success"",""vo-configured"":""success""}"	true	playing	media-907addee8b	<media-path:c58db4e1cc>	30800	3	true	"{""black_screen_risk_reason"":""null"",""blocked_media_count"":0,""consecutive_failures"":0,""current_index"":3,""current_item"":{""alias"":""media-907addee8b"",""duration_ms"":30800,""offset_ms"":0,""path_alias"":""<media-path:c58db4e1cc>"",""started_at_present"":true},""last_poll_error"":""null"",""last_render_error"":""null"",""mpv_running"":true,""next_item"":{""alias"":""media-8e4d41f6c2"",""duration_ms"":7200,""path_alias"":""<media-path:3662a4e886>""},""playback_state"":""playing"",""playlist_size"":9,""present"":true,""uptime_sec"":78}"
60	60.926	2026-07-10T19:57:04+0000	success		3	<media-path:c58db4e1cc>	<media-path:c58db4e1cc>	<filename:9b95323d7d>	6.423083	30.805333	20.850556	false	false	false	154	v4l2request-copy	true	"{""aspect"":0.5625,""dh"":640,""dw"":360,""h"":640,""par"":1.0,""pixelformat"":""nv12"",""rotate"":0,""stereo-in"":""mono"",""w"":360}"	"{""duration"":""success"",""eof-reached"":""success"",""estimated-frame-number"":""success"",""filename"":""success"",""hwdec-current"":""success"",""idle-active"":""success"",""path"":""success"",""pause"":""success"",""percent-pos"":""success"",""time-pos"":""success"",""video-params"":""success"",""vo-configured"":""success""}"	true	playing	media-907addee8b	<media-path:c58db4e1cc>	30800	3	true	"{""black_screen_risk_reason"":""null"",""blocked_media_count"":0,""consecutive_failures"":0,""current_index"":3,""current_item"":{""alias"":""media-907addee8b"",""duration_ms"":30800,""offset_ms"":0,""path_alias"":""<media-path:c58db4e1cc>"",""started_at_present"":true},""last_poll_error"":""null"",""last_render_error"":""null"",""mpv_running"":true,""next_item"":{""alias"":""media-8e4d41f6c2"",""duration_ms"":7200,""path_alias"":""<media-path:3662a4e886>""},""playback_state"":""playing"",""playlist_size"":9,""present"":true,""uptime_sec"":83}"
61	61.931	2026-07-10T19:57:05+0000	success		2	<media-path:c58db4e1cc>	<media-path:c58db4e1cc>	<filename:9b95323d7d>	7.424083	30.805333	24.099994	false	false	false	178	v4l2request-copy	true	"{""aspect"":0.5625,""dh"":640,""dw"":360,""h"":640,""par"":1.0,""pixelformat"":""nv12"",""rotate"":0,""stereo-in"":""mono"",""w"":360}"	"{""duration"":""success"",""eof-reached"":""success"",""estimated-frame-number"":""success"",""filename"":""success"",""hwdec-current"":""success"",""idle-active"":""success"",""path"":""success"",""pause"":""success"",""percent-pos"":""success"",""time-pos"":""success"",""video-params"":""success"",""vo-configured"":""success""}"	true	playing	media-907addee8b	<media-path:c58db4e1cc>	30800	3	true	"{""black_screen_risk_reason"":""null"",""blocked_media_count"":0,""consecutive_failures"":0,""current_index"":3,""current_item"":{""alias"":""media-907addee8b"",""duration_ms"":30800,""offset_ms"":0,""path_alias"":""<media-path:c58db4e1cc>"",""started_at_present"":true},""last_poll_error"":""null"",""last_render_error"":""null"",""mpv_running"":true,""next_item"":{""alias"":""media-8e4d41f6c2"",""duration_ms"":7200,""path_alias"":""<media-path:3662a4e886>""},""playback_state"":""playing"",""playlist_size"":9,""present"":true,""uptime_sec"":83}"
62	62.935	2026-07-10T19:57:06+0000	success		2	<media-path:c58db4e1cc>	<media-path:c58db4e1cc>	<filename:9b95323d7d>	8.425083	30.805333	27.349431	false	false	false	202	v4l2request-copy	true	"{""aspect"":0.5625,""dh"":640,""dw"":360,""h"":640,""par"":1.0,""pixelformat"":""nv12"",""rotate"":0,""stereo-in"":""mono"",""w"":360}"	"{""duration"":""success"",""eof-reached"":""success"",""estimated-frame-number"":""success"",""filename"":""success"",""hwdec-current"":""success"",""idle-active"":""success"",""path"":""success"",""pause"":""success"",""percent-pos"":""success"",""time-pos"":""success"",""video-params"":""success"",""vo-configured"":""success""}"	true	playing	media-907addee8b	<media-path:c58db4e1cc>	30800	3	true	"{""black_screen_risk_reason"":""null"",""blocked_media_count"":0,""consecutive_failures"":0,""current_index"":3,""current_item"":{""alias"":""media-907addee8b"",""duration_ms"":30800,""offset_ms"":0,""path_alias"":""<media-path:c58db4e1cc>"",""started_at_present"":true},""last_poll_error"":""null"",""last_render_error"":""null"",""mpv_running"":true,""next_item"":{""alias"":""media-8e4d41f6c2"",""duration_ms"":7200,""path_alias"":""<media-path:3662a4e886>""},""playback_state"":""playing"",""playlist_size"":9,""present"":true,""uptime_sec"":83}"
63	63.939	2026-07-10T19:57:07+0000	success		3	<media-path:c58db4e1cc>	<media-path:c58db4e1cc>	<filename:9b95323d7d>	9.426083	30.805333	30.598868	false	false	false	226	v4l2request-copy	true	"{""aspect"":0.5625,""dh"":640,""dw"":360,""h"":640,""par"":1.0,""pixelformat"":""nv12"",""rotate"":0,""stereo-in"":""mono"",""w"":360}"	"{""duration"":""success"",""eof-reached"":""success"",""estimated-frame-number"":""success"",""filename"":""success"",""hwdec-current"":""success"",""idle-active"":""success"",""path"":""success"",""pause"":""success"",""percent-pos"":""success"",""time-pos"":""success"",""video-params"":""success"",""vo-configured"":""success""}"	true	playing	media-907addee8b	<media-path:c58db4e1cc>	30800	3	true	"{""black_screen_risk_reason"":""null"",""blocked_media_count"":0,""consecutive_failures"":0,""current_index"":3,""current_item"":{""alias"":""media-907addee8b"",""duration_ms"":30800,""offset_ms"":0,""path_alias"":""<media-path:c58db4e1cc>"",""started_at_present"":true},""last_poll_error"":""null"",""last_render_error"":""null"",""mpv_running"":true,""next_item"":{""alias"":""media-8e4d41f6c2"",""duration_ms"":7200,""path_alias"":""<media-path:3662a4e886>""},""playback_state"":""playing"",""playlist_size"":9,""present"":true,""uptime_sec"":83}"
64	64.944	2026-07-10T19:57:08+0000	success		2	<media-path:c58db4e1cc>	<media-path:c58db4e1cc>	<filename:9b95323d7d>	10.468792	30.805333	33.983699	false	false	false	251	v4l2request-copy	true	"{""aspect"":0.5625,""dh"":640,""dw"":360,""h"":640,""par"":1.0,""pixelformat"":""nv12"",""rotate"":0,""stereo-in"":""mono"",""w"":360}"	"{""duration"":""success"",""eof-reached"":""success"",""estimated-frame-number"":""success"",""filename"":""success"",""hwdec-current"":""success"",""idle-active"":""success"",""path"":""success"",""pause"":""success"",""percent-pos"":""success"",""time-pos"":""success"",""video-params"":""success"",""vo-configured"":""success""}"	true	playing	media-907addee8b	<media-path:c58db4e1cc>	30800	3	true	"{""black_screen_risk_reason"":""null"",""blocked_media_count"":0,""consecutive_failures"":0,""current_index"":3,""current_item"":{""alias"":""media-907addee8b"",""duration_ms"":30800,""offset_ms"":0,""path_alias"":""<media-path:c58db4e1cc>"",""started_at_present"":true},""last_poll_error"":""null"",""last_render_error"":""null"",""mpv_running"":true,""next_item"":{""alias"":""media-8e4d41f6c2"",""duration_ms"":7200,""path_alias"":""<media-path:3662a4e886>""},""playback_state"":""playing"",""playlist_size"":9,""present"":true,""uptime_sec"":83}"
65	65.948	2026-07-10T19:57:09+0000	success		2	<media-path:c58db4e1cc>	<media-path:c58db4e1cc>	<filename:9b95323d7d>	11.469792	30.805333	37.233136	false	false	false	275	v4l2request-copy	true	"{""aspect"":0.5625,""dh"":640,""dw"":360,""h"":640,""par"":1.0,""pixelformat"":""nv12"",""rotate"":0,""stereo-in"":""mono"",""w"":360}"	"{""duration"":""success"",""eof-reached"":""success"",""estimated-frame-number"":""success"",""filename"":""success"",""hwdec-current"":""success"",""idle-active"":""success"",""path"":""success"",""pause"":""success"",""percent-pos"":""success"",""time-pos"":""success"",""video-params"":""success"",""vo-configured"":""success""}"	true	playing	media-907addee8b	<media-path:c58db4e1cc>	30800	3	true	"{""black_screen_risk_reason"":""null"",""blocked_media_count"":0,""consecutive_failures"":0,""current_index"":3,""current_item"":{""alias"":""media-907addee8b"",""duration_ms"":30800,""offset_ms"":0,""path_alias"":""<media-path:c58db4e1cc>"",""started_at_present"":true},""last_poll_error"":""null"",""last_render_error"":""null"",""mpv_running"":true,""next_item"":{""alias"":""media-8e4d41f6c2"",""duration_ms"":7200,""path_alias"":""<media-path:3662a4e886>""},""playback_state"":""playing"",""playlist_size"":9,""present"":true,""uptime_sec"":88}"
66	66.952	2026-07-10T19:57:10+0000	success		7	<media-path:c58db4e1cc>	<media-path:c58db4e1cc>	<filename:9b95323d7d>	12.470792	30.805333	40.482573	false	false	false	299	v4l2request-copy	true	"{""aspect"":0.5625,""dh"":640,""dw"":360,""h"":640,""par"":1.0,""pixelformat"":""nv12"",""rotate"":0,""stereo-in"":""mono"",""w"":360}"	"{""duration"":""success"",""eof-reached"":""success"",""estimated-frame-number"":""success"",""filename"":""success"",""hwdec-current"":""success"",""idle-active"":""success"",""path"":""success"",""pause"":""success"",""percent-pos"":""success"",""time-pos"":""success"",""video-params"":""success"",""vo-configured"":""success""}"	true	playing	media-907addee8b	<media-path:c58db4e1cc>	30800	3	true	"{""black_screen_risk_reason"":""null"",""blocked_media_count"":0,""consecutive_failures"":0,""current_index"":3,""current_item"":{""alias"":""media-907addee8b"",""duration_ms"":30800,""offset_ms"":0,""path_alias"":""<media-path:c58db4e1cc>"",""started_at_present"":true},""last_poll_error"":""null"",""last_render_error"":""null"",""mpv_running"":true,""next_item"":{""alias"":""media-8e4d41f6c2"",""duration_ms"":7200,""path_alias"":""<media-path:3662a4e886>""},""playback_state"":""playing"",""playlist_size"":9,""present"":true,""uptime_sec"":88}"
67	67.961	2026-07-10T19:57:11+0000	success		2	<media-path:c58db4e1cc>	<media-path:c58db4e1cc>	<filename:9b95323d7d>	13.471792	30.805333	43.732011	false	false	false	323	v4l2request-copy	true	"{""aspect"":0.5625,""dh"":640,""dw"":360,""h"":640,""par"":1.0,""pixelformat"":""nv12"",""rotate"":0,""stereo-in"":""mono"",""w"":360}"	"{""duration"":""success"",""eof-reached"":""success"",""estimated-frame-number"":""success"",""filename"":""success"",""hwdec-current"":""success"",""idle-active"":""success"",""path"":""success"",""pause"":""success"",""percent-pos"":""success"",""time-pos"":""success"",""video-params"":""success"",""vo-configured"":""success""}"	true	playing	media-907addee8b	<media-path:c58db4e1cc>	30800	3	true	"{""black_screen_risk_reason"":""null"",""blocked_media_count"":0,""consecutive_failures"":0,""current_index"":3,""current_item"":{""alias"":""media-907addee8b"",""duration_ms"":30800,""offset_ms"":0,""path_alias"":""<media-path:c58db4e1cc>"",""started_at_present"":true},""last_poll_error"":""null"",""last_render_error"":""null"",""mpv_running"":true,""next_item"":{""alias"":""media-8e4d41f6c2"",""duration_ms"":7200,""path_alias"":""<media-path:3662a4e886>""},""playback_state"":""playing"",""playlist_size"":9,""present"":true,""uptime_sec"":88}"
68	68.965	2026-07-10T19:57:12+0000	success		3	<media-path:c58db4e1cc>	<media-path:c58db4e1cc>	<filename:9b95323d7d>	14.472792	30.805333	46.981448	false	false	false	347	v4l2request-copy	true	"{""aspect"":0.5625,""dh"":640,""dw"":360,""h"":640,""par"":1.0,""pixelformat"":""nv12"",""rotate"":0,""stereo-in"":""mono"",""w"":360}"	"{""duration"":""success"",""eof-reached"":""success"",""estimated-frame-number"":""success"",""filename"":""success"",""hwdec-current"":""success"",""idle-active"":""success"",""path"":""success"",""pause"":""success"",""percent-pos"":""success"",""time-pos"":""success"",""video-params"":""success"",""vo-configured"":""success""}"	true	playing	media-907addee8b	<media-path:c58db4e1cc>	30800	3	true	"{""black_screen_risk_reason"":""null"",""blocked_media_count"":0,""consecutive_failures"":0,""current_index"":3,""current_item"":{""alias"":""media-907addee8b"",""duration_ms"":30800,""offset_ms"":0,""path_alias"":""<media-path:c58db4e1cc>"",""started_at_present"":true},""last_poll_error"":""null"",""last_render_error"":""null"",""mpv_running"":true,""next_item"":{""alias"":""media-8e4d41f6c2"",""duration_ms"":7200,""path_alias"":""<media-path:3662a4e886>""},""playback_state"":""playing"",""playlist_size"":9,""present"":true,""uptime_sec"":88}"
69	69.971	2026-07-10T19:57:13+0000	success		2	<media-path:c58db4e1cc>	<media-path:c58db4e1cc>	<filename:9b95323d7d>	15.473792	30.805333	50.230885	false	false	false	371	v4l2request-copy	true	"{""aspect"":0.5625,""dh"":640,""dw"":360,""h"":640,""par"":1.0,""pixelformat"":""nv12"",""rotate"":0,""stereo-in"":""mono"",""w"":360}"	"{""duration"":""success"",""eof-reached"":""success"",""estimated-frame-number"":""success"",""filename"":""success"",""hwdec-current"":""success"",""idle-active"":""success"",""path"":""success"",""pause"":""success"",""percent-pos"":""success"",""time-pos"":""success"",""video-params"":""success"",""vo-configured"":""success""}"	true	playing	media-907addee8b	<media-path:c58db4e1cc>	30800	3	true	"{""black_screen_risk_reason"":""null"",""blocked_media_count"":0,""consecutive_failures"":0,""current_index"":3,""current_item"":{""alias"":""media-907addee8b"",""duration_ms"":30800,""offset_ms"":0,""path_alias"":""<media-path:c58db4e1cc>"",""started_at_present"":true},""last_poll_error"":""null"",""last_render_error"":""null"",""mpv_running"":true,""next_item"":{""alias"":""media-8e4d41f6c2"",""duration_ms"":7200,""path_alias"":""<media-path:3662a4e886>""},""playback_state"":""playing"",""playlist_size"":9,""present"":true,""uptime_sec"":88}"
70	70.975	2026-07-10T19:57:14+0000	success		2	<media-path:c58db4e1cc>	<media-path:c58db4e1cc>	<filename:9b95323d7d>	16.474792	30.805333	53.480323	false	false	false	395	v4l2request-copy	true	"{""aspect"":0.5625,""dh"":640,""dw"":360,""h"":640,""par"":1.0,""pixelformat"":""nv12"",""rotate"":0,""stereo-in"":""mono"",""w"":360}"	"{""duration"":""success"",""eof-reached"":""success"",""estimated-frame-number"":""success"",""filename"":""success"",""hwdec-current"":""success"",""idle-active"":""success"",""path"":""success"",""pause"":""success"",""percent-pos"":""success"",""time-pos"":""success"",""video-params"":""success"",""vo-configured"":""success""}"	true	playing	media-907addee8b	<media-path:c58db4e1cc>	30800	3	true	"{""black_screen_risk_reason"":""null"",""blocked_media_count"":0,""consecutive_failures"":0,""current_index"":3,""current_item"":{""alias"":""media-907addee8b"",""duration_ms"":30800,""offset_ms"":0,""path_alias"":""<media-path:c58db4e1cc>"",""started_at_present"":true},""last_poll_error"":""null"",""last_render_error"":""null"",""mpv_running"":true,""next_item"":{""alias"":""media-8e4d41f6c2"",""duration_ms"":7200,""path_alias"":""<media-path:3662a4e886>""},""playback_state"":""playing"",""playlist_size"":9,""present"":true,""uptime_sec"":93}"
71	71.979	2026-07-10T19:57:15+0000	success		2	<media-path:c58db4e1cc>	<media-path:c58db4e1cc>	<filename:9b95323d7d>	17.475792	30.805333	56.72976	false	false	false	419	v4l2request-copy	true	"{""aspect"":0.5625,""dh"":640,""dw"":360,""h"":640,""par"":1.0,""pixelformat"":""nv12"",""rotate"":0,""stereo-in"":""mono"",""w"":360}"	"{""duration"":""success"",""eof-reached"":""success"",""estimated-frame-number"":""success"",""filename"":""success"",""hwdec-current"":""success"",""idle-active"":""success"",""path"":""success"",""pause"":""success"",""percent-pos"":""success"",""time-pos"":""success"",""video-params"":""success"",""vo-configured"":""success""}"	true	playing	media-907addee8b	<media-path:c58db4e1cc>	30800	3	true	"{""black_screen_risk_reason"":""null"",""blocked_media_count"":0,""consecutive_failures"":0,""current_index"":3,""current_item"":{""alias"":""media-907addee8b"",""duration_ms"":30800,""offset_ms"":0,""path_alias"":""<media-path:c58db4e1cc>"",""started_at_present"":true},""last_poll_error"":""null"",""last_render_error"":""null"",""mpv_running"":true,""next_item"":{""alias"":""media-8e4d41f6c2"",""duration_ms"":7200,""path_alias"":""<media-path:3662a4e886>""},""playback_state"":""playing"",""playlist_size"":9,""present"":true,""uptime_sec"":93}"
72	72.983	2026-07-10T19:57:16+0000	success		2	<media-path:c58db4e1cc>	<media-path:c58db4e1cc>	<filename:9b95323d7d>	18.476792	30.805333	59.979197	false	false	false	443	v4l2request-copy	true	"{""aspect"":0.5625,""dh"":640,""dw"":360,""h"":640,""par"":1.0,""pixelformat"":""nv12"",""rotate"":0,""stereo-in"":""mono"",""w"":360}"	"{""duration"":""success"",""eof-reached"":""success"",""estimated-frame-number"":""success"",""filename"":""success"",""hwdec-current"":""success"",""idle-active"":""success"",""path"":""success"",""pause"":""success"",""percent-pos"":""success"",""time-pos"":""success"",""video-params"":""success"",""vo-configured"":""success""}"	true	playing	media-907addee8b	<media-path:c58db4e1cc>	30800	3	true	"{""black_screen_risk_reason"":""null"",""blocked_media_count"":0,""consecutive_failures"":0,""current_index"":3,""current_item"":{""alias"":""media-907addee8b"",""duration_ms"":30800,""offset_ms"":0,""path_alias"":""<media-path:c58db4e1cc>"",""started_at_present"":true},""last_poll_error"":""null"",""last_render_error"":""null"",""mpv_running"":true,""next_item"":{""alias"":""media-8e4d41f6c2"",""duration_ms"":7200,""path_alias"":""<media-path:3662a4e886>""},""playback_state"":""playing"",""playlist_size"":9,""present"":true,""uptime_sec"":93}"
73	73.986	2026-07-10T19:57:17+0000	success		3	<media-path:c58db4e1cc>	<media-path:c58db4e1cc>	<filename:9b95323d7d>	19.477792	30.805333	63.228635	false	false	false	467	v4l2request-copy	true	"{""aspect"":0.5625,""dh"":640,""dw"":360,""h"":640,""par"":1.0,""pixelformat"":""nv12"",""rotate"":0,""stereo-in"":""mono"",""w"":360}"	"{""duration"":""success"",""eof-reached"":""success"",""estimated-frame-number"":""success"",""filename"":""success"",""hwdec-current"":""success"",""idle-active"":""success"",""path"":""success"",""pause"":""success"",""percent-pos"":""success"",""time-pos"":""success"",""video-params"":""success"",""vo-configured"":""success""}"	true	playing	media-907addee8b	<media-path:c58db4e1cc>	30800	3	true	"{""black_screen_risk_reason"":""null"",""blocked_media_count"":0,""consecutive_failures"":0,""current_index"":3,""current_item"":{""alias"":""media-907addee8b"",""duration_ms"":30800,""offset_ms"":0,""path_alias"":""<media-path:c58db4e1cc>"",""started_at_present"":true},""last_poll_error"":""null"",""last_render_error"":""null"",""mpv_running"":true,""next_item"":{""alias"":""media-8e4d41f6c2"",""duration_ms"":7200,""path_alias"":""<media-path:3662a4e886>""},""playback_state"":""playing"",""playlist_size"":9,""present"":true,""uptime_sec"":93}"
74	74.994	2026-07-10T19:57:18+0000	success		3	<media-path:c58db4e1cc>	<media-path:c58db4e1cc>	<filename:9b95323d7d>	20.478792	30.805333	66.478072	false	false	false	491	v4l2request-copy	true	"{""aspect"":0.5625,""dh"":640,""dw"":360,""h"":640,""par"":1.0,""pixelformat"":""nv12"",""rotate"":0,""stereo-in"":""mono"",""w"":360}"	"{""duration"":""success"",""eof-reached"":""success"",""estimated-frame-number"":""success"",""filename"":""success"",""hwdec-current"":""success"",""idle-active"":""success"",""path"":""success"",""pause"":""success"",""percent-pos"":""success"",""time-pos"":""success"",""video-params"":""success"",""vo-configured"":""success""}"	true	playing	media-907addee8b	<media-path:c58db4e1cc>	30800	3	true	"{""black_screen_risk_reason"":""null"",""blocked_media_count"":0,""consecutive_failures"":0,""current_index"":3,""current_item"":{""alias"":""media-907addee8b"",""duration_ms"":30800,""offset_ms"":0,""path_alias"":""<media-path:c58db4e1cc>"",""started_at_present"":true},""last_poll_error"":""null"",""last_render_error"":""null"",""mpv_running"":true,""next_item"":{""alias"":""media-8e4d41f6c2"",""duration_ms"":7200,""path_alias"":""<media-path:3662a4e886>""},""playback_state"":""playing"",""playlist_size"":9,""present"":true,""uptime_sec"":93}"
75	76.002	2026-07-10T19:57:19+0000	success		2	<media-path:c58db4e1cc>	<media-path:c58db4e1cc>	<filename:9b95323d7d>	21.5215	30.805333	69.862903	false	false	false	516	v4l2request-copy	true	"{""aspect"":0.5625,""dh"":640,""dw"":360,""h"":640,""par"":1.0,""pixelformat"":""nv12"",""rotate"":0,""stereo-in"":""mono"",""w"":360}"	"{""duration"":""success"",""eof-reached"":""success"",""estimated-frame-number"":""success"",""filename"":""success"",""hwdec-current"":""success"",""idle-active"":""success"",""path"":""success"",""pause"":""success"",""percent-pos"":""success"",""time-pos"":""success"",""video-params"":""success"",""vo-configured"":""success""}"	true	playing	media-907addee8b	<media-path:c58db4e1cc>	30800	3	true	"{""black_screen_risk_reason"":""null"",""blocked_media_count"":0,""consecutive_failures"":0,""current_index"":3,""current_item"":{""alias"":""media-907addee8b"",""duration_ms"":30800,""offset_ms"":0,""path_alias"":""<media-path:c58db4e1cc>"",""started_at_present"":true},""last_poll_error"":""null"",""last_render_error"":""null"",""mpv_running"":true,""next_item"":{""alias"":""media-8e4d41f6c2"",""duration_ms"":7200,""path_alias"":""<media-path:3662a4e886>""},""playback_state"":""playing"",""playlist_size"":9,""present"":true,""uptime_sec"":98}"
76	77.006	2026-07-10T19:57:20+0000	success		8	<media-path:c58db4e1cc>	<media-path:c58db4e1cc>	<filename:9b95323d7d>	22.5225	30.805333	73.11234	false	false	false	540	v4l2request-copy	true	"{""aspect"":0.5625,""dh"":640,""dw"":360,""h"":640,""par"":1.0,""pixelformat"":""nv12"",""rotate"":0,""stereo-in"":""mono"",""w"":360}"	"{""duration"":""success"",""eof-reached"":""success"",""estimated-frame-number"":""success"",""filename"":""success"",""hwdec-current"":""success"",""idle-active"":""success"",""path"":""success"",""pause"":""success"",""percent-pos"":""success"",""time-pos"":""success"",""video-params"":""success"",""vo-configured"":""success""}"	true	playing	media-907addee8b	<media-path:c58db4e1cc>	30800	3	true	"{""black_screen_risk_reason"":""null"",""blocked_media_count"":0,""consecutive_failures"":0,""current_index"":3,""current_item"":{""alias"":""media-907addee8b"",""duration_ms"":30800,""offset_ms"":0,""path_alias"":""<media-path:c58db4e1cc>"",""started_at_present"":true},""last_poll_error"":""null"",""last_render_error"":""null"",""mpv_running"":true,""next_item"":{""alias"":""media-8e4d41f6c2"",""duration_ms"":7200,""path_alias"":""<media-path:3662a4e886>""},""playback_state"":""playing"",""playlist_size"":9,""present"":true,""uptime_sec"":98}"
77	78.016	2026-07-10T19:57:21+0000	success		2	<media-path:c58db4e1cc>	<media-path:c58db4e1cc>	<filename:9b95323d7d>	23.5235	30.805333	76.361777	false	false	false	564	v4l2request-copy	true	"{""aspect"":0.5625,""dh"":640,""dw"":360,""h"":640,""par"":1.0,""pixelformat"":""nv12"",""rotate"":0,""stereo-in"":""mono"",""w"":360}"	"{""duration"":""success"",""eof-reached"":""success"",""estimated-frame-number"":""success"",""filename"":""success"",""hwdec-current"":""success"",""idle-active"":""success"",""path"":""success"",""pause"":""success"",""percent-pos"":""success"",""time-pos"":""success"",""video-params"":""success"",""vo-configured"":""success""}"	true	playing	media-907addee8b	<media-path:c58db4e1cc>	30800	3	true	"{""black_screen_risk_reason"":""null"",""blocked_media_count"":0,""consecutive_failures"":0,""current_index"":3,""current_item"":{""alias"":""media-907addee8b"",""duration_ms"":30800,""offset_ms"":0,""path_alias"":""<media-path:c58db4e1cc>"",""started_at_present"":true},""last_poll_error"":""null"",""last_render_error"":""null"",""mpv_running"":true,""next_item"":{""alias"":""media-8e4d41f6c2"",""duration_ms"":7200,""path_alias"":""<media-path:3662a4e886>""},""playback_state"":""playing"",""playlist_size"":9,""present"":true,""uptime_sec"":98}"
78	79.020	2026-07-10T19:57:22+0000	success		2	<media-path:c58db4e1cc>	<media-path:c58db4e1cc>	<filename:9b95323d7d>	24.5245	30.805333	79.611215	false	false	false	588	v4l2request-copy	true	"{""aspect"":0.5625,""dh"":640,""dw"":360,""h"":640,""par"":1.0,""pixelformat"":""nv12"",""rotate"":0,""stereo-in"":""mono"",""w"":360}"	"{""duration"":""success"",""eof-reached"":""success"",""estimated-frame-number"":""success"",""filename"":""success"",""hwdec-current"":""success"",""idle-active"":""success"",""path"":""success"",""pause"":""success"",""percent-pos"":""success"",""time-pos"":""success"",""video-params"":""success"",""vo-configured"":""success""}"	true	playing	media-907addee8b	<media-path:c58db4e1cc>	30800	3	true	"{""black_screen_risk_reason"":""null"",""blocked_media_count"":0,""consecutive_failures"":0,""current_index"":3,""current_item"":{""alias"":""media-907addee8b"",""duration_ms"":30800,""offset_ms"":0,""path_alias"":""<media-path:c58db4e1cc>"",""started_at_present"":true},""last_poll_error"":""null"",""last_render_error"":""null"",""mpv_running"":true,""next_item"":{""alias"":""media-8e4d41f6c2"",""duration_ms"":7200,""path_alias"":""<media-path:3662a4e886>""},""playback_state"":""playing"",""playlist_size"":9,""present"":true,""uptime_sec"":98}"
79	80.024	2026-07-10T19:57:23+0000	success		3	<media-path:c58db4e1cc>	<media-path:c58db4e1cc>	<filename:9b95323d7d>	25.5255	30.805333	82.860652	false	false	false	612	v4l2request-copy	true	"{""aspect"":0.5625,""dh"":640,""dw"":360,""h"":640,""par"":1.0,""pixelformat"":""nv12"",""rotate"":0,""stereo-in"":""mono"",""w"":360}"	"{""duration"":""success"",""eof-reached"":""success"",""estimated-frame-number"":""success"",""filename"":""success"",""hwdec-current"":""success"",""idle-active"":""success"",""path"":""success"",""pause"":""success"",""percent-pos"":""success"",""time-pos"":""success"",""video-params"":""success"",""vo-configured"":""success""}"	true	playing	media-907addee8b	<media-path:c58db4e1cc>	30800	3	true	"{""black_screen_risk_reason"":""null"",""blocked_media_count"":0,""consecutive_failures"":0,""current_index"":3,""current_item"":{""alias"":""media-907addee8b"",""duration_ms"":30800,""offset_ms"":0,""path_alias"":""<media-path:c58db4e1cc>"",""started_at_present"":true},""last_poll_error"":""null"",""last_render_error"":""null"",""mpv_running"":true,""next_item"":{""alias"":""media-8e4d41f6c2"",""duration_ms"":7200,""path_alias"":""<media-path:3662a4e886>""},""playback_state"":""playing"",""playlist_size"":9,""present"":true,""uptime_sec"":98}"
80	81.030	2026-07-10T19:57:24+0000	success		2	<media-path:c58db4e1cc>	<media-path:c58db4e1cc>	<filename:9b95323d7d>	26.5265	30.805333	86.110089	false	false	false	635	v4l2request-copy	true	"{""aspect"":0.5625,""dh"":640,""dw"":360,""h"":640,""par"":1.0,""pixelformat"":""nv12"",""rotate"":0,""stereo-in"":""mono"",""w"":360}"	"{""duration"":""success"",""eof-reached"":""success"",""estimated-frame-number"":""success"",""filename"":""success"",""hwdec-current"":""success"",""idle-active"":""success"",""path"":""success"",""pause"":""success"",""percent-pos"":""success"",""time-pos"":""success"",""video-params"":""success"",""vo-configured"":""success""}"	true	playing	media-907addee8b	<media-path:c58db4e1cc>	30800	3	true	"{""black_screen_risk_reason"":""null"",""blocked_media_count"":0,""consecutive_failures"":0,""current_index"":3,""current_item"":{""alias"":""media-907addee8b"",""duration_ms"":30800,""offset_ms"":0,""path_alias"":""<media-path:c58db4e1cc>"",""started_at_present"":true},""last_poll_error"":""null"",""last_render_error"":""null"",""mpv_running"":true,""next_item"":{""alias"":""media-8e4d41f6c2"",""duration_ms"":7200,""path_alias"":""<media-path:3662a4e886>""},""playback_state"":""playing"",""playlist_size"":9,""present"":true,""uptime_sec"":103}"
81	82.033	2026-07-10T19:57:25+0000	success		2	<media-path:c58db4e1cc>	<media-path:c58db4e1cc>	<filename:9b95323d7d>	27.5275	30.805333	89.359526	false	false	false	659	v4l2request-copy	true	"{""aspect"":0.5625,""dh"":640,""dw"":360,""h"":640,""par"":1.0,""pixelformat"":""nv12"",""rotate"":0,""stereo-in"":""mono"",""w"":360}"	"{""duration"":""success"",""eof-reached"":""success"",""estimated-frame-number"":""success"",""filename"":""success"",""hwdec-current"":""success"",""idle-active"":""success"",""path"":""success"",""pause"":""success"",""percent-pos"":""success"",""time-pos"":""success"",""video-params"":""success"",""vo-configured"":""success""}"	true	playing	media-907addee8b	<media-path:c58db4e1cc>	30800	3	true	"{""black_screen_risk_reason"":""null"",""blocked_media_count"":0,""consecutive_failures"":0,""current_index"":3,""current_item"":{""alias"":""media-907addee8b"",""duration_ms"":30800,""offset_ms"":0,""path_alias"":""<media-path:c58db4e1cc>"",""started_at_present"":true},""last_poll_error"":""null"",""last_render_error"":""null"",""mpv_running"":true,""next_item"":{""alias"":""media-8e4d41f6c2"",""duration_ms"":7200,""path_alias"":""<media-path:3662a4e886>""},""playback_state"":""playing"",""playlist_size"":9,""present"":true,""uptime_sec"":103}"
82	83.037	2026-07-10T19:57:26+0000	success		2	<media-path:c58db4e1cc>	<media-path:c58db4e1cc>	<filename:9b95323d7d>	28.5285	30.805333	92.608964	false	false	false	683	v4l2request-copy	true	"{""aspect"":0.5625,""dh"":640,""dw"":360,""h"":640,""par"":1.0,""pixelformat"":""nv12"",""rotate"":0,""stereo-in"":""mono"",""w"":360}"	"{""duration"":""success"",""eof-reached"":""success"",""estimated-frame-number"":""success"",""filename"":""success"",""hwdec-current"":""success"",""idle-active"":""success"",""path"":""success"",""pause"":""success"",""percent-pos"":""success"",""time-pos"":""success"",""video-params"":""success"",""vo-configured"":""success""}"	true	playing	media-907addee8b	<media-path:c58db4e1cc>	30800	3	true	"{""black_screen_risk_reason"":""null"",""blocked_media_count"":0,""consecutive_failures"":0,""current_index"":3,""current_item"":{""alias"":""media-907addee8b"",""duration_ms"":30800,""offset_ms"":0,""path_alias"":""<media-path:c58db4e1cc>"",""started_at_present"":true},""last_poll_error"":""null"",""last_render_error"":""null"",""mpv_running"":true,""next_item"":{""alias"":""media-8e4d41f6c2"",""duration_ms"":7200,""path_alias"":""<media-path:3662a4e886>""},""playback_state"":""playing"",""playlist_size"":9,""present"":true,""uptime_sec"":103}"
83	84.043	2026-07-10T19:57:27+0000	success		2	<media-path:c58db4e1cc>	<media-path:c58db4e1cc>	<filename:9b95323d7d>	29.5295	30.805333	95.858401	false	false	false	707	v4l2request-copy	true	"{""aspect"":0.5625,""dh"":640,""dw"":360,""h"":640,""par"":1.0,""pixelformat"":""nv12"",""rotate"":0,""stereo-in"":""mono"",""w"":360}"	"{""duration"":""success"",""eof-reached"":""success"",""estimated-frame-number"":""success"",""filename"":""success"",""hwdec-current"":""success"",""idle-active"":""success"",""path"":""success"",""pause"":""success"",""percent-pos"":""success"",""time-pos"":""success"",""video-params"":""success"",""vo-configured"":""success""}"	true	playing	media-907addee8b	<media-path:c58db4e1cc>	30800	3	true	"{""black_screen_risk_reason"":""null"",""blocked_media_count"":0,""consecutive_failures"":0,""current_index"":3,""current_item"":{""alias"":""media-907addee8b"",""duration_ms"":30800,""offset_ms"":0,""path_alias"":""<media-path:c58db4e1cc>"",""started_at_present"":true},""last_poll_error"":""null"",""last_render_error"":""null"",""mpv_running"":true,""next_item"":{""alias"":""media-8e4d41f6c2"",""duration_ms"":7200,""path_alias"":""<media-path:3662a4e886>""},""playback_state"":""playing"",""playlist_size"":9,""present"":true,""uptime_sec"":103}"
84	85.048	2026-07-10T19:57:28+0000	success		3	<media-path:c58db4e1cc>	<media-path:c58db4e1cc>	<filename:9b95323d7d>	30.572208	30.805333	99.243232	false	false	false	732	v4l2request-copy	true	"{""aspect"":0.5625,""dh"":640,""dw"":360,""h"":640,""par"":1.0,""pixelformat"":""nv12"",""rotate"":0,""stereo-in"":""mono"",""w"":360}"	"{""duration"":""success"",""eof-reached"":""success"",""estimated-frame-number"":""success"",""filename"":""success"",""hwdec-current"":""success"",""idle-active"":""success"",""path"":""success"",""pause"":""success"",""percent-pos"":""success"",""time-pos"":""success"",""video-params"":""success"",""vo-configured"":""success""}"	true	playing	media-907addee8b	<media-path:c58db4e1cc>	30800	3	true	"{""black_screen_risk_reason"":""null"",""blocked_media_count"":0,""consecutive_failures"":0,""current_index"":3,""current_item"":{""alias"":""media-907addee8b"",""duration_ms"":30800,""offset_ms"":0,""path_alias"":""<media-path:c58db4e1cc>"",""started_at_present"":true},""last_poll_error"":""null"",""last_render_error"":""null"",""mpv_running"":true,""next_item"":{""alias"":""media-8e4d41f6c2"",""duration_ms"":7200,""path_alias"":""<media-path:3662a4e886>""},""playback_state"":""playing"",""playlist_size"":9,""present"":true,""uptime_sec"":103}"
85	86.054	2026-07-10T19:57:29+0000	success		11	<media-path:3662a4e886>	<media-path:3662a4e886>	<filename:0a2aeee29a>	0.6	7.221406	8.308631	false	false	false	18	v4l2request-copy	true	"{""aspect"":0.5625,""dh"":1024,""dw"":576,""h"":1024,""par"":1.0,""pixelformat"":""nv12"",""rotate"":0,""stereo-in"":""mono"",""w"":576}"	"{""duration"":""success"",""eof-reached"":""success"",""estimated-frame-number"":""success"",""filename"":""success"",""hwdec-current"":""success"",""idle-active"":""success"",""path"":""success"",""pause"":""success"",""percent-pos"":""success"",""time-pos"":""success"",""video-params"":""success"",""vo-configured"":""success""}"	true	preparing_first_frame	media-907addee8b	<media-path:c58db4e1cc>	30800	3	true	"{""black_screen_risk_reason"":""null"",""blocked_media_count"":0,""consecutive_failures"":0,""current_index"":3,""current_item"":{""alias"":""media-907addee8b"",""duration_ms"":30800,""offset_ms"":0,""path_alias"":""<media-path:c58db4e1cc>"",""started_at_present"":true},""last_poll_error"":""null"",""last_render_error"":""null"",""mpv_running"":true,""next_item"":{""alias"":""media-8e4d41f6c2"",""duration_ms"":7200,""path_alias"":""<media-path:3662a4e886>""},""playback_state"":""preparing_first_frame"",""playlist_size"":9,""present"":true,""uptime_sec"":108}"
86	87.067	2026-07-10T19:57:30+0000	success		2	<media-path:3662a4e886>	<media-path:3662a4e886>	<filename:0a2aeee29a>	1.633333	7.221406	22.617941	false	false	false	49	v4l2request-copy	true	"{""aspect"":0.5625,""dh"":1024,""dw"":576,""h"":1024,""par"":1.0,""pixelformat"":""nv12"",""rotate"":0,""stereo-in"":""mono"",""w"":576}"	"{""duration"":""success"",""eof-reached"":""success"",""estimated-frame-number"":""success"",""filename"":""success"",""hwdec-current"":""success"",""idle-active"":""success"",""path"":""success"",""pause"":""success"",""percent-pos"":""success"",""time-pos"":""success"",""video-params"":""success"",""vo-configured"":""success""}"	true	preparing_first_frame	media-907addee8b	<media-path:c58db4e1cc>	30800	3	true	"{""black_screen_risk_reason"":""null"",""blocked_media_count"":0,""consecutive_failures"":0,""current_index"":3,""current_item"":{""alias"":""media-907addee8b"",""duration_ms"":30800,""offset_ms"":0,""path_alias"":""<media-path:c58db4e1cc>"",""started_at_present"":true},""last_poll_error"":""null"",""last_render_error"":""null"",""mpv_running"":true,""next_item"":{""alias"":""media-8e4d41f6c2"",""duration_ms"":7200,""path_alias"":""<media-path:3662a4e886>""},""playback_state"":""preparing_first_frame"",""playlist_size"":9,""present"":true,""uptime_sec"":108}"
87	88.073	2026-07-10T19:57:31+0000	success		2	<media-path:3662a4e886>	<media-path:3662a4e886>	<filename:0a2aeee29a>	2.633333	7.221406	36.46566	false	false	false	78	v4l2request-copy	true	"{""aspect"":0.5625,""dh"":1024,""dw"":576,""h"":1024,""par"":1.0,""pixelformat"":""nv12"",""rotate"":0,""stereo-in"":""mono"",""w"":576}"	"{""duration"":""success"",""eof-reached"":""success"",""estimated-frame-number"":""success"",""filename"":""success"",""hwdec-current"":""success"",""idle-active"":""success"",""path"":""success"",""pause"":""success"",""percent-pos"":""success"",""time-pos"":""success"",""video-params"":""success"",""vo-configured"":""success""}"	true	preparing_first_frame	media-907addee8b	<media-path:c58db4e1cc>	30800	3	true	"{""black_screen_risk_reason"":""null"",""blocked_media_count"":0,""consecutive_failures"":0,""current_index"":3,""current_item"":{""alias"":""media-907addee8b"",""duration_ms"":30800,""offset_ms"":0,""path_alias"":""<media-path:c58db4e1cc>"",""started_at_present"":true},""last_poll_error"":""null"",""last_render_error"":""null"",""mpv_running"":true,""next_item"":{""alias"":""media-8e4d41f6c2"",""duration_ms"":7200,""path_alias"":""<media-path:3662a4e886>""},""playback_state"":""preparing_first_frame"",""playlist_size"":9,""present"":true,""uptime_sec"":108}"
88	89.077	2026-07-10T19:57:32+0000	success		2	<media-path:3662a4e886>	<media-path:3662a4e886>	<filename:0a2aeee29a>	3.633333	7.221406	50.313379	false	false	false	108	v4l2request-copy	true	"{""aspect"":0.5625,""dh"":1024,""dw"":576,""h"":1024,""par"":1.0,""pixelformat"":""nv12"",""rotate"":0,""stereo-in"":""mono"",""w"":576}"	"{""duration"":""success"",""eof-reached"":""success"",""estimated-frame-number"":""success"",""filename"":""success"",""hwdec-current"":""success"",""idle-active"":""success"",""path"":""success"",""pause"":""success"",""percent-pos"":""success"",""time-pos"":""success"",""video-params"":""success"",""vo-configured"":""success""}"	true	preparing_first_frame	media-907addee8b	<media-path:c58db4e1cc>	30800	3	true	"{""black_screen_risk_reason"":""null"",""blocked_media_count"":0,""consecutive_failures"":0,""current_index"":3,""current_item"":{""alias"":""media-907addee8b"",""duration_ms"":30800,""offset_ms"":0,""path_alias"":""<media-path:c58db4e1cc>"",""started_at_present"":true},""last_poll_error"":""null"",""last_render_error"":""null"",""mpv_running"":true,""next_item"":{""alias"":""media-8e4d41f6c2"",""duration_ms"":7200,""path_alias"":""<media-path:3662a4e886>""},""playback_state"":""preparing_first_frame"",""playlist_size"":9,""present"":true,""uptime_sec"":108}"
89	90.082	2026-07-10T19:57:33+0000	success		14	<media-path:3662a4e886>	<media-path:3662a4e886>	<filename:0a2aeee29a>	4.633333	7.221406	64.161098	false	false	false	138	v4l2request-copy	true	"{""aspect"":0.5625,""dh"":1024,""dw"":576,""h"":1024,""par"":1.0,""pixelformat"":""nv12"",""rotate"":0,""stereo-in"":""mono"",""w"":576}"	"{""duration"":""success"",""eof-reached"":""success"",""estimated-frame-number"":""success"",""filename"":""success"",""hwdec-current"":""success"",""idle-active"":""success"",""path"":""success"",""pause"":""success"",""percent-pos"":""success"",""time-pos"":""success"",""video-params"":""success"",""vo-configured"":""success""}"	true	preparing_first_frame	media-907addee8b	<media-path:c58db4e1cc>	30800	3	true	"{""black_screen_risk_reason"":""null"",""blocked_media_count"":0,""consecutive_failures"":0,""current_index"":3,""current_item"":{""alias"":""media-907addee8b"",""duration_ms"":30800,""offset_ms"":0,""path_alias"":""<media-path:c58db4e1cc>"",""started_at_present"":true},""last_poll_error"":""null"",""last_render_error"":""null"",""mpv_running"":true,""next_item"":{""alias"":""media-8e4d41f6c2"",""duration_ms"":7200,""path_alias"":""<media-path:3662a4e886>""},""playback_state"":""preparing_first_frame"",""playlist_size"":9,""present"":true,""uptime_sec"":108}"
90	91.098	2026-07-10T19:57:34+0000	success		2	<media-path:3662a4e886>	<media-path:3662a4e886>	<filename:0a2aeee29a>	5.666667	7.221406	78.470408	false	false	false	169	v4l2request-copy	true	"{""aspect"":0.5625,""dh"":1024,""dw"":576,""h"":1024,""par"":1.0,""pixelformat"":""nv12"",""rotate"":0,""stereo-in"":""mono"",""w"":576}"	"{""duration"":""success"",""eof-reached"":""success"",""estimated-frame-number"":""success"",""filename"":""success"",""hwdec-current"":""success"",""idle-active"":""success"",""path"":""success"",""pause"":""success"",""percent-pos"":""success"",""time-pos"":""success"",""video-params"":""success"",""vo-configured"":""success""}"	true	playing	media-8e4d41f6c2	<media-path:3662a4e886>	7200	4	true	"{""black_screen_risk_reason"":""null"",""blocked_media_count"":0,""consecutive_failures"":0,""current_index"":4,""current_item"":{""alias"":""media-8e4d41f6c2"",""duration_ms"":7200,""offset_ms"":0,""path_alias"":""<media-path:3662a4e886>"",""started_at_present"":true},""last_poll_error"":""null"",""last_render_error"":""null"",""mpv_running"":true,""next_item"":{""alias"":""media-fba32b0055"",""duration_ms"":5100,""path_alias"":""<media-path:97100fcdae>""},""playback_state"":""playing"",""playlist_size"":9,""present"":true,""uptime_sec"":113}"
91	92.104	2026-07-10T19:57:35+0000	success		2	<media-path:3662a4e886>	<media-path:3662a4e886>	<filename:0a2aeee29a>	6.666667	7.221406	92.318127	false	false	false	198	v4l2request-copy	true	"{""aspect"":0.5625,""dh"":1024,""dw"":576,""h"":1024,""par"":1.0,""pixelformat"":""nv12"",""rotate"":0,""stereo-in"":""mono"",""w"":576}"	"{""duration"":""success"",""eof-reached"":""success"",""estimated-frame-number"":""success"",""filename"":""success"",""hwdec-current"":""success"",""idle-active"":""success"",""path"":""success"",""pause"":""success"",""percent-pos"":""success"",""time-pos"":""success"",""video-params"":""success"",""vo-configured"":""success""}"	true	playing	media-8e4d41f6c2	<media-path:3662a4e886>	7200	4	true	"{""black_screen_risk_reason"":""null"",""blocked_media_count"":0,""consecutive_failures"":0,""current_index"":4,""current_item"":{""alias"":""media-8e4d41f6c2"",""duration_ms"":7200,""offset_ms"":0,""path_alias"":""<media-path:3662a4e886>"",""started_at_present"":true},""last_poll_error"":""null"",""last_render_error"":""null"",""mpv_running"":true,""next_item"":{""alias"":""media-fba32b0055"",""duration_ms"":5100,""path_alias"":""<media-path:97100fcdae>""},""playback_state"":""playing"",""playlist_size"":9,""present"":true,""uptime_sec"":113}"
92	93.109	2026-07-10T19:57:36+0000	success		2	<media-path:97100fcdae>	<media-path:97100fcdae>	<filename:a4bfef2b1b>	0.4	5.06195	7.902093	false	false	false	12	v4l2request-copy	true	"{""aspect"":0.697674,""dh"":688,""dw"":480,""h"":688,""par"":1.0,""pixelformat"":""nv12"",""rotate"":0,""stereo-in"":""mono"",""w"":480}"	"{""duration"":""success"",""eof-reached"":""success"",""estimated-frame-number"":""success"",""filename"":""success"",""hwdec-current"":""success"",""idle-active"":""success"",""path"":""success"",""pause"":""success"",""percent-pos"":""success"",""time-pos"":""success"",""video-params"":""success"",""vo-configured"":""success""}"	true	playing	media-8e4d41f6c2	<media-path:3662a4e886>	7200	4	true	"{""black_screen_risk_reason"":""null"",""blocked_media_count"":0,""consecutive_failures"":0,""current_index"":4,""current_item"":{""alias"":""media-8e4d41f6c2"",""duration_ms"":7200,""offset_ms"":0,""path_alias"":""<media-path:3662a4e886>"",""started_at_present"":true},""last_poll_error"":""null"",""last_render_error"":""null"",""mpv_running"":true,""next_item"":{""alias"":""media-fba32b0055"",""duration_ms"":5100,""path_alias"":""<media-path:97100fcdae>""},""playback_state"":""playing"",""playlist_size"":9,""present"":true,""uptime_sec"":113}"
93	94.113	2026-07-10T19:57:37+0000	success		2	<media-path:97100fcdae>	<media-path:97100fcdae>	<filename:a4bfef2b1b>	1.4	5.06195	27.657325	false	false	false	42	v4l2request-copy	true	"{""aspect"":0.697674,""dh"":688,""dw"":480,""h"":688,""par"":1.0,""pixelformat"":""nv12"",""rotate"":0,""stereo-in"":""mono"",""w"":480}"	"{""duration"":""success"",""eof-reached"":""success"",""estimated-frame-number"":""success"",""filename"":""success"",""hwdec-current"":""success"",""idle-active"":""success"",""path"":""success"",""pause"":""success"",""percent-pos"":""success"",""time-pos"":""success"",""video-params"":""success"",""vo-configured"":""success""}"	true	playing	media-8e4d41f6c2	<media-path:3662a4e886>	7200	4	true	"{""black_screen_risk_reason"":""null"",""blocked_media_count"":0,""consecutive_failures"":0,""current_index"":4,""current_item"":{""alias"":""media-8e4d41f6c2"",""duration_ms"":7200,""offset_ms"":0,""path_alias"":""<media-path:3662a4e886>"",""started_at_present"":true},""last_poll_error"":""null"",""last_render_error"":""null"",""mpv_running"":true,""next_item"":{""alias"":""media-fba32b0055"",""duration_ms"":5100,""path_alias"":""<media-path:97100fcdae>""},""playback_state"":""playing"",""playlist_size"":9,""present"":true,""uptime_sec"":113}"
94	95.118	2026-07-10T19:57:38+0000	success		2	<media-path:97100fcdae>	<media-path:97100fcdae>	<filename:a4bfef2b1b>	2.4	5.06195	47.412557	false	false	false	72	v4l2request-copy	true	"{""aspect"":0.697674,""dh"":688,""dw"":480,""h"":688,""par"":1.0,""pixelformat"":""nv12"",""rotate"":0,""stereo-in"":""mono"",""w"":480}"	"{""duration"":""success"",""eof-reached"":""success"",""estimated-frame-number"":""success"",""filename"":""success"",""hwdec-current"":""success"",""idle-active"":""success"",""path"":""success"",""pause"":""success"",""percent-pos"":""success"",""time-pos"":""success"",""video-params"":""success"",""vo-configured"":""success""}"	true	playing	media-8e4d41f6c2	<media-path:3662a4e886>	7200	4	true	"{""black_screen_risk_reason"":""null"",""blocked_media_count"":0,""consecutive_failures"":0,""current_index"":4,""current_item"":{""alias"":""media-8e4d41f6c2"",""duration_ms"":7200,""offset_ms"":0,""path_alias"":""<media-path:3662a4e886>"",""started_at_present"":true},""last_poll_error"":""null"",""last_render_error"":""null"",""mpv_running"":true,""next_item"":{""alias"":""media-fba32b0055"",""duration_ms"":5100,""path_alias"":""<media-path:97100fcdae>""},""playback_state"":""playing"",""playlist_size"":9,""present"":true,""uptime_sec"":113}"
95	96.122	2026-07-10T19:57:39+0000	success		11	<media-path:97100fcdae>	<media-path:97100fcdae>	<filename:a4bfef2b1b>	3.4	5.06195	67.16779	false	false	false	101	v4l2request-copy	true	"{""aspect"":0.697674,""dh"":688,""dw"":480,""h"":688,""par"":1.0,""pixelformat"":""nv12"",""rotate"":0,""stereo-in"":""mono"",""w"":480}"	"{""duration"":""success"",""eof-reached"":""success"",""estimated-frame-number"":""success"",""filename"":""success"",""hwdec-current"":""success"",""idle-active"":""success"",""path"":""success"",""pause"":""success"",""percent-pos"":""success"",""time-pos"":""success"",""video-params"":""success"",""vo-configured"":""success""}"	true	playing	media-fba32b0055	<media-path:97100fcdae>	5100	5	true	"{""black_screen_risk_reason"":""null"",""blocked_media_count"":0,""consecutive_failures"":0,""current_index"":5,""current_item"":{""alias"":""media-fba32b0055"",""duration_ms"":5100,""offset_ms"":0,""path_alias"":""<media-path:97100fcdae>"",""started_at_present"":true},""last_poll_error"":""null"",""last_render_error"":""null"",""mpv_running"":true,""next_item"":{""alias"":""media-749f1db21b"",""duration_ms"":3900,""path_alias"":""<media-path:31af3d58a2>""},""playback_state"":""playing"",""playlist_size"":9,""present"":true,""uptime_sec"":118}"
96	97.136	2026-07-10T19:57:40+0000	success		4	<media-path:97100fcdae>	<media-path:97100fcdae>	<filename:a4bfef2b1b>	4.4	5.06195	86.923022	false	false	false	131	v4l2request-copy	true	"{""aspect"":0.697674,""dh"":688,""dw"":480,""h"":688,""par"":1.0,""pixelformat"":""nv12"",""rotate"":0,""stereo-in"":""mono"",""w"":480}"	"{""duration"":""success"",""eof-reached"":""success"",""estimated-frame-number"":""success"",""filename"":""success"",""hwdec-current"":""success"",""idle-active"":""success"",""path"":""success"",""pause"":""success"",""percent-pos"":""success"",""time-pos"":""success"",""video-params"":""success"",""vo-configured"":""success""}"	true	playing	media-fba32b0055	<media-path:97100fcdae>	5100	5	true	"{""black_screen_risk_reason"":""null"",""blocked_media_count"":0,""consecutive_failures"":0,""current_index"":5,""current_item"":{""alias"":""media-fba32b0055"",""duration_ms"":5100,""offset_ms"":0,""path_alias"":""<media-path:97100fcdae>"",""started_at_present"":true},""last_poll_error"":""null"",""last_render_error"":""null"",""mpv_running"":true,""next_item"":{""alias"":""media-749f1db21b"",""duration_ms"":3900,""path_alias"":""<media-path:31af3d58a2>""},""playback_state"":""playing"",""playlist_size"":9,""present"":true,""uptime_sec"":118}"
97	98.143	2026-07-10T19:57:41+0000	success		2	<media-path:31af3d58a2>	<media-path:31af3d58a2>	<filename:92829f14a9>	0.133333	3.9	3.418803	false	false	false	4	v4l2request-copy	true	"{""aspect"":0.566038,""dh"":848,""dw"":480,""h"":848,""par"":1.0,""pixelformat"":""nv12"",""rotate"":0,""stereo-in"":""mono"",""w"":480}"	"{""duration"":""success"",""eof-reached"":""success"",""estimated-frame-number"":""success"",""filename"":""success"",""hwdec-current"":""success"",""idle-active"":""success"",""path"":""success"",""pause"":""success"",""percent-pos"":""success"",""time-pos"":""success"",""video-params"":""success"",""vo-configured"":""success""}"	true	playing	media-fba32b0055	<media-path:97100fcdae>	5100	5	true	"{""black_screen_risk_reason"":""null"",""blocked_media_count"":0,""consecutive_failures"":0,""current_index"":5,""current_item"":{""alias"":""media-fba32b0055"",""duration_ms"":5100,""offset_ms"":0,""path_alias"":""<media-path:97100fcdae>"",""started_at_present"":true},""last_poll_error"":""null"",""last_render_error"":""null"",""mpv_running"":true,""next_item"":{""alias"":""media-749f1db21b"",""duration_ms"":3900,""path_alias"":""<media-path:31af3d58a2>""},""playback_state"":""playing"",""playlist_size"":9,""present"":true,""uptime_sec"":118}"
98	99.147	2026-07-10T19:57:42+0000	success		2	<media-path:31af3d58a2>	<media-path:31af3d58a2>	<filename:92829f14a9>	1.133333	3.9	29.059829	false	false	false	34	v4l2request-copy	true	"{""aspect"":0.566038,""dh"":848,""dw"":480,""h"":848,""par"":1.0,""pixelformat"":""nv12"",""rotate"":0,""stereo-in"":""mono"",""w"":480}"	"{""duration"":""success"",""eof-reached"":""success"",""estimated-frame-number"":""success"",""filename"":""success"",""hwdec-current"":""success"",""idle-active"":""success"",""path"":""success"",""pause"":""success"",""percent-pos"":""success"",""time-pos"":""success"",""video-params"":""success"",""vo-configured"":""success""}"	true	playing	media-fba32b0055	<media-path:97100fcdae>	5100	5	true	"{""black_screen_risk_reason"":""null"",""blocked_media_count"":0,""consecutive_failures"":0,""current_index"":5,""current_item"":{""alias"":""media-fba32b0055"",""duration_ms"":5100,""offset_ms"":0,""path_alias"":""<media-path:97100fcdae>"",""started_at_present"":true},""last_poll_error"":""null"",""last_render_error"":""null"",""mpv_running"":true,""next_item"":{""alias"":""media-749f1db21b"",""duration_ms"":3900,""path_alias"":""<media-path:31af3d58a2>""},""playback_state"":""playing"",""playlist_size"":9,""present"":true,""uptime_sec"":118}"
99	100.151	2026-07-10T19:57:43+0000	success		2	<media-path:31af3d58a2>	<media-path:31af3d58a2>	<filename:92829f14a9>	2.133333	3.9	54.700855	false	false	false	63	v4l2request-copy	true	"{""aspect"":0.566038,""dh"":848,""dw"":480,""h"":848,""par"":1.0,""pixelformat"":""nv12"",""rotate"":0,""stereo-in"":""mono"",""w"":480}"	"{""duration"":""success"",""eof-reached"":""success"",""estimated-frame-number"":""success"",""filename"":""success"",""hwdec-current"":""success"",""idle-active"":""success"",""path"":""success"",""pause"":""success"",""percent-pos"":""success"",""time-pos"":""success"",""video-params"":""success"",""vo-configured"":""success""}"	true	playing	media-fba32b0055	<media-path:97100fcdae>	5100	5	true	"{""black_screen_risk_reason"":""null"",""blocked_media_count"":0,""consecutive_failures"":0,""current_index"":5,""current_item"":{""alias"":""media-fba32b0055"",""duration_ms"":5100,""offset_ms"":0,""path_alias"":""<media-path:97100fcdae>"",""started_at_present"":true},""last_poll_error"":""null"",""last_render_error"":""null"",""mpv_running"":true,""next_item"":{""alias"":""media-749f1db21b"",""duration_ms"":3900,""path_alias"":""<media-path:31af3d58a2>""},""playback_state"":""playing"",""playlist_size"":9,""present"":true,""uptime_sec"":118}"
100	101.157	2026-07-10T19:57:44+0000	success		12	<media-path:31af3d58a2>	<media-path:31af3d58a2>	<filename:92829f14a9>	3.133333	3.9	80.34188	false	false	false	93	v4l2request-copy	true	"{""aspect"":0.566038,""dh"":848,""dw"":480,""h"":848,""par"":1.0,""pixelformat"":""nv12"",""rotate"":0,""stereo-in"":""mono"",""w"":480}"	"{""duration"":""success"",""eof-reached"":""success"",""estimated-frame-number"":""success"",""filename"":""success"",""hwdec-current"":""success"",""idle-active"":""success"",""path"":""success"",""pause"":""success"",""percent-pos"":""success"",""time-pos"":""success"",""video-params"":""success"",""vo-configured"":""success""}"	true	playing	media-749f1db21b	<media-path:31af3d58a2>	3900	6	true	"{""black_screen_risk_reason"":""null"",""blocked_media_count"":0,""consecutive_failures"":0,""current_index"":6,""current_item"":{""alias"":""media-749f1db21b"",""duration_ms"":3900,""offset_ms"":0,""path_alias"":""<media-path:31af3d58a2>"",""started_at_present"":true},""last_poll_error"":""null"",""last_render_error"":""null"",""mpv_running"":true,""next_item"":{""alias"":""media-b8c9a5f04c"",""duration_ms"":28100,""path_alias"":""<media-path:3ba49b8978>""},""playback_state"":""playing"",""playlist_size"":9,""present"":true,""uptime_sec"":123}"
101	102.173	2026-07-10T19:57:45+0000	success		619	<media-path:3ba49b8978>	<media-path:3ba49b8978>	<filename:e511e8bce0>	0.066733	28.061367	0.475624	false	false	false	6	v4l2request-copy	true	"{""aspect"":0.5625,""dh"":1920,""dw"":1080,""h"":1920,""par"":1.0,""pixelformat"":""nv12"",""rotate"":0,""stereo-in"":""mono"",""w"":1080}"	"{""duration"":""success"",""eof-reached"":""success"",""estimated-frame-number"":""success"",""filename"":""success"",""hwdec-current"":""success"",""idle-active"":""success"",""path"":""success"",""pause"":""success"",""percent-pos"":""success"",""time-pos"":""success"",""video-params"":""success"",""vo-configured"":""success""}"	true	playing	media-749f1db21b	<media-path:31af3d58a2>	3900	6	true	"{""black_screen_risk_reason"":""null"",""blocked_media_count"":0,""consecutive_failures"":0,""current_index"":6,""current_item"":{""alias"":""media-749f1db21b"",""duration_ms"":3900,""offset_ms"":0,""path_alias"":""<media-path:31af3d58a2>"",""started_at_present"":true},""last_poll_error"":""null"",""last_render_error"":""null"",""mpv_running"":true,""next_item"":{""alias"":""media-b8c9a5f04c"",""duration_ms"":28100,""path_alias"":""<media-path:3ba49b8978>""},""playback_state"":""playing"",""playlist_size"":9,""present"":true,""uptime_sec"":123}"
102	103.798	2026-07-10T19:57:47+0000	success		212	<media-path:3ba49b8978>	<media-path:3ba49b8978>	<filename:e511e8bce0>	1.234567	28.061367	4.637337	false	false	false	39	v4l2request-copy	true	"{""aspect"":0.5625,""dh"":1920,""dw"":1080,""h"":1920,""par"":1.0,""pixelformat"":""nv12"",""rotate"":0,""stereo-in"":""mono"",""w"":1080}"	"{""duration"":""success"",""eof-reached"":""success"",""estimated-frame-number"":""success"",""filename"":""success"",""hwdec-current"":""success"",""idle-active"":""success"",""path"":""success"",""pause"":""success"",""percent-pos"":""success"",""time-pos"":""success"",""video-params"":""success"",""vo-configured"":""success""}"	true	playing	media-749f1db21b	<media-path:31af3d58a2>	3900	6	true	"{""black_screen_risk_reason"":""null"",""blocked_media_count"":0,""consecutive_failures"":0,""current_index"":6,""current_item"":{""alias"":""media-749f1db21b"",""duration_ms"":3900,""offset_ms"":0,""path_alias"":""<media-path:31af3d58a2>"",""started_at_present"":true},""last_poll_error"":""null"",""last_render_error"":""null"",""mpv_running"":true,""next_item"":{""alias"":""media-b8c9a5f04c"",""duration_ms"":28100,""path_alias"":""<media-path:3ba49b8978>""},""playback_state"":""playing"",""playlist_size"":9,""present"":true,""uptime_sec"":123}"
103	105.015	2026-07-10T19:57:48+0000	success		468	<media-path:3ba49b8978>	<media-path:3ba49b8978>	<filename:e511e8bce0>	2.168833	28.061367	7.966706	false	false	false	69	v4l2request-copy	true	"{""aspect"":0.5625,""dh"":1920,""dw"":1080,""h"":1920,""par"":1.0,""pixelformat"":""nv12"",""rotate"":0,""stereo-in"":""mono"",""w"":1080}"	"{""duration"":""success"",""eof-reached"":""success"",""estimated-frame-number"":""success"",""filename"":""success"",""hwdec-current"":""success"",""idle-active"":""success"",""path"":""success"",""pause"":""success"",""percent-pos"":""success"",""time-pos"":""success"",""video-params"":""success"",""vo-configured"":""success""}"	true	playing	media-b8c9a5f04c	<media-path:3ba49b8978>	28100	7	true	"{""black_screen_risk_reason"":""null"",""blocked_media_count"":0,""consecutive_failures"":0,""current_index"":7,""current_item"":{""alias"":""media-b8c9a5f04c"",""duration_ms"":28100,""offset_ms"":0,""path_alias"":""<media-path:3ba49b8978>"",""started_at_present"":true},""last_poll_error"":""null"",""last_render_error"":""null"",""mpv_running"":true,""next_item"":{""alias"":""media-7eefea6ba2"",""duration_ms"":5000,""path_alias"":""<media-path:9e48f6362b>""},""playback_state"":""playing"",""playlist_size"":9,""present"":true,""uptime_sec"":128}"
104	106.487	2026-07-10T19:57:49+0000	success		439	<media-path:3ba49b8978>	<media-path:3ba49b8978>	<filename:e511e8bce0>	3.336667	28.061367	12.128419	false	false	false	104	v4l2request-copy	true	"{""aspect"":0.5625,""dh"":1920,""dw"":1080,""h"":1920,""par"":1.0,""pixelformat"":""nv12"",""rotate"":0,""stereo-in"":""mono"",""w"":1080}"	"{""duration"":""success"",""eof-reached"":""success"",""estimated-frame-number"":""success"",""filename"":""success"",""hwdec-current"":""success"",""idle-active"":""success"",""path"":""success"",""pause"":""success"",""percent-pos"":""success"",""time-pos"":""success"",""video-params"":""success"",""vo-configured"":""success""}"	true	playing	media-b8c9a5f04c	<media-path:3ba49b8978>	28100	7	true	"{""black_screen_risk_reason"":""null"",""blocked_media_count"":0,""consecutive_failures"":0,""current_index"":7,""current_item"":{""alias"":""media-b8c9a5f04c"",""duration_ms"":28100,""offset_ms"":0,""path_alias"":""<media-path:3ba49b8978>"",""started_at_present"":true},""last_poll_error"":""null"",""last_render_error"":""null"",""mpv_running"":true,""next_item"":{""alias"":""media-7eefea6ba2"",""duration_ms"":5000,""path_alias"":""<media-path:9e48f6362b>""},""playback_state"":""playing"",""playlist_size"":9,""present"":true,""uptime_sec"":128}"
105	107.933	2026-07-10T19:57:51+0000	success		501	<media-path:3ba49b8978>	<media-path:3ba49b8978>	<filename:e511e8bce0>	4.471133	28.061367	16.171225	false	false	false	138	v4l2request-copy	true	"{""aspect"":0.5625,""dh"":1920,""dw"":1080,""h"":1920,""par"":1.0,""pixelformat"":""nv12"",""rotate"":0,""stereo-in"":""mono"",""w"":1080}"	"{""duration"":""success"",""eof-reached"":""success"",""estimated-frame-number"":""success"",""filename"":""success"",""hwdec-current"":""success"",""idle-active"":""success"",""path"":""success"",""pause"":""success"",""percent-pos"":""success"",""time-pos"":""success"",""video-params"":""success"",""vo-configured"":""success""}"	true	playing	media-b8c9a5f04c	<media-path:3ba49b8978>	28100	7	true	"{""black_screen_risk_reason"":""null"",""blocked_media_count"":0,""consecutive_failures"":0,""current_index"":7,""current_item"":{""alias"":""media-b8c9a5f04c"",""duration_ms"":28100,""offset_ms"":0,""path_alias"":""<media-path:3ba49b8978>"",""started_at_present"":true},""last_poll_error"":""null"",""last_render_error"":""null"",""mpv_running"":true,""next_item"":{""alias"":""media-7eefea6ba2"",""duration_ms"":5000,""path_alias"":""<media-path:9e48f6362b>""},""playback_state"":""playing"",""playlist_size"":9,""present"":true,""uptime_sec"":128}"
106	109.439	2026-07-10T19:57:52+0000	success		271	<media-path:3ba49b8978>	<media-path:3ba49b8978>	<filename:e511e8bce0>	5.638967	28.061367	20.332937	false	false	false	173	v4l2request-copy	true	"{""aspect"":0.5625,""dh"":1920,""dw"":1080,""h"":1920,""par"":1.0,""pixelformat"":""nv12"",""rotate"":0,""stereo-in"":""mono"",""w"":1080}"	"{""duration"":""success"",""eof-reached"":""success"",""estimated-frame-number"":""success"",""filename"":""success"",""hwdec-current"":""success"",""idle-active"":""success"",""path"":""success"",""pause"":""success"",""percent-pos"":""success"",""time-pos"":""success"",""video-params"":""success"",""vo-configured"":""success""}"	true	playing	media-b8c9a5f04c	<media-path:3ba49b8978>	28100	7	true	"{""black_screen_risk_reason"":""null"",""blocked_media_count"":0,""consecutive_failures"":0,""current_index"":7,""current_item"":{""alias"":""media-b8c9a5f04c"",""duration_ms"":28100,""offset_ms"":0,""path_alias"":""<media-path:3ba49b8978>"",""started_at_present"":true},""last_poll_error"":""null"",""last_render_error"":""null"",""mpv_running"":true,""next_item"":{""alias"":""media-7eefea6ba2"",""duration_ms"":5000,""path_alias"":""<media-path:9e48f6362b>""},""playback_state"":""playing"",""playlist_size"":9,""present"":true,""uptime_sec"":128}"
107	110.714	2026-07-10T19:57:54+0000	success		468	<media-path:3ba49b8978>	<media-path:3ba49b8978>	<filename:e511e8bce0>	6.639967	28.061367	23.900119	false	false	false	203	v4l2request-copy	true	"{""aspect"":0.5625,""dh"":1920,""dw"":1080,""h"":1920,""par"":1.0,""pixelformat"":""nv12"",""rotate"":0,""stereo-in"":""mono"",""w"":1080}"	"{""duration"":""success"",""eof-reached"":""success"",""estimated-frame-number"":""success"",""filename"":""success"",""hwdec-current"":""success"",""idle-active"":""success"",""path"":""success"",""pause"":""success"",""percent-pos"":""success"",""time-pos"":""success"",""video-params"":""success"",""vo-configured"":""success""}"	true	playing	media-b8c9a5f04c	<media-path:3ba49b8978>	28100	7	true	"{""black_screen_risk_reason"":""null"",""blocked_media_count"":0,""consecutive_failures"":0,""current_index"":7,""current_item"":{""alias"":""media-b8c9a5f04c"",""duration_ms"":28100,""offset_ms"":0,""path_alias"":""<media-path:3ba49b8978>"",""started_at_present"":true},""last_poll_error"":""null"",""last_render_error"":""null"",""mpv_running"":true,""next_item"":{""alias"":""media-7eefea6ba2"",""duration_ms"":5000,""path_alias"":""<media-path:9e48f6362b>""},""playback_state"":""playing"",""playlist_size"":9,""present"":true,""uptime_sec"":133}"
108	112.186	2026-07-10T19:57:55+0000	success		440	<media-path:3ba49b8978>	<media-path:3ba49b8978>	<filename:e511e8bce0>	7.8078	28.061367	28.061831	false	false	false	238	v4l2request-copy	true	"{""aspect"":0.5625,""dh"":1920,""dw"":1080,""h"":1920,""par"":1.0,""pixelformat"":""nv12"",""rotate"":0,""stereo-in"":""mono"",""w"":1080}"	"{""duration"":""success"",""eof-reached"":""success"",""estimated-frame-number"":""success"",""filename"":""success"",""hwdec-current"":""success"",""idle-active"":""success"",""path"":""success"",""pause"":""success"",""percent-pos"":""success"",""time-pos"":""success"",""video-params"":""success"",""vo-configured"":""success""}"	true	playing	media-b8c9a5f04c	<media-path:3ba49b8978>	28100	7	true	"{""black_screen_risk_reason"":""null"",""blocked_media_count"":0,""consecutive_failures"":0,""current_index"":7,""current_item"":{""alias"":""media-b8c9a5f04c"",""duration_ms"":28100,""offset_ms"":0,""path_alias"":""<media-path:3ba49b8978>"",""started_at_present"":true},""last_poll_error"":""null"",""last_render_error"":""null"",""mpv_running"":true,""next_item"":{""alias"":""media-7eefea6ba2"",""duration_ms"":5000,""path_alias"":""<media-path:9e48f6362b>""},""playback_state"":""playing"",""playlist_size"":9,""present"":true,""uptime_sec"":133}"
109	113.631	2026-07-10T19:57:57+0000	success		499	<media-path:3ba49b8978>	<media-path:3ba49b8978>	<filename:e511e8bce0>	8.942267	28.061367	32.104637	false	false	false	272	v4l2request-copy	true	"{""aspect"":0.5625,""dh"":1920,""dw"":1080,""h"":1920,""par"":1.0,""pixelformat"":""nv12"",""rotate"":0,""stereo-in"":""mono"",""w"":1080}"	"{""duration"":""success"",""eof-reached"":""success"",""estimated-frame-number"":""success"",""filename"":""success"",""hwdec-current"":""success"",""idle-active"":""success"",""path"":""success"",""pause"":""success"",""percent-pos"":""success"",""time-pos"":""success"",""video-params"":""success"",""vo-configured"":""success""}"	true	playing	media-b8c9a5f04c	<media-path:3ba49b8978>	28100	7	true	"{""black_screen_risk_reason"":""null"",""blocked_media_count"":0,""consecutive_failures"":0,""current_index"":7,""current_item"":{""alias"":""media-b8c9a5f04c"",""duration_ms"":28100,""offset_ms"":0,""path_alias"":""<media-path:3ba49b8978>"",""started_at_present"":true},""last_poll_error"":""null"",""last_render_error"":""null"",""mpv_running"":true,""next_item"":{""alias"":""media-7eefea6ba2"",""duration_ms"":5000,""path_alias"":""<media-path:9e48f6362b>""},""playback_state"":""playing"",""playlist_size"":9,""present"":true,""uptime_sec"":133}"
110	115.133	2026-07-10T19:57:58+0000	success		300	<media-path:3ba49b8978>	<media-path:3ba49b8978>	<filename:e511e8bce0>	10.143467	28.061367	36.385256	false	false	false	308	v4l2request-copy	true	"{""aspect"":0.5625,""dh"":1920,""dw"":1080,""h"":1920,""par"":1.0,""pixelformat"":""nv12"",""rotate"":0,""stereo-in"":""mono"",""w"":1080}"	"{""duration"":""success"",""eof-reached"":""success"",""estimated-frame-number"":""success"",""filename"":""success"",""hwdec-current"":""success"",""idle-active"":""success"",""path"":""success"",""pause"":""success"",""percent-pos"":""success"",""time-pos"":""success"",""video-params"":""success"",""vo-configured"":""success""}"	true	playing	media-b8c9a5f04c	<media-path:3ba49b8978>	28100	7	true	"{""black_screen_risk_reason"":""null"",""blocked_media_count"":0,""consecutive_failures"":0,""current_index"":7,""current_item"":{""alias"":""media-b8c9a5f04c"",""duration_ms"":28100,""offset_ms"":0,""path_alias"":""<media-path:3ba49b8978>"",""started_at_present"":true},""last_poll_error"":""null"",""last_render_error"":""null"",""mpv_running"":true,""next_item"":{""alias"":""media-7eefea6ba2"",""duration_ms"":5000,""path_alias"":""<media-path:9e48f6362b>""},""playback_state"":""playing"",""playlist_size"":9,""present"":true,""uptime_sec"":138}"
111	116.436	2026-07-10T19:58:00+0000	success		500	<media-path:3ba49b8978>	<media-path:3ba49b8978>	<filename:e511e8bce0>	11.177833	28.061367	40.071344	false	false	false	339	v4l2request-copy	true	"{""aspect"":0.5625,""dh"":1920,""dw"":1080,""h"":1920,""par"":1.0,""pixelformat"":""nv12"",""rotate"":0,""stereo-in"":""mono"",""w"":1080}"	"{""duration"":""success"",""eof-reached"":""success"",""estimated-frame-number"":""success"",""filename"":""success"",""hwdec-current"":""success"",""idle-active"":""success"",""path"":""success"",""pause"":""success"",""percent-pos"":""success"",""time-pos"":""success"",""video-params"":""success"",""vo-configured"":""success""}"	true	playing	media-b8c9a5f04c	<media-path:3ba49b8978>	28100	7	true	"{""black_screen_risk_reason"":""null"",""blocked_media_count"":0,""consecutive_failures"":0,""current_index"":7,""current_item"":{""alias"":""media-b8c9a5f04c"",""duration_ms"":28100,""offset_ms"":0,""path_alias"":""<media-path:3ba49b8978>"",""started_at_present"":true},""last_poll_error"":""null"",""last_render_error"":""null"",""mpv_running"":true,""next_item"":{""alias"":""media-7eefea6ba2"",""duration_ms"":5000,""path_alias"":""<media-path:9e48f6362b>""},""playback_state"":""playing"",""playlist_size"":9,""present"":true,""uptime_sec"":138}"
112	117.941	2026-07-10T19:58:01+0000	success		493	<media-path:3ba49b8978>	<media-path:3ba49b8978>	<filename:e511e8bce0>	12.345667	28.061367	44.233056	false	false	false	374	v4l2request-copy	true	"{""aspect"":0.5625,""dh"":1920,""dw"":1080,""h"":1920,""par"":1.0,""pixelformat"":""nv12"",""rotate"":0,""stereo-in"":""mono"",""w"":1080}"	"{""duration"":""success"",""eof-reached"":""success"",""estimated-frame-number"":""success"",""filename"":""success"",""hwdec-current"":""success"",""idle-active"":""success"",""path"":""success"",""pause"":""success"",""percent-pos"":""success"",""time-pos"":""success"",""video-params"":""success"",""vo-configured"":""success""}"	true	playing	media-b8c9a5f04c	<media-path:3ba49b8978>	28100	7	true	"{""black_screen_risk_reason"":""null"",""blocked_media_count"":0,""consecutive_failures"":0,""current_index"":7,""current_item"":{""alias"":""media-b8c9a5f04c"",""duration_ms"":28100,""offset_ms"":0,""path_alias"":""<media-path:3ba49b8978>"",""started_at_present"":true},""last_poll_error"":""null"",""last_render_error"":""null"",""mpv_running"":true,""next_item"":{""alias"":""media-7eefea6ba2"",""duration_ms"":5000,""path_alias"":""<media-path:9e48f6362b>""},""playback_state"":""playing"",""playlist_size"":9,""present"":true,""uptime_sec"":138}"
113	119.437	2026-07-10T19:58:02+0000	success		462	<media-path:3ba49b8978>	<media-path:3ba49b8978>	<filename:e511e8bce0>	13.480133	28.061367	48.275862	false	false	false	408	v4l2request-copy	true	"{""aspect"":0.5625,""dh"":1920,""dw"":1080,""h"":1920,""par"":1.0,""pixelformat"":""nv12"",""rotate"":0,""stereo-in"":""mono"",""w"":1080}"	"{""duration"":""success"",""eof-reached"":""success"",""estimated-frame-number"":""success"",""filename"":""success"",""hwdec-current"":""success"",""idle-active"":""success"",""path"":""success"",""pause"":""success"",""percent-pos"":""success"",""time-pos"":""success"",""video-params"":""success"",""vo-configured"":""success""}"	true	playing	media-b8c9a5f04c	<media-path:3ba49b8978>	28100	7	true	"{""black_screen_risk_reason"":""null"",""blocked_media_count"":0,""consecutive_failures"":0,""current_index"":7,""current_item"":{""alias"":""media-b8c9a5f04c"",""duration_ms"":28100,""offset_ms"":0,""path_alias"":""<media-path:3ba49b8978>"",""started_at_present"":true},""last_poll_error"":""null"",""last_render_error"":""null"",""mpv_running"":true,""next_item"":{""alias"":""media-7eefea6ba2"",""duration_ms"":5000,""path_alias"":""<media-path:9e48f6362b>""},""playback_state"":""playing"",""playlist_size"":9,""present"":true,""uptime_sec"":138}"
114	120.903	2026-07-10T19:58:04+0000	success		301	<media-path:3ba49b8978>	<media-path:3ba49b8978>	<filename:e511e8bce0>	14.647967	28.061367	52.437574	false	false	false	443	v4l2request-copy	true	"{""aspect"":0.5625,""dh"":1920,""dw"":1080,""h"":1920,""par"":1.0,""pixelformat"":""nv12"",""rotate"":0,""stereo-in"":""mono"",""w"":1080}"	"{""duration"":""success"",""eof-reached"":""success"",""estimated-frame-number"":""success"",""filename"":""success"",""hwdec-current"":""success"",""idle-active"":""success"",""path"":""success"",""pause"":""success"",""percent-pos"":""success"",""time-pos"":""success"",""video-params"":""success"",""vo-configured"":""success""}"	true	playing	media-b8c9a5f04c	<media-path:3ba49b8978>	28100	7	true	"{""black_screen_risk_reason"":""null"",""blocked_media_count"":0,""consecutive_failures"":0,""current_index"":7,""current_item"":{""alias"":""media-b8c9a5f04c"",""duration_ms"":28100,""offset_ms"":0,""path_alias"":""<media-path:3ba49b8978>"",""started_at_present"":true},""last_poll_error"":""null"",""last_render_error"":""null"",""mpv_running"":true,""next_item"":{""alias"":""media-7eefea6ba2"",""duration_ms"":5000,""path_alias"":""<media-path:9e48f6362b>""},""playback_state"":""playing"",""playlist_size"":9,""present"":true,""uptime_sec"":143}"
115	122.208	2026-07-10T19:58:05+0000	success		499	<media-path:3ba49b8978>	<media-path:3ba49b8978>	<filename:e511e8bce0>	15.7157	28.061367	56.242568	false	false	false	475	v4l2request-copy	true	"{""aspect"":0.5625,""dh"":1920,""dw"":1080,""h"":1920,""par"":1.0,""pixelformat"":""nv12"",""rotate"":0,""stereo-in"":""mono"",""w"":1080}"	"{""duration"":""success"",""eof-reached"":""success"",""estimated-frame-number"":""success"",""filename"":""success"",""hwdec-current"":""success"",""idle-active"":""success"",""path"":""success"",""pause"":""success"",""percent-pos"":""success"",""time-pos"":""success"",""video-params"":""success"",""vo-configured"":""success""}"	true	playing	media-b8c9a5f04c	<media-path:3ba49b8978>	28100	7	true	"{""black_screen_risk_reason"":""null"",""blocked_media_count"":0,""consecutive_failures"":0,""current_index"":7,""current_item"":{""alias"":""media-b8c9a5f04c"",""duration_ms"":28100,""offset_ms"":0,""path_alias"":""<media-path:3ba49b8978>"",""started_at_present"":true},""last_poll_error"":""null"",""last_render_error"":""null"",""mpv_running"":true,""next_item"":{""alias"":""media-7eefea6ba2"",""duration_ms"":5000,""path_alias"":""<media-path:9e48f6362b>""},""playback_state"":""playing"",""playlist_size"":9,""present"":true,""uptime_sec"":143}"
116	123.712	2026-07-10T19:58:07+0000	success		482	<media-path:3ba49b8978>	<media-path:3ba49b8978>	<filename:e511e8bce0>	16.883533	28.061367	60.404281	false	false	false	510	v4l2request-copy	true	"{""aspect"":0.5625,""dh"":1920,""dw"":1080,""h"":1920,""par"":1.0,""pixelformat"":""nv12"",""rotate"":0,""stereo-in"":""mono"",""w"":1080}"	"{""duration"":""success"",""eof-reached"":""success"",""estimated-frame-number"":""success"",""filename"":""success"",""hwdec-current"":""success"",""idle-active"":""success"",""path"":""success"",""pause"":""success"",""percent-pos"":""success"",""time-pos"":""success"",""video-params"":""success"",""vo-configured"":""success""}"	true	playing	media-b8c9a5f04c	<media-path:3ba49b8978>	28100	7	true	"{""black_screen_risk_reason"":""null"",""blocked_media_count"":0,""consecutive_failures"":0,""current_index"":7,""current_item"":{""alias"":""media-b8c9a5f04c"",""duration_ms"":28100,""offset_ms"":0,""path_alias"":""<media-path:3ba49b8978>"",""started_at_present"":true},""last_poll_error"":""null"",""last_render_error"":""null"",""mpv_running"":true,""next_item"":{""alias"":""media-7eefea6ba2"",""duration_ms"":5000,""path_alias"":""<media-path:9e48f6362b>""},""playback_state"":""playing"",""playlist_size"":9,""present"":true,""uptime_sec"":143}"
117	125.198	2026-07-10T19:58:08+0000	success		484	<media-path:3ba49b8978>	<media-path:3ba49b8978>	<filename:e511e8bce0>	18.051367	28.061367	64.565993	false	false	false	545	v4l2request-copy	true	"{""aspect"":0.5625,""dh"":1920,""dw"":1080,""h"":1920,""par"":1.0,""pixelformat"":""nv12"",""rotate"":0,""stereo-in"":""mono"",""w"":1080}"	"{""duration"":""success"",""eof-reached"":""success"",""estimated-frame-number"":""success"",""filename"":""success"",""hwdec-current"":""success"",""idle-active"":""success"",""path"":""success"",""pause"":""success"",""percent-pos"":""success"",""time-pos"":""success"",""video-params"":""success"",""vo-configured"":""success""}"	true	playing	media-b8c9a5f04c	<media-path:3ba49b8978>	28100	7	true	"{""black_screen_risk_reason"":""null"",""blocked_media_count"":0,""consecutive_failures"":0,""current_index"":7,""current_item"":{""alias"":""media-b8c9a5f04c"",""duration_ms"":28100,""offset_ms"":0,""path_alias"":""<media-path:3ba49b8978>"",""started_at_present"":true},""last_poll_error"":""null"",""last_render_error"":""null"",""mpv_running"":true,""next_item"":{""alias"":""media-7eefea6ba2"",""duration_ms"":5000,""path_alias"":""<media-path:9e48f6362b>""},""playback_state"":""playing"",""playlist_size"":9,""present"":true,""uptime_sec"":148}"
118	126.686	2026-07-10T19:58:10+0000	success		321	<media-path:3ba49b8978>	<media-path:3ba49b8978>	<filename:e511e8bce0>	19.2192	28.061367	68.727705	false	false	false	580	v4l2request-copy	true	"{""aspect"":0.5625,""dh"":1920,""dw"":1080,""h"":1920,""par"":1.0,""pixelformat"":""nv12"",""rotate"":0,""stereo-in"":""mono"",""w"":1080}"	"{""duration"":""success"",""eof-reached"":""success"",""estimated-frame-number"":""success"",""filename"":""success"",""hwdec-current"":""success"",""idle-active"":""success"",""path"":""success"",""pause"":""success"",""percent-pos"":""success"",""time-pos"":""success"",""video-params"":""success"",""vo-configured"":""success""}"	true	playing	media-b8c9a5f04c	<media-path:3ba49b8978>	28100	7	true	"{""black_screen_risk_reason"":""null"",""blocked_media_count"":0,""consecutive_failures"":0,""current_index"":7,""current_item"":{""alias"":""media-b8c9a5f04c"",""duration_ms"":28100,""offset_ms"":0,""path_alias"":""<media-path:3ba49b8978>"",""started_at_present"":true},""last_poll_error"":""null"",""last_render_error"":""null"",""mpv_running"":true,""next_item"":{""alias"":""media-7eefea6ba2"",""duration_ms"":5000,""path_alias"":""<media-path:9e48f6362b>""},""playback_state"":""playing"",""playlist_size"":9,""present"":true,""uptime_sec"":148}"
119	128.011	2026-07-10T19:58:11+0000	success		482	<media-path:3ba49b8978>	<media-path:3ba49b8978>	<filename:e511e8bce0>	20.253567	28.061367	72.413793	false	false	false	611	v4l2request-copy	true	"{""aspect"":0.5625,""dh"":1920,""dw"":1080,""h"":1920,""par"":1.0,""pixelformat"":""nv12"",""rotate"":0,""stereo-in"":""mono"",""w"":1080}"	"{""duration"":""success"",""eof-reached"":""success"",""estimated-frame-number"":""success"",""filename"":""success"",""hwdec-current"":""success"",""idle-active"":""success"",""path"":""success"",""pause"":""success"",""percent-pos"":""success"",""time-pos"":""success"",""video-params"":""success"",""vo-configured"":""success""}"	true	playing	media-b8c9a5f04c	<media-path:3ba49b8978>	28100	7	true	"{""black_screen_risk_reason"":""null"",""blocked_media_count"":0,""consecutive_failures"":0,""current_index"":7,""current_item"":{""alias"":""media-b8c9a5f04c"",""duration_ms"":28100,""offset_ms"":0,""path_alias"":""<media-path:3ba49b8978>"",""started_at_present"":true},""last_poll_error"":""null"",""last_render_error"":""null"",""mpv_running"":true,""next_item"":{""alias"":""media-7eefea6ba2"",""duration_ms"":5000,""path_alias"":""<media-path:9e48f6362b>""},""playback_state"":""playing"",""playlist_size"":9,""present"":true,""uptime_sec"":148}"
120	129.496	2026-07-10T19:58:12+0000	success		284	<media-path:3ba49b8978>	<media-path:3ba49b8978>	<filename:e511e8bce0>	21.4214	28.061367	76.575505	false	false	false	646	v4l2request-copy	true	"{""aspect"":0.5625,""dh"":1920,""dw"":1080,""h"":1920,""par"":1.0,""pixelformat"":""nv12"",""rotate"":0,""stereo-in"":""mono"",""w"":1080}"	"{""duration"":""success"",""eof-reached"":""success"",""estimated-frame-number"":""success"",""filename"":""success"",""hwdec-current"":""success"",""idle-active"":""success"",""path"":""success"",""pause"":""success"",""percent-pos"":""success"",""time-pos"":""success"",""video-params"":""success"",""vo-configured"":""success""}"	true	playing	media-b8c9a5f04c	<media-path:3ba49b8978>	28100	7	true	"{""black_screen_risk_reason"":""null"",""blocked_media_count"":0,""consecutive_failures"":0,""current_index"":7,""current_item"":{""alias"":""media-b8c9a5f04c"",""duration_ms"":28100,""offset_ms"":0,""path_alias"":""<media-path:3ba49b8978>"",""started_at_present"":true},""last_poll_error"":""null"",""last_render_error"":""null"",""mpv_running"":true,""next_item"":{""alias"":""media-7eefea6ba2"",""duration_ms"":5000,""path_alias"":""<media-path:9e48f6362b>""},""playback_state"":""playing"",""playlist_size"":9,""present"":true,""uptime_sec"":148}"
121	130.784	2026-07-10T19:58:13+0000	success		2	<media-path:9e48f6362b>	<media-path:9e48f6362b>	<filename:4e569cdfc9>	0.083333	5.041667	1.652893	false	false	false	2	v4l2request-copy	true	"{""aspect"":0.666667,""dh"":720,""dw"":480,""h"":720,""par"":1.0,""pixelformat"":""nv12"",""rotate"":0,""stereo-in"":""mono"",""w"":480}"	"{""duration"":""success"",""eof-reached"":""success"",""estimated-frame-number"":""success"",""filename"":""success"",""hwdec-current"":""success"",""idle-active"":""success"",""path"":""success"",""pause"":""success"",""percent-pos"":""success"",""time-pos"":""success"",""video-params"":""success"",""vo-configured"":""success""}"	true	playing	media-b8c9a5f04c	<media-path:3ba49b8978>	28100	7	true	"{""black_screen_risk_reason"":""null"",""blocked_media_count"":0,""consecutive_failures"":0,""current_index"":7,""current_item"":{""alias"":""media-b8c9a5f04c"",""duration_ms"":28100,""offset_ms"":0,""path_alias"":""<media-path:3ba49b8978>"",""started_at_present"":true},""last_poll_error"":""null"",""last_render_error"":""null"",""mpv_running"":true,""next_item"":{""alias"":""media-7eefea6ba2"",""duration_ms"":5000,""path_alias"":""<media-path:9e48f6362b>""},""playback_state"":""playing"",""playlist_size"":9,""present"":true,""uptime_sec"":153}"
122	131.788	2026-07-10T19:58:14+0000	success		2	<media-path:9e48f6362b>	<media-path:9e48f6362b>	<filename:4e569cdfc9>	1.083333	5.041667	21.487603	false	false	false	26	v4l2request-copy	true	"{""aspect"":0.666667,""dh"":720,""dw"":480,""h"":720,""par"":1.0,""pixelformat"":""nv12"",""rotate"":0,""stereo-in"":""mono"",""w"":480}"	"{""duration"":""success"",""eof-reached"":""success"",""estimated-frame-number"":""success"",""filename"":""success"",""hwdec-current"":""success"",""idle-active"":""success"",""path"":""success"",""pause"":""success"",""percent-pos"":""success"",""time-pos"":""success"",""video-params"":""success"",""vo-configured"":""success""}"	true	playing	media-b8c9a5f04c	<media-path:3ba49b8978>	28100	7	true	"{""black_screen_risk_reason"":""null"",""blocked_media_count"":0,""consecutive_failures"":0,""current_index"":7,""current_item"":{""alias"":""media-b8c9a5f04c"",""duration_ms"":28100,""offset_ms"":0,""path_alias"":""<media-path:3ba49b8978>"",""started_at_present"":true},""last_poll_error"":""null"",""last_render_error"":""null"",""mpv_running"":true,""next_item"":{""alias"":""media-7eefea6ba2"",""duration_ms"":5000,""path_alias"":""<media-path:9e48f6362b>""},""playback_state"":""playing"",""playlist_size"":9,""present"":true,""uptime_sec"":153}"
123	132.792	2026-07-10T19:58:15+0000	success		2	<media-path:9e48f6362b>	<media-path:9e48f6362b>	<filename:4e569cdfc9>	2.083333	5.041667	41.322314	false	false	false	50	v4l2request-copy	true	"{""aspect"":0.666667,""dh"":720,""dw"":480,""h"":720,""par"":1.0,""pixelformat"":""nv12"",""rotate"":0,""stereo-in"":""mono"",""w"":480}"	"{""duration"":""success"",""eof-reached"":""success"",""estimated-frame-number"":""success"",""filename"":""success"",""hwdec-current"":""success"",""idle-active"":""success"",""path"":""success"",""pause"":""success"",""percent-pos"":""success"",""time-pos"":""success"",""video-params"":""success"",""vo-configured"":""success""}"	true	playing	media-b8c9a5f04c	<media-path:3ba49b8978>	28100	7	true	"{""black_screen_risk_reason"":""null"",""blocked_media_count"":0,""consecutive_failures"":0,""current_index"":7,""current_item"":{""alias"":""media-b8c9a5f04c"",""duration_ms"":28100,""offset_ms"":0,""path_alias"":""<media-path:3ba49b8978>"",""started_at_present"":true},""last_poll_error"":""null"",""last_render_error"":""null"",""mpv_running"":true,""next_item"":{""alias"":""media-7eefea6ba2"",""duration_ms"":5000,""path_alias"":""<media-path:9e48f6362b>""},""playback_state"":""playing"",""playlist_size"":9,""present"":true,""uptime_sec"":153}"
124	133.796	2026-07-10T19:58:16+0000	success		2	<media-path:9e48f6362b>	<media-path:9e48f6362b>	<filename:4e569cdfc9>	3.083333	5.041667	61.157025	false	false	false	74	v4l2request-copy	true	"{""aspect"":0.666667,""dh"":720,""dw"":480,""h"":720,""par"":1.0,""pixelformat"":""nv12"",""rotate"":0,""stereo-in"":""mono"",""w"":480}"	"{""duration"":""success"",""eof-reached"":""success"",""estimated-frame-number"":""success"",""filename"":""success"",""hwdec-current"":""success"",""idle-active"":""success"",""path"":""success"",""pause"":""success"",""percent-pos"":""success"",""time-pos"":""success"",""video-params"":""success"",""vo-configured"":""success""}"	true	playing	media-b8c9a5f04c	<media-path:3ba49b8978>	28100	7	true	"{""black_screen_risk_reason"":""null"",""blocked_media_count"":0,""consecutive_failures"":0,""current_index"":7,""current_item"":{""alias"":""media-b8c9a5f04c"",""duration_ms"":28100,""offset_ms"":0,""path_alias"":""<media-path:3ba49b8978>"",""started_at_present"":true},""last_poll_error"":""null"",""last_render_error"":""null"",""mpv_running"":true,""next_item"":{""alias"":""media-7eefea6ba2"",""duration_ms"":5000,""path_alias"":""<media-path:9e48f6362b>""},""playback_state"":""playing"",""playlist_size"":9,""present"":true,""uptime_sec"":153}"
125	134.800	2026-07-10T19:58:17+0000	success		2	<media-path:9e48f6362b>	<media-path:9e48f6362b>	<filename:4e569cdfc9>	4.083333	5.041667	80.991736	false	false	false	98	v4l2request-copy	true	"{""aspect"":0.666667,""dh"":720,""dw"":480,""h"":720,""par"":1.0,""pixelformat"":""nv12"",""rotate"":0,""stereo-in"":""mono"",""w"":480}"	"{""duration"":""success"",""eof-reached"":""success"",""estimated-frame-number"":""success"",""filename"":""success"",""hwdec-current"":""success"",""idle-active"":""success"",""path"":""success"",""pause"":""success"",""percent-pos"":""success"",""time-pos"":""success"",""video-params"":""success"",""vo-configured"":""success""}"	true	playing	media-b8c9a5f04c	<media-path:3ba49b8978>	28100	7	true	"{""black_screen_risk_reason"":""null"",""blocked_media_count"":0,""consecutive_failures"":0,""current_index"":7,""current_item"":{""alias"":""media-b8c9a5f04c"",""duration_ms"":28100,""offset_ms"":0,""path_alias"":""<media-path:3ba49b8978>"",""started_at_present"":true},""last_poll_error"":""null"",""last_render_error"":""null"",""mpv_running"":true,""next_item"":{""alias"":""media-7eefea6ba2"",""duration_ms"":5000,""path_alias"":""<media-path:9e48f6362b>""},""playback_state"":""playing"",""playlist_size"":9,""present"":true,""uptime_sec"":153}"
126	135.804	2026-07-10T19:58:18+0000	success		18	<media-path:c406539999>	<media-path:c406539999>	<filename:aaf3979e21>	0.033333	15.069751	0.221194	false	false	false	1	v4l2request-copy	true	"{""aspect"":0.566038,""dh"":848,""dw"":480,""h"":848,""par"":1.0,""pixelformat"":""nv12"",""rotate"":0,""stereo-in"":""mono"",""w"":480}"	"{""duration"":""success"",""eof-reached"":""success"",""estimated-frame-number"":""success"",""filename"":""success"",""hwdec-current"":""success"",""idle-active"":""success"",""path"":""success"",""pause"":""success"",""percent-pos"":""success"",""time-pos"":""success"",""video-params"":""success"",""vo-configured"":""success""}"	true	playing	media-7eefea6ba2	<media-path:9e48f6362b>	5000	8	true	"{""black_screen_risk_reason"":""null"",""blocked_media_count"":0,""consecutive_failures"":0,""current_index"":8,""current_item"":{""alias"":""media-7eefea6ba2"",""duration_ms"":5000,""offset_ms"":0,""path_alias"":""<media-path:9e48f6362b>"",""started_at_present"":true},""last_poll_error"":""null"",""last_render_error"":""null"",""mpv_running"":true,""next_item"":{""alias"":""media-63e22e276f"",""duration_ms"":15100,""path_alias"":""<media-path:c406539999>""},""playback_state"":""playing"",""playlist_size"":9,""present"":true,""uptime_sec"":158}"
127	136.825	2026-07-10T19:58:19+0000	success		2	<media-path:c406539999>	<media-path:c406539999>	<filename:aaf3979e21>	1.066667	15.069751	7.078197	false	false	false	32	v4l2request-copy	true	"{""aspect"":0.566038,""dh"":848,""dw"":480,""h"":848,""par"":1.0,""pixelformat"":""nv12"",""rotate"":0,""stereo-in"":""mono"",""w"":480}"	"{""duration"":""success"",""eof-reached"":""success"",""estimated-frame-number"":""success"",""filename"":""success"",""hwdec-current"":""success"",""idle-active"":""success"",""path"":""success"",""pause"":""success"",""percent-pos"":""success"",""time-pos"":""success"",""video-params"":""success"",""vo-configured"":""success""}"	true	playing	media-7eefea6ba2	<media-path:9e48f6362b>	5000	8	true	"{""black_screen_risk_reason"":""null"",""blocked_media_count"":0,""consecutive_failures"":0,""current_index"":8,""current_item"":{""alias"":""media-7eefea6ba2"",""duration_ms"":5000,""offset_ms"":0,""path_alias"":""<media-path:9e48f6362b>"",""started_at_present"":true},""last_poll_error"":""null"",""last_render_error"":""null"",""mpv_running"":true,""next_item"":{""alias"":""media-63e22e276f"",""duration_ms"":15100,""path_alias"":""<media-path:c406539999>""},""playback_state"":""playing"",""playlist_size"":9,""present"":true,""uptime_sec"":158}"
128	137.829	2026-07-10T19:58:20+0000	success		3	<media-path:c406539999>	<media-path:c406539999>	<filename:aaf3979e21>	2.066667	15.069751	13.714007	false	false	false	62	v4l2request-copy	true	"{""aspect"":0.566038,""dh"":848,""dw"":480,""h"":848,""par"":1.0,""pixelformat"":""nv12"",""rotate"":0,""stereo-in"":""mono"",""w"":480}"	"{""duration"":""success"",""eof-reached"":""success"",""estimated-frame-number"":""success"",""filename"":""success"",""hwdec-current"":""success"",""idle-active"":""success"",""path"":""success"",""pause"":""success"",""percent-pos"":""success"",""time-pos"":""success"",""video-params"":""success"",""vo-configured"":""success""}"	true	playing	media-7eefea6ba2	<media-path:9e48f6362b>	5000	8	true	"{""black_screen_risk_reason"":""null"",""blocked_media_count"":0,""consecutive_failures"":0,""current_index"":8,""current_item"":{""alias"":""media-7eefea6ba2"",""duration_ms"":5000,""offset_ms"":0,""path_alias"":""<media-path:9e48f6362b>"",""started_at_present"":true},""last_poll_error"":""null"",""last_render_error"":""null"",""mpv_running"":true,""next_item"":{""alias"":""media-63e22e276f"",""duration_ms"":15100,""path_alias"":""<media-path:c406539999>""},""playback_state"":""playing"",""playlist_size"":9,""present"":true,""uptime_sec"":158}"
129	138.835	2026-07-10T19:58:21+0000	success		12	<media-path:c406539999>	<media-path:c406539999>	<filename:aaf3979e21>	3.066667	15.069751	20.349817	false	false	false	92	v4l2request-copy	true	"{""aspect"":0.566038,""dh"":848,""dw"":480,""h"":848,""par"":1.0,""pixelformat"":""nv12"",""rotate"":0,""stereo-in"":""mono"",""w"":480}"	"{""duration"":""success"",""eof-reached"":""success"",""estimated-frame-number"":""success"",""filename"":""success"",""hwdec-current"":""success"",""idle-active"":""success"",""path"":""success"",""pause"":""success"",""percent-pos"":""success"",""time-pos"":""success"",""video-params"":""success"",""vo-configured"":""success""}"	true	playing	media-7eefea6ba2	<media-path:9e48f6362b>	5000	8	true	"{""black_screen_risk_reason"":""null"",""blocked_media_count"":0,""consecutive_failures"":0,""current_index"":8,""current_item"":{""alias"":""media-7eefea6ba2"",""duration_ms"":5000,""offset_ms"":0,""path_alias"":""<media-path:9e48f6362b>"",""started_at_present"":true},""last_poll_error"":""null"",""last_render_error"":""null"",""mpv_running"":true,""next_item"":{""alias"":""media-63e22e276f"",""duration_ms"":15100,""path_alias"":""<media-path:c406539999>""},""playback_state"":""playing"",""playlist_size"":9,""present"":true,""uptime_sec"":158}"
130	139.849	2026-07-10T19:58:22+0000	success		2	<media-path:c406539999>	<media-path:c406539999>	<filename:aaf3979e21>	4.066667	15.069751	26.985627	false	false	false	122	v4l2request-copy	true	"{""aspect"":0.566038,""dh"":848,""dw"":480,""h"":848,""par"":1.0,""pixelformat"":""nv12"",""rotate"":0,""stereo-in"":""mono"",""w"":480}"	"{""duration"":""success"",""eof-reached"":""success"",""estimated-frame-number"":""success"",""filename"":""success"",""hwdec-current"":""success"",""idle-active"":""success"",""path"":""success"",""pause"":""success"",""percent-pos"":""success"",""time-pos"":""success"",""video-params"":""success"",""vo-configured"":""success""}"	true	playing	media-7eefea6ba2	<media-path:9e48f6362b>	5000	8	true	"{""black_screen_risk_reason"":""null"",""blocked_media_count"":0,""consecutive_failures"":0,""current_index"":8,""current_item"":{""alias"":""media-7eefea6ba2"",""duration_ms"":5000,""offset_ms"":0,""path_alias"":""<media-path:9e48f6362b>"",""started_at_present"":true},""last_poll_error"":""null"",""last_render_error"":""null"",""mpv_running"":true,""next_item"":{""alias"":""media-63e22e276f"",""duration_ms"":15100,""path_alias"":""<media-path:c406539999>""},""playback_state"":""playing"",""playlist_size"":9,""present"":true,""uptime_sec"":158}"
131	140.853	2026-07-10T19:58:23+0000	success		2	<media-path:c406539999>	<media-path:c406539999>	<filename:aaf3979e21>	5.1	15.069751	33.84263	false	false	false	153	v4l2request-copy	true	"{""aspect"":0.566038,""dh"":848,""dw"":480,""h"":848,""par"":1.0,""pixelformat"":""nv12"",""rotate"":0,""stereo-in"":""mono"",""w"":480}"	"{""duration"":""success"",""eof-reached"":""success"",""estimated-frame-number"":""success"",""filename"":""success"",""hwdec-current"":""success"",""idle-active"":""success"",""path"":""success"",""pause"":""success"",""percent-pos"":""success"",""time-pos"":""success"",""video-params"":""success"",""vo-configured"":""success""}"	true	playing	media-63e22e276f	<media-path:c406539999>	15100	0	true	"{""black_screen_risk_reason"":""null"",""blocked_media_count"":0,""consecutive_failures"":0,""current_index"":0,""current_item"":{""alias"":""media-63e22e276f"",""duration_ms"":15100,""offset_ms"":0,""path_alias"":""<media-path:c406539999>"",""started_at_present"":true},""last_poll_error"":""null"",""last_render_error"":""null"",""mpv_running"":true,""next_item"":{""alias"":""media-b04db49d99"",""duration_ms"":15100,""path_alias"":""<media-path:2b030c3c41>""},""playback_state"":""playing"",""playlist_size"":9,""present"":true,""uptime_sec"":163}"
132	141.859	2026-07-10T19:58:24+0000	success		2	<media-path:c406539999>	<media-path:c406539999>	<filename:aaf3979e21>	6.1	15.069751	40.47844	false	false	false	183	v4l2request-copy	true	"{""aspect"":0.566038,""dh"":848,""dw"":480,""h"":848,""par"":1.0,""pixelformat"":""nv12"",""rotate"":0,""stereo-in"":""mono"",""w"":480}"	"{""duration"":""success"",""eof-reached"":""success"",""estimated-frame-number"":""success"",""filename"":""success"",""hwdec-current"":""success"",""idle-active"":""success"",""path"":""success"",""pause"":""success"",""percent-pos"":""success"",""time-pos"":""success"",""video-params"":""success"",""vo-configured"":""success""}"	true	playing	media-63e22e276f	<media-path:c406539999>	15100	0	true	"{""black_screen_risk_reason"":""null"",""blocked_media_count"":0,""consecutive_failures"":0,""current_index"":0,""current_item"":{""alias"":""media-63e22e276f"",""duration_ms"":15100,""offset_ms"":0,""path_alias"":""<media-path:c406539999>"",""started_at_present"":true},""last_poll_error"":""null"",""last_render_error"":""null"",""mpv_running"":true,""next_item"":{""alias"":""media-b04db49d99"",""duration_ms"":15100,""path_alias"":""<media-path:2b030c3c41>""},""playback_state"":""playing"",""playlist_size"":9,""present"":true,""uptime_sec"":163}"
133	142.863	2026-07-10T19:58:25+0000	success		2	<media-path:c406539999>	<media-path:c406539999>	<filename:aaf3979e21>	7.1	15.069751	47.11425	false	false	false	213	v4l2request-copy	true	"{""aspect"":0.566038,""dh"":848,""dw"":480,""h"":848,""par"":1.0,""pixelformat"":""nv12"",""rotate"":0,""stereo-in"":""mono"",""w"":480}"	"{""duration"":""success"",""eof-reached"":""success"",""estimated-frame-number"":""success"",""filename"":""success"",""hwdec-current"":""success"",""idle-active"":""success"",""path"":""success"",""pause"":""success"",""percent-pos"":""success"",""time-pos"":""success"",""video-params"":""success"",""vo-configured"":""success""}"	true	playing	media-63e22e276f	<media-path:c406539999>	15100	0	true	"{""black_screen_risk_reason"":""null"",""blocked_media_count"":0,""consecutive_failures"":0,""current_index"":0,""current_item"":{""alias"":""media-63e22e276f"",""duration_ms"":15100,""offset_ms"":0,""path_alias"":""<media-path:c406539999>"",""started_at_present"":true},""last_poll_error"":""null"",""last_render_error"":""null"",""mpv_running"":true,""next_item"":{""alias"":""media-b04db49d99"",""duration_ms"":15100,""path_alias"":""<media-path:2b030c3c41>""},""playback_state"":""playing"",""playlist_size"":9,""present"":true,""uptime_sec"":163}"
134	143.867	2026-07-10T19:58:26+0000	success		2	<media-path:c406539999>	<media-path:c406539999>	<filename:aaf3979e21>	8.1	15.069751	53.75006	false	false	false	243	v4l2request-copy	true	"{""aspect"":0.566038,""dh"":848,""dw"":480,""h"":848,""par"":1.0,""pixelformat"":""nv12"",""rotate"":0,""stereo-in"":""mono"",""w"":480}"	"{""duration"":""success"",""eof-reached"":""success"",""estimated-frame-number"":""success"",""filename"":""success"",""hwdec-current"":""success"",""idle-active"":""success"",""path"":""success"",""pause"":""success"",""percent-pos"":""success"",""time-pos"":""success"",""video-params"":""success"",""vo-configured"":""success""}"	true	playing	media-63e22e276f	<media-path:c406539999>	15100	0	true	"{""black_screen_risk_reason"":""null"",""blocked_media_count"":0,""consecutive_failures"":0,""current_index"":0,""current_item"":{""alias"":""media-63e22e276f"",""duration_ms"":15100,""offset_ms"":0,""path_alias"":""<media-path:c406539999>"",""started_at_present"":true},""last_poll_error"":""null"",""last_render_error"":""null"",""mpv_running"":true,""next_item"":{""alias"":""media-b04db49d99"",""duration_ms"":15100,""path_alias"":""<media-path:2b030c3c41>""},""playback_state"":""playing"",""playlist_size"":9,""present"":true,""uptime_sec"":163}"
135	144.872	2026-07-10T19:58:27+0000	success		9	<media-path:c406539999>	<media-path:c406539999>	<filename:aaf3979e21>	9.1	15.069751	60.38587	false	false	false	273	v4l2request-copy	true	"{""aspect"":0.566038,""dh"":848,""dw"":480,""h"":848,""par"":1.0,""pixelformat"":""nv12"",""rotate"":0,""stereo-in"":""mono"",""w"":480}"	"{""duration"":""success"",""eof-reached"":""success"",""estimated-frame-number"":""success"",""filename"":""success"",""hwdec-current"":""success"",""idle-active"":""success"",""path"":""success"",""pause"":""success"",""percent-pos"":""success"",""time-pos"":""success"",""video-params"":""success"",""vo-configured"":""success""}"	true	playing	media-63e22e276f	<media-path:c406539999>	15100	0	true	"{""black_screen_risk_reason"":""null"",""blocked_media_count"":0,""consecutive_failures"":0,""current_index"":0,""current_item"":{""alias"":""media-63e22e276f"",""duration_ms"":15100,""offset_ms"":0,""path_alias"":""<media-path:c406539999>"",""started_at_present"":true},""last_poll_error"":""null"",""last_render_error"":""null"",""mpv_running"":true,""next_item"":{""alias"":""media-b04db49d99"",""duration_ms"":15100,""path_alias"":""<media-path:2b030c3c41>""},""playback_state"":""playing"",""playlist_size"":9,""present"":true,""uptime_sec"":163}"
136	145.885	2026-07-10T19:58:28+0000	success		2	<media-path:c406539999>	<media-path:c406539999>	<filename:aaf3979e21>	10.133333	15.069751	67.242874	false	false	false	304	v4l2request-copy	true	"{""aspect"":0.566038,""dh"":848,""dw"":480,""h"":848,""par"":1.0,""pixelformat"":""nv12"",""rotate"":0,""stereo-in"":""mono"",""w"":480}"	"{""duration"":""success"",""eof-reached"":""success"",""estimated-frame-number"":""success"",""filename"":""success"",""hwdec-current"":""success"",""idle-active"":""success"",""path"":""success"",""pause"":""success"",""percent-pos"":""success"",""time-pos"":""success"",""video-params"":""success"",""vo-configured"":""success""}"	true	playing	media-63e22e276f	<media-path:c406539999>	15100	0	true	"{""black_screen_risk_reason"":""null"",""blocked_media_count"":0,""consecutive_failures"":0,""current_index"":0,""current_item"":{""alias"":""media-63e22e276f"",""duration_ms"":15100,""offset_ms"":0,""path_alias"":""<media-path:c406539999>"",""started_at_present"":true},""last_poll_error"":""null"",""last_render_error"":""null"",""mpv_running"":true,""next_item"":{""alias"":""media-b04db49d99"",""duration_ms"":15100,""path_alias"":""<media-path:2b030c3c41>""},""playback_state"":""playing"",""playlist_size"":9,""present"":true,""uptime_sec"":168}"
137	146.890	2026-07-10T19:58:29+0000	success		2	<media-path:c406539999>	<media-path:c406539999>	<filename:aaf3979e21>	11.133333	15.069751	73.878684	false	false	false	334	v4l2request-copy	true	"{""aspect"":0.566038,""dh"":848,""dw"":480,""h"":848,""par"":1.0,""pixelformat"":""nv12"",""rotate"":0,""stereo-in"":""mono"",""w"":480}"	"{""duration"":""success"",""eof-reached"":""success"",""estimated-frame-number"":""success"",""filename"":""success"",""hwdec-current"":""success"",""idle-active"":""success"",""path"":""success"",""pause"":""success"",""percent-pos"":""success"",""time-pos"":""success"",""video-params"":""success"",""vo-configured"":""success""}"	true	playing	media-63e22e276f	<media-path:c406539999>	15100	0	true	"{""black_screen_risk_reason"":""null"",""blocked_media_count"":0,""consecutive_failures"":0,""current_index"":0,""current_item"":{""alias"":""media-63e22e276f"",""duration_ms"":15100,""offset_ms"":0,""path_alias"":""<media-path:c406539999>"",""started_at_present"":true},""last_poll_error"":""null"",""last_render_error"":""null"",""mpv_running"":true,""next_item"":{""alias"":""media-b04db49d99"",""duration_ms"":15100,""path_alias"":""<media-path:2b030c3c41>""},""playback_state"":""playing"",""playlist_size"":9,""present"":true,""uptime_sec"":168}"
138	147.894	2026-07-10T19:58:30+0000	success		2	<media-path:c406539999>	<media-path:c406539999>	<filename:aaf3979e21>	12.133333	15.069751	80.514493	false	false	false	364	v4l2request-copy	true	"{""aspect"":0.566038,""dh"":848,""dw"":480,""h"":848,""par"":1.0,""pixelformat"":""nv12"",""rotate"":0,""stereo-in"":""mono"",""w"":480}"	"{""duration"":""success"",""eof-reached"":""success"",""estimated-frame-number"":""success"",""filename"":""success"",""hwdec-current"":""success"",""idle-active"":""success"",""path"":""success"",""pause"":""success"",""percent-pos"":""success"",""time-pos"":""success"",""video-params"":""success"",""vo-configured"":""success""}"	true	playing	media-63e22e276f	<media-path:c406539999>	15100	0	true	"{""black_screen_risk_reason"":""null"",""blocked_media_count"":0,""consecutive_failures"":0,""current_index"":0,""current_item"":{""alias"":""media-63e22e276f"",""duration_ms"":15100,""offset_ms"":0,""path_alias"":""<media-path:c406539999>"",""started_at_present"":true},""last_poll_error"":""null"",""last_render_error"":""null"",""mpv_running"":true,""next_item"":{""alias"":""media-b04db49d99"",""duration_ms"":15100,""path_alias"":""<media-path:2b030c3c41>""},""playback_state"":""playing"",""playlist_size"":9,""present"":true,""uptime_sec"":168}"
139	148.898	2026-07-10T19:58:31+0000	success		2	<media-path:c406539999>	<media-path:c406539999>	<filename:aaf3979e21>	13.133333	15.069751	87.150303	false	false	false	394	v4l2request-copy	true	"{""aspect"":0.566038,""dh"":848,""dw"":480,""h"":848,""par"":1.0,""pixelformat"":""nv12"",""rotate"":0,""stereo-in"":""mono"",""w"":480}"	"{""duration"":""success"",""eof-reached"":""success"",""estimated-frame-number"":""success"",""filename"":""success"",""hwdec-current"":""success"",""idle-active"":""success"",""path"":""success"",""pause"":""success"",""percent-pos"":""success"",""time-pos"":""success"",""video-params"":""success"",""vo-configured"":""success""}"	true	playing	media-63e22e276f	<media-path:c406539999>	15100	0	true	"{""black_screen_risk_reason"":""null"",""blocked_media_count"":0,""consecutive_failures"":0,""current_index"":0,""current_item"":{""alias"":""media-63e22e276f"",""duration_ms"":15100,""offset_ms"":0,""path_alias"":""<media-path:c406539999>"",""started_at_present"":true},""last_poll_error"":""null"",""last_render_error"":""null"",""mpv_running"":true,""next_item"":{""alias"":""media-b04db49d99"",""duration_ms"":15100,""path_alias"":""<media-path:2b030c3c41>""},""playback_state"":""playing"",""playlist_size"":9,""present"":true,""uptime_sec"":168}"
140	149.903	2026-07-10T19:58:32+0000	success		9	<media-path:c406539999>	<media-path:c406539999>	<filename:aaf3979e21>	14.133333	15.069751	93.786113	false	false	false	424	v4l2request-copy	true	"{""aspect"":0.566038,""dh"":848,""dw"":480,""h"":848,""par"":1.0,""pixelformat"":""nv12"",""rotate"":0,""stereo-in"":""mono"",""w"":480}"	"{""duration"":""success"",""eof-reached"":""success"",""estimated-frame-number"":""success"",""filename"":""success"",""hwdec-current"":""success"",""idle-active"":""success"",""path"":""success"",""pause"":""success"",""percent-pos"":""success"",""time-pos"":""success"",""video-params"":""success"",""vo-configured"":""success""}"	true	playing	media-63e22e276f	<media-path:c406539999>	15100	0	true	"{""black_screen_risk_reason"":""null"",""blocked_media_count"":0,""consecutive_failures"":0,""current_index"":0,""current_item"":{""alias"":""media-63e22e276f"",""duration_ms"":15100,""offset_ms"":0,""path_alias"":""<media-path:c406539999>"",""started_at_present"":true},""last_poll_error"":""null"",""last_render_error"":""null"",""mpv_running"":true,""next_item"":{""alias"":""media-b04db49d99"",""duration_ms"":15100,""path_alias"":""<media-path:2b030c3c41>""},""playback_state"":""playing"",""playlist_size"":9,""present"":true,""uptime_sec"":168}"
141	150.915	2026-07-10T19:58:34+0000	success		15	<media-path:c406539999>	<media-path:c406539999>	<filename:aaf3979e21>	0.066667	15.069751	0.442387	false	false	false	2	v4l2request-copy	true	"{""aspect"":0.566038,""dh"":848,""dw"":480,""h"":848,""par"":1.0,""pixelformat"":""nv12"",""rotate"":0,""stereo-in"":""mono"",""w"":480}"	"{""duration"":""success"",""eof-reached"":""success"",""estimated-frame-number"":""success"",""filename"":""success"",""hwdec-current"":""success"",""idle-active"":""success"",""path"":""success"",""pause"":""success"",""percent-pos"":""success"",""time-pos"":""success"",""video-params"":""success"",""vo-configured"":""success""}"	true	playing	media-63e22e276f	<media-path:c406539999>	15100	0	true	"{""black_screen_risk_reason"":""null"",""blocked_media_count"":0,""consecutive_failures"":0,""current_index"":0,""current_item"":{""alias"":""media-63e22e276f"",""duration_ms"":15100,""offset_ms"":0,""path_alias"":""<media-path:c406539999>"",""started_at_present"":true},""last_poll_error"":""null"",""last_render_error"":""null"",""mpv_running"":true,""next_item"":{""alias"":""media-b04db49d99"",""duration_ms"":15100,""path_alias"":""<media-path:2b030c3c41>""},""playback_state"":""playing"",""playlist_size"":9,""present"":true,""uptime_sec"":173}"
142	151.933	2026-07-10T19:58:35+0000	success		2	<media-path:2b030c3c41>	<media-path:2b030c3c41>	<filename:c617160627>	0.9	15.1	5.960265	false	false	false	27	v4l2request-copy	true	"{""aspect"":0.566038,""dh"":848,""dw"":480,""h"":848,""par"":1.0,""pixelformat"":""nv12"",""rotate"":0,""stereo-in"":""mono"",""w"":480}"	"{""duration"":""success"",""eof-reached"":""success"",""estimated-frame-number"":""success"",""filename"":""success"",""hwdec-current"":""success"",""idle-active"":""success"",""path"":""success"",""pause"":""success"",""percent-pos"":""success"",""time-pos"":""success"",""video-params"":""success"",""vo-configured"":""success""}"	true	playing	media-63e22e276f	<media-path:c406539999>	15100	0	true	"{""black_screen_risk_reason"":""null"",""blocked_media_count"":0,""consecutive_failures"":0,""current_index"":0,""current_item"":{""alias"":""media-63e22e276f"",""duration_ms"":15100,""offset_ms"":0,""path_alias"":""<media-path:c406539999>"",""started_at_present"":true},""last_poll_error"":""null"",""last_render_error"":""null"",""mpv_running"":true,""next_item"":{""alias"":""media-b04db49d99"",""duration_ms"":15100,""path_alias"":""<media-path:2b030c3c41>""},""playback_state"":""playing"",""playlist_size"":9,""present"":true,""uptime_sec"":173}"
143	152.938	2026-07-10T19:58:36+0000	success		2	<media-path:2b030c3c41>	<media-path:2b030c3c41>	<filename:c617160627>	1.9	15.1	12.582781	false	false	false	57	v4l2request-copy	true	"{""aspect"":0.566038,""dh"":848,""dw"":480,""h"":848,""par"":1.0,""pixelformat"":""nv12"",""rotate"":0,""stereo-in"":""mono"",""w"":480}"	"{""duration"":""success"",""eof-reached"":""success"",""estimated-frame-number"":""success"",""filename"":""success"",""hwdec-current"":""success"",""idle-active"":""success"",""path"":""success"",""pause"":""success"",""percent-pos"":""success"",""time-pos"":""success"",""video-params"":""success"",""vo-configured"":""success""}"	true	playing	media-63e22e276f	<media-path:c406539999>	15100	0	true	"{""black_screen_risk_reason"":""null"",""blocked_media_count"":0,""consecutive_failures"":0,""current_index"":0,""current_item"":{""alias"":""media-63e22e276f"",""duration_ms"":15100,""offset_ms"":0,""path_alias"":""<media-path:c406539999>"",""started_at_present"":true},""last_poll_error"":""null"",""last_render_error"":""null"",""mpv_running"":true,""next_item"":{""alias"":""media-b04db49d99"",""duration_ms"":15100,""path_alias"":""<media-path:2b030c3c41>""},""playback_state"":""playing"",""playlist_size"":9,""present"":true,""uptime_sec"":173}"
144	153.943	2026-07-10T19:58:37+0000	success		2	<media-path:2b030c3c41>	<media-path:2b030c3c41>	<filename:c617160627>	2.9	15.1	19.205298	false	false	false	87	v4l2request-copy	true	"{""aspect"":0.566038,""dh"":848,""dw"":480,""h"":848,""par"":1.0,""pixelformat"":""nv12"",""rotate"":0,""stereo-in"":""mono"",""w"":480}"	"{""duration"":""success"",""eof-reached"":""success"",""estimated-frame-number"":""success"",""filename"":""success"",""hwdec-current"":""success"",""idle-active"":""success"",""path"":""success"",""pause"":""success"",""percent-pos"":""success"",""time-pos"":""success"",""video-params"":""success"",""vo-configured"":""success""}"	true	playing	media-63e22e276f	<media-path:c406539999>	15100	0	true	"{""black_screen_risk_reason"":""null"",""blocked_media_count"":0,""consecutive_failures"":0,""current_index"":0,""current_item"":{""alias"":""media-63e22e276f"",""duration_ms"":15100,""offset_ms"":0,""path_alias"":""<media-path:c406539999>"",""started_at_present"":true},""last_poll_error"":""null"",""last_render_error"":""null"",""mpv_running"":true,""next_item"":{""alias"":""media-b04db49d99"",""duration_ms"":15100,""path_alias"":""<media-path:2b030c3c41>""},""playback_state"":""playing"",""playlist_size"":9,""present"":true,""uptime_sec"":173}"
145	154.947	2026-07-10T19:58:38+0000	success		11	<media-path:2b030c3c41>	<media-path:2b030c3c41>	<filename:c617160627>	3.9	15.1	25.827815	false	false	false	117	v4l2request-copy	true	"{""aspect"":0.566038,""dh"":848,""dw"":480,""h"":848,""par"":1.0,""pixelformat"":""nv12"",""rotate"":0,""stereo-in"":""mono"",""w"":480}"	"{""duration"":""success"",""eof-reached"":""success"",""estimated-frame-number"":""success"",""filename"":""success"",""hwdec-current"":""success"",""idle-active"":""success"",""path"":""success"",""pause"":""success"",""percent-pos"":""success"",""time-pos"":""success"",""video-params"":""success"",""vo-configured"":""success""}"	true	playing	media-63e22e276f	<media-path:c406539999>	15100	0	true	"{""black_screen_risk_reason"":""null"",""blocked_media_count"":0,""consecutive_failures"":0,""current_index"":0,""current_item"":{""alias"":""media-63e22e276f"",""duration_ms"":15100,""offset_ms"":0,""path_alias"":""<media-path:c406539999>"",""started_at_present"":true},""last_poll_error"":""null"",""last_render_error"":""null"",""mpv_running"":true,""next_item"":{""alias"":""media-b04db49d99"",""duration_ms"":15100,""path_alias"":""<media-path:2b030c3c41>""},""playback_state"":""playing"",""playlist_size"":9,""present"":true,""uptime_sec"":173}"
146	155.961	2026-07-10T19:58:39+0000	success		2	<media-path:2b030c3c41>	<media-path:2b030c3c41>	<filename:c617160627>	4.9	15.1	32.450331	false	false	false	147	v4l2request-copy	true	"{""aspect"":0.566038,""dh"":848,""dw"":480,""h"":848,""par"":1.0,""pixelformat"":""nv12"",""rotate"":0,""stereo-in"":""mono"",""w"":480}"	"{""duration"":""success"",""eof-reached"":""success"",""estimated-frame-number"":""success"",""filename"":""success"",""hwdec-current"":""success"",""idle-active"":""success"",""path"":""success"",""pause"":""success"",""percent-pos"":""success"",""time-pos"":""success"",""video-params"":""success"",""vo-configured"":""success""}"	true	playing	media-b04db49d99	<media-path:2b030c3c41>	15100	1	true	"{""black_screen_risk_reason"":""null"",""blocked_media_count"":0,""consecutive_failures"":0,""current_index"":1,""current_item"":{""alias"":""media-b04db49d99"",""duration_ms"":15100,""offset_ms"":0,""path_alias"":""<media-path:2b030c3c41>"",""started_at_present"":true},""last_poll_error"":""null"",""last_render_error"":""null"",""mpv_running"":true,""next_item"":{""alias"":""media-8ffdc1f445"",""duration_ms"":14000,""path_alias"":""<media-path:fee4d36eb4>""},""playback_state"":""playing"",""playlist_size"":9,""present"":true,""uptime_sec"":178}"
147	156.965	2026-07-10T19:58:40+0000	success		2	<media-path:2b030c3c41>	<media-path:2b030c3c41>	<filename:c617160627>	5.933333	15.1	39.293598	false	false	false	178	v4l2request-copy	true	"{""aspect"":0.566038,""dh"":848,""dw"":480,""h"":848,""par"":1.0,""pixelformat"":""nv12"",""rotate"":0,""stereo-in"":""mono"",""w"":480}"	"{""duration"":""success"",""eof-reached"":""success"",""estimated-frame-number"":""success"",""filename"":""success"",""hwdec-current"":""success"",""idle-active"":""success"",""path"":""success"",""pause"":""success"",""percent-pos"":""success"",""time-pos"":""success"",""video-params"":""success"",""vo-configured"":""success""}"	true	playing	media-b04db49d99	<media-path:2b030c3c41>	15100	1	true	"{""black_screen_risk_reason"":""null"",""blocked_media_count"":0,""consecutive_failures"":0,""current_index"":1,""current_item"":{""alias"":""media-b04db49d99"",""duration_ms"":15100,""offset_ms"":0,""path_alias"":""<media-path:2b030c3c41>"",""started_at_present"":true},""last_poll_error"":""null"",""last_render_error"":""null"",""mpv_running"":true,""next_item"":{""alias"":""media-8ffdc1f445"",""duration_ms"":14000,""path_alias"":""<media-path:fee4d36eb4>""},""playback_state"":""playing"",""playlist_size"":9,""present"":true,""uptime_sec"":178}"
148	157.970	2026-07-10T19:58:41+0000	success		2	<media-path:2b030c3c41>	<media-path:2b030c3c41>	<filename:c617160627>	6.933333	15.1	45.916115	false	false	false	208	v4l2request-copy	true	"{""aspect"":0.566038,""dh"":848,""dw"":480,""h"":848,""par"":1.0,""pixelformat"":""nv12"",""rotate"":0,""stereo-in"":""mono"",""w"":480}"	"{""duration"":""success"",""eof-reached"":""success"",""estimated-frame-number"":""success"",""filename"":""success"",""hwdec-current"":""success"",""idle-active"":""success"",""path"":""success"",""pause"":""success"",""percent-pos"":""success"",""time-pos"":""success"",""video-params"":""success"",""vo-configured"":""success""}"	true	playing	media-b04db49d99	<media-path:2b030c3c41>	15100	1	true	"{""black_screen_risk_reason"":""null"",""blocked_media_count"":0,""consecutive_failures"":0,""current_index"":1,""current_item"":{""alias"":""media-b04db49d99"",""duration_ms"":15100,""offset_ms"":0,""path_alias"":""<media-path:2b030c3c41>"",""started_at_present"":true},""last_poll_error"":""null"",""last_render_error"":""null"",""mpv_running"":true,""next_item"":{""alias"":""media-8ffdc1f445"",""duration_ms"":14000,""path_alias"":""<media-path:fee4d36eb4>""},""playback_state"":""playing"",""playlist_size"":9,""present"":true,""uptime_sec"":178}"
149	158.974	2026-07-10T19:58:42+0000	success		2	<media-path:2b030c3c41>	<media-path:2b030c3c41>	<filename:c617160627>	7.933333	15.1	52.538631	false	false	false	238	v4l2request-copy	true	"{""aspect"":0.566038,""dh"":848,""dw"":480,""h"":848,""par"":1.0,""pixelformat"":""nv12"",""rotate"":0,""stereo-in"":""mono"",""w"":480}"	"{""duration"":""success"",""eof-reached"":""success"",""estimated-frame-number"":""success"",""filename"":""success"",""hwdec-current"":""success"",""idle-active"":""success"",""path"":""success"",""pause"":""success"",""percent-pos"":""success"",""time-pos"":""success"",""video-params"":""success"",""vo-configured"":""success""}"	true	playing	media-b04db49d99	<media-path:2b030c3c41>	15100	1	true	"{""black_screen_risk_reason"":""null"",""blocked_media_count"":0,""consecutive_failures"":0,""current_index"":1,""current_item"":{""alias"":""media-b04db49d99"",""duration_ms"":15100,""offset_ms"":0,""path_alias"":""<media-path:2b030c3c41>"",""started_at_present"":true},""last_poll_error"":""null"",""last_render_error"":""null"",""mpv_running"":true,""next_item"":{""alias"":""media-8ffdc1f445"",""duration_ms"":14000,""path_alias"":""<media-path:fee4d36eb4>""},""playback_state"":""playing"",""playlist_size"":9,""present"":true,""uptime_sec"":178}"
150	159.978	2026-07-10T19:58:43+0000	success		2	<media-path:2b030c3c41>	<media-path:2b030c3c41>	<filename:c617160627>	8.933333	15.1	59.161148	false	false	false	268	v4l2request-copy	true	"{""aspect"":0.566038,""dh"":848,""dw"":480,""h"":848,""par"":1.0,""pixelformat"":""nv12"",""rotate"":0,""stereo-in"":""mono"",""w"":480}"	"{""duration"":""success"",""eof-reached"":""success"",""estimated-frame-number"":""success"",""filename"":""success"",""hwdec-current"":""success"",""idle-active"":""success"",""path"":""success"",""pause"":""success"",""percent-pos"":""success"",""time-pos"":""success"",""video-params"":""success"",""vo-configured"":""success""}"	true	playing	media-b04db49d99	<media-path:2b030c3c41>	15100	1	true	"{""black_screen_risk_reason"":""null"",""blocked_media_count"":0,""consecutive_failures"":0,""current_index"":1,""current_item"":{""alias"":""media-b04db49d99"",""duration_ms"":15100,""offset_ms"":0,""path_alias"":""<media-path:2b030c3c41>"",""started_at_present"":true},""last_poll_error"":""null"",""last_render_error"":""null"",""mpv_running"":true,""next_item"":{""alias"":""media-8ffdc1f445"",""duration_ms"":14000,""path_alias"":""<media-path:fee4d36eb4>""},""playback_state"":""playing"",""playlist_size"":9,""present"":true,""uptime_sec"":178}"
151	160.983	2026-07-10T19:58:44+0000	success		8	<media-path:2b030c3c41>	<media-path:2b030c3c41>	<filename:c617160627>	9.933333	15.1	65.783664	false	false	false	298	v4l2request-copy	true	"{""aspect"":0.566038,""dh"":848,""dw"":480,""h"":848,""par"":1.0,""pixelformat"":""nv12"",""rotate"":0,""stereo-in"":""mono"",""w"":480}"	"{""duration"":""success"",""eof-reached"":""success"",""estimated-frame-number"":""success"",""filename"":""success"",""hwdec-current"":""success"",""idle-active"":""success"",""path"":""success"",""pause"":""success"",""percent-pos"":""success"",""time-pos"":""success"",""video-params"":""success"",""vo-configured"":""success""}"	true	playing	media-b04db49d99	<media-path:2b030c3c41>	15100	1	true	"{""black_screen_risk_reason"":""null"",""blocked_media_count"":0,""consecutive_failures"":0,""current_index"":1,""current_item"":{""alias"":""media-b04db49d99"",""duration_ms"":15100,""offset_ms"":0,""path_alias"":""<media-path:2b030c3c41>"",""started_at_present"":true},""last_poll_error"":""null"",""last_render_error"":""null"",""mpv_running"":true,""next_item"":{""alias"":""media-8ffdc1f445"",""duration_ms"":14000,""path_alias"":""<media-path:fee4d36eb4>""},""playback_state"":""playing"",""playlist_size"":9,""present"":true,""uptime_sec"":183}"
152	161.994	2026-07-10T19:58:45+0000	success		2	<media-path:2b030c3c41>	<media-path:2b030c3c41>	<filename:c617160627>	10.933333	15.1	72.406181	false	false	false	328	v4l2request-copy	true	"{""aspect"":0.566038,""dh"":848,""dw"":480,""h"":848,""par"":1.0,""pixelformat"":""nv12"",""rotate"":0,""stereo-in"":""mono"",""w"":480}"	"{""duration"":""success"",""eof-reached"":""success"",""estimated-frame-number"":""success"",""filename"":""success"",""hwdec-current"":""success"",""idle-active"":""success"",""path"":""success"",""pause"":""success"",""percent-pos"":""success"",""time-pos"":""success"",""video-params"":""success"",""vo-configured"":""success""}"	true	playing	media-b04db49d99	<media-path:2b030c3c41>	15100	1	true	"{""black_screen_risk_reason"":""null"",""blocked_media_count"":0,""consecutive_failures"":0,""current_index"":1,""current_item"":{""alias"":""media-b04db49d99"",""duration_ms"":15100,""offset_ms"":0,""path_alias"":""<media-path:2b030c3c41>"",""started_at_present"":true},""last_poll_error"":""null"",""last_render_error"":""null"",""mpv_running"":true,""next_item"":{""alias"":""media-8ffdc1f445"",""duration_ms"":14000,""path_alias"":""<media-path:fee4d36eb4>""},""playback_state"":""playing"",""playlist_size"":9,""present"":true,""uptime_sec"":183}"
153	162.999	2026-07-10T19:58:46+0000	success		2	<media-path:2b030c3c41>	<media-path:2b030c3c41>	<filename:c617160627>	11.966667	15.1	79.249448	false	false	false	359	v4l2request-copy	true	"{""aspect"":0.566038,""dh"":848,""dw"":480,""h"":848,""par"":1.0,""pixelformat"":""nv12"",""rotate"":0,""stereo-in"":""mono"",""w"":480}"	"{""duration"":""success"",""eof-reached"":""success"",""estimated-frame-number"":""success"",""filename"":""success"",""hwdec-current"":""success"",""idle-active"":""success"",""path"":""success"",""pause"":""success"",""percent-pos"":""success"",""time-pos"":""success"",""video-params"":""success"",""vo-configured"":""success""}"	true	playing	media-b04db49d99	<media-path:2b030c3c41>	15100	1	true	"{""black_screen_risk_reason"":""null"",""blocked_media_count"":0,""consecutive_failures"":0,""current_index"":1,""current_item"":{""alias"":""media-b04db49d99"",""duration_ms"":15100,""offset_ms"":0,""path_alias"":""<media-path:2b030c3c41>"",""started_at_present"":true},""last_poll_error"":""null"",""last_render_error"":""null"",""mpv_running"":true,""next_item"":{""alias"":""media-8ffdc1f445"",""duration_ms"":14000,""path_alias"":""<media-path:fee4d36eb4>""},""playback_state"":""playing"",""playlist_size"":9,""present"":true,""uptime_sec"":183}"
154	164.004	2026-07-10T19:58:47+0000	success		3	<media-path:2b030c3c41>	<media-path:2b030c3c41>	<filename:c617160627>	12.966667	15.1	85.871965	false	false	false	389	v4l2request-copy	true	"{""aspect"":0.566038,""dh"":848,""dw"":480,""h"":848,""par"":1.0,""pixelformat"":""nv12"",""rotate"":0,""stereo-in"":""mono"",""w"":480}"	"{""duration"":""success"",""eof-reached"":""success"",""estimated-frame-number"":""success"",""filename"":""success"",""hwdec-current"":""success"",""idle-active"":""success"",""path"":""success"",""pause"":""success"",""percent-pos"":""success"",""time-pos"":""success"",""video-params"":""success"",""vo-configured"":""success""}"	true	playing	media-b04db49d99	<media-path:2b030c3c41>	15100	1	true	"{""black_screen_risk_reason"":""null"",""blocked_media_count"":0,""consecutive_failures"":0,""current_index"":1,""current_item"":{""alias"":""media-b04db49d99"",""duration_ms"":15100,""offset_ms"":0,""path_alias"":""<media-path:2b030c3c41>"",""started_at_present"":true},""last_poll_error"":""null"",""last_render_error"":""null"",""mpv_running"":true,""next_item"":{""alias"":""media-8ffdc1f445"",""duration_ms"":14000,""path_alias"":""<media-path:fee4d36eb4>""},""playback_state"":""playing"",""playlist_size"":9,""present"":true,""uptime_sec"":183}"
155	165.010	2026-07-10T19:58:48+0000	success		2	<media-path:2b030c3c41>	<media-path:2b030c3c41>	<filename:c617160627>	13.966667	15.1	92.494481	false	false	false	419	v4l2request-copy	true	"{""aspect"":0.566038,""dh"":848,""dw"":480,""h"":848,""par"":1.0,""pixelformat"":""nv12"",""rotate"":0,""stereo-in"":""mono"",""w"":480}"	"{""duration"":""success"",""eof-reached"":""success"",""estimated-frame-number"":""success"",""filename"":""success"",""hwdec-current"":""success"",""idle-active"":""success"",""path"":""success"",""pause"":""success"",""percent-pos"":""success"",""time-pos"":""success"",""video-params"":""success"",""vo-configured"":""success""}"	true	playing	media-b04db49d99	<media-path:2b030c3c41>	15100	1	true	"{""black_screen_risk_reason"":""null"",""blocked_media_count"":0,""consecutive_failures"":0,""current_index"":1,""current_item"":{""alias"":""media-b04db49d99"",""duration_ms"":15100,""offset_ms"":0,""path_alias"":""<media-path:2b030c3c41>"",""started_at_present"":true},""last_poll_error"":""null"",""last_render_error"":""null"",""mpv_running"":true,""next_item"":{""alias"":""media-8ffdc1f445"",""duration_ms"":14000,""path_alias"":""<media-path:fee4d36eb4>""},""playback_state"":""playing"",""playlist_size"":9,""present"":true,""uptime_sec"":183}"
156	166.014	2026-07-10T19:58:49+0000	success		9	<media-path:2b030c3c41>	<media-path:2b030c3c41>	<filename:c617160627>	14.966667	15.1	99.116998	false	false	false	449	v4l2request-copy	true	"{""aspect"":0.566038,""dh"":848,""dw"":480,""h"":848,""par"":1.0,""pixelformat"":""nv12"",""rotate"":0,""stereo-in"":""mono"",""w"":480}"	"{""duration"":""success"",""eof-reached"":""success"",""estimated-frame-number"":""success"",""filename"":""success"",""hwdec-current"":""success"",""idle-active"":""success"",""path"":""success"",""pause"":""success"",""percent-pos"":""success"",""time-pos"":""success"",""video-params"":""success"",""vo-configured"":""success""}"	true	playing	media-b04db49d99	<media-path:2b030c3c41>	15100	1	true	"{""black_screen_risk_reason"":""null"",""blocked_media_count"":0,""consecutive_failures"":0,""current_index"":1,""current_item"":{""alias"":""media-b04db49d99"",""duration_ms"":15100,""offset_ms"":0,""path_alias"":""<media-path:2b030c3c41>"",""started_at_present"":true},""last_poll_error"":""null"",""last_render_error"":""null"",""mpv_running"":true,""next_item"":{""alias"":""media-8ffdc1f445"",""duration_ms"":14000,""path_alias"":""<media-path:fee4d36eb4>""},""playback_state"":""playing"",""playlist_size"":9,""present"":true,""uptime_sec"":188}"
157	167.026	2026-07-10T19:58:50+0000	success		6	<media-path:fee4d36eb4>	<media-path:fee4d36eb4>	<filename:8ba6df5956>	0.666667	14	4.761905	false	false	false	20	v4l2request-copy	true	"{""aspect"":0.557692,""dh"":832,""dw"":464,""h"":832,""par"":1.0,""pixelformat"":""nv12"",""rotate"":0,""stereo-in"":""mono"",""w"":464}"	"{""duration"":""success"",""eof-reached"":""success"",""estimated-frame-number"":""success"",""filename"":""success"",""hwdec-current"":""success"",""idle-active"":""success"",""path"":""success"",""pause"":""success"",""percent-pos"":""success"",""time-pos"":""success"",""video-params"":""success"",""vo-configured"":""success""}"	true	playing	media-b04db49d99	<media-path:2b030c3c41>	15100	1	true	"{""black_screen_risk_reason"":""null"",""blocked_media_count"":0,""consecutive_failures"":0,""current_index"":1,""current_item"":{""alias"":""media-b04db49d99"",""duration_ms"":15100,""offset_ms"":0,""path_alias"":""<media-path:2b030c3c41>"",""started_at_present"":true},""last_poll_error"":""null"",""last_render_error"":""null"",""mpv_running"":true,""next_item"":{""alias"":""media-8ffdc1f445"",""duration_ms"":14000,""path_alias"":""<media-path:fee4d36eb4>""},""playback_state"":""playing"",""playlist_size"":9,""present"":true,""uptime_sec"":188}"
158	168.034	2026-07-10T19:58:51+0000	success		4	<media-path:fee4d36eb4>	<media-path:fee4d36eb4>	<filename:8ba6df5956>	1.666667	14	11.904762	false	false	false	50	v4l2request-copy	true	"{""aspect"":0.557692,""dh"":832,""dw"":464,""h"":832,""par"":1.0,""pixelformat"":""nv12"",""rotate"":0,""stereo-in"":""mono"",""w"":464}"	"{""duration"":""success"",""eof-reached"":""success"",""estimated-frame-number"":""success"",""filename"":""success"",""hwdec-current"":""success"",""idle-active"":""success"",""path"":""success"",""pause"":""success"",""percent-pos"":""success"",""time-pos"":""success"",""video-params"":""success"",""vo-configured"":""success""}"	true	playing	media-b04db49d99	<media-path:2b030c3c41>	15100	1	true	"{""black_screen_risk_reason"":""null"",""blocked_media_count"":0,""consecutive_failures"":0,""current_index"":1,""current_item"":{""alias"":""media-b04db49d99"",""duration_ms"":15100,""offset_ms"":0,""path_alias"":""<media-path:2b030c3c41>"",""started_at_present"":true},""last_poll_error"":""null"",""last_render_error"":""null"",""mpv_running"":true,""next_item"":{""alias"":""media-8ffdc1f445"",""duration_ms"":14000,""path_alias"":""<media-path:fee4d36eb4>""},""playback_state"":""playing"",""playlist_size"":9,""present"":true,""uptime_sec"":188}"
159	169.041	2026-07-10T19:58:52+0000	success		2	<media-path:fee4d36eb4>	<media-path:fee4d36eb4>	<filename:8ba6df5956>	2.666667	14	19.047619	false	false	false	80	v4l2request-copy	true	"{""aspect"":0.557692,""dh"":832,""dw"":464,""h"":832,""par"":1.0,""pixelformat"":""nv12"",""rotate"":0,""stereo-in"":""mono"",""w"":464}"	"{""duration"":""success"",""eof-reached"":""success"",""estimated-frame-number"":""success"",""filename"":""success"",""hwdec-current"":""success"",""idle-active"":""success"",""path"":""success"",""pause"":""success"",""percent-pos"":""success"",""time-pos"":""success"",""video-params"":""success"",""vo-configured"":""success""}"	true	playing	media-b04db49d99	<media-path:2b030c3c41>	15100	1	true	"{""black_screen_risk_reason"":""null"",""blocked_media_count"":0,""consecutive_failures"":0,""current_index"":1,""current_item"":{""alias"":""media-b04db49d99"",""duration_ms"":15100,""offset_ms"":0,""path_alias"":""<media-path:2b030c3c41>"",""started_at_present"":true},""last_poll_error"":""null"",""last_render_error"":""null"",""mpv_running"":true,""next_item"":{""alias"":""media-8ffdc1f445"",""duration_ms"":14000,""path_alias"":""<media-path:fee4d36eb4>""},""playback_state"":""playing"",""playlist_size"":9,""present"":true,""uptime_sec"":188}"
160	170.045	2026-07-10T19:58:53+0000	success		2	<media-path:fee4d36eb4>	<media-path:fee4d36eb4>	<filename:8ba6df5956>	3.666667	14	26.190476	false	false	false	110	v4l2request-copy	true	"{""aspect"":0.557692,""dh"":832,""dw"":464,""h"":832,""par"":1.0,""pixelformat"":""nv12"",""rotate"":0,""stereo-in"":""mono"",""w"":464}"	"{""duration"":""success"",""eof-reached"":""success"",""estimated-frame-number"":""success"",""filename"":""success"",""hwdec-current"":""success"",""idle-active"":""success"",""path"":""success"",""pause"":""success"",""percent-pos"":""success"",""time-pos"":""success"",""video-params"":""success"",""vo-configured"":""success""}"	true	playing	media-b04db49d99	<media-path:2b030c3c41>	15100	1	true	"{""black_screen_risk_reason"":""null"",""blocked_media_count"":0,""consecutive_failures"":0,""current_index"":1,""current_item"":{""alias"":""media-b04db49d99"",""duration_ms"":15100,""offset_ms"":0,""path_alias"":""<media-path:2b030c3c41>"",""started_at_present"":true},""last_poll_error"":""null"",""last_render_error"":""null"",""mpv_running"":true,""next_item"":{""alias"":""media-8ffdc1f445"",""duration_ms"":14000,""path_alias"":""<media-path:fee4d36eb4>""},""playback_state"":""playing"",""playlist_size"":9,""present"":true,""uptime_sec"":188}"
161	171.049	2026-07-10T19:58:54+0000	success		3	<media-path:fee4d36eb4>	<media-path:fee4d36eb4>	<filename:8ba6df5956>	4.666667	14	33.333333	false	false	false	140	v4l2request-copy	true	"{""aspect"":0.557692,""dh"":832,""dw"":464,""h"":832,""par"":1.0,""pixelformat"":""nv12"",""rotate"":0,""stereo-in"":""mono"",""w"":464}"	"{""duration"":""success"",""eof-reached"":""success"",""estimated-frame-number"":""success"",""filename"":""success"",""hwdec-current"":""success"",""idle-active"":""success"",""path"":""success"",""pause"":""success"",""percent-pos"":""success"",""time-pos"":""success"",""video-params"":""success"",""vo-configured"":""success""}"	true	playing	media-8ffdc1f445	<media-path:fee4d36eb4>	14000	2	true	"{""black_screen_risk_reason"":""null"",""blocked_media_count"":0,""consecutive_failures"":0,""current_index"":2,""current_item"":{""alias"":""media-8ffdc1f445"",""duration_ms"":14000,""offset_ms"":0,""path_alias"":""<media-path:fee4d36eb4>"",""started_at_present"":true},""last_poll_error"":""null"",""last_render_error"":""null"",""mpv_running"":true,""next_item"":{""alias"":""media-907addee8b"",""duration_ms"":30800,""path_alias"":""<media-path:c58db4e1cc>""},""playback_state"":""playing"",""playlist_size"":9,""present"":true,""uptime_sec"":193}"
162	172.055	2026-07-10T19:58:55+0000	success		2	<media-path:fee4d36eb4>	<media-path:fee4d36eb4>	<filename:8ba6df5956>	5.7	14	40.714286	false	false	false	171	v4l2request-copy	true	"{""aspect"":0.557692,""dh"":832,""dw"":464,""h"":832,""par"":1.0,""pixelformat"":""nv12"",""rotate"":0,""stereo-in"":""mono"",""w"":464}"	"{""duration"":""success"",""eof-reached"":""success"",""estimated-frame-number"":""success"",""filename"":""success"",""hwdec-current"":""success"",""idle-active"":""success"",""path"":""success"",""pause"":""success"",""percent-pos"":""success"",""time-pos"":""success"",""video-params"":""success"",""vo-configured"":""success""}"	true	playing	media-8ffdc1f445	<media-path:fee4d36eb4>	14000	2	true	"{""black_screen_risk_reason"":""null"",""blocked_media_count"":0,""consecutive_failures"":0,""current_index"":2,""current_item"":{""alias"":""media-8ffdc1f445"",""duration_ms"":14000,""offset_ms"":0,""path_alias"":""<media-path:fee4d36eb4>"",""started_at_present"":true},""last_poll_error"":""null"",""last_render_error"":""null"",""mpv_running"":true,""next_item"":{""alias"":""media-907addee8b"",""duration_ms"":30800,""path_alias"":""<media-path:c58db4e1cc>""},""playback_state"":""playing"",""playlist_size"":9,""present"":true,""uptime_sec"":193}"
163	173.060	2026-07-10T19:58:56+0000	success		2	<media-path:fee4d36eb4>	<media-path:fee4d36eb4>	<filename:8ba6df5956>	6.7	14	47.857143	false	false	false	201	v4l2request-copy	true	"{""aspect"":0.557692,""dh"":832,""dw"":464,""h"":832,""par"":1.0,""pixelformat"":""nv12"",""rotate"":0,""stereo-in"":""mono"",""w"":464}"	"{""duration"":""success"",""eof-reached"":""success"",""estimated-frame-number"":""success"",""filename"":""success"",""hwdec-current"":""success"",""idle-active"":""success"",""path"":""success"",""pause"":""success"",""percent-pos"":""success"",""time-pos"":""success"",""video-params"":""success"",""vo-configured"":""success""}"	true	playing	media-8ffdc1f445	<media-path:fee4d36eb4>	14000	2	true	"{""black_screen_risk_reason"":""null"",""blocked_media_count"":0,""consecutive_failures"":0,""current_index"":2,""current_item"":{""alias"":""media-8ffdc1f445"",""duration_ms"":14000,""offset_ms"":0,""path_alias"":""<media-path:fee4d36eb4>"",""started_at_present"":true},""last_poll_error"":""null"",""last_render_error"":""null"",""mpv_running"":true,""next_item"":{""alias"":""media-907addee8b"",""duration_ms"":30800,""path_alias"":""<media-path:c58db4e1cc>""},""playback_state"":""playing"",""playlist_size"":9,""present"":true,""uptime_sec"":193}"
164	174.064	2026-07-10T19:58:57+0000	success		2	<media-path:fee4d36eb4>	<media-path:fee4d36eb4>	<filename:8ba6df5956>	7.7	14	55	false	false	false	231	v4l2request-copy	true	"{""aspect"":0.557692,""dh"":832,""dw"":464,""h"":832,""par"":1.0,""pixelformat"":""nv12"",""rotate"":0,""stereo-in"":""mono"",""w"":464}"	"{""duration"":""success"",""eof-reached"":""success"",""estimated-frame-number"":""success"",""filename"":""success"",""hwdec-current"":""success"",""idle-active"":""success"",""path"":""success"",""pause"":""success"",""percent-pos"":""success"",""time-pos"":""success"",""video-params"":""success"",""vo-configured"":""success""}"	true	playing	media-8ffdc1f445	<media-path:fee4d36eb4>	14000	2	true	"{""black_screen_risk_reason"":""null"",""blocked_media_count"":0,""consecutive_failures"":0,""current_index"":2,""current_item"":{""alias"":""media-8ffdc1f445"",""duration_ms"":14000,""offset_ms"":0,""path_alias"":""<media-path:fee4d36eb4>"",""started_at_present"":true},""last_poll_error"":""null"",""last_render_error"":""null"",""mpv_running"":true,""next_item"":{""alias"":""media-907addee8b"",""duration_ms"":30800,""path_alias"":""<media-path:c58db4e1cc>""},""playback_state"":""playing"",""playlist_size"":9,""present"":true,""uptime_sec"":193}"
165	175.068	2026-07-10T19:58:58+0000	success		2	<media-path:fee4d36eb4>	<media-path:fee4d36eb4>	<filename:8ba6df5956>	8.7	14	62.142857	false	false	false	261	v4l2request-copy	true	"{""aspect"":0.557692,""dh"":832,""dw"":464,""h"":832,""par"":1.0,""pixelformat"":""nv12"",""rotate"":0,""stereo-in"":""mono"",""w"":464}"	"{""duration"":""success"",""eof-reached"":""success"",""estimated-frame-number"":""success"",""filename"":""success"",""hwdec-current"":""success"",""idle-active"":""success"",""path"":""success"",""pause"":""success"",""percent-pos"":""success"",""time-pos"":""success"",""video-params"":""success"",""vo-configured"":""success""}"	true	playing	media-8ffdc1f445	<media-path:fee4d36eb4>	14000	2	true	"{""black_screen_risk_reason"":""null"",""blocked_media_count"":0,""consecutive_failures"":0,""current_index"":2,""current_item"":{""alias"":""media-8ffdc1f445"",""duration_ms"":14000,""offset_ms"":0,""path_alias"":""<media-path:fee4d36eb4>"",""started_at_present"":true},""last_poll_error"":""null"",""last_render_error"":""null"",""mpv_running"":true,""next_item"":{""alias"":""media-907addee8b"",""duration_ms"":30800,""path_alias"":""<media-path:c58db4e1cc>""},""playback_state"":""playing"",""playlist_size"":9,""present"":true,""uptime_sec"":193}"
166	176.074	2026-07-10T19:58:59+0000	success		7	<media-path:fee4d36eb4>	<media-path:fee4d36eb4>	<filename:8ba6df5956>	9.7	14	69.285714	false	false	false	291	v4l2request-copy	true	"{""aspect"":0.557692,""dh"":832,""dw"":464,""h"":832,""par"":1.0,""pixelformat"":""nv12"",""rotate"":0,""stereo-in"":""mono"",""w"":464}"	"{""duration"":""success"",""eof-reached"":""success"",""estimated-frame-number"":""success"",""filename"":""success"",""hwdec-current"":""success"",""idle-active"":""success"",""path"":""success"",""pause"":""success"",""percent-pos"":""success"",""time-pos"":""success"",""video-params"":""success"",""vo-configured"":""success""}"	true	playing	media-8ffdc1f445	<media-path:fee4d36eb4>	14000	2	true	"{""black_screen_risk_reason"":""null"",""blocked_media_count"":0,""consecutive_failures"":0,""current_index"":2,""current_item"":{""alias"":""media-8ffdc1f445"",""duration_ms"":14000,""offset_ms"":0,""path_alias"":""<media-path:fee4d36eb4>"",""started_at_present"":true},""last_poll_error"":""null"",""last_render_error"":""null"",""mpv_running"":true,""next_item"":{""alias"":""media-907addee8b"",""duration_ms"":30800,""path_alias"":""<media-path:c58db4e1cc>""},""playback_state"":""playing"",""playlist_size"":9,""present"":true,""uptime_sec"":198}"
167	177.084	2026-07-10T19:59:00+0000	success		2	<media-path:fee4d36eb4>	<media-path:fee4d36eb4>	<filename:8ba6df5956>	10.7	14	76.428571	false	false	false	321	v4l2request-copy	true	"{""aspect"":0.557692,""dh"":832,""dw"":464,""h"":832,""par"":1.0,""pixelformat"":""nv12"",""rotate"":0,""stereo-in"":""mono"",""w"":464}"	"{""duration"":""success"",""eof-reached"":""success"",""estimated-frame-number"":""success"",""filename"":""success"",""hwdec-current"":""success"",""idle-active"":""success"",""path"":""success"",""pause"":""success"",""percent-pos"":""success"",""time-pos"":""success"",""video-params"":""success"",""vo-configured"":""success""}"	true	playing	media-8ffdc1f445	<media-path:fee4d36eb4>	14000	2	true	"{""black_screen_risk_reason"":""null"",""blocked_media_count"":0,""consecutive_failures"":0,""current_index"":2,""current_item"":{""alias"":""media-8ffdc1f445"",""duration_ms"":14000,""offset_ms"":0,""path_alias"":""<media-path:fee4d36eb4>"",""started_at_present"":true},""last_poll_error"":""null"",""last_render_error"":""null"",""mpv_running"":true,""next_item"":{""alias"":""media-907addee8b"",""duration_ms"":30800,""path_alias"":""<media-path:c58db4e1cc>""},""playback_state"":""playing"",""playlist_size"":9,""present"":true,""uptime_sec"":198}"
168	178.088	2026-07-10T19:59:01+0000	success		3	<media-path:fee4d36eb4>	<media-path:fee4d36eb4>	<filename:8ba6df5956>	11.733333	14	83.809524	false	false	false	352	v4l2request-copy	true	"{""aspect"":0.557692,""dh"":832,""dw"":464,""h"":832,""par"":1.0,""pixelformat"":""nv12"",""rotate"":0,""stereo-in"":""mono"",""w"":464}"	"{""duration"":""success"",""eof-reached"":""success"",""estimated-frame-number"":""success"",""filename"":""success"",""hwdec-current"":""success"",""idle-active"":""success"",""path"":""success"",""pause"":""success"",""percent-pos"":""success"",""time-pos"":""success"",""video-params"":""success"",""vo-configured"":""success""}"	true	playing	media-8ffdc1f445	<media-path:fee4d36eb4>	14000	2	true	"{""black_screen_risk_reason"":""null"",""blocked_media_count"":0,""consecutive_failures"":0,""current_index"":2,""current_item"":{""alias"":""media-8ffdc1f445"",""duration_ms"":14000,""offset_ms"":0,""path_alias"":""<media-path:fee4d36eb4>"",""started_at_present"":true},""last_poll_error"":""null"",""last_render_error"":""null"",""mpv_running"":true,""next_item"":{""alias"":""media-907addee8b"",""duration_ms"":30800,""path_alias"":""<media-path:c58db4e1cc>""},""playback_state"":""playing"",""playlist_size"":9,""present"":true,""uptime_sec"":198}"
169	179.095	2026-07-10T19:59:02+0000	success		2	<media-path:fee4d36eb4>	<media-path:fee4d36eb4>	<filename:8ba6df5956>	12.733333	14	90.952381	false	false	false	382	v4l2request-copy	true	"{""aspect"":0.557692,""dh"":832,""dw"":464,""h"":832,""par"":1.0,""pixelformat"":""nv12"",""rotate"":0,""stereo-in"":""mono"",""w"":464}"	"{""duration"":""success"",""eof-reached"":""success"",""estimated-frame-number"":""success"",""filename"":""success"",""hwdec-current"":""success"",""idle-active"":""success"",""path"":""success"",""pause"":""success"",""percent-pos"":""success"",""time-pos"":""success"",""video-params"":""success"",""vo-configured"":""success""}"	true	playing	media-8ffdc1f445	<media-path:fee4d36eb4>	14000	2	true	"{""black_screen_risk_reason"":""null"",""blocked_media_count"":0,""consecutive_failures"":0,""current_index"":2,""current_item"":{""alias"":""media-8ffdc1f445"",""duration_ms"":14000,""offset_ms"":0,""path_alias"":""<media-path:fee4d36eb4>"",""started_at_present"":true},""last_poll_error"":""null"",""last_render_error"":""null"",""mpv_running"":true,""next_item"":{""alias"":""media-907addee8b"",""duration_ms"":30800,""path_alias"":""<media-path:c58db4e1cc>""},""playback_state"":""playing"",""playlist_size"":9,""present"":true,""uptime_sec"":198}"
170	180.099	2026-07-10T19:59:03+0000	success		2	<media-path:fee4d36eb4>	<media-path:fee4d36eb4>	<filename:8ba6df5956>	13.733333	14	98.095238	false	false	false	412	v4l2request-copy	true	"{""aspect"":0.557692,""dh"":832,""dw"":464,""h"":832,""par"":1.0,""pixelformat"":""nv12"",""rotate"":0,""stereo-in"":""mono"",""w"":464}"	"{""duration"":""success"",""eof-reached"":""success"",""estimated-frame-number"":""success"",""filename"":""success"",""hwdec-current"":""success"",""idle-active"":""success"",""path"":""success"",""pause"":""success"",""percent-pos"":""success"",""time-pos"":""success"",""video-params"":""success"",""vo-configured"":""success""}"	true	playing	media-8ffdc1f445	<media-path:fee4d36eb4>	14000	2	true	"{""black_screen_risk_reason"":""null"",""blocked_media_count"":0,""consecutive_failures"":0,""current_index"":2,""current_item"":{""alias"":""media-8ffdc1f445"",""duration_ms"":14000,""offset_ms"":0,""path_alias"":""<media-path:fee4d36eb4>"",""started_at_present"":true},""last_poll_error"":""null"",""last_render_error"":""null"",""mpv_running"":true,""next_item"":{""alias"":""media-907addee8b"",""duration_ms"":30800,""path_alias"":""<media-path:c58db4e1cc>""},""playback_state"":""playing"",""playlist_size"":9,""present"":true,""uptime_sec"":198}"
171	181.104	2026-07-10T19:59:04+0000	success		2	<media-path:c58db4e1cc>	<media-path:c58db4e1cc>	<filename:9b95323d7d>	0.667333	30.805333	2.166292	false	false	false	16	v4l2request-copy	true	"{""aspect"":0.5625,""dh"":640,""dw"":360,""h"":640,""par"":1.0,""pixelformat"":""nv12"",""rotate"":0,""stereo-in"":""mono"",""w"":360}"	"{""duration"":""success"",""eof-reached"":""success"",""estimated-frame-number"":""success"",""filename"":""success"",""hwdec-current"":""success"",""idle-active"":""success"",""path"":""success"",""pause"":""success"",""percent-pos"":""success"",""time-pos"":""success"",""video-params"":""success"",""vo-configured"":""success""}"	true	preparing_first_frame	media-8ffdc1f445	<media-path:fee4d36eb4>	14000	2	true	"{""black_screen_risk_reason"":""null"",""blocked_media_count"":0,""consecutive_failures"":0,""current_index"":2,""current_item"":{""alias"":""media-8ffdc1f445"",""duration_ms"":14000,""offset_ms"":0,""path_alias"":""<media-path:fee4d36eb4>"",""started_at_present"":true},""last_poll_error"":""null"",""last_render_error"":""null"",""mpv_running"":true,""next_item"":{""alias"":""media-907addee8b"",""duration_ms"":30800,""path_alias"":""<media-path:c58db4e1cc>""},""playback_state"":""preparing_first_frame"",""playlist_size"":9,""present"":true,""uptime_sec"":203}"
172	182.108	2026-07-10T19:59:05+0000	success		2	<media-path:c58db4e1cc>	<media-path:c58db4e1cc>	<filename:9b95323d7d>	1.626625	30.805333	5.280336	false	false	false	39	v4l2request-copy	true	"{""aspect"":0.5625,""dh"":640,""dw"":360,""h"":640,""par"":1.0,""pixelformat"":""nv12"",""rotate"":0,""stereo-in"":""mono"",""w"":360}"	"{""duration"":""success"",""eof-reached"":""success"",""estimated-frame-number"":""success"",""filename"":""success"",""hwdec-current"":""success"",""idle-active"":""success"",""path"":""success"",""pause"":""success"",""percent-pos"":""success"",""time-pos"":""success"",""video-params"":""success"",""vo-configured"":""success""}"	true	preparing_first_frame	media-8ffdc1f445	<media-path:fee4d36eb4>	14000	2	true	"{""black_screen_risk_reason"":""null"",""blocked_media_count"":0,""consecutive_failures"":0,""current_index"":2,""current_item"":{""alias"":""media-8ffdc1f445"",""duration_ms"":14000,""offset_ms"":0,""path_alias"":""<media-path:fee4d36eb4>"",""started_at_present"":true},""last_poll_error"":""null"",""last_render_error"":""null"",""mpv_running"":true,""next_item"":{""alias"":""media-907addee8b"",""duration_ms"":30800,""path_alias"":""<media-path:c58db4e1cc>""},""playback_state"":""preparing_first_frame"",""playlist_size"":9,""present"":true,""uptime_sec"":203}"
173	183.111	2026-07-10T19:59:06+0000	success		2	<media-path:c58db4e1cc>	<media-path:c58db4e1cc>	<filename:9b95323d7d>	2.627625	30.805333	8.529773	false	false	false	63	v4l2request-copy	true	"{""aspect"":0.5625,""dh"":640,""dw"":360,""h"":640,""par"":1.0,""pixelformat"":""nv12"",""rotate"":0,""stereo-in"":""mono"",""w"":360}"	"{""duration"":""success"",""eof-reached"":""success"",""estimated-frame-number"":""success"",""filename"":""success"",""hwdec-current"":""success"",""idle-active"":""success"",""path"":""success"",""pause"":""success"",""percent-pos"":""success"",""time-pos"":""success"",""video-params"":""success"",""vo-configured"":""success""}"	true	preparing_first_frame	media-8ffdc1f445	<media-path:fee4d36eb4>	14000	2	true	"{""black_screen_risk_reason"":""null"",""blocked_media_count"":0,""consecutive_failures"":0,""current_index"":2,""current_item"":{""alias"":""media-8ffdc1f445"",""duration_ms"":14000,""offset_ms"":0,""path_alias"":""<media-path:fee4d36eb4>"",""started_at_present"":true},""last_poll_error"":""null"",""last_render_error"":""null"",""mpv_running"":true,""next_item"":{""alias"":""media-907addee8b"",""duration_ms"":30800,""path_alias"":""<media-path:c58db4e1cc>""},""playback_state"":""preparing_first_frame"",""playlist_size"":9,""present"":true,""uptime_sec"":203}"
174	184.117	2026-07-10T19:59:07+0000	success		7	<media-path:c58db4e1cc>	<media-path:c58db4e1cc>	<filename:9b95323d7d>	3.670333	30.805333	11.914604	false	false	false	88	v4l2request-copy	true	"{""aspect"":0.5625,""dh"":640,""dw"":360,""h"":640,""par"":1.0,""pixelformat"":""nv12"",""rotate"":0,""stereo-in"":""mono"",""w"":360}"	"{""duration"":""success"",""eof-reached"":""success"",""estimated-frame-number"":""success"",""filename"":""success"",""hwdec-current"":""success"",""idle-active"":""success"",""path"":""success"",""pause"":""success"",""percent-pos"":""success"",""time-pos"":""success"",""video-params"":""success"",""vo-configured"":""success""}"	true	preparing_first_frame	media-8ffdc1f445	<media-path:fee4d36eb4>	14000	2	true	"{""black_screen_risk_reason"":""null"",""blocked_media_count"":0,""consecutive_failures"":0,""current_index"":2,""current_item"":{""alias"":""media-8ffdc1f445"",""duration_ms"":14000,""offset_ms"":0,""path_alias"":""<media-path:fee4d36eb4>"",""started_at_present"":true},""last_poll_error"":""null"",""last_render_error"":""null"",""mpv_running"":true,""next_item"":{""alias"":""media-907addee8b"",""duration_ms"":30800,""path_alias"":""<media-path:c58db4e1cc>""},""playback_state"":""preparing_first_frame"",""playlist_size"":9,""present"":true,""uptime_sec"":203}"
175	185.128	2026-07-10T19:59:08+0000	success		2	<media-path:c58db4e1cc>	<media-path:c58db4e1cc>	<filename:9b95323d7d>	4.671333	30.805333	15.164041	false	false	false	112	v4l2request-copy	true	"{""aspect"":0.5625,""dh"":640,""dw"":360,""h"":640,""par"":1.0,""pixelformat"":""nv12"",""rotate"":0,""stereo-in"":""mono"",""w"":360}"	"{""duration"":""success"",""eof-reached"":""success"",""estimated-frame-number"":""success"",""filename"":""success"",""hwdec-current"":""success"",""idle-active"":""success"",""path"":""success"",""pause"":""success"",""percent-pos"":""success"",""time-pos"":""success"",""video-params"":""success"",""vo-configured"":""success""}"	true	preparing_first_frame	media-8ffdc1f445	<media-path:fee4d36eb4>	14000	2	true	"{""black_screen_risk_reason"":""null"",""blocked_media_count"":0,""consecutive_failures"":0,""current_index"":2,""current_item"":{""alias"":""media-8ffdc1f445"",""duration_ms"":14000,""offset_ms"":0,""path_alias"":""<media-path:fee4d36eb4>"",""started_at_present"":true},""last_poll_error"":""null"",""last_render_error"":""null"",""mpv_running"":true,""next_item"":{""alias"":""media-907addee8b"",""duration_ms"":30800,""path_alias"":""<media-path:c58db4e1cc>""},""playback_state"":""preparing_first_frame"",""playlist_size"":9,""present"":true,""uptime_sec"":203}"
176	186.132	2026-07-10T19:59:09+0000	success		2	<media-path:c58db4e1cc>	<media-path:c58db4e1cc>	<filename:9b95323d7d>	5.672333	30.805333	18.413478	false	false	false	136	v4l2request-copy	true	"{""aspect"":0.5625,""dh"":640,""dw"":360,""h"":640,""par"":1.0,""pixelformat"":""nv12"",""rotate"":0,""stereo-in"":""mono"",""w"":360}"	"{""duration"":""success"",""eof-reached"":""success"",""estimated-frame-number"":""success"",""filename"":""success"",""hwdec-current"":""success"",""idle-active"":""success"",""path"":""success"",""pause"":""success"",""percent-pos"":""success"",""time-pos"":""success"",""video-params"":""success"",""vo-configured"":""success""}"	true	playing	media-907addee8b	<media-path:c58db4e1cc>	30800	3	true	"{""black_screen_risk_reason"":""null"",""blocked_media_count"":0,""consecutive_failures"":0,""current_index"":3,""current_item"":{""alias"":""media-907addee8b"",""duration_ms"":30800,""offset_ms"":0,""path_alias"":""<media-path:c58db4e1cc>"",""started_at_present"":true},""last_poll_error"":""null"",""last_render_error"":""null"",""mpv_running"":true,""next_item"":{""alias"":""media-8e4d41f6c2"",""duration_ms"":7200,""path_alias"":""<media-path:3662a4e886>""},""playback_state"":""playing"",""playlist_size"":9,""present"":true,""uptime_sec"":208}"
177	187.136	2026-07-10T19:59:10+0000	success		3	<media-path:c58db4e1cc>	<media-path:c58db4e1cc>	<filename:9b95323d7d>	6.673333	30.805333	21.662916	false	false	false	160	v4l2request-copy	true	"{""aspect"":0.5625,""dh"":640,""dw"":360,""h"":640,""par"":1.0,""pixelformat"":""nv12"",""rotate"":0,""stereo-in"":""mono"",""w"":360}"	"{""duration"":""success"",""eof-reached"":""success"",""estimated-frame-number"":""success"",""filename"":""success"",""hwdec-current"":""success"",""idle-active"":""success"",""path"":""success"",""pause"":""success"",""percent-pos"":""success"",""time-pos"":""success"",""video-params"":""success"",""vo-configured"":""success""}"	true	playing	media-907addee8b	<media-path:c58db4e1cc>	30800	3	true	"{""black_screen_risk_reason"":""null"",""blocked_media_count"":0,""consecutive_failures"":0,""current_index"":3,""current_item"":{""alias"":""media-907addee8b"",""duration_ms"":30800,""offset_ms"":0,""path_alias"":""<media-path:c58db4e1cc>"",""started_at_present"":true},""last_poll_error"":""null"",""last_render_error"":""null"",""mpv_running"":true,""next_item"":{""alias"":""media-8e4d41f6c2"",""duration_ms"":7200,""path_alias"":""<media-path:3662a4e886>""},""playback_state"":""playing"",""playlist_size"":9,""present"":true,""uptime_sec"":208}"
178	188.142	2026-07-10T19:59:11+0000	success		3	<media-path:c58db4e1cc>	<media-path:c58db4e1cc>	<filename:9b95323d7d>	7.674333	30.805333	24.912353	false	false	false	184	v4l2request-copy	true	"{""aspect"":0.5625,""dh"":640,""dw"":360,""h"":640,""par"":1.0,""pixelformat"":""nv12"",""rotate"":0,""stereo-in"":""mono"",""w"":360}"	"{""duration"":""success"",""eof-reached"":""success"",""estimated-frame-number"":""success"",""filename"":""success"",""hwdec-current"":""success"",""idle-active"":""success"",""path"":""success"",""pause"":""success"",""percent-pos"":""success"",""time-pos"":""success"",""video-params"":""success"",""vo-configured"":""success""}"	true	playing	media-907addee8b	<media-path:c58db4e1cc>	30800	3	true	"{""black_screen_risk_reason"":""null"",""blocked_media_count"":0,""consecutive_failures"":0,""current_index"":3,""current_item"":{""alias"":""media-907addee8b"",""duration_ms"":30800,""offset_ms"":0,""path_alias"":""<media-path:c58db4e1cc>"",""started_at_present"":true},""last_poll_error"":""null"",""last_render_error"":""null"",""mpv_running"":true,""next_item"":{""alias"":""media-8e4d41f6c2"",""duration_ms"":7200,""path_alias"":""<media-path:3662a4e886>""},""playback_state"":""playing"",""playlist_size"":9,""present"":true,""uptime_sec"":208}"
179	189.148	2026-07-10T19:59:12+0000	success		3	<media-path:c58db4e1cc>	<media-path:c58db4e1cc>	<filename:9b95323d7d>	8.675333	30.805333	28.16179	false	false	false	208	v4l2request-copy	true	"{""aspect"":0.5625,""dh"":640,""dw"":360,""h"":640,""par"":1.0,""pixelformat"":""nv12"",""rotate"":0,""stereo-in"":""mono"",""w"":360}"	"{""duration"":""success"",""eof-reached"":""success"",""estimated-frame-number"":""success"",""filename"":""success"",""hwdec-current"":""success"",""idle-active"":""success"",""path"":""success"",""pause"":""success"",""percent-pos"":""success"",""time-pos"":""success"",""video-params"":""success"",""vo-configured"":""success""}"	true	playing	media-907addee8b	<media-path:c58db4e1cc>	30800	3	true	"{""black_screen_risk_reason"":""null"",""blocked_media_count"":0,""consecutive_failures"":0,""current_index"":3,""current_item"":{""alias"":""media-907addee8b"",""duration_ms"":30800,""offset_ms"":0,""path_alias"":""<media-path:c58db4e1cc>"",""started_at_present"":true},""last_poll_error"":""null"",""last_render_error"":""null"",""mpv_running"":true,""next_item"":{""alias"":""media-8e4d41f6c2"",""duration_ms"":7200,""path_alias"":""<media-path:3662a4e886>""},""playback_state"":""playing"",""playlist_size"":9,""present"":true,""uptime_sec"":208}"
180	190.154	2026-07-10T19:59:13+0000	success		2	<media-path:c58db4e1cc>	<media-path:c58db4e1cc>	<filename:9b95323d7d>	9.676333	30.805333	31.411227	false	false	false	232	v4l2request-copy	true	"{""aspect"":0.5625,""dh"":640,""dw"":360,""h"":640,""par"":1.0,""pixelformat"":""nv12"",""rotate"":0,""stereo-in"":""mono"",""w"":360}"	"{""duration"":""success"",""eof-reached"":""success"",""estimated-frame-number"":""success"",""filename"":""success"",""hwdec-current"":""success"",""idle-active"":""success"",""path"":""success"",""pause"":""success"",""percent-pos"":""success"",""time-pos"":""success"",""video-params"":""success"",""vo-configured"":""success""}"	true	playing	media-907addee8b	<media-path:c58db4e1cc>	30800	3	true	"{""black_screen_risk_reason"":""null"",""blocked_media_count"":0,""consecutive_failures"":0,""current_index"":3,""current_item"":{""alias"":""media-907addee8b"",""duration_ms"":30800,""offset_ms"":0,""path_alias"":""<media-path:c58db4e1cc>"",""started_at_present"":true},""last_poll_error"":""null"",""last_render_error"":""null"",""mpv_running"":true,""next_item"":{""alias"":""media-8e4d41f6c2"",""duration_ms"":7200,""path_alias"":""<media-path:3662a4e886>""},""playback_state"":""playing"",""playlist_size"":9,""present"":true,""uptime_sec"":208}"
181	191.158	2026-07-10T19:59:14+0000	success		2	<media-path:c58db4e1cc>	<media-path:c58db4e1cc>	<filename:9b95323d7d>	10.677333	30.805333	34.660665	false	false	false	256	v4l2request-copy	true	"{""aspect"":0.5625,""dh"":640,""dw"":360,""h"":640,""par"":1.0,""pixelformat"":""nv12"",""rotate"":0,""stereo-in"":""mono"",""w"":360}"	"{""duration"":""success"",""eof-reached"":""success"",""estimated-frame-number"":""success"",""filename"":""success"",""hwdec-current"":""success"",""idle-active"":""success"",""path"":""success"",""pause"":""success"",""percent-pos"":""success"",""time-pos"":""success"",""video-params"":""success"",""vo-configured"":""success""}"	true	playing	media-907addee8b	<media-path:c58db4e1cc>	30800	3	true	"{""black_screen_risk_reason"":""null"",""blocked_media_count"":0,""consecutive_failures"":0,""current_index"":3,""current_item"":{""alias"":""media-907addee8b"",""duration_ms"":30800,""offset_ms"":0,""path_alias"":""<media-path:c58db4e1cc>"",""started_at_present"":true},""last_poll_error"":""null"",""last_render_error"":""null"",""mpv_running"":true,""next_item"":{""alias"":""media-8e4d41f6c2"",""duration_ms"":7200,""path_alias"":""<media-path:3662a4e886>""},""playback_state"":""playing"",""playlist_size"":9,""present"":true,""uptime_sec"":213}"
182	192.161	2026-07-10T19:59:15+0000	success		3	<media-path:c58db4e1cc>	<media-path:c58db4e1cc>	<filename:9b95323d7d>	11.678333	30.805333	37.910102	false	false	false	280	v4l2request-copy	true	"{""aspect"":0.5625,""dh"":640,""dw"":360,""h"":640,""par"":1.0,""pixelformat"":""nv12"",""rotate"":0,""stereo-in"":""mono"",""w"":360}"	"{""duration"":""success"",""eof-reached"":""success"",""estimated-frame-number"":""success"",""filename"":""success"",""hwdec-current"":""success"",""idle-active"":""success"",""path"":""success"",""pause"":""success"",""percent-pos"":""success"",""time-pos"":""success"",""video-params"":""success"",""vo-configured"":""success""}"	true	playing	media-907addee8b	<media-path:c58db4e1cc>	30800	3	true	"{""black_screen_risk_reason"":""null"",""blocked_media_count"":0,""consecutive_failures"":0,""current_index"":3,""current_item"":{""alias"":""media-907addee8b"",""duration_ms"":30800,""offset_ms"":0,""path_alias"":""<media-path:c58db4e1cc>"",""started_at_present"":true},""last_poll_error"":""null"",""last_render_error"":""null"",""mpv_running"":true,""next_item"":{""alias"":""media-8e4d41f6c2"",""duration_ms"":7200,""path_alias"":""<media-path:3662a4e886>""},""playback_state"":""playing"",""playlist_size"":9,""present"":true,""uptime_sec"":213}"
183	193.168	2026-07-10T19:59:16+0000	success		3	<media-path:c58db4e1cc>	<media-path:c58db4e1cc>	<filename:9b95323d7d>	12.721042	30.805333	41.294933	false	false	false	305	v4l2request-copy	true	"{""aspect"":0.5625,""dh"":640,""dw"":360,""h"":640,""par"":1.0,""pixelformat"":""nv12"",""rotate"":0,""stereo-in"":""mono"",""w"":360}"	"{""duration"":""success"",""eof-reached"":""success"",""estimated-frame-number"":""success"",""filename"":""success"",""hwdec-current"":""success"",""idle-active"":""success"",""path"":""success"",""pause"":""success"",""percent-pos"":""success"",""time-pos"":""success"",""video-params"":""success"",""vo-configured"":""success""}"	true	playing	media-907addee8b	<media-path:c58db4e1cc>	30800	3	true	"{""black_screen_risk_reason"":""null"",""blocked_media_count"":0,""consecutive_failures"":0,""current_index"":3,""current_item"":{""alias"":""media-907addee8b"",""duration_ms"":30800,""offset_ms"":0,""path_alias"":""<media-path:c58db4e1cc>"",""started_at_present"":true},""last_poll_error"":""null"",""last_render_error"":""null"",""mpv_running"":true,""next_item"":{""alias"":""media-8e4d41f6c2"",""duration_ms"":7200,""path_alias"":""<media-path:3662a4e886>""},""playback_state"":""playing"",""playlist_size"":9,""present"":true,""uptime_sec"":213}"
184	194.174	2026-07-10T19:59:17+0000	success		3	<media-path:c58db4e1cc>	<media-path:c58db4e1cc>	<filename:9b95323d7d>	13.722042	30.805333	44.54437	false	false	false	329	v4l2request-copy	true	"{""aspect"":0.5625,""dh"":640,""dw"":360,""h"":640,""par"":1.0,""pixelformat"":""nv12"",""rotate"":0,""stereo-in"":""mono"",""w"":360}"	"{""duration"":""success"",""eof-reached"":""success"",""estimated-frame-number"":""success"",""filename"":""success"",""hwdec-current"":""success"",""idle-active"":""success"",""path"":""success"",""pause"":""success"",""percent-pos"":""success"",""time-pos"":""success"",""video-params"":""success"",""vo-configured"":""success""}"	true	playing	media-907addee8b	<media-path:c58db4e1cc>	30800	3	true	"{""black_screen_risk_reason"":""null"",""blocked_media_count"":0,""consecutive_failures"":0,""current_index"":3,""current_item"":{""alias"":""media-907addee8b"",""duration_ms"":30800,""offset_ms"":0,""path_alias"":""<media-path:c58db4e1cc>"",""started_at_present"":true},""last_poll_error"":""null"",""last_render_error"":""null"",""mpv_running"":true,""next_item"":{""alias"":""media-8e4d41f6c2"",""duration_ms"":7200,""path_alias"":""<media-path:3662a4e886>""},""playback_state"":""playing"",""playlist_size"":9,""present"":true,""uptime_sec"":213}"
185	195.181	2026-07-10T19:59:18+0000	success		5	<media-path:c58db4e1cc>	<media-path:c58db4e1cc>	<filename:9b95323d7d>	14.723042	30.805333	47.793807	false	false	false	353	v4l2request-copy	true	"{""aspect"":0.5625,""dh"":640,""dw"":360,""h"":640,""par"":1.0,""pixelformat"":""nv12"",""rotate"":0,""stereo-in"":""mono"",""w"":360}"	"{""duration"":""success"",""eof-reached"":""success"",""estimated-frame-number"":""success"",""filename"":""success"",""hwdec-current"":""success"",""idle-active"":""success"",""path"":""success"",""pause"":""success"",""percent-pos"":""success"",""time-pos"":""success"",""video-params"":""success"",""vo-configured"":""success""}"	true	playing	media-907addee8b	<media-path:c58db4e1cc>	30800	3	true	"{""black_screen_risk_reason"":""null"",""blocked_media_count"":0,""consecutive_failures"":0,""current_index"":3,""current_item"":{""alias"":""media-907addee8b"",""duration_ms"":30800,""offset_ms"":0,""path_alias"":""<media-path:c58db4e1cc>"",""started_at_present"":true},""last_poll_error"":""null"",""last_render_error"":""null"",""mpv_running"":true,""next_item"":{""alias"":""media-8e4d41f6c2"",""duration_ms"":7200,""path_alias"":""<media-path:3662a4e886>""},""playback_state"":""playing"",""playlist_size"":9,""present"":true,""uptime_sec"":213}"
186	196.189	2026-07-10T19:59:19+0000	success		2	<media-path:c58db4e1cc>	<media-path:c58db4e1cc>	<filename:9b95323d7d>	15.724042	30.805333	51.043245	false	false	false	377	v4l2request-copy	true	"{""aspect"":0.5625,""dh"":640,""dw"":360,""h"":640,""par"":1.0,""pixelformat"":""nv12"",""rotate"":0,""stereo-in"":""mono"",""w"":360}"	"{""duration"":""success"",""eof-reached"":""success"",""estimated-frame-number"":""success"",""filename"":""success"",""hwdec-current"":""success"",""idle-active"":""success"",""path"":""success"",""pause"":""success"",""percent-pos"":""success"",""time-pos"":""success"",""video-params"":""success"",""vo-configured"":""success""}"	true	playing	media-907addee8b	<media-path:c58db4e1cc>	30800	3	true	"{""black_screen_risk_reason"":""null"",""blocked_media_count"":0,""consecutive_failures"":0,""current_index"":3,""current_item"":{""alias"":""media-907addee8b"",""duration_ms"":30800,""offset_ms"":0,""path_alias"":""<media-path:c58db4e1cc>"",""started_at_present"":true},""last_poll_error"":""null"",""last_render_error"":""null"",""mpv_running"":true,""next_item"":{""alias"":""media-8e4d41f6c2"",""duration_ms"":7200,""path_alias"":""<media-path:3662a4e886>""},""playback_state"":""playing"",""playlist_size"":9,""present"":true,""uptime_sec"":218}"
187	197.193	2026-07-10T19:59:20+0000	success		2	<media-path:c58db4e1cc>	<media-path:c58db4e1cc>	<filename:9b95323d7d>	16.725042	30.805333	54.292682	false	false	false	401	v4l2request-copy	true	"{""aspect"":0.5625,""dh"":640,""dw"":360,""h"":640,""par"":1.0,""pixelformat"":""nv12"",""rotate"":0,""stereo-in"":""mono"",""w"":360}"	"{""duration"":""success"",""eof-reached"":""success"",""estimated-frame-number"":""success"",""filename"":""success"",""hwdec-current"":""success"",""idle-active"":""success"",""path"":""success"",""pause"":""success"",""percent-pos"":""success"",""time-pos"":""success"",""video-params"":""success"",""vo-configured"":""success""}"	true	playing	media-907addee8b	<media-path:c58db4e1cc>	30800	3	true	"{""black_screen_risk_reason"":""null"",""blocked_media_count"":0,""consecutive_failures"":0,""current_index"":3,""current_item"":{""alias"":""media-907addee8b"",""duration_ms"":30800,""offset_ms"":0,""path_alias"":""<media-path:c58db4e1cc>"",""started_at_present"":true},""last_poll_error"":""null"",""last_render_error"":""null"",""mpv_running"":true,""next_item"":{""alias"":""media-8e4d41f6c2"",""duration_ms"":7200,""path_alias"":""<media-path:3662a4e886>""},""playback_state"":""playing"",""playlist_size"":9,""present"":true,""uptime_sec"":218}"
188	198.196	2026-07-10T19:59:21+0000	success		3	<media-path:c58db4e1cc>	<media-path:c58db4e1cc>	<filename:9b95323d7d>	17.726042	30.805333	57.542119	false	false	false	425	v4l2request-copy	true	"{""aspect"":0.5625,""dh"":640,""dw"":360,""h"":640,""par"":1.0,""pixelformat"":""nv12"",""rotate"":0,""stereo-in"":""mono"",""w"":360}"	"{""duration"":""success"",""eof-reached"":""success"",""estimated-frame-number"":""success"",""filename"":""success"",""hwdec-current"":""success"",""idle-active"":""success"",""path"":""success"",""pause"":""success"",""percent-pos"":""success"",""time-pos"":""success"",""video-params"":""success"",""vo-configured"":""success""}"	true	playing	media-907addee8b	<media-path:c58db4e1cc>	30800	3	true	"{""black_screen_risk_reason"":""null"",""blocked_media_count"":0,""consecutive_failures"":0,""current_index"":3,""current_item"":{""alias"":""media-907addee8b"",""duration_ms"":30800,""offset_ms"":0,""path_alias"":""<media-path:c58db4e1cc>"",""started_at_present"":true},""last_poll_error"":""null"",""last_render_error"":""null"",""mpv_running"":true,""next_item"":{""alias"":""media-8e4d41f6c2"",""duration_ms"":7200,""path_alias"":""<media-path:3662a4e886>""},""playback_state"":""playing"",""playlist_size"":9,""present"":true,""uptime_sec"":218}"
189	199.202	2026-07-10T19:59:22+0000	success		3	<media-path:c58db4e1cc>	<media-path:c58db4e1cc>	<filename:9b95323d7d>	18.727042	30.805333	60.791557	false	false	false	449	v4l2request-copy	true	"{""aspect"":0.5625,""dh"":640,""dw"":360,""h"":640,""par"":1.0,""pixelformat"":""nv12"",""rotate"":0,""stereo-in"":""mono"",""w"":360}"	"{""duration"":""success"",""eof-reached"":""success"",""estimated-frame-number"":""success"",""filename"":""success"",""hwdec-current"":""success"",""idle-active"":""success"",""path"":""success"",""pause"":""success"",""percent-pos"":""success"",""time-pos"":""success"",""video-params"":""success"",""vo-configured"":""success""}"	true	playing	media-907addee8b	<media-path:c58db4e1cc>	30800	3	true	"{""black_screen_risk_reason"":""null"",""blocked_media_count"":0,""consecutive_failures"":0,""current_index"":3,""current_item"":{""alias"":""media-907addee8b"",""duration_ms"":30800,""offset_ms"":0,""path_alias"":""<media-path:c58db4e1cc>"",""started_at_present"":true},""last_poll_error"":""null"",""last_render_error"":""null"",""mpv_running"":true,""next_item"":{""alias"":""media-8e4d41f6c2"",""duration_ms"":7200,""path_alias"":""<media-path:3662a4e886>""},""playback_state"":""playing"",""playlist_size"":9,""present"":true,""uptime_sec"":218}"
190	200.210	2026-07-10T19:59:23+0000	success		2	<media-path:c58db4e1cc>	<media-path:c58db4e1cc>	<filename:9b95323d7d>	19.728042	30.805333	64.040994	false	false	false	473	v4l2request-copy	true	"{""aspect"":0.5625,""dh"":640,""dw"":360,""h"":640,""par"":1.0,""pixelformat"":""nv12"",""rotate"":0,""stereo-in"":""mono"",""w"":360}"	"{""duration"":""success"",""eof-reached"":""success"",""estimated-frame-number"":""success"",""filename"":""success"",""hwdec-current"":""success"",""idle-active"":""success"",""path"":""success"",""pause"":""success"",""percent-pos"":""success"",""time-pos"":""success"",""video-params"":""success"",""vo-configured"":""success""}"	true	playing	media-907addee8b	<media-path:c58db4e1cc>	30800	3	true	"{""black_screen_risk_reason"":""null"",""blocked_media_count"":0,""consecutive_failures"":0,""current_index"":3,""current_item"":{""alias"":""media-907addee8b"",""duration_ms"":30800,""offset_ms"":0,""path_alias"":""<media-path:c58db4e1cc>"",""started_at_present"":true},""last_poll_error"":""null"",""last_render_error"":""null"",""mpv_running"":true,""next_item"":{""alias"":""media-8e4d41f6c2"",""duration_ms"":7200,""path_alias"":""<media-path:3662a4e886>""},""playback_state"":""playing"",""playlist_size"":9,""present"":true,""uptime_sec"":218}"
191	201.216	2026-07-10T19:59:24+0000	success		2	<media-path:c58db4e1cc>	<media-path:c58db4e1cc>	<filename:9b95323d7d>	20.729042	30.805333	67.290431	false	false	false	497	v4l2request-copy	true	"{""aspect"":0.5625,""dh"":640,""dw"":360,""h"":640,""par"":1.0,""pixelformat"":""nv12"",""rotate"":0,""stereo-in"":""mono"",""w"":360}"	"{""duration"":""success"",""eof-reached"":""success"",""estimated-frame-number"":""success"",""filename"":""success"",""hwdec-current"":""success"",""idle-active"":""success"",""path"":""success"",""pause"":""success"",""percent-pos"":""success"",""time-pos"":""success"",""video-params"":""success"",""vo-configured"":""success""}"	true	playing	media-907addee8b	<media-path:c58db4e1cc>	30800	3	true	"{""black_screen_risk_reason"":""null"",""blocked_media_count"":0,""consecutive_failures"":0,""current_index"":3,""current_item"":{""alias"":""media-907addee8b"",""duration_ms"":30800,""offset_ms"":0,""path_alias"":""<media-path:c58db4e1cc>"",""started_at_present"":true},""last_poll_error"":""null"",""last_render_error"":""null"",""mpv_running"":true,""next_item"":{""alias"":""media-8e4d41f6c2"",""duration_ms"":7200,""path_alias"":""<media-path:3662a4e886>""},""playback_state"":""playing"",""playlist_size"":9,""present"":true,""uptime_sec"":223}"
192	202.219	2026-07-10T19:59:25+0000	success		2	<media-path:c58db4e1cc>	<media-path:c58db4e1cc>	<filename:9b95323d7d>	21.77175	30.805333	70.675262	false	false	false	522	v4l2request-copy	true	"{""aspect"":0.5625,""dh"":640,""dw"":360,""h"":640,""par"":1.0,""pixelformat"":""nv12"",""rotate"":0,""stereo-in"":""mono"",""w"":360}"	"{""duration"":""success"",""eof-reached"":""success"",""estimated-frame-number"":""success"",""filename"":""success"",""hwdec-current"":""success"",""idle-active"":""success"",""path"":""success"",""pause"":""success"",""percent-pos"":""success"",""time-pos"":""success"",""video-params"":""success"",""vo-configured"":""success""}"	true	playing	media-907addee8b	<media-path:c58db4e1cc>	30800	3	true	"{""black_screen_risk_reason"":""null"",""blocked_media_count"":0,""consecutive_failures"":0,""current_index"":3,""current_item"":{""alias"":""media-907addee8b"",""duration_ms"":30800,""offset_ms"":0,""path_alias"":""<media-path:c58db4e1cc>"",""started_at_present"":true},""last_poll_error"":""null"",""last_render_error"":""null"",""mpv_running"":true,""next_item"":{""alias"":""media-8e4d41f6c2"",""duration_ms"":7200,""path_alias"":""<media-path:3662a4e886>""},""playback_state"":""playing"",""playlist_size"":9,""present"":true,""uptime_sec"":223}"
193	203.223	2026-07-10T19:59:26+0000	success		3	<media-path:c58db4e1cc>	<media-path:c58db4e1cc>	<filename:9b95323d7d>	22.77275	30.805333	73.924699	false	false	false	546	v4l2request-copy	true	"{""aspect"":0.5625,""dh"":640,""dw"":360,""h"":640,""par"":1.0,""pixelformat"":""nv12"",""rotate"":0,""stereo-in"":""mono"",""w"":360}"	"{""duration"":""success"",""eof-reached"":""success"",""estimated-frame-number"":""success"",""filename"":""success"",""hwdec-current"":""success"",""idle-active"":""success"",""path"":""success"",""pause"":""success"",""percent-pos"":""success"",""time-pos"":""success"",""video-params"":""success"",""vo-configured"":""success""}"	true	playing	media-907addee8b	<media-path:c58db4e1cc>	30800	3	true	"{""black_screen_risk_reason"":""null"",""blocked_media_count"":0,""consecutive_failures"":0,""current_index"":3,""current_item"":{""alias"":""media-907addee8b"",""duration_ms"":30800,""offset_ms"":0,""path_alias"":""<media-path:c58db4e1cc>"",""started_at_present"":true},""last_poll_error"":""null"",""last_render_error"":""null"",""mpv_running"":true,""next_item"":{""alias"":""media-8e4d41f6c2"",""duration_ms"":7200,""path_alias"":""<media-path:3662a4e886>""},""playback_state"":""playing"",""playlist_size"":9,""present"":true,""uptime_sec"":223}"
194	204.230	2026-07-10T19:59:27+0000	success		2	<media-path:c58db4e1cc>	<media-path:c58db4e1cc>	<filename:9b95323d7d>	23.77375	30.805333	77.174137	false	false	false	570	v4l2request-copy	true	"{""aspect"":0.5625,""dh"":640,""dw"":360,""h"":640,""par"":1.0,""pixelformat"":""nv12"",""rotate"":0,""stereo-in"":""mono"",""w"":360}"	"{""duration"":""success"",""eof-reached"":""success"",""estimated-frame-number"":""success"",""filename"":""success"",""hwdec-current"":""success"",""idle-active"":""success"",""path"":""success"",""pause"":""success"",""percent-pos"":""success"",""time-pos"":""success"",""video-params"":""success"",""vo-configured"":""success""}"	true	playing	media-907addee8b	<media-path:c58db4e1cc>	30800	3	true	"{""black_screen_risk_reason"":""null"",""blocked_media_count"":0,""consecutive_failures"":0,""current_index"":3,""current_item"":{""alias"":""media-907addee8b"",""duration_ms"":30800,""offset_ms"":0,""path_alias"":""<media-path:c58db4e1cc>"",""started_at_present"":true},""last_poll_error"":""null"",""last_render_error"":""null"",""mpv_running"":true,""next_item"":{""alias"":""media-8e4d41f6c2"",""duration_ms"":7200,""path_alias"":""<media-path:3662a4e886>""},""playback_state"":""playing"",""playlist_size"":9,""present"":true,""uptime_sec"":223}"
195	205.236	2026-07-10T19:59:28+0000	success		2	<media-path:c58db4e1cc>	<media-path:c58db4e1cc>	<filename:9b95323d7d>	24.77475	30.805333	80.423574	false	false	false	594	v4l2request-copy	true	"{""aspect"":0.5625,""dh"":640,""dw"":360,""h"":640,""par"":1.0,""pixelformat"":""nv12"",""rotate"":0,""stereo-in"":""mono"",""w"":360}"	"{""duration"":""success"",""eof-reached"":""success"",""estimated-frame-number"":""success"",""filename"":""success"",""hwdec-current"":""success"",""idle-active"":""success"",""path"":""success"",""pause"":""success"",""percent-pos"":""success"",""time-pos"":""success"",""video-params"":""success"",""vo-configured"":""success""}"	true	playing	media-907addee8b	<media-path:c58db4e1cc>	30800	3	true	"{""black_screen_risk_reason"":""null"",""blocked_media_count"":0,""consecutive_failures"":0,""current_index"":3,""current_item"":{""alias"":""media-907addee8b"",""duration_ms"":30800,""offset_ms"":0,""path_alias"":""<media-path:c58db4e1cc>"",""started_at_present"":true},""last_poll_error"":""null"",""last_render_error"":""null"",""mpv_running"":true,""next_item"":{""alias"":""media-8e4d41f6c2"",""duration_ms"":7200,""path_alias"":""<media-path:3662a4e886>""},""playback_state"":""playing"",""playlist_size"":9,""present"":true,""uptime_sec"":223}"
196	206.242	2026-07-10T19:59:29+0000	success		2	<media-path:c58db4e1cc>	<media-path:c58db4e1cc>	<filename:9b95323d7d>	25.77575	30.805333	83.673011	false	false	false	618	v4l2request-copy	true	"{""aspect"":0.5625,""dh"":640,""dw"":360,""h"":640,""par"":1.0,""pixelformat"":""nv12"",""rotate"":0,""stereo-in"":""mono"",""w"":360}"	"{""duration"":""success"",""eof-reached"":""success"",""estimated-frame-number"":""success"",""filename"":""success"",""hwdec-current"":""success"",""idle-active"":""success"",""path"":""success"",""pause"":""success"",""percent-pos"":""success"",""time-pos"":""success"",""video-params"":""success"",""vo-configured"":""success""}"	true	playing	media-907addee8b	<media-path:c58db4e1cc>	30800	3	true	"{""black_screen_risk_reason"":""null"",""blocked_media_count"":0,""consecutive_failures"":0,""current_index"":3,""current_item"":{""alias"":""media-907addee8b"",""duration_ms"":30800,""offset_ms"":0,""path_alias"":""<media-path:c58db4e1cc>"",""started_at_present"":true},""last_poll_error"":""null"",""last_render_error"":""null"",""mpv_running"":true,""next_item"":{""alias"":""media-8e4d41f6c2"",""duration_ms"":7200,""path_alias"":""<media-path:3662a4e886>""},""playback_state"":""playing"",""playlist_size"":9,""present"":true,""uptime_sec"":228}"
197	207.246	2026-07-10T19:59:30+0000	success		2	<media-path:c58db4e1cc>	<media-path:c58db4e1cc>	<filename:9b95323d7d>	26.77675	30.805333	86.922448	false	false	false	641	v4l2request-copy	true	"{""aspect"":0.5625,""dh"":640,""dw"":360,""h"":640,""par"":1.0,""pixelformat"":""nv12"",""rotate"":0,""stereo-in"":""mono"",""w"":360}"	"{""duration"":""success"",""eof-reached"":""success"",""estimated-frame-number"":""success"",""filename"":""success"",""hwdec-current"":""success"",""idle-active"":""success"",""path"":""success"",""pause"":""success"",""percent-pos"":""success"",""time-pos"":""success"",""video-params"":""success"",""vo-configured"":""success""}"	true	playing	media-907addee8b	<media-path:c58db4e1cc>	30800	3	true	"{""black_screen_risk_reason"":""null"",""blocked_media_count"":0,""consecutive_failures"":0,""current_index"":3,""current_item"":{""alias"":""media-907addee8b"",""duration_ms"":30800,""offset_ms"":0,""path_alias"":""<media-path:c58db4e1cc>"",""started_at_present"":true},""last_poll_error"":""null"",""last_render_error"":""null"",""mpv_running"":true,""next_item"":{""alias"":""media-8e4d41f6c2"",""duration_ms"":7200,""path_alias"":""<media-path:3662a4e886>""},""playback_state"":""playing"",""playlist_size"":9,""present"":true,""uptime_sec"":228}"
198	208.250	2026-07-10T19:59:31+0000	success		3	<media-path:c58db4e1cc>	<media-path:c58db4e1cc>	<filename:9b95323d7d>	27.77775	30.805333	90.171886	false	false	false	665	v4l2request-copy	true	"{""aspect"":0.5625,""dh"":640,""dw"":360,""h"":640,""par"":1.0,""pixelformat"":""nv12"",""rotate"":0,""stereo-in"":""mono"",""w"":360}"	"{""duration"":""success"",""eof-reached"":""success"",""estimated-frame-number"":""success"",""filename"":""success"",""hwdec-current"":""success"",""idle-active"":""success"",""path"":""success"",""pause"":""success"",""percent-pos"":""success"",""time-pos"":""success"",""video-params"":""success"",""vo-configured"":""success""}"	true	playing	media-907addee8b	<media-path:c58db4e1cc>	30800	3	true	"{""black_screen_risk_reason"":""null"",""blocked_media_count"":0,""consecutive_failures"":0,""current_index"":3,""current_item"":{""alias"":""media-907addee8b"",""duration_ms"":30800,""offset_ms"":0,""path_alias"":""<media-path:c58db4e1cc>"",""started_at_present"":true},""last_poll_error"":""null"",""last_render_error"":""null"",""mpv_running"":true,""next_item"":{""alias"":""media-8e4d41f6c2"",""duration_ms"":7200,""path_alias"":""<media-path:3662a4e886>""},""playback_state"":""playing"",""playlist_size"":9,""present"":true,""uptime_sec"":228}"
199	209.256	2026-07-10T19:59:32+0000	success		5	<media-path:c58db4e1cc>	<media-path:c58db4e1cc>	<filename:9b95323d7d>	28.77875	30.805333	93.421323	false	false	false	689	v4l2request-copy	true	"{""aspect"":0.5625,""dh"":640,""dw"":360,""h"":640,""par"":1.0,""pixelformat"":""nv12"",""rotate"":0,""stereo-in"":""mono"",""w"":360}"	"{""duration"":""success"",""eof-reached"":""success"",""estimated-frame-number"":""success"",""filename"":""success"",""hwdec-current"":""success"",""idle-active"":""success"",""path"":""success"",""pause"":""success"",""percent-pos"":""success"",""time-pos"":""success"",""video-params"":""success"",""vo-configured"":""success""}"	true	playing	media-907addee8b	<media-path:c58db4e1cc>	30800	3	true	"{""black_screen_risk_reason"":""null"",""blocked_media_count"":0,""consecutive_failures"":0,""current_index"":3,""current_item"":{""alias"":""media-907addee8b"",""duration_ms"":30800,""offset_ms"":0,""path_alias"":""<media-path:c58db4e1cc>"",""started_at_present"":true},""last_poll_error"":""null"",""last_render_error"":""null"",""mpv_running"":true,""next_item"":{""alias"":""media-8e4d41f6c2"",""duration_ms"":7200,""path_alias"":""<media-path:3662a4e886>""},""playback_state"":""playing"",""playlist_size"":9,""present"":true,""uptime_sec"":228}"
200	210.265	2026-07-10T19:59:33+0000	success		3	<media-path:c58db4e1cc>	<media-path:c58db4e1cc>	<filename:9b95323d7d>	29.77975	30.805333	96.806154	false	false	false	714	v4l2request-copy	true	"{""aspect"":0.5625,""dh"":640,""dw"":360,""h"":640,""par"":1.0,""pixelformat"":""nv12"",""rotate"":0,""stereo-in"":""mono"",""w"":360}"	"{""duration"":""success"",""eof-reached"":""success"",""estimated-frame-number"":""success"",""filename"":""success"",""hwdec-current"":""success"",""idle-active"":""success"",""path"":""success"",""pause"":""success"",""percent-pos"":""success"",""time-pos"":""success"",""video-params"":""success"",""vo-configured"":""success""}"	true	playing	media-907addee8b	<media-path:c58db4e1cc>	30800	3	true	"{""black_screen_risk_reason"":""null"",""blocked_media_count"":0,""consecutive_failures"":0,""current_index"":3,""current_item"":{""alias"":""media-907addee8b"",""duration_ms"":30800,""offset_ms"":0,""path_alias"":""<media-path:c58db4e1cc>"",""started_at_present"":true},""last_poll_error"":""null"",""last_render_error"":""null"",""mpv_running"":true,""next_item"":{""alias"":""media-8e4d41f6c2"",""duration_ms"":7200,""path_alias"":""<media-path:3662a4e886>""},""playback_state"":""playing"",""playlist_size"":9,""present"":true,""uptime_sec"":228}"
201	211.272	2026-07-10T19:59:34+0000	success		3	<media-path:c58db4e1cc>	<media-path:c58db4e1cc>	<filename:9b95323d7d>	0	30.805333	0	false	false	false	0	v4l2request-copy	true	"{""aspect"":0.5625,""dh"":640,""dw"":360,""h"":640,""par"":1.0,""pixelformat"":""nv12"",""rotate"":0,""stereo-in"":""mono"",""w"":360}"	"{""duration"":""success"",""eof-reached"":""success"",""estimated-frame-number"":""success"",""filename"":""success"",""hwdec-current"":""success"",""idle-active"":""success"",""path"":""success"",""pause"":""success"",""percent-pos"":""success"",""time-pos"":""success"",""video-params"":""success"",""vo-configured"":""success""}"	true	playing	media-907addee8b	<media-path:c58db4e1cc>	30800	3	true	"{""black_screen_risk_reason"":""null"",""blocked_media_count"":0,""consecutive_failures"":0,""current_index"":3,""current_item"":{""alias"":""media-907addee8b"",""duration_ms"":30800,""offset_ms"":0,""path_alias"":""<media-path:c58db4e1cc>"",""started_at_present"":true},""last_poll_error"":""null"",""last_render_error"":""null"",""mpv_running"":true,""next_item"":{""alias"":""media-8e4d41f6c2"",""duration_ms"":7200,""path_alias"":""<media-path:3662a4e886>""},""playback_state"":""playing"",""playlist_size"":9,""present"":true,""uptime_sec"":233}"
202	212.280	2026-07-10T19:59:35+0000	success		10	<media-path:3662a4e886>	<media-path:3662a4e886>	<filename:0a2aeee29a>	0.866667	7.221406	12.001357	false	false	false	26	v4l2request-copy	true	"{""aspect"":0.5625,""dh"":1024,""dw"":576,""h"":1024,""par"":1.0,""pixelformat"":""nv12"",""rotate"":0,""stereo-in"":""mono"",""w"":576}"	"{""duration"":""success"",""eof-reached"":""success"",""estimated-frame-number"":""success"",""filename"":""success"",""hwdec-current"":""success"",""idle-active"":""success"",""path"":""success"",""pause"":""success"",""percent-pos"":""success"",""time-pos"":""success"",""video-params"":""success"",""vo-configured"":""success""}"	true	playing	media-907addee8b	<media-path:c58db4e1cc>	30800	3	true	"{""black_screen_risk_reason"":""null"",""blocked_media_count"":0,""consecutive_failures"":0,""current_index"":3,""current_item"":{""alias"":""media-907addee8b"",""duration_ms"":30800,""offset_ms"":0,""path_alias"":""<media-path:c58db4e1cc>"",""started_at_present"":true},""last_poll_error"":""null"",""last_render_error"":""null"",""mpv_running"":true,""next_item"":{""alias"":""media-8e4d41f6c2"",""duration_ms"":7200,""path_alias"":""<media-path:3662a4e886>""},""playback_state"":""playing"",""playlist_size"":9,""present"":true,""uptime_sec"":233}"
203	213.293	2026-07-10T19:59:36+0000	success		2	<media-path:3662a4e886>	<media-path:3662a4e886>	<filename:0a2aeee29a>	1.9	7.221406	26.310666	false	false	false	57	v4l2request-copy	true	"{""aspect"":0.5625,""dh"":1024,""dw"":576,""h"":1024,""par"":1.0,""pixelformat"":""nv12"",""rotate"":0,""stereo-in"":""mono"",""w"":576}"	"{""duration"":""success"",""eof-reached"":""success"",""estimated-frame-number"":""success"",""filename"":""success"",""hwdec-current"":""success"",""idle-active"":""success"",""path"":""success"",""pause"":""success"",""percent-pos"":""success"",""time-pos"":""success"",""video-params"":""success"",""vo-configured"":""success""}"	true	playing	media-907addee8b	<media-path:c58db4e1cc>	30800	3	true	"{""black_screen_risk_reason"":""null"",""blocked_media_count"":0,""consecutive_failures"":0,""current_index"":3,""current_item"":{""alias"":""media-907addee8b"",""duration_ms"":30800,""offset_ms"":0,""path_alias"":""<media-path:c58db4e1cc>"",""started_at_present"":true},""last_poll_error"":""null"",""last_render_error"":""null"",""mpv_running"":true,""next_item"":{""alias"":""media-8e4d41f6c2"",""duration_ms"":7200,""path_alias"":""<media-path:3662a4e886>""},""playback_state"":""playing"",""playlist_size"":9,""present"":true,""uptime_sec"":233}"
204	214.298	2026-07-10T19:59:37+0000	success		2	<media-path:3662a4e886>	<media-path:3662a4e886>	<filename:0a2aeee29a>	2.9	7.221406	40.158385	false	false	false	86	v4l2request-copy	true	"{""aspect"":0.5625,""dh"":1024,""dw"":576,""h"":1024,""par"":1.0,""pixelformat"":""nv12"",""rotate"":0,""stereo-in"":""mono"",""w"":576}"	"{""duration"":""success"",""eof-reached"":""success"",""estimated-frame-number"":""success"",""filename"":""success"",""hwdec-current"":""success"",""idle-active"":""success"",""path"":""success"",""pause"":""success"",""percent-pos"":""success"",""time-pos"":""success"",""video-params"":""success"",""vo-configured"":""success""}"	true	playing	media-907addee8b	<media-path:c58db4e1cc>	30800	3	true	"{""black_screen_risk_reason"":""null"",""blocked_media_count"":0,""consecutive_failures"":0,""current_index"":3,""current_item"":{""alias"":""media-907addee8b"",""duration_ms"":30800,""offset_ms"":0,""path_alias"":""<media-path:c58db4e1cc>"",""started_at_present"":true},""last_poll_error"":""null"",""last_render_error"":""null"",""mpv_running"":true,""next_item"":{""alias"":""media-8e4d41f6c2"",""duration_ms"":7200,""path_alias"":""<media-path:3662a4e886>""},""playback_state"":""playing"",""playlist_size"":9,""present"":true,""uptime_sec"":233}"
205	215.303	2026-07-10T19:59:38+0000	success		2	<media-path:3662a4e886>	<media-path:3662a4e886>	<filename:0a2aeee29a>	3.9	7.221406	54.006104	false	false	false	116	v4l2request-copy	true	"{""aspect"":0.5625,""dh"":1024,""dw"":576,""h"":1024,""par"":1.0,""pixelformat"":""nv12"",""rotate"":0,""stereo-in"":""mono"",""w"":576}"	"{""duration"":""success"",""eof-reached"":""success"",""estimated-frame-number"":""success"",""filename"":""success"",""hwdec-current"":""success"",""idle-active"":""success"",""path"":""success"",""pause"":""success"",""percent-pos"":""success"",""time-pos"":""success"",""video-params"":""success"",""vo-configured"":""success""}"	true	playing	media-907addee8b	<media-path:c58db4e1cc>	30800	3	true	"{""black_screen_risk_reason"":""null"",""blocked_media_count"":0,""consecutive_failures"":0,""current_index"":3,""current_item"":{""alias"":""media-907addee8b"",""duration_ms"":30800,""offset_ms"":0,""path_alias"":""<media-path:c58db4e1cc>"",""started_at_present"":true},""last_poll_error"":""null"",""last_render_error"":""null"",""mpv_running"":true,""next_item"":{""alias"":""media-8e4d41f6c2"",""duration_ms"":7200,""path_alias"":""<media-path:3662a4e886>""},""playback_state"":""playing"",""playlist_size"":9,""present"":true,""uptime_sec"":233}"
206	216.307	2026-07-10T19:59:39+0000	success		2	<media-path:3662a4e886>	<media-path:3662a4e886>	<filename:0a2aeee29a>	4.9	7.221406	67.853823	false	false	false	146	v4l2request-copy	true	"{""aspect"":0.5625,""dh"":1024,""dw"":576,""h"":1024,""par"":1.0,""pixelformat"":""nv12"",""rotate"":0,""stereo-in"":""mono"",""w"":576}"	"{""duration"":""success"",""eof-reached"":""success"",""estimated-frame-number"":""success"",""filename"":""success"",""hwdec-current"":""success"",""idle-active"":""success"",""path"":""success"",""pause"":""success"",""percent-pos"":""success"",""time-pos"":""success"",""video-params"":""success"",""vo-configured"":""success""}"	true	playing	media-8e4d41f6c2	<media-path:3662a4e886>	7200	4	true	"{""black_screen_risk_reason"":""null"",""blocked_media_count"":0,""consecutive_failures"":0,""current_index"":4,""current_item"":{""alias"":""media-8e4d41f6c2"",""duration_ms"":7200,""offset_ms"":0,""path_alias"":""<media-path:3662a4e886>"",""started_at_present"":true},""last_poll_error"":""null"",""last_render_error"":""null"",""mpv_running"":true,""next_item"":{""alias"":""media-fba32b0055"",""duration_ms"":5100,""path_alias"":""<media-path:97100fcdae>""},""playback_state"":""playing"",""playlist_size"":9,""present"":true,""uptime_sec"":238}"
207	217.313	2026-07-10T19:59:40+0000	success		14	<media-path:3662a4e886>	<media-path:3662a4e886>	<filename:0a2aeee29a>	5.9	7.221406	81.701542	false	false	false	176	v4l2request-copy	true	"{""aspect"":0.5625,""dh"":1024,""dw"":576,""h"":1024,""par"":1.0,""pixelformat"":""nv12"",""rotate"":0,""stereo-in"":""mono"",""w"":576}"	"{""duration"":""success"",""eof-reached"":""success"",""estimated-frame-number"":""success"",""filename"":""success"",""hwdec-current"":""success"",""idle-active"":""success"",""path"":""success"",""pause"":""success"",""percent-pos"":""success"",""time-pos"":""success"",""video-params"":""success"",""vo-configured"":""success""}"	true	playing	media-8e4d41f6c2	<media-path:3662a4e886>	7200	4	true	"{""black_screen_risk_reason"":""null"",""blocked_media_count"":0,""consecutive_failures"":0,""current_index"":4,""current_item"":{""alias"":""media-8e4d41f6c2"",""duration_ms"":7200,""offset_ms"":0,""path_alias"":""<media-path:3662a4e886>"",""started_at_present"":true},""last_poll_error"":""null"",""last_render_error"":""null"",""mpv_running"":true,""next_item"":{""alias"":""media-fba32b0055"",""duration_ms"":5100,""path_alias"":""<media-path:97100fcdae>""},""playback_state"":""playing"",""playlist_size"":9,""present"":true,""uptime_sec"":238}"
208	218.330	2026-07-10T19:59:41+0000	success		2	<media-path:3662a4e886>	<media-path:3662a4e886>	<filename:0a2aeee29a>	6.933333	7.221406	96.010852	false	false	false	206	v4l2request-copy	true	"{""aspect"":0.5625,""dh"":1024,""dw"":576,""h"":1024,""par"":1.0,""pixelformat"":""nv12"",""rotate"":0,""stereo-in"":""mono"",""w"":576}"	"{""duration"":""success"",""eof-reached"":""success"",""estimated-frame-number"":""success"",""filename"":""success"",""hwdec-current"":""success"",""idle-active"":""success"",""path"":""success"",""pause"":""success"",""percent-pos"":""success"",""time-pos"":""success"",""video-params"":""success"",""vo-configured"":""success""}"	true	playing	media-8e4d41f6c2	<media-path:3662a4e886>	7200	4	true	"{""black_screen_risk_reason"":""null"",""blocked_media_count"":0,""consecutive_failures"":0,""current_index"":4,""current_item"":{""alias"":""media-8e4d41f6c2"",""duration_ms"":7200,""offset_ms"":0,""path_alias"":""<media-path:3662a4e886>"",""started_at_present"":true},""last_poll_error"":""null"",""last_render_error"":""null"",""mpv_running"":true,""next_item"":{""alias"":""media-fba32b0055"",""duration_ms"":5100,""path_alias"":""<media-path:97100fcdae>""},""playback_state"":""playing"",""playlist_size"":9,""present"":true,""uptime_sec"":238}"
209	219.336	2026-07-10T19:59:42+0000	success		2	<media-path:97100fcdae>	<media-path:97100fcdae>	<filename:a4bfef2b1b>	0.666667	5.06195	13.170155	false	false	false	20	v4l2request-copy	true	"{""aspect"":0.697674,""dh"":688,""dw"":480,""h"":688,""par"":1.0,""pixelformat"":""nv12"",""rotate"":0,""stereo-in"":""mono"",""w"":480}"	"{""duration"":""success"",""eof-reached"":""success"",""estimated-frame-number"":""success"",""filename"":""success"",""hwdec-current"":""success"",""idle-active"":""success"",""path"":""success"",""pause"":""success"",""percent-pos"":""success"",""time-pos"":""success"",""video-params"":""success"",""vo-configured"":""success""}"	true	playing	media-8e4d41f6c2	<media-path:3662a4e886>	7200	4	true	"{""black_screen_risk_reason"":""null"",""blocked_media_count"":0,""consecutive_failures"":0,""current_index"":4,""current_item"":{""alias"":""media-8e4d41f6c2"",""duration_ms"":7200,""offset_ms"":0,""path_alias"":""<media-path:3662a4e886>"",""started_at_present"":true},""last_poll_error"":""null"",""last_render_error"":""null"",""mpv_running"":true,""next_item"":{""alias"":""media-fba32b0055"",""duration_ms"":5100,""path_alias"":""<media-path:97100fcdae>""},""playback_state"":""playing"",""playlist_size"":9,""present"":true,""uptime_sec"":238}"
210	220.340	2026-07-10T19:59:43+0000	success		2	<media-path:97100fcdae>	<media-path:97100fcdae>	<filename:a4bfef2b1b>	1.666667	5.06195	32.925387	false	false	false	50	v4l2request-copy	true	"{""aspect"":0.697674,""dh"":688,""dw"":480,""h"":688,""par"":1.0,""pixelformat"":""nv12"",""rotate"":0,""stereo-in"":""mono"",""w"":480}"	"{""duration"":""success"",""eof-reached"":""success"",""estimated-frame-number"":""success"",""filename"":""success"",""hwdec-current"":""success"",""idle-active"":""success"",""path"":""success"",""pause"":""success"",""percent-pos"":""success"",""time-pos"":""success"",""video-params"":""success"",""vo-configured"":""success""}"	true	playing	media-8e4d41f6c2	<media-path:3662a4e886>	7200	4	true	"{""black_screen_risk_reason"":""null"",""blocked_media_count"":0,""consecutive_failures"":0,""current_index"":4,""current_item"":{""alias"":""media-8e4d41f6c2"",""duration_ms"":7200,""offset_ms"":0,""path_alias"":""<media-path:3662a4e886>"",""started_at_present"":true},""last_poll_error"":""null"",""last_render_error"":""null"",""mpv_running"":true,""next_item"":{""alias"":""media-fba32b0055"",""duration_ms"":5100,""path_alias"":""<media-path:97100fcdae>""},""playback_state"":""playing"",""playlist_size"":9,""present"":true,""uptime_sec"":238}"
211	221.345	2026-07-10T19:59:44+0000	success		2	<media-path:97100fcdae>	<media-path:97100fcdae>	<filename:a4bfef2b1b>	2.666667	5.06195	52.680619	false	false	false	80	v4l2request-copy	true	"{""aspect"":0.697674,""dh"":688,""dw"":480,""h"":688,""par"":1.0,""pixelformat"":""nv12"",""rotate"":0,""stereo-in"":""mono"",""w"":480}"	"{""duration"":""success"",""eof-reached"":""success"",""estimated-frame-number"":""success"",""filename"":""success"",""hwdec-current"":""success"",""idle-active"":""success"",""path"":""success"",""pause"":""success"",""percent-pos"":""success"",""time-pos"":""success"",""video-params"":""success"",""vo-configured"":""success""}"	true	playing	media-fba32b0055	<media-path:97100fcdae>	5100	5	true	"{""black_screen_risk_reason"":""null"",""blocked_media_count"":0,""consecutive_failures"":0,""current_index"":5,""current_item"":{""alias"":""media-fba32b0055"",""duration_ms"":5100,""offset_ms"":0,""path_alias"":""<media-path:97100fcdae>"",""started_at_present"":true},""last_poll_error"":""null"",""last_render_error"":""null"",""mpv_running"":true,""next_item"":{""alias"":""media-749f1db21b"",""duration_ms"":3900,""path_alias"":""<media-path:31af3d58a2>""},""playback_state"":""playing"",""playlist_size"":9,""present"":true,""uptime_sec"":243}"
212	222.349	2026-07-10T19:59:45+0000	success		2	<media-path:97100fcdae>	<media-path:97100fcdae>	<filename:a4bfef2b1b>	3.666667	5.06195	72.435851	false	false	false	109	v4l2request-copy	true	"{""aspect"":0.697674,""dh"":688,""dw"":480,""h"":688,""par"":1.0,""pixelformat"":""nv12"",""rotate"":0,""stereo-in"":""mono"",""w"":480}"	"{""duration"":""success"",""eof-reached"":""success"",""estimated-frame-number"":""success"",""filename"":""success"",""hwdec-current"":""success"",""idle-active"":""success"",""path"":""success"",""pause"":""success"",""percent-pos"":""success"",""time-pos"":""success"",""video-params"":""success"",""vo-configured"":""success""}"	true	playing	media-fba32b0055	<media-path:97100fcdae>	5100	5	true	"{""black_screen_risk_reason"":""null"",""blocked_media_count"":0,""consecutive_failures"":0,""current_index"":5,""current_item"":{""alias"":""media-fba32b0055"",""duration_ms"":5100,""offset_ms"":0,""path_alias"":""<media-path:97100fcdae>"",""started_at_present"":true},""last_poll_error"":""null"",""last_render_error"":""null"",""mpv_running"":true,""next_item"":{""alias"":""media-749f1db21b"",""duration_ms"":3900,""path_alias"":""<media-path:31af3d58a2>""},""playback_state"":""playing"",""playlist_size"":9,""present"":true,""uptime_sec"":243}"
213	223.354	2026-07-10T19:59:46+0000	success		6	<media-path:97100fcdae>	<media-path:97100fcdae>	<filename:a4bfef2b1b>	4.666667	5.06195	92.191084	false	false	false	139	v4l2request-copy	true	"{""aspect"":0.697674,""dh"":688,""dw"":480,""h"":688,""par"":1.0,""pixelformat"":""nv12"",""rotate"":0,""stereo-in"":""mono"",""w"":480}"	"{""duration"":""success"",""eof-reached"":""success"",""estimated-frame-number"":""success"",""filename"":""success"",""hwdec-current"":""success"",""idle-active"":""success"",""path"":""success"",""pause"":""success"",""percent-pos"":""success"",""time-pos"":""success"",""video-params"":""success"",""vo-configured"":""success""}"	true	playing	media-fba32b0055	<media-path:97100fcdae>	5100	5	true	"{""black_screen_risk_reason"":""null"",""blocked_media_count"":0,""consecutive_failures"":0,""current_index"":5,""current_item"":{""alias"":""media-fba32b0055"",""duration_ms"":5100,""offset_ms"":0,""path_alias"":""<media-path:97100fcdae>"",""started_at_present"":true},""last_poll_error"":""null"",""last_render_error"":""null"",""mpv_running"":true,""next_item"":{""alias"":""media-749f1db21b"",""duration_ms"":3900,""path_alias"":""<media-path:31af3d58a2>""},""playback_state"":""playing"",""playlist_size"":9,""present"":true,""uptime_sec"":243}"
214	224.362	2026-07-10T19:59:47+0000	success		2	<media-path:31af3d58a2>	<media-path:31af3d58a2>	<filename:92829f14a9>	0.4	3.9	10.25641	false	false	false	12	v4l2request-copy	true	"{""aspect"":0.566038,""dh"":848,""dw"":480,""h"":848,""par"":1.0,""pixelformat"":""nv12"",""rotate"":0,""stereo-in"":""mono"",""w"":480}"	"{""duration"":""success"",""eof-reached"":""success"",""estimated-frame-number"":""success"",""filename"":""success"",""hwdec-current"":""success"",""idle-active"":""success"",""path"":""success"",""pause"":""success"",""percent-pos"":""success"",""time-pos"":""success"",""video-params"":""success"",""vo-configured"":""success""}"	true	playing	media-fba32b0055	<media-path:97100fcdae>	5100	5	true	"{""black_screen_risk_reason"":""null"",""blocked_media_count"":0,""consecutive_failures"":0,""current_index"":5,""current_item"":{""alias"":""media-fba32b0055"",""duration_ms"":5100,""offset_ms"":0,""path_alias"":""<media-path:97100fcdae>"",""started_at_present"":true},""last_poll_error"":""null"",""last_render_error"":""null"",""mpv_running"":true,""next_item"":{""alias"":""media-749f1db21b"",""duration_ms"":3900,""path_alias"":""<media-path:31af3d58a2>""},""playback_state"":""playing"",""playlist_size"":9,""present"":true,""uptime_sec"":243}"
215	225.366	2026-07-10T19:59:48+0000	success		2	<media-path:31af3d58a2>	<media-path:31af3d58a2>	<filename:92829f14a9>	1.4	3.9	35.897436	false	false	false	42	v4l2request-copy	true	"{""aspect"":0.566038,""dh"":848,""dw"":480,""h"":848,""par"":1.0,""pixelformat"":""nv12"",""rotate"":0,""stereo-in"":""mono"",""w"":480}"	"{""duration"":""success"",""eof-reached"":""success"",""estimated-frame-number"":""success"",""filename"":""success"",""hwdec-current"":""success"",""idle-active"":""success"",""path"":""success"",""pause"":""success"",""percent-pos"":""success"",""time-pos"":""success"",""video-params"":""success"",""vo-configured"":""success""}"	true	playing	media-fba32b0055	<media-path:97100fcdae>	5100	5	true	"{""black_screen_risk_reason"":""null"",""blocked_media_count"":0,""consecutive_failures"":0,""current_index"":5,""current_item"":{""alias"":""media-fba32b0055"",""duration_ms"":5100,""offset_ms"":0,""path_alias"":""<media-path:97100fcdae>"",""started_at_present"":true},""last_poll_error"":""null"",""last_render_error"":""null"",""mpv_running"":true,""next_item"":{""alias"":""media-749f1db21b"",""duration_ms"":3900,""path_alias"":""<media-path:31af3d58a2>""},""playback_state"":""playing"",""playlist_size"":9,""present"":true,""uptime_sec"":243}"
216	226.371	2026-07-10T19:59:49+0000	success		2	<media-path:31af3d58a2>	<media-path:31af3d58a2>	<filename:92829f14a9>	2.4	3.9	61.538462	false	false	false	71	v4l2request-copy	true	"{""aspect"":0.566038,""dh"":848,""dw"":480,""h"":848,""par"":1.0,""pixelformat"":""nv12"",""rotate"":0,""stereo-in"":""mono"",""w"":480}"	"{""duration"":""success"",""eof-reached"":""success"",""estimated-frame-number"":""success"",""filename"":""success"",""hwdec-current"":""success"",""idle-active"":""success"",""path"":""success"",""pause"":""success"",""percent-pos"":""success"",""time-pos"":""success"",""video-params"":""success"",""vo-configured"":""success""}"	true	playing	media-749f1db21b	<media-path:31af3d58a2>	3900	6	true	"{""black_screen_risk_reason"":""null"",""blocked_media_count"":0,""consecutive_failures"":0,""current_index"":6,""current_item"":{""alias"":""media-749f1db21b"",""duration_ms"":3900,""offset_ms"":0,""path_alias"":""<media-path:31af3d58a2>"",""started_at_present"":true},""last_poll_error"":""null"",""last_render_error"":""null"",""mpv_running"":true,""next_item"":{""alias"":""media-b8c9a5f04c"",""duration_ms"":28100,""path_alias"":""<media-path:3ba49b8978>""},""playback_state"":""playing"",""playlist_size"":9,""present"":true,""uptime_sec"":248}"
217	227.375	2026-07-10T19:59:50+0000	success		10	<media-path:31af3d58a2>	<media-path:31af3d58a2>	<filename:92829f14a9>	3.4	3.9	87.179487	false	false	false	101	v4l2request-copy	true	"{""aspect"":0.566038,""dh"":848,""dw"":480,""h"":848,""par"":1.0,""pixelformat"":""nv12"",""rotate"":0,""stereo-in"":""mono"",""w"":480}"	"{""duration"":""success"",""eof-reached"":""success"",""estimated-frame-number"":""success"",""filename"":""success"",""hwdec-current"":""success"",""idle-active"":""success"",""path"":""success"",""pause"":""success"",""percent-pos"":""success"",""time-pos"":""success"",""video-params"":""success"",""vo-configured"":""success""}"	true	playing	media-749f1db21b	<media-path:31af3d58a2>	3900	6	true	"{""black_screen_risk_reason"":""null"",""blocked_media_count"":0,""consecutive_failures"":0,""current_index"":6,""current_item"":{""alias"":""media-749f1db21b"",""duration_ms"":3900,""offset_ms"":0,""path_alias"":""<media-path:31af3d58a2>"",""started_at_present"":true},""last_poll_error"":""null"",""last_render_error"":""null"",""mpv_running"":true,""next_item"":{""alias"":""media-b8c9a5f04c"",""duration_ms"":28100,""path_alias"":""<media-path:3ba49b8978>""},""playback_state"":""playing"",""playlist_size"":9,""present"":true,""uptime_sec"":248}"
218	228.388	2026-07-10T19:59:51+0000	success		127	<media-path:3ba49b8978>	<media-path:3ba49b8978>	<filename:e511e8bce0>	0.166833	28.061367	0.59453	false	false	false	5	v4l2request-copy	true	"{""aspect"":0.5625,""dh"":1920,""dw"":1080,""h"":1920,""par"":1.0,""pixelformat"":""nv12"",""rotate"":0,""stereo-in"":""mono"",""w"":1080}"	"{""duration"":""success"",""eof-reached"":""success"",""estimated-frame-number"":""success"",""filename"":""success"",""hwdec-current"":""success"",""idle-active"":""success"",""path"":""success"",""pause"":""success"",""percent-pos"":""success"",""time-pos"":""success"",""video-params"":""success"",""vo-configured"":""success""}"	true	playing	media-749f1db21b	<media-path:31af3d58a2>	3900	6	true	"{""black_screen_risk_reason"":""null"",""blocked_media_count"":0,""consecutive_failures"":0,""current_index"":6,""current_item"":{""alias"":""media-749f1db21b"",""duration_ms"":3900,""offset_ms"":0,""path_alias"":""<media-path:31af3d58a2>"",""started_at_present"":true},""last_poll_error"":""null"",""last_render_error"":""null"",""mpv_running"":true,""next_item"":{""alias"":""media-b8c9a5f04c"",""duration_ms"":28100,""path_alias"":""<media-path:3ba49b8978>""},""playback_state"":""playing"",""playlist_size"":9,""present"":true,""uptime_sec"":248}"
219	229.518	2026-07-10T19:59:53+0000	success		472	<media-path:3ba49b8978>	<media-path:3ba49b8978>	<filename:e511e8bce0>	1.001	28.061367	3.804994	false	false	false	34	v4l2request-copy	true	"{""aspect"":0.5625,""dh"":1920,""dw"":1080,""h"":1920,""par"":1.0,""pixelformat"":""nv12"",""rotate"":0,""stereo-in"":""mono"",""w"":1080}"	"{""duration"":""success"",""eof-reached"":""success"",""estimated-frame-number"":""success"",""filename"":""success"",""hwdec-current"":""success"",""idle-active"":""success"",""path"":""success"",""pause"":""success"",""percent-pos"":""success"",""time-pos"":""success"",""video-params"":""success"",""vo-configured"":""success""}"	true	playing	media-749f1db21b	<media-path:31af3d58a2>	3900	6	true	"{""black_screen_risk_reason"":""null"",""blocked_media_count"":0,""consecutive_failures"":0,""current_index"":6,""current_item"":{""alias"":""media-749f1db21b"",""duration_ms"":3900,""offset_ms"":0,""path_alias"":""<media-path:31af3d58a2>"",""started_at_present"":true},""last_poll_error"":""null"",""last_render_error"":""null"",""mpv_running"":true,""next_item"":{""alias"":""media-b8c9a5f04c"",""duration_ms"":28100,""path_alias"":""<media-path:3ba49b8978>""},""playback_state"":""playing"",""playlist_size"":9,""present"":true,""uptime_sec"":248}"
220	230.995	2026-07-10T19:59:54+0000	success		111	<media-path:3ba49b8978>	<media-path:3ba49b8978>	<filename:e511e8bce0>	2.168833	28.061367	7.728894	false	false	false	65	v4l2request-copy	true	"{""aspect"":0.5625,""dh"":1920,""dw"":1080,""h"":1920,""par"":1.0,""pixelformat"":""nv12"",""rotate"":0,""stereo-in"":""mono"",""w"":1080}"	"{""duration"":""success"",""eof-reached"":""success"",""estimated-frame-number"":""success"",""filename"":""success"",""hwdec-current"":""success"",""idle-active"":""success"",""path"":""success"",""pause"":""success"",""percent-pos"":""success"",""time-pos"":""success"",""video-params"":""success"",""vo-configured"":""success""}"	true	playing	media-b8c9a5f04c	<media-path:3ba49b8978>	28100	7	true	"{""black_screen_risk_reason"":""null"",""blocked_media_count"":0,""consecutive_failures"":0,""current_index"":7,""current_item"":{""alias"":""media-b8c9a5f04c"",""duration_ms"":28100,""offset_ms"":0,""path_alias"":""<media-path:3ba49b8978>"",""started_at_present"":true},""last_poll_error"":""null"",""last_render_error"":""null"",""mpv_running"":true,""next_item"":{""alias"":""media-7eefea6ba2"",""duration_ms"":5000,""path_alias"":""<media-path:9e48f6362b>""},""playback_state"":""playing"",""playlist_size"":9,""present"":true,""uptime_sec"":253}"
221	232.110	2026-07-10T19:59:55+0000	success		471	<media-path:3ba49b8978>	<media-path:3ba49b8978>	<filename:e511e8bce0>	3.036367	28.061367	11.058264	false	false	false	95	v4l2request-copy	true	"{""aspect"":0.5625,""dh"":1920,""dw"":1080,""h"":1920,""par"":1.0,""pixelformat"":""nv12"",""rotate"":0,""stereo-in"":""mono"",""w"":1080}"	"{""duration"":""success"",""eof-reached"":""success"",""estimated-frame-number"":""success"",""filename"":""success"",""hwdec-current"":""success"",""idle-active"":""success"",""path"":""success"",""pause"":""success"",""percent-pos"":""success"",""time-pos"":""success"",""video-params"":""success"",""vo-configured"":""success""}"	true	playing	media-b8c9a5f04c	<media-path:3ba49b8978>	28100	7	true	"{""black_screen_risk_reason"":""null"",""blocked_media_count"":0,""consecutive_failures"":0,""current_index"":7,""current_item"":{""alias"":""media-b8c9a5f04c"",""duration_ms"":28100,""offset_ms"":0,""path_alias"":""<media-path:3ba49b8978>"",""started_at_present"":true},""last_poll_error"":""null"",""last_render_error"":""null"",""mpv_running"":true,""next_item"":{""alias"":""media-7eefea6ba2"",""duration_ms"":5000,""path_alias"":""<media-path:9e48f6362b>""},""playback_state"":""playing"",""playlist_size"":9,""present"":true,""uptime_sec"":253}"
222	233.585	2026-07-10T19:59:57+0000	success		375	<media-path:3ba49b8978>	<media-path:3ba49b8978>	<filename:e511e8bce0>	4.2042	28.061367	15.219976	false	false	false	130	v4l2request-copy	true	"{""aspect"":0.5625,""dh"":1920,""dw"":1080,""h"":1920,""par"":1.0,""pixelformat"":""nv12"",""rotate"":0,""stereo-in"":""mono"",""w"":1080}"	"{""duration"":""success"",""eof-reached"":""success"",""estimated-frame-number"":""success"",""filename"":""success"",""hwdec-current"":""success"",""idle-active"":""success"",""path"":""success"",""pause"":""success"",""percent-pos"":""success"",""time-pos"":""success"",""video-params"":""success"",""vo-configured"":""success""}"	true	playing	media-b8c9a5f04c	<media-path:3ba49b8978>	28100	7	true	"{""black_screen_risk_reason"":""null"",""blocked_media_count"":0,""consecutive_failures"":0,""current_index"":7,""current_item"":{""alias"":""media-b8c9a5f04c"",""duration_ms"":28100,""offset_ms"":0,""path_alias"":""<media-path:3ba49b8978>"",""started_at_present"":true},""last_poll_error"":""null"",""last_render_error"":""null"",""mpv_running"":true,""next_item"":{""alias"":""media-7eefea6ba2"",""duration_ms"":5000,""path_alias"":""<media-path:9e48f6362b>""},""playback_state"":""playing"",""playlist_size"":9,""present"":true,""uptime_sec"":253}"
223	234.964	2026-07-10T19:59:58+0000	success		483	<media-path:3ba49b8978>	<media-path:3ba49b8978>	<filename:e511e8bce0>	5.271933	28.061367	19.02497	false	false	false	162	v4l2request-copy	true	"{""aspect"":0.5625,""dh"":1920,""dw"":1080,""h"":1920,""par"":1.0,""pixelformat"":""nv12"",""rotate"":0,""stereo-in"":""mono"",""w"":1080}"	"{""duration"":""success"",""eof-reached"":""success"",""estimated-frame-number"":""success"",""filename"":""success"",""hwdec-current"":""success"",""idle-active"":""success"",""path"":""success"",""pause"":""success"",""percent-pos"":""success"",""time-pos"":""success"",""video-params"":""success"",""vo-configured"":""success""}"	true	playing	media-b8c9a5f04c	<media-path:3ba49b8978>	28100	7	true	"{""black_screen_risk_reason"":""null"",""blocked_media_count"":0,""consecutive_failures"":0,""current_index"":7,""current_item"":{""alias"":""media-b8c9a5f04c"",""duration_ms"":28100,""offset_ms"":0,""path_alias"":""<media-path:3ba49b8978>"",""started_at_present"":true},""last_poll_error"":""null"",""last_render_error"":""null"",""mpv_running"":true,""next_item"":{""alias"":""media-7eefea6ba2"",""duration_ms"":5000,""path_alias"":""<media-path:9e48f6362b>""},""playback_state"":""playing"",""playlist_size"":9,""present"":true,""uptime_sec"":253}"
224	236.450	2026-07-10T19:59:59+0000	success		364	<media-path:3ba49b8978>	<media-path:3ba49b8978>	<filename:e511e8bce0>	6.439767	28.061367	23.186683	false	false	false	197	v4l2request-copy	true	"{""aspect"":0.5625,""dh"":1920,""dw"":1080,""h"":1920,""par"":1.0,""pixelformat"":""nv12"",""rotate"":0,""stereo-in"":""mono"",""w"":1080}"	"{""duration"":""success"",""eof-reached"":""success"",""estimated-frame-number"":""success"",""filename"":""success"",""hwdec-current"":""success"",""idle-active"":""success"",""path"":""success"",""pause"":""success"",""percent-pos"":""success"",""time-pos"":""success"",""video-params"":""success"",""vo-configured"":""success""}"	true	playing	media-b8c9a5f04c	<media-path:3ba49b8978>	28100	7	true	"{""black_screen_risk_reason"":""null"",""blocked_media_count"":0,""consecutive_failures"":0,""current_index"":7,""current_item"":{""alias"":""media-b8c9a5f04c"",""duration_ms"":28100,""offset_ms"":0,""path_alias"":""<media-path:3ba49b8978>"",""started_at_present"":true},""last_poll_error"":""null"",""last_render_error"":""null"",""mpv_running"":true,""next_item"":{""alias"":""media-7eefea6ba2"",""duration_ms"":5000,""path_alias"":""<media-path:9e48f6362b>""},""playback_state"":""playing"",""playlist_size"":9,""present"":true,""uptime_sec"":258}"
225	237.818	2026-07-10T20:00:01+0000	success		460	<media-path:3ba49b8978>	<media-path:3ba49b8978>	<filename:e511e8bce0>	0.433767	28.061367	1.783591	false	false	false	17	v4l2request-copy	true	"{""aspect"":0.5625,""dh"":1920,""dw"":1080,""h"":1920,""par"":1.0,""pixelformat"":""nv12"",""rotate"":0,""stereo-in"":""mono"",""w"":1080}"	"{""duration"":""success"",""eof-reached"":""success"",""estimated-frame-number"":""success"",""filename"":""success"",""hwdec-current"":""success"",""idle-active"":""success"",""path"":""success"",""pause"":""success"",""percent-pos"":""success"",""time-pos"":""success"",""video-params"":""success"",""vo-configured"":""success""}"	true	playing	media-b8c9a5f04c	<media-path:3ba49b8978>	28100	7	true	"{""black_screen_risk_reason"":""null"",""blocked_media_count"":0,""consecutive_failures"":0,""current_index"":7,""current_item"":{""alias"":""media-b8c9a5f04c"",""duration_ms"":28100,""offset_ms"":0,""path_alias"":""<media-path:3ba49b8978>"",""started_at_present"":true},""last_poll_error"":""null"",""last_render_error"":""null"",""mpv_running"":true,""next_item"":{""alias"":""media-7eefea6ba2"",""duration_ms"":5000,""path_alias"":""<media-path:9e48f6362b>""},""playback_state"":""playing"",""playlist_size"":9,""present"":true,""uptime_sec"":258}"
226	239.281	2026-07-10T20:00:02+0000	success		87	<media-path:3ba49b8978>	<media-path:3ba49b8978>	<filename:e511e8bce0>	1.568233	28.061367	5.588585	false	false	false	47	v4l2request-copy	true	"{""aspect"":0.5625,""dh"":1920,""dw"":1080,""h"":1920,""par"":1.0,""pixelformat"":""nv12"",""rotate"":0,""stereo-in"":""mono"",""w"":1080}"	"{""duration"":""success"",""eof-reached"":""success"",""estimated-frame-number"":""success"",""filename"":""success"",""hwdec-current"":""success"",""idle-active"":""success"",""path"":""success"",""pause"":""success"",""percent-pos"":""success"",""time-pos"":""success"",""video-params"":""success"",""vo-configured"":""success""}"	true	playing	media-b8c9a5f04c	<media-path:3ba49b8978>	28100	7	true	"{""black_screen_risk_reason"":""null"",""blocked_media_count"":0,""consecutive_failures"":0,""current_index"":7,""current_item"":{""alias"":""media-b8c9a5f04c"",""duration_ms"":28100,""offset_ms"":0,""path_alias"":""<media-path:3ba49b8978>"",""started_at_present"":true},""last_poll_error"":""null"",""last_render_error"":""null"",""mpv_running"":true,""next_item"":{""alias"":""media-7eefea6ba2"",""duration_ms"":5000,""path_alias"":""<media-path:9e48f6362b>""},""playback_state"":""playing"",""playlist_size"":9,""present"":true,""uptime_sec"":258}"
227	240.372	2026-07-10T20:00:03+0000	success		478	<media-path:3ba49b8978>	<media-path:3ba49b8978>	<filename:e511e8bce0>	2.435767	28.061367	8.917955	false	false	false	77	v4l2request-copy	true	"{""aspect"":0.5625,""dh"":1920,""dw"":1080,""h"":1920,""par"":1.0,""pixelformat"":""nv12"",""rotate"":0,""stereo-in"":""mono"",""w"":1080}"	"{""duration"":""success"",""eof-reached"":""success"",""estimated-frame-number"":""success"",""filename"":""success"",""hwdec-current"":""success"",""idle-active"":""success"",""path"":""success"",""pause"":""success"",""percent-pos"":""success"",""time-pos"":""success"",""video-params"":""success"",""vo-configured"":""success""}"	true	playing	media-b8c9a5f04c	<media-path:3ba49b8978>	28100	7	true	"{""black_screen_risk_reason"":""null"",""blocked_media_count"":0,""consecutive_failures"":0,""current_index"":7,""current_item"":{""alias"":""media-b8c9a5f04c"",""duration_ms"":28100,""offset_ms"":12158,""path_alias"":""<media-path:3ba49b8978>"",""started_at_present"":true},""last_poll_error"":""null"",""last_render_error"":""null"",""mpv_running"":true,""next_item"":{""alias"":""media-7eefea6ba2"",""duration_ms"":5000,""path_alias"":""<media-path:9e48f6362b>""},""playback_state"":""playing"",""playlist_size"":9,""present"":true,""uptime_sec"":263}"
228	241.853	2026-07-10T20:00:05+0000	success		431	<media-path:3ba49b8978>	<media-path:3ba49b8978>	<filename:e511e8bce0>	3.6036	28.061367	13.079667	false	false	false	112	v4l2request-copy	true	"{""aspect"":0.5625,""dh"":1920,""dw"":1080,""h"":1920,""par"":1.0,""pixelformat"":""nv12"",""rotate"":0,""stereo-in"":""mono"",""w"":1080}"	"{""duration"":""success"",""eof-reached"":""success"",""estimated-frame-number"":""success"",""filename"":""success"",""hwdec-current"":""success"",""idle-active"":""success"",""path"":""success"",""pause"":""success"",""percent-pos"":""success"",""time-pos"":""success"",""video-params"":""success"",""vo-configured"":""success""}"	true	playing	media-b8c9a5f04c	<media-path:3ba49b8978>	28100	7	true	"{""black_screen_risk_reason"":""null"",""blocked_media_count"":0,""consecutive_failures"":0,""current_index"":7,""current_item"":{""alias"":""media-b8c9a5f04c"",""duration_ms"":28100,""offset_ms"":12158,""path_alias"":""<media-path:3ba49b8978>"",""started_at_present"":true},""last_poll_error"":""null"",""last_render_error"":""null"",""mpv_running"":true,""next_item"":{""alias"":""media-7eefea6ba2"",""duration_ms"":5000,""path_alias"":""<media-path:9e48f6362b>""},""playback_state"":""playing"",""playlist_size"":9,""present"":true,""uptime_sec"":263}"
229	243.287	2026-07-10T20:00:06+0000	success		477	<media-path:3ba49b8978>	<media-path:3ba49b8978>	<filename:e511e8bce0>	4.738067	28.061367	17.122473	false	false	false	146	v4l2request-copy	true	"{""aspect"":0.5625,""dh"":1920,""dw"":1080,""h"":1920,""par"":1.0,""pixelformat"":""nv12"",""rotate"":0,""stereo-in"":""mono"",""w"":1080}"	"{""duration"":""success"",""eof-reached"":""success"",""estimated-frame-number"":""success"",""filename"":""success"",""hwdec-current"":""success"",""idle-active"":""success"",""path"":""success"",""pause"":""success"",""percent-pos"":""success"",""time-pos"":""success"",""video-params"":""success"",""vo-configured"":""success""}"	true	playing	media-b8c9a5f04c	<media-path:3ba49b8978>	28100	7	true	"{""black_screen_risk_reason"":""null"",""blocked_media_count"":0,""consecutive_failures"":0,""current_index"":7,""current_item"":{""alias"":""media-b8c9a5f04c"",""duration_ms"":28100,""offset_ms"":12158,""path_alias"":""<media-path:3ba49b8978>"",""started_at_present"":true},""last_poll_error"":""null"",""last_render_error"":""null"",""mpv_running"":true,""next_item"":{""alias"":""media-7eefea6ba2"",""duration_ms"":5000,""path_alias"":""<media-path:9e48f6362b>""},""playback_state"":""playing"",""playlist_size"":9,""present"":true,""uptime_sec"":263}"
230	244.768	2026-07-10T20:00:08+0000	success		354	<media-path:3ba49b8978>	<media-path:3ba49b8978>	<filename:e511e8bce0>	5.9059	28.061367	21.284185	false	false	false	181	v4l2request-copy	true	"{""aspect"":0.5625,""dh"":1920,""dw"":1080,""h"":1920,""par"":1.0,""pixelformat"":""nv12"",""rotate"":0,""stereo-in"":""mono"",""w"":1080}"	"{""duration"":""success"",""eof-reached"":""success"",""estimated-frame-number"":""success"",""filename"":""success"",""hwdec-current"":""success"",""idle-active"":""success"",""path"":""success"",""pause"":""success"",""percent-pos"":""success"",""time-pos"":""success"",""video-params"":""success"",""vo-configured"":""success""}"	true	playing	media-b8c9a5f04c	<media-path:3ba49b8978>	28100	7	true	"{""black_screen_risk_reason"":""null"",""blocked_media_count"":0,""consecutive_failures"":0,""current_index"":7,""current_item"":{""alias"":""media-b8c9a5f04c"",""duration_ms"":28100,""offset_ms"":12158,""path_alias"":""<media-path:3ba49b8978>"",""started_at_present"":true},""last_poll_error"":""null"",""last_render_error"":""null"",""mpv_running"":true,""next_item"":{""alias"":""media-7eefea6ba2"",""duration_ms"":5000,""path_alias"":""<media-path:9e48f6362b>""},""playback_state"":""playing"",""playlist_size"":9,""present"":true,""uptime_sec"":263}"
231	246.125	2026-07-10T20:00:09+0000	success		466	<media-path:3ba49b8978>	<media-path:3ba49b8978>	<filename:e511e8bce0>	6.940267	28.061367	24.970273	false	false	false	212	v4l2request-copy	true	"{""aspect"":0.5625,""dh"":1920,""dw"":1080,""h"":1920,""par"":1.0,""pixelformat"":""nv12"",""rotate"":0,""stereo-in"":""mono"",""w"":1080}"	"{""duration"":""success"",""eof-reached"":""success"",""estimated-frame-number"":""success"",""filename"":""success"",""hwdec-current"":""success"",""idle-active"":""success"",""path"":""success"",""pause"":""success"",""percent-pos"":""success"",""time-pos"":""success"",""video-params"":""success"",""vo-configured"":""success""}"	true	playing	media-b8c9a5f04c	<media-path:3ba49b8978>	28100	7	true	"{""black_screen_risk_reason"":""null"",""blocked_media_count"":0,""consecutive_failures"":0,""current_index"":7,""current_item"":{""alias"":""media-b8c9a5f04c"",""duration_ms"":28100,""offset_ms"":12158,""path_alias"":""<media-path:3ba49b8978>"",""started_at_present"":true},""last_poll_error"":""null"",""last_render_error"":""null"",""mpv_running"":true,""next_item"":{""alias"":""media-7eefea6ba2"",""duration_ms"":5000,""path_alias"":""<media-path:9e48f6362b>""},""playback_state"":""playing"",""playlist_size"":9,""present"":true,""uptime_sec"":268}"
232	247.594	2026-07-10T20:00:11+0000	success		401	<media-path:3ba49b8978>	<media-path:3ba49b8978>	<filename:e511e8bce0>	8.1081	28.061367	29.131986	false	false	false	247	v4l2request-copy	true	"{""aspect"":0.5625,""dh"":1920,""dw"":1080,""h"":1920,""par"":1.0,""pixelformat"":""nv12"",""rotate"":0,""stereo-in"":""mono"",""w"":1080}"	"{""duration"":""success"",""eof-reached"":""success"",""estimated-frame-number"":""success"",""filename"":""success"",""hwdec-current"":""success"",""idle-active"":""success"",""path"":""success"",""pause"":""success"",""percent-pos"":""success"",""time-pos"":""success"",""video-params"":""success"",""vo-configured"":""success""}"	true	playing	media-b8c9a5f04c	<media-path:3ba49b8978>	28100	7	true	"{""black_screen_risk_reason"":""null"",""blocked_media_count"":0,""consecutive_failures"":0,""current_index"":7,""current_item"":{""alias"":""media-b8c9a5f04c"",""duration_ms"":28100,""offset_ms"":12158,""path_alias"":""<media-path:3ba49b8978>"",""started_at_present"":true},""last_poll_error"":""null"",""last_render_error"":""null"",""mpv_running"":true,""next_item"":{""alias"":""media-7eefea6ba2"",""duration_ms"":5000,""path_alias"":""<media-path:9e48f6362b>""},""playback_state"":""playing"",""playlist_size"":9,""present"":true,""uptime_sec"":268}"
233	248.999	2026-07-10T20:00:12+0000	success		467	<media-path:3ba49b8978>	<media-path:3ba49b8978>	<filename:e511e8bce0>	9.2092	28.061367	33.055886	false	false	false	280	v4l2request-copy	true	"{""aspect"":0.5625,""dh"":1920,""dw"":1080,""h"":1920,""par"":1.0,""pixelformat"":""nv12"",""rotate"":0,""stereo-in"":""mono"",""w"":1080}"	"{""duration"":""success"",""eof-reached"":""success"",""estimated-frame-number"":""success"",""filename"":""success"",""hwdec-current"":""success"",""idle-active"":""success"",""path"":""success"",""pause"":""success"",""percent-pos"":""success"",""time-pos"":""success"",""video-params"":""success"",""vo-configured"":""success""}"	true	playing	media-b8c9a5f04c	<media-path:3ba49b8978>	28100	7	true	"{""black_screen_risk_reason"":""null"",""blocked_media_count"":0,""consecutive_failures"":0,""current_index"":7,""current_item"":{""alias"":""media-b8c9a5f04c"",""duration_ms"":28100,""offset_ms"":12158,""path_alias"":""<media-path:3ba49b8978>"",""started_at_present"":true},""last_poll_error"":""null"",""last_render_error"":""null"",""mpv_running"":true,""next_item"":{""alias"":""media-7eefea6ba2"",""duration_ms"":5000,""path_alias"":""<media-path:9e48f6362b>""},""playback_state"":""playing"",""playlist_size"":9,""present"":true,""uptime_sec"":268}"
234	250.470	2026-07-10T20:00:13+0000	success		342	<media-path:3ba49b8978>	<media-path:3ba49b8978>	<filename:e511e8bce0>	10.377033	28.061367	37.217598	false	false	false	315	v4l2request-copy	true	"{""aspect"":0.5625,""dh"":1920,""dw"":1080,""h"":1920,""par"":1.0,""pixelformat"":""nv12"",""rotate"":0,""stereo-in"":""mono"",""w"":1080}"	"{""duration"":""success"",""eof-reached"":""success"",""estimated-frame-number"":""success"",""filename"":""success"",""hwdec-current"":""success"",""idle-active"":""success"",""path"":""success"",""pause"":""success"",""percent-pos"":""success"",""time-pos"":""success"",""video-params"":""success"",""vo-configured"":""success""}"	true	playing	media-b8c9a5f04c	<media-path:3ba49b8978>	28100	7	true	"{""black_screen_risk_reason"":""null"",""blocked_media_count"":0,""consecutive_failures"":0,""current_index"":7,""current_item"":{""alias"":""media-b8c9a5f04c"",""duration_ms"":28100,""offset_ms"":12158,""path_alias"":""<media-path:3ba49b8978>"",""started_at_present"":true},""last_poll_error"":""null"",""last_render_error"":""null"",""mpv_running"":true,""next_item"":{""alias"":""media-7eefea6ba2"",""duration_ms"":5000,""path_alias"":""<media-path:9e48f6362b>""},""playback_state"":""playing"",""playlist_size"":9,""present"":true,""uptime_sec"":273}"
235	251.817	2026-07-10T20:00:15+0000	success		469	<media-path:3ba49b8978>	<media-path:3ba49b8978>	<filename:e511e8bce0>	11.4114	28.061367	40.903686	false	false	false	346	v4l2request-copy	true	"{""aspect"":0.5625,""dh"":1920,""dw"":1080,""h"":1920,""par"":1.0,""pixelformat"":""nv12"",""rotate"":0,""stereo-in"":""mono"",""w"":1080}"	"{""duration"":""success"",""eof-reached"":""success"",""estimated-frame-number"":""success"",""filename"":""success"",""hwdec-current"":""success"",""idle-active"":""success"",""path"":""success"",""pause"":""success"",""percent-pos"":""success"",""time-pos"":""success"",""video-params"":""success"",""vo-configured"":""success""}"	true	playing	media-b8c9a5f04c	<media-path:3ba49b8978>	28100	7	true	"{""black_screen_risk_reason"":""null"",""blocked_media_count"":0,""consecutive_failures"":0,""current_index"":7,""current_item"":{""alias"":""media-b8c9a5f04c"",""duration_ms"":28100,""offset_ms"":12158,""path_alias"":""<media-path:3ba49b8978>"",""started_at_present"":true},""last_poll_error"":""null"",""last_render_error"":""null"",""mpv_running"":true,""next_item"":{""alias"":""media-7eefea6ba2"",""duration_ms"":5000,""path_alias"":""<media-path:9e48f6362b>""},""playback_state"":""playing"",""playlist_size"":9,""present"":true,""uptime_sec"":273}"
236	253.290	2026-07-10T20:00:16+0000	success		82	<media-path:9e48f6362b>	<media-path:9e48f6362b>	<filename:4e569cdfc9>	0.041667	5.041667	0.826446	false	false	false	1	v4l2request-copy	true	"{""aspect"":0.666667,""dh"":720,""dw"":480,""h"":720,""par"":1.0,""pixelformat"":""nv12"",""rotate"":0,""stereo-in"":""mono"",""w"":480}"	"{""duration"":""success"",""eof-reached"":""success"",""estimated-frame-number"":""success"",""filename"":""success"",""hwdec-current"":""success"",""idle-active"":""success"",""path"":""success"",""pause"":""success"",""percent-pos"":""success"",""time-pos"":""success"",""video-params"":""success"",""vo-configured"":""success""}"	true	playing	media-b8c9a5f04c	<media-path:3ba49b8978>	28100	7	true	"{""black_screen_risk_reason"":""null"",""blocked_media_count"":0,""consecutive_failures"":0,""current_index"":7,""current_item"":{""alias"":""media-b8c9a5f04c"",""duration_ms"":28100,""offset_ms"":12158,""path_alias"":""<media-path:3ba49b8978>"",""started_at_present"":true},""last_poll_error"":""null"",""last_render_error"":""null"",""mpv_running"":true,""next_item"":{""alias"":""media-7eefea6ba2"",""duration_ms"":5000,""path_alias"":""<media-path:9e48f6362b>""},""playback_state"":""playing"",""playlist_size"":9,""present"":true,""uptime_sec"":273}"
237	254.374	2026-07-10T20:00:17+0000	success		2	<media-path:9e48f6362b>	<media-path:9e48f6362b>	<filename:4e569cdfc9>	1.041667	5.041667	20.661157	false	false	false	25	v4l2request-copy	true	"{""aspect"":0.666667,""dh"":720,""dw"":480,""h"":720,""par"":1.0,""pixelformat"":""nv12"",""rotate"":0,""stereo-in"":""mono"",""w"":480}"	"{""duration"":""success"",""eof-reached"":""success"",""estimated-frame-number"":""success"",""filename"":""success"",""hwdec-current"":""success"",""idle-active"":""success"",""path"":""success"",""pause"":""success"",""percent-pos"":""success"",""time-pos"":""success"",""video-params"":""success"",""vo-configured"":""success""}"	true	playing	media-b8c9a5f04c	<media-path:3ba49b8978>	28100	7	true	"{""black_screen_risk_reason"":""null"",""blocked_media_count"":0,""consecutive_failures"":0,""current_index"":7,""current_item"":{""alias"":""media-b8c9a5f04c"",""duration_ms"":28100,""offset_ms"":12158,""path_alias"":""<media-path:3ba49b8978>"",""started_at_present"":true},""last_poll_error"":""null"",""last_render_error"":""null"",""mpv_running"":true,""next_item"":{""alias"":""media-7eefea6ba2"",""duration_ms"":5000,""path_alias"":""<media-path:9e48f6362b>""},""playback_state"":""playing"",""playlist_size"":9,""present"":true,""uptime_sec"":273}"
238	255.379	2026-07-10T20:00:18+0000	success		2	<media-path:9e48f6362b>	<media-path:9e48f6362b>	<filename:4e569cdfc9>	2.041667	5.041667	40.495868	false	false	false	49	v4l2request-copy	true	"{""aspect"":0.666667,""dh"":720,""dw"":480,""h"":720,""par"":1.0,""pixelformat"":""nv12"",""rotate"":0,""stereo-in"":""mono"",""w"":480}"	"{""duration"":""success"",""eof-reached"":""success"",""estimated-frame-number"":""success"",""filename"":""success"",""hwdec-current"":""success"",""idle-active"":""success"",""path"":""success"",""pause"":""success"",""percent-pos"":""success"",""time-pos"":""success"",""video-params"":""success"",""vo-configured"":""success""}"	true	playing	media-b8c9a5f04c	<media-path:3ba49b8978>	28100	7	true	"{""black_screen_risk_reason"":""null"",""blocked_media_count"":0,""consecutive_failures"":0,""current_index"":7,""current_item"":{""alias"":""media-b8c9a5f04c"",""duration_ms"":28100,""offset_ms"":12158,""path_alias"":""<media-path:3ba49b8978>"",""started_at_present"":true},""last_poll_error"":""null"",""last_render_error"":""null"",""mpv_running"":true,""next_item"":{""alias"":""media-7eefea6ba2"",""duration_ms"":5000,""path_alias"":""<media-path:9e48f6362b>""},""playback_state"":""playing"",""playlist_size"":9,""present"":true,""uptime_sec"":273}"
239	256.382	2026-07-10T20:00:19+0000	success		2	<media-path:9e48f6362b>	<media-path:9e48f6362b>	<filename:4e569cdfc9>	3.041667	5.041667	60.330579	false	false	false	73	v4l2request-copy	true	"{""aspect"":0.666667,""dh"":720,""dw"":480,""h"":720,""par"":1.0,""pixelformat"":""nv12"",""rotate"":0,""stereo-in"":""mono"",""w"":480}"	"{""duration"":""success"",""eof-reached"":""success"",""estimated-frame-number"":""success"",""filename"":""success"",""hwdec-current"":""success"",""idle-active"":""success"",""path"":""success"",""pause"":""success"",""percent-pos"":""success"",""time-pos"":""success"",""video-params"":""success"",""vo-configured"":""success""}"	true	playing	media-7eefea6ba2	<media-path:9e48f6362b>	5000	8	true	"{""black_screen_risk_reason"":""null"",""blocked_media_count"":0,""consecutive_failures"":0,""current_index"":8,""current_item"":{""alias"":""media-7eefea6ba2"",""duration_ms"":5000,""offset_ms"":0,""path_alias"":""<media-path:9e48f6362b>"",""started_at_present"":true},""last_poll_error"":""null"",""last_render_error"":""null"",""mpv_running"":true,""next_item"":{""alias"":""media-63e22e276f"",""duration_ms"":15100,""path_alias"":""<media-path:c406539999>""},""playback_state"":""playing"",""playlist_size"":9,""present"":true,""uptime_sec"":278}"
240	257.388	2026-07-10T20:00:20+0000	success		3	<media-path:9e48f6362b>	<media-path:9e48f6362b>	<filename:4e569cdfc9>	4.083333	5.041667	80.991736	false	false	false	98	v4l2request-copy	true	"{""aspect"":0.666667,""dh"":720,""dw"":480,""h"":720,""par"":1.0,""pixelformat"":""nv12"",""rotate"":0,""stereo-in"":""mono"",""w"":480}"	"{""duration"":""success"",""eof-reached"":""success"",""estimated-frame-number"":""success"",""filename"":""success"",""hwdec-current"":""success"",""idle-active"":""success"",""path"":""success"",""pause"":""success"",""percent-pos"":""success"",""time-pos"":""success"",""video-params"":""success"",""vo-configured"":""success""}"	true	playing	media-7eefea6ba2	<media-path:9e48f6362b>	5000	8	true	"{""black_screen_risk_reason"":""null"",""blocked_media_count"":0,""consecutive_failures"":0,""current_index"":8,""current_item"":{""alias"":""media-7eefea6ba2"",""duration_ms"":5000,""offset_ms"":0,""path_alias"":""<media-path:9e48f6362b>"",""started_at_present"":true},""last_poll_error"":""null"",""last_render_error"":""null"",""mpv_running"":true,""next_item"":{""alias"":""media-63e22e276f"",""duration_ms"":15100,""path_alias"":""<media-path:c406539999>""},""playback_state"":""playing"",""playlist_size"":9,""present"":true,""uptime_sec"":278}"
241	258.394	2026-07-10T20:00:21+0000	success		69	<media-path:c406539999>	<media-path:c406539999>	<filename:aaf3979e21>	0	15.069751	0.221194	false	false	false	1	v4l2request-copy	true	"{""aspect"":0.566038,""dh"":848,""dw"":480,""h"":848,""par"":1.0,""pixelformat"":""nv12"",""rotate"":0,""stereo-in"":""mono"",""w"":480}"	"{""duration"":""success"",""eof-reached"":""success"",""estimated-frame-number"":""success"",""filename"":""success"",""hwdec-current"":""success"",""idle-active"":""success"",""path"":""success"",""pause"":""success"",""percent-pos"":""success"",""time-pos"":""success"",""video-params"":""success"",""vo-configured"":""success""}"	true	playing	media-7eefea6ba2	<media-path:9e48f6362b>	5000	8	true	"{""black_screen_risk_reason"":""null"",""blocked_media_count"":0,""consecutive_failures"":0,""current_index"":8,""current_item"":{""alias"":""media-7eefea6ba2"",""duration_ms"":5000,""offset_ms"":0,""path_alias"":""<media-path:9e48f6362b>"",""started_at_present"":true},""last_poll_error"":""null"",""last_render_error"":""null"",""mpv_running"":true,""next_item"":{""alias"":""media-63e22e276f"",""duration_ms"":15100,""path_alias"":""<media-path:c406539999>""},""playback_state"":""playing"",""playlist_size"":9,""present"":true,""uptime_sec"":278}"
242	259.466	2026-07-10T20:00:22+0000	success		2	<media-path:c406539999>	<media-path:c406539999>	<filename:aaf3979e21>	1.066667	15.069751	7.078197	false	false	false	32	v4l2request-copy	true	"{""aspect"":0.566038,""dh"":848,""dw"":480,""h"":848,""par"":1.0,""pixelformat"":""nv12"",""rotate"":0,""stereo-in"":""mono"",""w"":480}"	"{""duration"":""success"",""eof-reached"":""success"",""estimated-frame-number"":""success"",""filename"":""success"",""hwdec-current"":""success"",""idle-active"":""success"",""path"":""success"",""pause"":""success"",""percent-pos"":""success"",""time-pos"":""success"",""video-params"":""success"",""vo-configured"":""success""}"	true	playing	media-7eefea6ba2	<media-path:9e48f6362b>	5000	8	true	"{""black_screen_risk_reason"":""null"",""blocked_media_count"":0,""consecutive_failures"":0,""current_index"":8,""current_item"":{""alias"":""media-7eefea6ba2"",""duration_ms"":5000,""offset_ms"":0,""path_alias"":""<media-path:9e48f6362b>"",""started_at_present"":true},""last_poll_error"":""null"",""last_render_error"":""null"",""mpv_running"":true,""next_item"":{""alias"":""media-63e22e276f"",""duration_ms"":15100,""path_alias"":""<media-path:c406539999>""},""playback_state"":""playing"",""playlist_size"":9,""present"":true,""uptime_sec"":278}"
243	260.470	2026-07-10T20:00:23+0000	success		2	<media-path:c406539999>	<media-path:c406539999>	<filename:aaf3979e21>	2.066667	15.069751	13.714007	false	false	false	62	v4l2request-copy	true	"{""aspect"":0.566038,""dh"":848,""dw"":480,""h"":848,""par"":1.0,""pixelformat"":""nv12"",""rotate"":0,""stereo-in"":""mono"",""w"":480}"	"{""duration"":""success"",""eof-reached"":""success"",""estimated-frame-number"":""success"",""filename"":""success"",""hwdec-current"":""success"",""idle-active"":""success"",""path"":""success"",""pause"":""success"",""percent-pos"":""success"",""time-pos"":""success"",""video-params"":""success"",""vo-configured"":""success""}"	true	playing	media-7eefea6ba2	<media-path:9e48f6362b>	5000	8	true	"{""black_screen_risk_reason"":""null"",""blocked_media_count"":0,""consecutive_failures"":0,""current_index"":8,""current_item"":{""alias"":""media-7eefea6ba2"",""duration_ms"":5000,""offset_ms"":0,""path_alias"":""<media-path:9e48f6362b>"",""started_at_present"":true},""last_poll_error"":""null"",""last_render_error"":""null"",""mpv_running"":true,""next_item"":{""alias"":""media-63e22e276f"",""duration_ms"":15100,""path_alias"":""<media-path:c406539999>""},""playback_state"":""playing"",""playlist_size"":9,""present"":true,""uptime_sec"":278}"
244	261.474	2026-07-10T20:00:24+0000	success		12	<media-path:c406539999>	<media-path:c406539999>	<filename:aaf3979e21>	3.066667	15.069751	20.349817	false	false	false	92	v4l2request-copy	true	"{""aspect"":0.566038,""dh"":848,""dw"":480,""h"":848,""par"":1.0,""pixelformat"":""nv12"",""rotate"":0,""stereo-in"":""mono"",""w"":480}"	"{""duration"":""success"",""eof-reached"":""success"",""estimated-frame-number"":""success"",""filename"":""success"",""hwdec-current"":""success"",""idle-active"":""success"",""path"":""success"",""pause"":""success"",""percent-pos"":""success"",""time-pos"":""success"",""video-params"":""success"",""vo-configured"":""success""}"	true	playing	media-63e22e276f	<media-path:c406539999>	15100	0	true	"{""black_screen_risk_reason"":""null"",""blocked_media_count"":0,""consecutive_failures"":0,""current_index"":0,""current_item"":{""alias"":""media-63e22e276f"",""duration_ms"":15100,""offset_ms"":0,""path_alias"":""<media-path:c406539999>"",""started_at_present"":true},""last_poll_error"":""null"",""last_render_error"":""null"",""mpv_running"":true,""next_item"":{""alias"":""media-b04db49d99"",""duration_ms"":15100,""path_alias"":""<media-path:2b030c3c41>""},""playback_state"":""playing"",""playlist_size"":9,""present"":true,""uptime_sec"":283}"
245	262.488	2026-07-10T20:00:25+0000	success		2	<media-path:c406539999>	<media-path:c406539999>	<filename:aaf3979e21>	4.066667	15.069751	26.985627	false	false	false	122	v4l2request-copy	true	"{""aspect"":0.566038,""dh"":848,""dw"":480,""h"":848,""par"":1.0,""pixelformat"":""nv12"",""rotate"":0,""stereo-in"":""mono"",""w"":480}"	"{""duration"":""success"",""eof-reached"":""success"",""estimated-frame-number"":""success"",""filename"":""success"",""hwdec-current"":""success"",""idle-active"":""success"",""path"":""success"",""pause"":""success"",""percent-pos"":""success"",""time-pos"":""success"",""video-params"":""success"",""vo-configured"":""success""}"	true	playing	media-63e22e276f	<media-path:c406539999>	15100	0	true	"{""black_screen_risk_reason"":""null"",""blocked_media_count"":0,""consecutive_failures"":0,""current_index"":0,""current_item"":{""alias"":""media-63e22e276f"",""duration_ms"":15100,""offset_ms"":0,""path_alias"":""<media-path:c406539999>"",""started_at_present"":true},""last_poll_error"":""null"",""last_render_error"":""null"",""mpv_running"":true,""next_item"":{""alias"":""media-b04db49d99"",""duration_ms"":15100,""path_alias"":""<media-path:2b030c3c41>""},""playback_state"":""playing"",""playlist_size"":9,""present"":true,""uptime_sec"":283}"
246	263.492	2026-07-10T20:00:26+0000	success		2	<media-path:c406539999>	<media-path:c406539999>	<filename:aaf3979e21>	5.1	15.069751	33.84263	false	false	false	153	v4l2request-copy	true	"{""aspect"":0.566038,""dh"":848,""dw"":480,""h"":848,""par"":1.0,""pixelformat"":""nv12"",""rotate"":0,""stereo-in"":""mono"",""w"":480}"	"{""duration"":""success"",""eof-reached"":""success"",""estimated-frame-number"":""success"",""filename"":""success"",""hwdec-current"":""success"",""idle-active"":""success"",""path"":""success"",""pause"":""success"",""percent-pos"":""success"",""time-pos"":""success"",""video-params"":""success"",""vo-configured"":""success""}"	true	playing	media-63e22e276f	<media-path:c406539999>	15100	0	true	"{""black_screen_risk_reason"":""null"",""blocked_media_count"":0,""consecutive_failures"":0,""current_index"":0,""current_item"":{""alias"":""media-63e22e276f"",""duration_ms"":15100,""offset_ms"":0,""path_alias"":""<media-path:c406539999>"",""started_at_present"":true},""last_poll_error"":""null"",""last_render_error"":""null"",""mpv_running"":true,""next_item"":{""alias"":""media-b04db49d99"",""duration_ms"":15100,""path_alias"":""<media-path:2b030c3c41>""},""playback_state"":""playing"",""playlist_size"":9,""present"":true,""uptime_sec"":283}"
247	264.497	2026-07-10T20:00:27+0000	success		2	<media-path:c406539999>	<media-path:c406539999>	<filename:aaf3979e21>	6.1	15.069751	40.47844	false	false	false	183	v4l2request-copy	true	"{""aspect"":0.566038,""dh"":848,""dw"":480,""h"":848,""par"":1.0,""pixelformat"":""nv12"",""rotate"":0,""stereo-in"":""mono"",""w"":480}"	"{""duration"":""success"",""eof-reached"":""success"",""estimated-frame-number"":""success"",""filename"":""success"",""hwdec-current"":""success"",""idle-active"":""success"",""path"":""success"",""pause"":""success"",""percent-pos"":""success"",""time-pos"":""success"",""video-params"":""success"",""vo-configured"":""success""}"	true	playing	media-63e22e276f	<media-path:c406539999>	15100	0	true	"{""black_screen_risk_reason"":""null"",""blocked_media_count"":0,""consecutive_failures"":0,""current_index"":0,""current_item"":{""alias"":""media-63e22e276f"",""duration_ms"":15100,""offset_ms"":0,""path_alias"":""<media-path:c406539999>"",""started_at_present"":true},""last_poll_error"":""null"",""last_render_error"":""null"",""mpv_running"":true,""next_item"":{""alias"":""media-b04db49d99"",""duration_ms"":15100,""path_alias"":""<media-path:2b030c3c41>""},""playback_state"":""playing"",""playlist_size"":9,""present"":true,""uptime_sec"":283}"
248	265.501	2026-07-10T20:00:28+0000	success		2	<media-path:c406539999>	<media-path:c406539999>	<filename:aaf3979e21>	7.1	15.069751	47.11425	false	false	false	213	v4l2request-copy	true	"{""aspect"":0.566038,""dh"":848,""dw"":480,""h"":848,""par"":1.0,""pixelformat"":""nv12"",""rotate"":0,""stereo-in"":""mono"",""w"":480}"	"{""duration"":""success"",""eof-reached"":""success"",""estimated-frame-number"":""success"",""filename"":""success"",""hwdec-current"":""success"",""idle-active"":""success"",""path"":""success"",""pause"":""success"",""percent-pos"":""success"",""time-pos"":""success"",""video-params"":""success"",""vo-configured"":""success""}"	true	playing	media-63e22e276f	<media-path:c406539999>	15100	0	true	"{""black_screen_risk_reason"":""null"",""blocked_media_count"":0,""consecutive_failures"":0,""current_index"":0,""current_item"":{""alias"":""media-63e22e276f"",""duration_ms"":15100,""offset_ms"":0,""path_alias"":""<media-path:c406539999>"",""started_at_present"":true},""last_poll_error"":""null"",""last_render_error"":""null"",""mpv_running"":true,""next_item"":{""alias"":""media-b04db49d99"",""duration_ms"":15100,""path_alias"":""<media-path:2b030c3c41>""},""playback_state"":""playing"",""playlist_size"":9,""present"":true,""uptime_sec"":283}"
249	266.505	2026-07-10T20:00:29+0000	success		3	<media-path:c406539999>	<media-path:c406539999>	<filename:aaf3979e21>	8.1	15.069751	53.75006	false	false	false	243	v4l2request-copy	true	"{""aspect"":0.566038,""dh"":848,""dw"":480,""h"":848,""par"":1.0,""pixelformat"":""nv12"",""rotate"":0,""stereo-in"":""mono"",""w"":480}"	"{""duration"":""success"",""eof-reached"":""success"",""estimated-frame-number"":""success"",""filename"":""success"",""hwdec-current"":""success"",""idle-active"":""success"",""path"":""success"",""pause"":""success"",""percent-pos"":""success"",""time-pos"":""success"",""video-params"":""success"",""vo-configured"":""success""}"	true	playing	media-63e22e276f	<media-path:c406539999>	15100	0	true	"{""black_screen_risk_reason"":""null"",""blocked_media_count"":0,""consecutive_failures"":0,""current_index"":0,""current_item"":{""alias"":""media-63e22e276f"",""duration_ms"":15100,""offset_ms"":0,""path_alias"":""<media-path:c406539999>"",""started_at_present"":true},""last_poll_error"":""null"",""last_render_error"":""null"",""mpv_running"":true,""next_item"":{""alias"":""media-b04db49d99"",""duration_ms"":15100,""path_alias"":""<media-path:2b030c3c41>""},""playback_state"":""playing"",""playlist_size"":9,""present"":true,""uptime_sec"":288}"
250	267.512	2026-07-10T20:00:30+0000	success		8	<media-path:c406539999>	<media-path:c406539999>	<filename:aaf3979e21>	9.1	15.069751	60.38587	false	false	false	273	v4l2request-copy	true	"{""aspect"":0.566038,""dh"":848,""dw"":480,""h"":848,""par"":1.0,""pixelformat"":""nv12"",""rotate"":0,""stereo-in"":""mono"",""w"":480}"	"{""duration"":""success"",""eof-reached"":""success"",""estimated-frame-number"":""success"",""filename"":""success"",""hwdec-current"":""success"",""idle-active"":""success"",""path"":""success"",""pause"":""success"",""percent-pos"":""success"",""time-pos"":""success"",""video-params"":""success"",""vo-configured"":""success""}"	true	playing	media-63e22e276f	<media-path:c406539999>	15100	0	true	"{""black_screen_risk_reason"":""null"",""blocked_media_count"":0,""consecutive_failures"":0,""current_index"":0,""current_item"":{""alias"":""media-63e22e276f"",""duration_ms"":15100,""offset_ms"":0,""path_alias"":""<media-path:c406539999>"",""started_at_present"":true},""last_poll_error"":""null"",""last_render_error"":""null"",""mpv_running"":true,""next_item"":{""alias"":""media-b04db49d99"",""duration_ms"":15100,""path_alias"":""<media-path:2b030c3c41>""},""playback_state"":""playing"",""playlist_size"":9,""present"":true,""uptime_sec"":288}"
251	268.522	2026-07-10T20:00:31+0000	success		2	<media-path:c406539999>	<media-path:c406539999>	<filename:aaf3979e21>	10.1	15.069751	67.02168	false	false	false	303	v4l2request-copy	true	"{""aspect"":0.566038,""dh"":848,""dw"":480,""h"":848,""par"":1.0,""pixelformat"":""nv12"",""rotate"":0,""stereo-in"":""mono"",""w"":480}"	"{""duration"":""success"",""eof-reached"":""success"",""estimated-frame-number"":""success"",""filename"":""success"",""hwdec-current"":""success"",""idle-active"":""success"",""path"":""success"",""pause"":""success"",""percent-pos"":""success"",""time-pos"":""success"",""video-params"":""success"",""vo-configured"":""success""}"	true	playing	media-63e22e276f	<media-path:c406539999>	15100	0	true	"{""black_screen_risk_reason"":""null"",""blocked_media_count"":0,""consecutive_failures"":0,""current_index"":0,""current_item"":{""alias"":""media-63e22e276f"",""duration_ms"":15100,""offset_ms"":0,""path_alias"":""<media-path:c406539999>"",""started_at_present"":true},""last_poll_error"":""null"",""last_render_error"":""null"",""mpv_running"":true,""next_item"":{""alias"":""media-b04db49d99"",""duration_ms"":15100,""path_alias"":""<media-path:2b030c3c41>""},""playback_state"":""playing"",""playlist_size"":9,""present"":true,""uptime_sec"":288}"
252	269.528	2026-07-10T20:00:32+0000	success		2	<media-path:c406539999>	<media-path:c406539999>	<filename:aaf3979e21>	11.133333	15.069751	73.878684	false	false	false	334	v4l2request-copy	true	"{""aspect"":0.566038,""dh"":848,""dw"":480,""h"":848,""par"":1.0,""pixelformat"":""nv12"",""rotate"":0,""stereo-in"":""mono"",""w"":480}"	"{""duration"":""success"",""eof-reached"":""success"",""estimated-frame-number"":""success"",""filename"":""success"",""hwdec-current"":""success"",""idle-active"":""success"",""path"":""success"",""pause"":""success"",""percent-pos"":""success"",""time-pos"":""success"",""video-params"":""success"",""vo-configured"":""success""}"	true	playing	media-63e22e276f	<media-path:c406539999>	15100	0	true	"{""black_screen_risk_reason"":""null"",""blocked_media_count"":0,""consecutive_failures"":0,""current_index"":0,""current_item"":{""alias"":""media-63e22e276f"",""duration_ms"":15100,""offset_ms"":0,""path_alias"":""<media-path:c406539999>"",""started_at_present"":true},""last_poll_error"":""null"",""last_render_error"":""null"",""mpv_running"":true,""next_item"":{""alias"":""media-b04db49d99"",""duration_ms"":15100,""path_alias"":""<media-path:2b030c3c41>""},""playback_state"":""playing"",""playlist_size"":9,""present"":true,""uptime_sec"":288}"
253	270.532	2026-07-10T20:00:33+0000	success		2	<media-path:c406539999>	<media-path:c406539999>	<filename:aaf3979e21>	12.133333	15.069751	80.514493	false	false	false	364	v4l2request-copy	true	"{""aspect"":0.566038,""dh"":848,""dw"":480,""h"":848,""par"":1.0,""pixelformat"":""nv12"",""rotate"":0,""stereo-in"":""mono"",""w"":480}"	"{""duration"":""success"",""eof-reached"":""success"",""estimated-frame-number"":""success"",""filename"":""success"",""hwdec-current"":""success"",""idle-active"":""success"",""path"":""success"",""pause"":""success"",""percent-pos"":""success"",""time-pos"":""success"",""video-params"":""success"",""vo-configured"":""success""}"	true	playing	media-63e22e276f	<media-path:c406539999>	15100	0	true	"{""black_screen_risk_reason"":""null"",""blocked_media_count"":0,""consecutive_failures"":0,""current_index"":0,""current_item"":{""alias"":""media-63e22e276f"",""duration_ms"":15100,""offset_ms"":0,""path_alias"":""<media-path:c406539999>"",""started_at_present"":true},""last_poll_error"":""null"",""last_render_error"":""null"",""mpv_running"":true,""next_item"":{""alias"":""media-b04db49d99"",""duration_ms"":15100,""path_alias"":""<media-path:2b030c3c41>""},""playback_state"":""playing"",""playlist_size"":9,""present"":true,""uptime_sec"":288}"
254	271.536	2026-07-10T20:00:34+0000	success		2	<media-path:c406539999>	<media-path:c406539999>	<filename:aaf3979e21>	13.133333	15.069751	87.150303	false	false	false	394	v4l2request-copy	true	"{""aspect"":0.566038,""dh"":848,""dw"":480,""h"":848,""par"":1.0,""pixelformat"":""nv12"",""rotate"":0,""stereo-in"":""mono"",""w"":480}"	"{""duration"":""success"",""eof-reached"":""success"",""estimated-frame-number"":""success"",""filename"":""success"",""hwdec-current"":""success"",""idle-active"":""success"",""path"":""success"",""pause"":""success"",""percent-pos"":""success"",""time-pos"":""success"",""video-params"":""success"",""vo-configured"":""success""}"	true	playing	media-63e22e276f	<media-path:c406539999>	15100	0	true	"{""black_screen_risk_reason"":""null"",""blocked_media_count"":0,""consecutive_failures"":0,""current_index"":0,""current_item"":{""alias"":""media-63e22e276f"",""duration_ms"":15100,""offset_ms"":0,""path_alias"":""<media-path:c406539999>"",""started_at_present"":true},""last_poll_error"":""null"",""last_render_error"":""null"",""mpv_running"":true,""next_item"":{""alias"":""media-b04db49d99"",""duration_ms"":15100,""path_alias"":""<media-path:2b030c3c41>""},""playback_state"":""playing"",""playlist_size"":9,""present"":true,""uptime_sec"":293}"
255	272.541	2026-07-10T20:00:35+0000	success		11	<media-path:c406539999>	<media-path:c406539999>	<filename:aaf3979e21>	14.133333	15.069751	93.786113	false	false	false	424	v4l2request-copy	true	"{""aspect"":0.566038,""dh"":848,""dw"":480,""h"":848,""par"":1.0,""pixelformat"":""nv12"",""rotate"":0,""stereo-in"":""mono"",""w"":480}"	"{""duration"":""success"",""eof-reached"":""success"",""estimated-frame-number"":""success"",""filename"":""success"",""hwdec-current"":""success"",""idle-active"":""success"",""path"":""success"",""pause"":""success"",""percent-pos"":""success"",""time-pos"":""success"",""video-params"":""success"",""vo-configured"":""success""}"	true	playing	media-63e22e276f	<media-path:c406539999>	15100	0	true	"{""black_screen_risk_reason"":""null"",""blocked_media_count"":0,""consecutive_failures"":0,""current_index"":0,""current_item"":{""alias"":""media-63e22e276f"",""duration_ms"":15100,""offset_ms"":0,""path_alias"":""<media-path:c406539999>"",""started_at_present"":true},""last_poll_error"":""null"",""last_render_error"":""null"",""mpv_running"":true,""next_item"":{""alias"":""media-b04db49d99"",""duration_ms"":15100,""path_alias"":""<media-path:2b030c3c41>""},""playback_state"":""playing"",""playlist_size"":9,""present"":true,""uptime_sec"":293}"
256	273.555	2026-07-10T20:00:36+0000	success		16	<media-path:c406539999>	<media-path:c406539999>	<filename:aaf3979e21>	0.066667	15.069751	0.442387	false	false	false	2	v4l2request-copy	true	"{""aspect"":0.566038,""dh"":848,""dw"":480,""h"":848,""par"":1.0,""pixelformat"":""nv12"",""rotate"":0,""stereo-in"":""mono"",""w"":480}"	"{""duration"":""success"",""eof-reached"":""success"",""estimated-frame-number"":""success"",""filename"":""success"",""hwdec-current"":""success"",""idle-active"":""success"",""path"":""success"",""pause"":""success"",""percent-pos"":""success"",""time-pos"":""success"",""video-params"":""success"",""vo-configured"":""success""}"	true	playing	media-63e22e276f	<media-path:c406539999>	15100	0	true	"{""black_screen_risk_reason"":""null"",""blocked_media_count"":0,""consecutive_failures"":0,""current_index"":0,""current_item"":{""alias"":""media-63e22e276f"",""duration_ms"":15100,""offset_ms"":0,""path_alias"":""<media-path:c406539999>"",""started_at_present"":true},""last_poll_error"":""null"",""last_render_error"":""null"",""mpv_running"":true,""next_item"":{""alias"":""media-b04db49d99"",""duration_ms"":15100,""path_alias"":""<media-path:2b030c3c41>""},""playback_state"":""playing"",""playlist_size"":9,""present"":true,""uptime_sec"":293}"
257	274.574	2026-07-10T20:00:37+0000	success		2	<media-path:2b030c3c41>	<media-path:2b030c3c41>	<filename:c617160627>	0.9	15.1	5.960265	false	false	false	27	v4l2request-copy	true	"{""aspect"":0.566038,""dh"":848,""dw"":480,""h"":848,""par"":1.0,""pixelformat"":""nv12"",""rotate"":0,""stereo-in"":""mono"",""w"":480}"	"{""duration"":""success"",""eof-reached"":""success"",""estimated-frame-number"":""success"",""filename"":""success"",""hwdec-current"":""success"",""idle-active"":""success"",""path"":""success"",""pause"":""success"",""percent-pos"":""success"",""time-pos"":""success"",""video-params"":""success"",""vo-configured"":""success""}"	true	playing	media-63e22e276f	<media-path:c406539999>	15100	0	true	"{""black_screen_risk_reason"":""null"",""blocked_media_count"":0,""consecutive_failures"":0,""current_index"":0,""current_item"":{""alias"":""media-63e22e276f"",""duration_ms"":15100,""offset_ms"":0,""path_alias"":""<media-path:c406539999>"",""started_at_present"":true},""last_poll_error"":""null"",""last_render_error"":""null"",""mpv_running"":true,""next_item"":{""alias"":""media-b04db49d99"",""duration_ms"":15100,""path_alias"":""<media-path:2b030c3c41>""},""playback_state"":""playing"",""playlist_size"":9,""present"":true,""uptime_sec"":293}"
258	275.579	2026-07-10T20:00:38+0000	success		2	<media-path:2b030c3c41>	<media-path:2b030c3c41>	<filename:c617160627>	1.9	15.1	12.582781	false	false	false	57	v4l2request-copy	true	"{""aspect"":0.566038,""dh"":848,""dw"":480,""h"":848,""par"":1.0,""pixelformat"":""nv12"",""rotate"":0,""stereo-in"":""mono"",""w"":480}"	"{""duration"":""success"",""eof-reached"":""success"",""estimated-frame-number"":""success"",""filename"":""success"",""hwdec-current"":""success"",""idle-active"":""success"",""path"":""success"",""pause"":""success"",""percent-pos"":""success"",""time-pos"":""success"",""video-params"":""success"",""vo-configured"":""success""}"	true	playing	media-b04db49d99	<media-path:2b030c3c41>	15100	1	true	"{""black_screen_risk_reason"":""null"",""blocked_media_count"":0,""consecutive_failures"":0,""current_index"":1,""current_item"":{""alias"":""media-b04db49d99"",""duration_ms"":15100,""offset_ms"":0,""path_alias"":""<media-path:2b030c3c41>"",""started_at_present"":true},""last_poll_error"":""null"",""last_render_error"":""null"",""mpv_running"":true,""next_item"":{""alias"":""media-8ffdc1f445"",""duration_ms"":14000,""path_alias"":""<media-path:fee4d36eb4>""},""playback_state"":""playing"",""playlist_size"":9,""present"":true,""uptime_sec"":298}"
259	276.583	2026-07-10T20:00:39+0000	success		2	<media-path:2b030c3c41>	<media-path:2b030c3c41>	<filename:c617160627>	2.9	15.1	19.205298	false	false	false	87	v4l2request-copy	true	"{""aspect"":0.566038,""dh"":848,""dw"":480,""h"":848,""par"":1.0,""pixelformat"":""nv12"",""rotate"":0,""stereo-in"":""mono"",""w"":480}"	"{""duration"":""success"",""eof-reached"":""success"",""estimated-frame-number"":""success"",""filename"":""success"",""hwdec-current"":""success"",""idle-active"":""success"",""path"":""success"",""pause"":""success"",""percent-pos"":""success"",""time-pos"":""success"",""video-params"":""success"",""vo-configured"":""success""}"	true	playing	media-b04db49d99	<media-path:2b030c3c41>	15100	1	true	"{""black_screen_risk_reason"":""null"",""blocked_media_count"":0,""consecutive_failures"":0,""current_index"":1,""current_item"":{""alias"":""media-b04db49d99"",""duration_ms"":15100,""offset_ms"":0,""path_alias"":""<media-path:2b030c3c41>"",""started_at_present"":true},""last_poll_error"":""null"",""last_render_error"":""null"",""mpv_running"":true,""next_item"":{""alias"":""media-8ffdc1f445"",""duration_ms"":14000,""path_alias"":""<media-path:fee4d36eb4>""},""playback_state"":""playing"",""playlist_size"":9,""present"":true,""uptime_sec"":298}"
260	277.587	2026-07-10T20:00:40+0000	success		2	<media-path:2b030c3c41>	<media-path:2b030c3c41>	<filename:c617160627>	3.9	15.1	25.827815	false	false	false	117	v4l2request-copy	true	"{""aspect"":0.566038,""dh"":848,""dw"":480,""h"":848,""par"":1.0,""pixelformat"":""nv12"",""rotate"":0,""stereo-in"":""mono"",""w"":480}"	"{""duration"":""success"",""eof-reached"":""success"",""estimated-frame-number"":""success"",""filename"":""success"",""hwdec-current"":""success"",""idle-active"":""success"",""path"":""success"",""pause"":""success"",""percent-pos"":""success"",""time-pos"":""success"",""video-params"":""success"",""vo-configured"":""success""}"	true	playing	media-b04db49d99	<media-path:2b030c3c41>	15100	1	true	"{""black_screen_risk_reason"":""null"",""blocked_media_count"":0,""consecutive_failures"":0,""current_index"":1,""current_item"":{""alias"":""media-b04db49d99"",""duration_ms"":15100,""offset_ms"":0,""path_alias"":""<media-path:2b030c3c41>"",""started_at_present"":true},""last_poll_error"":""null"",""last_render_error"":""null"",""mpv_running"":true,""next_item"":{""alias"":""media-8ffdc1f445"",""duration_ms"":14000,""path_alias"":""<media-path:fee4d36eb4>""},""playback_state"":""playing"",""playlist_size"":9,""present"":true,""uptime_sec"":298}"
261	278.593	2026-07-10T20:00:41+0000	success		9	<media-path:2b030c3c41>	<media-path:2b030c3c41>	<filename:c617160627>	4.9	15.1	32.450331	false	false	false	147	v4l2request-copy	true	"{""aspect"":0.566038,""dh"":848,""dw"":480,""h"":848,""par"":1.0,""pixelformat"":""nv12"",""rotate"":0,""stereo-in"":""mono"",""w"":480}"	"{""duration"":""success"",""eof-reached"":""success"",""estimated-frame-number"":""success"",""filename"":""success"",""hwdec-current"":""success"",""idle-active"":""success"",""path"":""success"",""pause"":""success"",""percent-pos"":""success"",""time-pos"":""success"",""video-params"":""success"",""vo-configured"":""success""}"	true	playing	media-b04db49d99	<media-path:2b030c3c41>	15100	1	true	"{""black_screen_risk_reason"":""null"",""blocked_media_count"":0,""consecutive_failures"":0,""current_index"":1,""current_item"":{""alias"":""media-b04db49d99"",""duration_ms"":15100,""offset_ms"":0,""path_alias"":""<media-path:2b030c3c41>"",""started_at_present"":true},""last_poll_error"":""null"",""last_render_error"":""null"",""mpv_running"":true,""next_item"":{""alias"":""media-8ffdc1f445"",""duration_ms"":14000,""path_alias"":""<media-path:fee4d36eb4>""},""playback_state"":""playing"",""playlist_size"":9,""present"":true,""uptime_sec"":298}"
262	279.604	2026-07-10T20:00:42+0000	success		3	<media-path:2b030c3c41>	<media-path:2b030c3c41>	<filename:c617160627>	5.9	15.1	39.072848	false	false	false	177	v4l2request-copy	true	"{""aspect"":0.566038,""dh"":848,""dw"":480,""h"":848,""par"":1.0,""pixelformat"":""nv12"",""rotate"":0,""stereo-in"":""mono"",""w"":480}"	"{""duration"":""success"",""eof-reached"":""success"",""estimated-frame-number"":""success"",""filename"":""success"",""hwdec-current"":""success"",""idle-active"":""success"",""path"":""success"",""pause"":""success"",""percent-pos"":""success"",""time-pos"":""success"",""video-params"":""success"",""vo-configured"":""success""}"	true	playing	media-b04db49d99	<media-path:2b030c3c41>	15100	1	true	"{""black_screen_risk_reason"":""null"",""blocked_media_count"":0,""consecutive_failures"":0,""current_index"":1,""current_item"":{""alias"":""media-b04db49d99"",""duration_ms"":15100,""offset_ms"":0,""path_alias"":""<media-path:2b030c3c41>"",""started_at_present"":true},""last_poll_error"":""null"",""last_render_error"":""null"",""mpv_running"":true,""next_item"":{""alias"":""media-8ffdc1f445"",""duration_ms"":14000,""path_alias"":""<media-path:fee4d36eb4>""},""playback_state"":""playing"",""playlist_size"":9,""present"":true,""uptime_sec"":298}"
263	280.610	2026-07-10T20:00:43+0000	success		2	<media-path:2b030c3c41>	<media-path:2b030c3c41>	<filename:c617160627>	6.933333	15.1	45.916115	false	false	false	208	v4l2request-copy	true	"{""aspect"":0.566038,""dh"":848,""dw"":480,""h"":848,""par"":1.0,""pixelformat"":""nv12"",""rotate"":0,""stereo-in"":""mono"",""w"":480}"	"{""duration"":""success"",""eof-reached"":""success"",""estimated-frame-number"":""success"",""filename"":""success"",""hwdec-current"":""success"",""idle-active"":""success"",""path"":""success"",""pause"":""success"",""percent-pos"":""success"",""time-pos"":""success"",""video-params"":""success"",""vo-configured"":""success""}"	true	playing	media-b04db49d99	<media-path:2b030c3c41>	15100	1	true	"{""black_screen_risk_reason"":""null"",""blocked_media_count"":0,""consecutive_failures"":0,""current_index"":1,""current_item"":{""alias"":""media-b04db49d99"",""duration_ms"":15100,""offset_ms"":0,""path_alias"":""<media-path:2b030c3c41>"",""started_at_present"":true},""last_poll_error"":""null"",""last_render_error"":""null"",""mpv_running"":true,""next_item"":{""alias"":""media-8ffdc1f445"",""duration_ms"":14000,""path_alias"":""<media-path:fee4d36eb4>""},""playback_state"":""playing"",""playlist_size"":9,""present"":true,""uptime_sec"":303}"
264	281.614	2026-07-10T20:00:44+0000	success		2	<media-path:2b030c3c41>	<media-path:2b030c3c41>	<filename:c617160627>	7.933333	15.1	52.538631	false	false	false	238	v4l2request-copy	true	"{""aspect"":0.566038,""dh"":848,""dw"":480,""h"":848,""par"":1.0,""pixelformat"":""nv12"",""rotate"":0,""stereo-in"":""mono"",""w"":480}"	"{""duration"":""success"",""eof-reached"":""success"",""estimated-frame-number"":""success"",""filename"":""success"",""hwdec-current"":""success"",""idle-active"":""success"",""path"":""success"",""pause"":""success"",""percent-pos"":""success"",""time-pos"":""success"",""video-params"":""success"",""vo-configured"":""success""}"	true	playing	media-b04db49d99	<media-path:2b030c3c41>	15100	1	true	"{""black_screen_risk_reason"":""null"",""blocked_media_count"":0,""consecutive_failures"":0,""current_index"":1,""current_item"":{""alias"":""media-b04db49d99"",""duration_ms"":15100,""offset_ms"":0,""path_alias"":""<media-path:2b030c3c41>"",""started_at_present"":true},""last_poll_error"":""null"",""last_render_error"":""null"",""mpv_running"":true,""next_item"":{""alias"":""media-8ffdc1f445"",""duration_ms"":14000,""path_alias"":""<media-path:fee4d36eb4>""},""playback_state"":""playing"",""playlist_size"":9,""present"":true,""uptime_sec"":303}"
265	282.618	2026-07-10T20:00:45+0000	success		2	<media-path:2b030c3c41>	<media-path:2b030c3c41>	<filename:c617160627>	8.933333	15.1	59.161148	false	false	false	268	v4l2request-copy	true	"{""aspect"":0.566038,""dh"":848,""dw"":480,""h"":848,""par"":1.0,""pixelformat"":""nv12"",""rotate"":0,""stereo-in"":""mono"",""w"":480}"	"{""duration"":""success"",""eof-reached"":""success"",""estimated-frame-number"":""success"",""filename"":""success"",""hwdec-current"":""success"",""idle-active"":""success"",""path"":""success"",""pause"":""success"",""percent-pos"":""success"",""time-pos"":""success"",""video-params"":""success"",""vo-configured"":""success""}"	true	playing	media-b04db49d99	<media-path:2b030c3c41>	15100	1	true	"{""black_screen_risk_reason"":""null"",""blocked_media_count"":0,""consecutive_failures"":0,""current_index"":1,""current_item"":{""alias"":""media-b04db49d99"",""duration_ms"":15100,""offset_ms"":0,""path_alias"":""<media-path:2b030c3c41>"",""started_at_present"":true},""last_poll_error"":""null"",""last_render_error"":""null"",""mpv_running"":true,""next_item"":{""alias"":""media-8ffdc1f445"",""duration_ms"":14000,""path_alias"":""<media-path:fee4d36eb4>""},""playback_state"":""playing"",""playlist_size"":9,""present"":true,""uptime_sec"":303}"
266	283.622	2026-07-10T20:00:46+0000	success		2	<media-path:2b030c3c41>	<media-path:2b030c3c41>	<filename:c617160627>	9.933333	15.1	65.783664	false	false	false	298	v4l2request-copy	true	"{""aspect"":0.566038,""dh"":848,""dw"":480,""h"":848,""par"":1.0,""pixelformat"":""nv12"",""rotate"":0,""stereo-in"":""mono"",""w"":480}"	"{""duration"":""success"",""eof-reached"":""success"",""estimated-frame-number"":""success"",""filename"":""success"",""hwdec-current"":""success"",""idle-active"":""success"",""path"":""success"",""pause"":""success"",""percent-pos"":""success"",""time-pos"":""success"",""video-params"":""success"",""vo-configured"":""success""}"	true	playing	media-b04db49d99	<media-path:2b030c3c41>	15100	1	true	"{""black_screen_risk_reason"":""null"",""blocked_media_count"":0,""consecutive_failures"":0,""current_index"":1,""current_item"":{""alias"":""media-b04db49d99"",""duration_ms"":15100,""offset_ms"":0,""path_alias"":""<media-path:2b030c3c41>"",""started_at_present"":true},""last_poll_error"":""null"",""last_render_error"":""null"",""mpv_running"":true,""next_item"":{""alias"":""media-8ffdc1f445"",""duration_ms"":14000,""path_alias"":""<media-path:fee4d36eb4>""},""playback_state"":""playing"",""playlist_size"":9,""present"":true,""uptime_sec"":303}"
267	284.628	2026-07-10T20:00:47+0000	success		6	<media-path:2b030c3c41>	<media-path:2b030c3c41>	<filename:c617160627>	10.933333	15.1	72.406181	false	false	false	328	v4l2request-copy	true	"{""aspect"":0.566038,""dh"":848,""dw"":480,""h"":848,""par"":1.0,""pixelformat"":""nv12"",""rotate"":0,""stereo-in"":""mono"",""w"":480}"	"{""duration"":""success"",""eof-reached"":""success"",""estimated-frame-number"":""success"",""filename"":""success"",""hwdec-current"":""success"",""idle-active"":""success"",""path"":""success"",""pause"":""success"",""percent-pos"":""success"",""time-pos"":""success"",""video-params"":""success"",""vo-configured"":""success""}"	true	playing	media-b04db49d99	<media-path:2b030c3c41>	15100	1	true	"{""black_screen_risk_reason"":""null"",""blocked_media_count"":0,""consecutive_failures"":0,""current_index"":1,""current_item"":{""alias"":""media-b04db49d99"",""duration_ms"":15100,""offset_ms"":0,""path_alias"":""<media-path:2b030c3c41>"",""started_at_present"":true},""last_poll_error"":""null"",""last_render_error"":""null"",""mpv_running"":true,""next_item"":{""alias"":""media-8ffdc1f445"",""duration_ms"":14000,""path_alias"":""<media-path:fee4d36eb4>""},""playback_state"":""playing"",""playlist_size"":9,""present"":true,""uptime_sec"":303}"
268	285.636	2026-07-10T20:00:48+0000	success		2	<media-path:2b030c3c41>	<media-path:2b030c3c41>	<filename:c617160627>	11.933333	15.1	79.028698	false	false	false	358	v4l2request-copy	true	"{""aspect"":0.566038,""dh"":848,""dw"":480,""h"":848,""par"":1.0,""pixelformat"":""nv12"",""rotate"":0,""stereo-in"":""mono"",""w"":480}"	"{""duration"":""success"",""eof-reached"":""success"",""estimated-frame-number"":""success"",""filename"":""success"",""hwdec-current"":""success"",""idle-active"":""success"",""path"":""success"",""pause"":""success"",""percent-pos"":""success"",""time-pos"":""success"",""video-params"":""success"",""vo-configured"":""success""}"	true	playing	media-b04db49d99	<media-path:2b030c3c41>	15100	1	true	"{""black_screen_risk_reason"":""null"",""blocked_media_count"":0,""consecutive_failures"":0,""current_index"":1,""current_item"":{""alias"":""media-b04db49d99"",""duration_ms"":15100,""offset_ms"":0,""path_alias"":""<media-path:2b030c3c41>"",""started_at_present"":true},""last_poll_error"":""null"",""last_render_error"":""null"",""mpv_running"":true,""next_item"":{""alias"":""media-8ffdc1f445"",""duration_ms"":14000,""path_alias"":""<media-path:fee4d36eb4>""},""playback_state"":""playing"",""playlist_size"":9,""present"":true,""uptime_sec"":308}"
269	286.641	2026-07-10T20:00:49+0000	success		2	<media-path:2b030c3c41>	<media-path:2b030c3c41>	<filename:c617160627>	12.966667	15.1	85.871965	false	false	false	389	v4l2request-copy	true	"{""aspect"":0.566038,""dh"":848,""dw"":480,""h"":848,""par"":1.0,""pixelformat"":""nv12"",""rotate"":0,""stereo-in"":""mono"",""w"":480}"	"{""duration"":""success"",""eof-reached"":""success"",""estimated-frame-number"":""success"",""filename"":""success"",""hwdec-current"":""success"",""idle-active"":""success"",""path"":""success"",""pause"":""success"",""percent-pos"":""success"",""time-pos"":""success"",""video-params"":""success"",""vo-configured"":""success""}"	true	playing	media-b04db49d99	<media-path:2b030c3c41>	15100	1	true	"{""black_screen_risk_reason"":""null"",""blocked_media_count"":0,""consecutive_failures"":0,""current_index"":1,""current_item"":{""alias"":""media-b04db49d99"",""duration_ms"":15100,""offset_ms"":0,""path_alias"":""<media-path:2b030c3c41>"",""started_at_present"":true},""last_poll_error"":""null"",""last_render_error"":""null"",""mpv_running"":true,""next_item"":{""alias"":""media-8ffdc1f445"",""duration_ms"":14000,""path_alias"":""<media-path:fee4d36eb4>""},""playback_state"":""playing"",""playlist_size"":9,""present"":true,""uptime_sec"":308}"
270	287.646	2026-07-10T20:00:50+0000	success		2	<media-path:2b030c3c41>	<media-path:2b030c3c41>	<filename:c617160627>	13.966667	15.1	92.494481	false	false	false	419	v4l2request-copy	true	"{""aspect"":0.566038,""dh"":848,""dw"":480,""h"":848,""par"":1.0,""pixelformat"":""nv12"",""rotate"":0,""stereo-in"":""mono"",""w"":480}"	"{""duration"":""success"",""eof-reached"":""success"",""estimated-frame-number"":""success"",""filename"":""success"",""hwdec-current"":""success"",""idle-active"":""success"",""path"":""success"",""pause"":""success"",""percent-pos"":""success"",""time-pos"":""success"",""video-params"":""success"",""vo-configured"":""success""}"	true	playing	media-b04db49d99	<media-path:2b030c3c41>	15100	1	true	"{""black_screen_risk_reason"":""null"",""blocked_media_count"":0,""consecutive_failures"":0,""current_index"":1,""current_item"":{""alias"":""media-b04db49d99"",""duration_ms"":15100,""offset_ms"":0,""path_alias"":""<media-path:2b030c3c41>"",""started_at_present"":true},""last_poll_error"":""null"",""last_render_error"":""null"",""mpv_running"":true,""next_item"":{""alias"":""media-8ffdc1f445"",""duration_ms"":14000,""path_alias"":""<media-path:fee4d36eb4>""},""playback_state"":""playing"",""playlist_size"":9,""present"":true,""uptime_sec"":308}"
271	288.650	2026-07-10T20:00:51+0000	success		2	<media-path:2b030c3c41>	<media-path:2b030c3c41>	<filename:c617160627>	14.966667	15.1	99.116998	false	false	false	449	v4l2request-copy	true	"{""aspect"":0.566038,""dh"":848,""dw"":480,""h"":848,""par"":1.0,""pixelformat"":""nv12"",""rotate"":0,""stereo-in"":""mono"",""w"":480}"	"{""duration"":""success"",""eof-reached"":""success"",""estimated-frame-number"":""success"",""filename"":""success"",""hwdec-current"":""success"",""idle-active"":""success"",""path"":""success"",""pause"":""success"",""percent-pos"":""success"",""time-pos"":""success"",""video-params"":""success"",""vo-configured"":""success""}"	true	playing	media-b04db49d99	<media-path:2b030c3c41>	15100	1	true	"{""black_screen_risk_reason"":""null"",""blocked_media_count"":0,""consecutive_failures"":0,""current_index"":1,""current_item"":{""alias"":""media-b04db49d99"",""duration_ms"":15100,""offset_ms"":0,""path_alias"":""<media-path:2b030c3c41>"",""started_at_present"":true},""last_poll_error"":""null"",""last_render_error"":""null"",""mpv_running"":true,""next_item"":{""alias"":""media-8ffdc1f445"",""duration_ms"":14000,""path_alias"":""<media-path:fee4d36eb4>""},""playback_state"":""playing"",""playlist_size"":9,""present"":true,""uptime_sec"":308}"
272	289.654	2026-07-10T20:00:52+0000	success		9	<media-path:fee4d36eb4>	<media-path:fee4d36eb4>	<filename:8ba6df5956>	0.666667	14	4.761905	false	false	false	20	v4l2request-copy	true	"{""aspect"":0.557692,""dh"":832,""dw"":464,""h"":832,""par"":1.0,""pixelformat"":""nv12"",""rotate"":0,""stereo-in"":""mono"",""w"":464}"	"{""duration"":""success"",""eof-reached"":""success"",""estimated-frame-number"":""success"",""filename"":""success"",""hwdec-current"":""success"",""idle-active"":""success"",""path"":""success"",""pause"":""success"",""percent-pos"":""success"",""time-pos"":""success"",""video-params"":""success"",""vo-configured"":""success""}"	true	playing	media-b04db49d99	<media-path:2b030c3c41>	15100	1	true	"{""black_screen_risk_reason"":""null"",""blocked_media_count"":0,""consecutive_failures"":0,""current_index"":1,""current_item"":{""alias"":""media-b04db49d99"",""duration_ms"":15100,""offset_ms"":0,""path_alias"":""<media-path:2b030c3c41>"",""started_at_present"":true},""last_poll_error"":""null"",""last_render_error"":""null"",""mpv_running"":true,""next_item"":{""alias"":""media-8ffdc1f445"",""duration_ms"":14000,""path_alias"":""<media-path:fee4d36eb4>""},""playback_state"":""playing"",""playlist_size"":9,""present"":true,""uptime_sec"":308}"
273	290.665	2026-07-10T20:00:53+0000	success		4	<media-path:fee4d36eb4>	<media-path:fee4d36eb4>	<filename:8ba6df5956>	1.666667	14	11.904762	false	false	false	50	v4l2request-copy	true	"{""aspect"":0.557692,""dh"":832,""dw"":464,""h"":832,""par"":1.0,""pixelformat"":""nv12"",""rotate"":0,""stereo-in"":""mono"",""w"":464}"	"{""duration"":""success"",""eof-reached"":""success"",""estimated-frame-number"":""success"",""filename"":""success"",""hwdec-current"":""success"",""idle-active"":""success"",""path"":""success"",""pause"":""success"",""percent-pos"":""success"",""time-pos"":""success"",""video-params"":""success"",""vo-configured"":""success""}"	true	playing	media-8ffdc1f445	<media-path:fee4d36eb4>	14000	2	true	"{""black_screen_risk_reason"":""null"",""blocked_media_count"":0,""consecutive_failures"":0,""current_index"":2,""current_item"":{""alias"":""media-8ffdc1f445"",""duration_ms"":14000,""offset_ms"":0,""path_alias"":""<media-path:fee4d36eb4>"",""started_at_present"":true},""last_poll_error"":""null"",""last_render_error"":""null"",""mpv_running"":true,""next_item"":{""alias"":""media-907addee8b"",""duration_ms"":30800,""path_alias"":""<media-path:c58db4e1cc>""},""playback_state"":""playing"",""playlist_size"":9,""present"":true,""uptime_sec"":313}"
274	291.672	2026-07-10T20:00:54+0000	success		2	<media-path:fee4d36eb4>	<media-path:fee4d36eb4>	<filename:8ba6df5956>	2.666667	14	19.047619	false	false	false	80	v4l2request-copy	true	"{""aspect"":0.557692,""dh"":832,""dw"":464,""h"":832,""par"":1.0,""pixelformat"":""nv12"",""rotate"":0,""stereo-in"":""mono"",""w"":464}"	"{""duration"":""success"",""eof-reached"":""success"",""estimated-frame-number"":""success"",""filename"":""success"",""hwdec-current"":""success"",""idle-active"":""success"",""path"":""success"",""pause"":""success"",""percent-pos"":""success"",""time-pos"":""success"",""video-params"":""success"",""vo-configured"":""success""}"	true	playing	media-8ffdc1f445	<media-path:fee4d36eb4>	14000	2	true	"{""black_screen_risk_reason"":""null"",""blocked_media_count"":0,""consecutive_failures"":0,""current_index"":2,""current_item"":{""alias"":""media-8ffdc1f445"",""duration_ms"":14000,""offset_ms"":0,""path_alias"":""<media-path:fee4d36eb4>"",""started_at_present"":true},""last_poll_error"":""null"",""last_render_error"":""null"",""mpv_running"":true,""next_item"":{""alias"":""media-907addee8b"",""duration_ms"":30800,""path_alias"":""<media-path:c58db4e1cc>""},""playback_state"":""playing"",""playlist_size"":9,""present"":true,""uptime_sec"":313}"
275	292.676	2026-07-10T20:00:55+0000	success		3	<media-path:fee4d36eb4>	<media-path:fee4d36eb4>	<filename:8ba6df5956>	3.666667	14	26.190476	false	false	false	110	v4l2request-copy	true	"{""aspect"":0.557692,""dh"":832,""dw"":464,""h"":832,""par"":1.0,""pixelformat"":""nv12"",""rotate"":0,""stereo-in"":""mono"",""w"":464}"	"{""duration"":""success"",""eof-reached"":""success"",""estimated-frame-number"":""success"",""filename"":""success"",""hwdec-current"":""success"",""idle-active"":""success"",""path"":""success"",""pause"":""success"",""percent-pos"":""success"",""time-pos"":""success"",""video-params"":""success"",""vo-configured"":""success""}"	true	playing	media-8ffdc1f445	<media-path:fee4d36eb4>	14000	2	true	"{""black_screen_risk_reason"":""null"",""blocked_media_count"":0,""consecutive_failures"":0,""current_index"":2,""current_item"":{""alias"":""media-8ffdc1f445"",""duration_ms"":14000,""offset_ms"":0,""path_alias"":""<media-path:fee4d36eb4>"",""started_at_present"":true},""last_poll_error"":""null"",""last_render_error"":""null"",""mpv_running"":true,""next_item"":{""alias"":""media-907addee8b"",""duration_ms"":30800,""path_alias"":""<media-path:c58db4e1cc>""},""playback_state"":""playing"",""playlist_size"":9,""present"":true,""uptime_sec"":313}"
276	293.682	2026-07-10T20:00:56+0000	success		2	<media-path:fee4d36eb4>	<media-path:fee4d36eb4>	<filename:8ba6df5956>	4.666667	14	33.333333	false	false	false	140	v4l2request-copy	true	"{""aspect"":0.557692,""dh"":832,""dw"":464,""h"":832,""par"":1.0,""pixelformat"":""nv12"",""rotate"":0,""stereo-in"":""mono"",""w"":464}"	"{""duration"":""success"",""eof-reached"":""success"",""estimated-frame-number"":""success"",""filename"":""success"",""hwdec-current"":""success"",""idle-active"":""success"",""path"":""success"",""pause"":""success"",""percent-pos"":""success"",""time-pos"":""success"",""video-params"":""success"",""vo-configured"":""success""}"	true	playing	media-8ffdc1f445	<media-path:fee4d36eb4>	14000	2	true	"{""black_screen_risk_reason"":""null"",""blocked_media_count"":0,""consecutive_failures"":0,""current_index"":2,""current_item"":{""alias"":""media-8ffdc1f445"",""duration_ms"":14000,""offset_ms"":0,""path_alias"":""<media-path:fee4d36eb4>"",""started_at_present"":true},""last_poll_error"":""null"",""last_render_error"":""null"",""mpv_running"":true,""next_item"":{""alias"":""media-907addee8b"",""duration_ms"":30800,""path_alias"":""<media-path:c58db4e1cc>""},""playback_state"":""playing"",""playlist_size"":9,""present"":true,""uptime_sec"":313}"
277	294.686	2026-07-10T20:00:57+0000	success		2	<media-path:fee4d36eb4>	<media-path:fee4d36eb4>	<filename:8ba6df5956>	5.7	14	40.714286	false	false	false	171	v4l2request-copy	true	"{""aspect"":0.557692,""dh"":832,""dw"":464,""h"":832,""par"":1.0,""pixelformat"":""nv12"",""rotate"":0,""stereo-in"":""mono"",""w"":464}"	"{""duration"":""success"",""eof-reached"":""success"",""estimated-frame-number"":""success"",""filename"":""success"",""hwdec-current"":""success"",""idle-active"":""success"",""path"":""success"",""pause"":""success"",""percent-pos"":""success"",""time-pos"":""success"",""video-params"":""success"",""vo-configured"":""success""}"	true	playing	media-8ffdc1f445	<media-path:fee4d36eb4>	14000	2	true	"{""black_screen_risk_reason"":""null"",""blocked_media_count"":0,""consecutive_failures"":0,""current_index"":2,""current_item"":{""alias"":""media-8ffdc1f445"",""duration_ms"":14000,""offset_ms"":0,""path_alias"":""<media-path:fee4d36eb4>"",""started_at_present"":true},""last_poll_error"":""null"",""last_render_error"":""null"",""mpv_running"":true,""next_item"":{""alias"":""media-907addee8b"",""duration_ms"":30800,""path_alias"":""<media-path:c58db4e1cc>""},""playback_state"":""playing"",""playlist_size"":9,""present"":true,""uptime_sec"":313}"
278	295.691	2026-07-10T20:00:58+0000	success		2	<media-path:fee4d36eb4>	<media-path:fee4d36eb4>	<filename:8ba6df5956>	6.7	14	47.857143	false	false	false	201	v4l2request-copy	true	"{""aspect"":0.557692,""dh"":832,""dw"":464,""h"":832,""par"":1.0,""pixelformat"":""nv12"",""rotate"":0,""stereo-in"":""mono"",""w"":464}"	"{""duration"":""success"",""eof-reached"":""success"",""estimated-frame-number"":""success"",""filename"":""success"",""hwdec-current"":""success"",""idle-active"":""success"",""path"":""success"",""pause"":""success"",""percent-pos"":""success"",""time-pos"":""success"",""video-params"":""success"",""vo-configured"":""success""}"	true	playing	media-8ffdc1f445	<media-path:fee4d36eb4>	14000	2	true	"{""black_screen_risk_reason"":""null"",""blocked_media_count"":0,""consecutive_failures"":0,""current_index"":2,""current_item"":{""alias"":""media-8ffdc1f445"",""duration_ms"":14000,""offset_ms"":0,""path_alias"":""<media-path:fee4d36eb4>"",""started_at_present"":true},""last_poll_error"":""null"",""last_render_error"":""null"",""mpv_running"":true,""next_item"":{""alias"":""media-907addee8b"",""duration_ms"":30800,""path_alias"":""<media-path:c58db4e1cc>""},""playback_state"":""playing"",""playlist_size"":9,""present"":true,""uptime_sec"":318}"
279	296.695	2026-07-10T20:00:59+0000	success		2	<media-path:fee4d36eb4>	<media-path:fee4d36eb4>	<filename:8ba6df5956>	7.7	14	55	false	false	false	231	v4l2request-copy	true	"{""aspect"":0.557692,""dh"":832,""dw"":464,""h"":832,""par"":1.0,""pixelformat"":""nv12"",""rotate"":0,""stereo-in"":""mono"",""w"":464}"	"{""duration"":""success"",""eof-reached"":""success"",""estimated-frame-number"":""success"",""filename"":""success"",""hwdec-current"":""success"",""idle-active"":""success"",""path"":""success"",""pause"":""success"",""percent-pos"":""success"",""time-pos"":""success"",""video-params"":""success"",""vo-configured"":""success""}"	true	playing	media-8ffdc1f445	<media-path:fee4d36eb4>	14000	2	true	"{""black_screen_risk_reason"":""null"",""blocked_media_count"":0,""consecutive_failures"":0,""current_index"":2,""current_item"":{""alias"":""media-8ffdc1f445"",""duration_ms"":14000,""offset_ms"":0,""path_alias"":""<media-path:fee4d36eb4>"",""started_at_present"":true},""last_poll_error"":""null"",""last_render_error"":""null"",""mpv_running"":true,""next_item"":{""alias"":""media-907addee8b"",""duration_ms"":30800,""path_alias"":""<media-path:c58db4e1cc>""},""playback_state"":""playing"",""playlist_size"":9,""present"":true,""uptime_sec"":318}"
280	297.699	2026-07-10T20:01:00+0000	success		3	<media-path:fee4d36eb4>	<media-path:fee4d36eb4>	<filename:8ba6df5956>	8.7	14	62.142857	false	false	false	261	v4l2request-copy	true	"{""aspect"":0.557692,""dh"":832,""dw"":464,""h"":832,""par"":1.0,""pixelformat"":""nv12"",""rotate"":0,""stereo-in"":""mono"",""w"":464}"	"{""duration"":""success"",""eof-reached"":""success"",""estimated-frame-number"":""success"",""filename"":""success"",""hwdec-current"":""success"",""idle-active"":""success"",""path"":""success"",""pause"":""success"",""percent-pos"":""success"",""time-pos"":""success"",""video-params"":""success"",""vo-configured"":""success""}"	true	playing	media-8ffdc1f445	<media-path:fee4d36eb4>	14000	2	true	"{""black_screen_risk_reason"":""null"",""blocked_media_count"":0,""consecutive_failures"":0,""current_index"":2,""current_item"":{""alias"":""media-8ffdc1f445"",""duration_ms"":14000,""offset_ms"":0,""path_alias"":""<media-path:fee4d36eb4>"",""started_at_present"":true},""last_poll_error"":""null"",""last_render_error"":""null"",""mpv_running"":true,""next_item"":{""alias"":""media-907addee8b"",""duration_ms"":30800,""path_alias"":""<media-path:c58db4e1cc>""},""playback_state"":""playing"",""playlist_size"":9,""present"":true,""uptime_sec"":318}"
281	298.706	2026-07-10T20:01:01+0000	success		8	<media-path:fee4d36eb4>	<media-path:fee4d36eb4>	<filename:8ba6df5956>	9.7	14	69.285714	false	false	false	291	v4l2request-copy	true	"{""aspect"":0.557692,""dh"":832,""dw"":464,""h"":832,""par"":1.0,""pixelformat"":""nv12"",""rotate"":0,""stereo-in"":""mono"",""w"":464}"	"{""duration"":""success"",""eof-reached"":""success"",""estimated-frame-number"":""success"",""filename"":""success"",""hwdec-current"":""success"",""idle-active"":""success"",""path"":""success"",""pause"":""success"",""percent-pos"":""success"",""time-pos"":""success"",""video-params"":""success"",""vo-configured"":""success""}"	true	playing	media-8ffdc1f445	<media-path:fee4d36eb4>	14000	2	true	"{""black_screen_risk_reason"":""null"",""blocked_media_count"":0,""consecutive_failures"":0,""current_index"":2,""current_item"":{""alias"":""media-8ffdc1f445"",""duration_ms"":14000,""offset_ms"":0,""path_alias"":""<media-path:fee4d36eb4>"",""started_at_present"":true},""last_poll_error"":""null"",""last_render_error"":""null"",""mpv_running"":true,""next_item"":{""alias"":""media-907addee8b"",""duration_ms"":30800,""path_alias"":""<media-path:c58db4e1cc>""},""playback_state"":""playing"",""playlist_size"":9,""present"":true,""uptime_sec"":318}"
282	299.718	2026-07-10T20:01:02+0000	success		2	<media-path:fee4d36eb4>	<media-path:fee4d36eb4>	<filename:8ba6df5956>	10.7	14	76.428571	false	false	false	321	v4l2request-copy	true	"{""aspect"":0.557692,""dh"":832,""dw"":464,""h"":832,""par"":1.0,""pixelformat"":""nv12"",""rotate"":0,""stereo-in"":""mono"",""w"":464}"	"{""duration"":""success"",""eof-reached"":""success"",""estimated-frame-number"":""success"",""filename"":""success"",""hwdec-current"":""success"",""idle-active"":""success"",""path"":""success"",""pause"":""success"",""percent-pos"":""success"",""time-pos"":""success"",""video-params"":""success"",""vo-configured"":""success""}"	true	playing	media-8ffdc1f445	<media-path:fee4d36eb4>	14000	2	true	"{""black_screen_risk_reason"":""null"",""blocked_media_count"":0,""consecutive_failures"":0,""current_index"":2,""current_item"":{""alias"":""media-8ffdc1f445"",""duration_ms"":14000,""offset_ms"":0,""path_alias"":""<media-path:fee4d36eb4>"",""started_at_present"":true},""last_poll_error"":""null"",""last_render_error"":""null"",""mpv_running"":true,""next_item"":{""alias"":""media-907addee8b"",""duration_ms"":30800,""path_alias"":""<media-path:c58db4e1cc>""},""playback_state"":""playing"",""playlist_size"":9,""present"":true,""uptime_sec"":318}"
283	300.723	2026-07-10T20:01:03+0000	success		2	<media-path:fee4d36eb4>	<media-path:fee4d36eb4>	<filename:8ba6df5956>	11.733333	14	83.809524	false	false	false	352	v4l2request-copy	true	"{""aspect"":0.557692,""dh"":832,""dw"":464,""h"":832,""par"":1.0,""pixelformat"":""nv12"",""rotate"":0,""stereo-in"":""mono"",""w"":464}"	"{""duration"":""success"",""eof-reached"":""success"",""estimated-frame-number"":""success"",""filename"":""success"",""hwdec-current"":""success"",""idle-active"":""success"",""path"":""success"",""pause"":""success"",""percent-pos"":""success"",""time-pos"":""success"",""video-params"":""success"",""vo-configured"":""success""}"	true	playing	media-8ffdc1f445	<media-path:fee4d36eb4>	14000	2	true	"{""black_screen_risk_reason"":""null"",""blocked_media_count"":0,""consecutive_failures"":0,""current_index"":2,""current_item"":{""alias"":""media-8ffdc1f445"",""duration_ms"":14000,""offset_ms"":0,""path_alias"":""<media-path:fee4d36eb4>"",""started_at_present"":true},""last_poll_error"":""null"",""last_render_error"":""null"",""mpv_running"":true,""next_item"":{""alias"":""media-907addee8b"",""duration_ms"":30800,""path_alias"":""<media-path:c58db4e1cc>""},""playback_state"":""playing"",""playlist_size"":9,""present"":true,""uptime_sec"":323}"
284	301.727	2026-07-10T20:01:04+0000	success		2	<media-path:fee4d36eb4>	<media-path:fee4d36eb4>	<filename:8ba6df5956>	12.733333	14	90.952381	false	false	false	382	v4l2request-copy	true	"{""aspect"":0.557692,""dh"":832,""dw"":464,""h"":832,""par"":1.0,""pixelformat"":""nv12"",""rotate"":0,""stereo-in"":""mono"",""w"":464}"	"{""duration"":""success"",""eof-reached"":""success"",""estimated-frame-number"":""success"",""filename"":""success"",""hwdec-current"":""success"",""idle-active"":""success"",""path"":""success"",""pause"":""success"",""percent-pos"":""success"",""time-pos"":""success"",""video-params"":""success"",""vo-configured"":""success""}"	true	playing	media-8ffdc1f445	<media-path:fee4d36eb4>	14000	2	true	"{""black_screen_risk_reason"":""null"",""blocked_media_count"":0,""consecutive_failures"":0,""current_index"":2,""current_item"":{""alias"":""media-8ffdc1f445"",""duration_ms"":14000,""offset_ms"":0,""path_alias"":""<media-path:fee4d36eb4>"",""started_at_present"":true},""last_poll_error"":""null"",""last_render_error"":""null"",""mpv_running"":true,""next_item"":{""alias"":""media-907addee8b"",""duration_ms"":30800,""path_alias"":""<media-path:c58db4e1cc>""},""playback_state"":""playing"",""playlist_size"":9,""present"":true,""uptime_sec"":323}"
285	302.731	2026-07-10T20:01:05+0000	success		2	<media-path:fee4d36eb4>	<media-path:fee4d36eb4>	<filename:8ba6df5956>	13.733333	14	98.095238	false	false	false	412	v4l2request-copy	true	"{""aspect"":0.557692,""dh"":832,""dw"":464,""h"":832,""par"":1.0,""pixelformat"":""nv12"",""rotate"":0,""stereo-in"":""mono"",""w"":464}"	"{""duration"":""success"",""eof-reached"":""success"",""estimated-frame-number"":""success"",""filename"":""success"",""hwdec-current"":""success"",""idle-active"":""success"",""path"":""success"",""pause"":""success"",""percent-pos"":""success"",""time-pos"":""success"",""video-params"":""success"",""vo-configured"":""success""}"	true	playing	media-8ffdc1f445	<media-path:fee4d36eb4>	14000	2	true	"{""black_screen_risk_reason"":""null"",""blocked_media_count"":0,""consecutive_failures"":0,""current_index"":2,""current_item"":{""alias"":""media-8ffdc1f445"",""duration_ms"":14000,""offset_ms"":0,""path_alias"":""<media-path:fee4d36eb4>"",""started_at_present"":true},""last_poll_error"":""null"",""last_render_error"":""null"",""mpv_running"":true,""next_item"":{""alias"":""media-907addee8b"",""duration_ms"":30800,""path_alias"":""<media-path:c58db4e1cc>""},""playback_state"":""playing"",""playlist_size"":9,""present"":true,""uptime_sec"":323}"
286	303.736	2026-07-10T20:01:06+0000	success		2	<media-path:c58db4e1cc>	<media-path:c58db4e1cc>	<filename:9b95323d7d>	1.334667	30.805333	4.332583	false	false	false	32	v4l2request-copy	true	"{""aspect"":0.5625,""dh"":640,""dw"":360,""h"":640,""par"":1.0,""pixelformat"":""nv12"",""rotate"":0,""stereo-in"":""mono"",""w"":360}"	"{""duration"":""success"",""eof-reached"":""success"",""estimated-frame-number"":""success"",""filename"":""success"",""hwdec-current"":""success"",""idle-active"":""success"",""path"":""success"",""pause"":""success"",""percent-pos"":""success"",""time-pos"":""success"",""video-params"":""success"",""vo-configured"":""success""}"	true	playing	media-8ffdc1f445	<media-path:fee4d36eb4>	14000	2	true	"{""black_screen_risk_reason"":""null"",""blocked_media_count"":0,""consecutive_failures"":0,""current_index"":2,""current_item"":{""alias"":""media-8ffdc1f445"",""duration_ms"":14000,""offset_ms"":0,""path_alias"":""<media-path:fee4d36eb4>"",""started_at_present"":true},""last_poll_error"":""null"",""last_render_error"":""null"",""mpv_running"":true,""next_item"":{""alias"":""media-907addee8b"",""duration_ms"":30800,""path_alias"":""<media-path:c58db4e1cc>""},""playback_state"":""playing"",""playlist_size"":9,""present"":true,""uptime_sec"":323}"
287	304.739	2026-07-10T20:01:07+0000	success		2	<media-path:c58db4e1cc>	<media-path:c58db4e1cc>	<filename:9b95323d7d>	2.335667	30.805333	7.58202	false	false	false	56	v4l2request-copy	true	"{""aspect"":0.5625,""dh"":640,""dw"":360,""h"":640,""par"":1.0,""pixelformat"":""nv12"",""rotate"":0,""stereo-in"":""mono"",""w"":360}"	"{""duration"":""success"",""eof-reached"":""success"",""estimated-frame-number"":""success"",""filename"":""success"",""hwdec-current"":""success"",""idle-active"":""success"",""path"":""success"",""pause"":""success"",""percent-pos"":""success"",""time-pos"":""success"",""video-params"":""success"",""vo-configured"":""success""}"	true	playing	media-8ffdc1f445	<media-path:fee4d36eb4>	14000	2	true	"{""black_screen_risk_reason"":""null"",""blocked_media_count"":0,""consecutive_failures"":0,""current_index"":2,""current_item"":{""alias"":""media-8ffdc1f445"",""duration_ms"":14000,""offset_ms"":0,""path_alias"":""<media-path:fee4d36eb4>"",""started_at_present"":true},""last_poll_error"":""null"",""last_render_error"":""null"",""mpv_running"":true,""next_item"":{""alias"":""media-907addee8b"",""duration_ms"":30800,""path_alias"":""<media-path:c58db4e1cc>""},""playback_state"":""playing"",""playlist_size"":9,""present"":true,""uptime_sec"":323}"
288	305.743	2026-07-10T20:01:08+0000	success		3	<media-path:c58db4e1cc>	<media-path:c58db4e1cc>	<filename:9b95323d7d>	3.336667	30.805333	10.831458	false	false	false	80	v4l2request-copy	true	"{""aspect"":0.5625,""dh"":640,""dw"":360,""h"":640,""par"":1.0,""pixelformat"":""nv12"",""rotate"":0,""stereo-in"":""mono"",""w"":360}"	"{""duration"":""success"",""eof-reached"":""success"",""estimated-frame-number"":""success"",""filename"":""success"",""hwdec-current"":""success"",""idle-active"":""success"",""path"":""success"",""pause"":""success"",""percent-pos"":""success"",""time-pos"":""success"",""video-params"":""success"",""vo-configured"":""success""}"	true	playing	media-907addee8b	<media-path:c58db4e1cc>	30800	3	true	"{""black_screen_risk_reason"":""null"",""blocked_media_count"":0,""consecutive_failures"":0,""current_index"":3,""current_item"":{""alias"":""media-907addee8b"",""duration_ms"":30800,""offset_ms"":828,""path_alias"":""<media-path:c58db4e1cc>"",""started_at_present"":true},""last_poll_error"":""null"",""last_render_error"":""null"",""mpv_running"":true,""next_item"":{""alias"":""media-8e4d41f6c2"",""duration_ms"":7200,""path_alias"":""<media-path:3662a4e886>""},""playback_state"":""playing"",""playlist_size"":9,""present"":true,""uptime_sec"":328}"
289	306.750	2026-07-10T20:01:09+0000	success		5	<media-path:c58db4e1cc>	<media-path:c58db4e1cc>	<filename:9b95323d7d>	4.337667	30.805333	14.080895	false	false	false	104	v4l2request-copy	true	"{""aspect"":0.5625,""dh"":640,""dw"":360,""h"":640,""par"":1.0,""pixelformat"":""nv12"",""rotate"":0,""stereo-in"":""mono"",""w"":360}"	"{""duration"":""success"",""eof-reached"":""success"",""estimated-frame-number"":""success"",""filename"":""success"",""hwdec-current"":""success"",""idle-active"":""success"",""path"":""success"",""pause"":""success"",""percent-pos"":""success"",""time-pos"":""success"",""video-params"":""success"",""vo-configured"":""success""}"	true	playing	media-907addee8b	<media-path:c58db4e1cc>	30800	3	true	"{""black_screen_risk_reason"":""null"",""blocked_media_count"":0,""consecutive_failures"":0,""current_index"":3,""current_item"":{""alias"":""media-907addee8b"",""duration_ms"":30800,""offset_ms"":828,""path_alias"":""<media-path:c58db4e1cc>"",""started_at_present"":true},""last_poll_error"":""null"",""last_render_error"":""null"",""mpv_running"":true,""next_item"":{""alias"":""media-8e4d41f6c2"",""duration_ms"":7200,""path_alias"":""<media-path:3662a4e886>""},""playback_state"":""playing"",""playlist_size"":9,""present"":true,""uptime_sec"":328}"
290	307.759	2026-07-10T20:01:10+0000	success		3	<media-path:c58db4e1cc>	<media-path:c58db4e1cc>	<filename:9b95323d7d>	5.338667	30.805333	17.330332	false	false	false	128	v4l2request-copy	true	"{""aspect"":0.5625,""dh"":640,""dw"":360,""h"":640,""par"":1.0,""pixelformat"":""nv12"",""rotate"":0,""stereo-in"":""mono"",""w"":360}"	"{""duration"":""success"",""eof-reached"":""success"",""estimated-frame-number"":""success"",""filename"":""success"",""hwdec-current"":""success"",""idle-active"":""success"",""path"":""success"",""pause"":""success"",""percent-pos"":""success"",""time-pos"":""success"",""video-params"":""success"",""vo-configured"":""success""}"	true	playing	media-907addee8b	<media-path:c58db4e1cc>	30800	3	true	"{""black_screen_risk_reason"":""null"",""blocked_media_count"":0,""consecutive_failures"":0,""current_index"":3,""current_item"":{""alias"":""media-907addee8b"",""duration_ms"":30800,""offset_ms"":828,""path_alias"":""<media-path:c58db4e1cc>"",""started_at_present"":true},""last_poll_error"":""null"",""last_render_error"":""null"",""mpv_running"":true,""next_item"":{""alias"":""media-8e4d41f6c2"",""duration_ms"":7200,""path_alias"":""<media-path:3662a4e886>""},""playback_state"":""playing"",""playlist_size"":9,""present"":true,""uptime_sec"":328}"
291	308.765	2026-07-10T20:01:11+0000	success		3	<media-path:c58db4e1cc>	<media-path:c58db4e1cc>	<filename:9b95323d7d>	6.339667	30.805333	20.57977	false	false	false	152	v4l2request-copy	true	"{""aspect"":0.5625,""dh"":640,""dw"":360,""h"":640,""par"":1.0,""pixelformat"":""nv12"",""rotate"":0,""stereo-in"":""mono"",""w"":360}"	"{""duration"":""success"",""eof-reached"":""success"",""estimated-frame-number"":""success"",""filename"":""success"",""hwdec-current"":""success"",""idle-active"":""success"",""path"":""success"",""pause"":""success"",""percent-pos"":""success"",""time-pos"":""success"",""video-params"":""success"",""vo-configured"":""success""}"	true	playing	media-907addee8b	<media-path:c58db4e1cc>	30800	3	true	"{""black_screen_risk_reason"":""null"",""blocked_media_count"":0,""consecutive_failures"":0,""current_index"":3,""current_item"":{""alias"":""media-907addee8b"",""duration_ms"":30800,""offset_ms"":828,""path_alias"":""<media-path:c58db4e1cc>"",""started_at_present"":true},""last_poll_error"":""null"",""last_render_error"":""null"",""mpv_running"":true,""next_item"":{""alias"":""media-8e4d41f6c2"",""duration_ms"":7200,""path_alias"":""<media-path:3662a4e886>""},""playback_state"":""playing"",""playlist_size"":9,""present"":true,""uptime_sec"":328}"
292	309.771	2026-07-10T20:01:12+0000	success		2	<media-path:c58db4e1cc>	<media-path:c58db4e1cc>	<filename:9b95323d7d>	7.340667	30.805333	23.829207	false	false	false	176	v4l2request-copy	true	"{""aspect"":0.5625,""dh"":640,""dw"":360,""h"":640,""par"":1.0,""pixelformat"":""nv12"",""rotate"":0,""stereo-in"":""mono"",""w"":360}"	"{""duration"":""success"",""eof-reached"":""success"",""estimated-frame-number"":""success"",""filename"":""success"",""hwdec-current"":""success"",""idle-active"":""success"",""path"":""success"",""pause"":""success"",""percent-pos"":""success"",""time-pos"":""success"",""video-params"":""success"",""vo-configured"":""success""}"	true	playing	media-907addee8b	<media-path:c58db4e1cc>	30800	3	true	"{""black_screen_risk_reason"":""null"",""blocked_media_count"":0,""consecutive_failures"":0,""current_index"":3,""current_item"":{""alias"":""media-907addee8b"",""duration_ms"":30800,""offset_ms"":828,""path_alias"":""<media-path:c58db4e1cc>"",""started_at_present"":true},""last_poll_error"":""null"",""last_render_error"":""null"",""mpv_running"":true,""next_item"":{""alias"":""media-8e4d41f6c2"",""duration_ms"":7200,""path_alias"":""<media-path:3662a4e886>""},""playback_state"":""playing"",""playlist_size"":9,""present"":true,""uptime_sec"":328}"
293	310.774	2026-07-10T20:01:13+0000	success		1	<media-path:c58db4e1cc>	<media-path:c58db4e1cc>	<filename:9b95323d7d>	8.341667	30.805333	27.078644	false	false	false	200	v4l2request-copy	true	"{""aspect"":0.5625,""dh"":640,""dw"":360,""h"":640,""par"":1.0,""pixelformat"":""nv12"",""rotate"":0,""stereo-in"":""mono"",""w"":360}"	"{""duration"":""success"",""eof-reached"":""success"",""estimated-frame-number"":""success"",""filename"":""success"",""hwdec-current"":""success"",""idle-active"":""success"",""path"":""success"",""pause"":""success"",""percent-pos"":""success"",""time-pos"":""success"",""video-params"":""success"",""vo-configured"":""success""}"	true	playing	media-907addee8b	<media-path:c58db4e1cc>	30800	3	true	"{""black_screen_risk_reason"":""null"",""blocked_media_count"":0,""consecutive_failures"":0,""current_index"":3,""current_item"":{""alias"":""media-907addee8b"",""duration_ms"":30800,""offset_ms"":828,""path_alias"":""<media-path:c58db4e1cc>"",""started_at_present"":true},""last_poll_error"":""null"",""last_render_error"":""null"",""mpv_running"":true,""next_item"":{""alias"":""media-8e4d41f6c2"",""duration_ms"":7200,""path_alias"":""<media-path:3662a4e886>""},""playback_state"":""playing"",""playlist_size"":9,""present"":true,""uptime_sec"":333}"
294	311.777	2026-07-10T20:01:14+0000	success		2	<media-path:c58db4e1cc>	<media-path:c58db4e1cc>	<filename:9b95323d7d>	9.342667	30.805333	30.328082	false	false	false	224	v4l2request-copy	true	"{""aspect"":0.5625,""dh"":640,""dw"":360,""h"":640,""par"":1.0,""pixelformat"":""nv12"",""rotate"":0,""stereo-in"":""mono"",""w"":360}"	"{""duration"":""success"",""eof-reached"":""success"",""estimated-frame-number"":""success"",""filename"":""success"",""hwdec-current"":""success"",""idle-active"":""success"",""path"":""success"",""pause"":""success"",""percent-pos"":""success"",""time-pos"":""success"",""video-params"":""success"",""vo-configured"":""success""}"	true	playing	media-907addee8b	<media-path:c58db4e1cc>	30800	3	true	"{""black_screen_risk_reason"":""null"",""blocked_media_count"":0,""consecutive_failures"":0,""current_index"":3,""current_item"":{""alias"":""media-907addee8b"",""duration_ms"":30800,""offset_ms"":828,""path_alias"":""<media-path:c58db4e1cc>"",""started_at_present"":true},""last_poll_error"":""null"",""last_render_error"":""null"",""mpv_running"":true,""next_item"":{""alias"":""media-8e4d41f6c2"",""duration_ms"":7200,""path_alias"":""<media-path:3662a4e886>""},""playback_state"":""playing"",""playlist_size"":9,""present"":true,""uptime_sec"":333}"
295	312.781	2026-07-10T20:01:15+0000	success		2	<media-path:c58db4e1cc>	<media-path:c58db4e1cc>	<filename:9b95323d7d>	10.343667	30.805333	33.577519	false	false	false	248	v4l2request-copy	true	"{""aspect"":0.5625,""dh"":640,""dw"":360,""h"":640,""par"":1.0,""pixelformat"":""nv12"",""rotate"":0,""stereo-in"":""mono"",""w"":360}"	"{""duration"":""success"",""eof-reached"":""success"",""estimated-frame-number"":""success"",""filename"":""success"",""hwdec-current"":""success"",""idle-active"":""success"",""path"":""success"",""pause"":""success"",""percent-pos"":""success"",""time-pos"":""success"",""video-params"":""success"",""vo-configured"":""success""}"	true	playing	media-907addee8b	<media-path:c58db4e1cc>	30800	3	true	"{""black_screen_risk_reason"":""null"",""blocked_media_count"":0,""consecutive_failures"":0,""current_index"":3,""current_item"":{""alias"":""media-907addee8b"",""duration_ms"":30800,""offset_ms"":828,""path_alias"":""<media-path:c58db4e1cc>"",""started_at_present"":true},""last_poll_error"":""null"",""last_render_error"":""null"",""mpv_running"":true,""next_item"":{""alias"":""media-8e4d41f6c2"",""duration_ms"":7200,""path_alias"":""<media-path:3662a4e886>""},""playback_state"":""playing"",""playlist_size"":9,""present"":true,""uptime_sec"":333}"
296	313.785	2026-07-10T20:01:16+0000	success		3	<media-path:c58db4e1cc>	<media-path:c58db4e1cc>	<filename:9b95323d7d>	11.344667	30.805333	36.826956	false	false	false	272	v4l2request-copy	true	"{""aspect"":0.5625,""dh"":640,""dw"":360,""h"":640,""par"":1.0,""pixelformat"":""nv12"",""rotate"":0,""stereo-in"":""mono"",""w"":360}"	"{""duration"":""success"",""eof-reached"":""success"",""estimated-frame-number"":""success"",""filename"":""success"",""hwdec-current"":""success"",""idle-active"":""success"",""path"":""success"",""pause"":""success"",""percent-pos"":""success"",""time-pos"":""success"",""video-params"":""success"",""vo-configured"":""success""}"	true	playing	media-907addee8b	<media-path:c58db4e1cc>	30800	3	true	"{""black_screen_risk_reason"":""null"",""blocked_media_count"":0,""consecutive_failures"":0,""current_index"":3,""current_item"":{""alias"":""media-907addee8b"",""duration_ms"":30800,""offset_ms"":828,""path_alias"":""<media-path:c58db4e1cc>"",""started_at_present"":true},""last_poll_error"":""null"",""last_render_error"":""null"",""mpv_running"":true,""next_item"":{""alias"":""media-8e4d41f6c2"",""duration_ms"":7200,""path_alias"":""<media-path:3662a4e886>""},""playback_state"":""playing"",""playlist_size"":9,""present"":true,""uptime_sec"":333}"
297	314.792	2026-07-10T20:01:17+0000	success		4	<media-path:c58db4e1cc>	<media-path:c58db4e1cc>	<filename:9b95323d7d>	12.387375	30.805333	40.211787	false	false	false	297	v4l2request-copy	true	"{""aspect"":0.5625,""dh"":640,""dw"":360,""h"":640,""par"":1.0,""pixelformat"":""nv12"",""rotate"":0,""stereo-in"":""mono"",""w"":360}"	"{""duration"":""success"",""eof-reached"":""success"",""estimated-frame-number"":""success"",""filename"":""success"",""hwdec-current"":""success"",""idle-active"":""success"",""path"":""success"",""pause"":""success"",""percent-pos"":""success"",""time-pos"":""success"",""video-params"":""success"",""vo-configured"":""success""}"	true	playing	media-907addee8b	<media-path:c58db4e1cc>	30800	3	true	"{""black_screen_risk_reason"":""null"",""blocked_media_count"":0,""consecutive_failures"":0,""current_index"":3,""current_item"":{""alias"":""media-907addee8b"",""duration_ms"":30800,""offset_ms"":828,""path_alias"":""<media-path:c58db4e1cc>"",""started_at_present"":true},""last_poll_error"":""null"",""last_render_error"":""null"",""mpv_running"":true,""next_item"":{""alias"":""media-8e4d41f6c2"",""duration_ms"":7200,""path_alias"":""<media-path:3662a4e886>""},""playback_state"":""playing"",""playlist_size"":9,""present"":true,""uptime_sec"":333}"
298	315.801	2026-07-10T20:01:18+0000	success		5	<media-path:c58db4e1cc>	<media-path:c58db4e1cc>	<filename:9b95323d7d>	13.388375	30.805333	43.461224	false	false	false	321	v4l2request-copy	true	"{""aspect"":0.5625,""dh"":640,""dw"":360,""h"":640,""par"":1.0,""pixelformat"":""nv12"",""rotate"":0,""stereo-in"":""mono"",""w"":360}"	"{""duration"":""success"",""eof-reached"":""success"",""estimated-frame-number"":""success"",""filename"":""success"",""hwdec-current"":""success"",""idle-active"":""success"",""path"":""success"",""pause"":""success"",""percent-pos"":""success"",""time-pos"":""success"",""video-params"":""success"",""vo-configured"":""success""}"	true	playing	media-907addee8b	<media-path:c58db4e1cc>	30800	3	true	"{""black_screen_risk_reason"":""null"",""blocked_media_count"":0,""consecutive_failures"":0,""current_index"":3,""current_item"":{""alias"":""media-907addee8b"",""duration_ms"":30800,""offset_ms"":828,""path_alias"":""<media-path:c58db4e1cc>"",""started_at_present"":true},""last_poll_error"":""null"",""last_render_error"":""null"",""mpv_running"":true,""next_item"":{""alias"":""media-8e4d41f6c2"",""duration_ms"":7200,""path_alias"":""<media-path:3662a4e886>""},""playback_state"":""playing"",""playlist_size"":9,""present"":true,""uptime_sec"":338}"
299	316.808	2026-07-10T20:01:19+0000	success		3	<media-path:c58db4e1cc>	<media-path:c58db4e1cc>	<filename:9b95323d7d>	14.389375	30.805333	46.710662	false	false	false	345	v4l2request-copy	true	"{""aspect"":0.5625,""dh"":640,""dw"":360,""h"":640,""par"":1.0,""pixelformat"":""nv12"",""rotate"":0,""stereo-in"":""mono"",""w"":360}"	"{""duration"":""success"",""eof-reached"":""success"",""estimated-frame-number"":""success"",""filename"":""success"",""hwdec-current"":""success"",""idle-active"":""success"",""path"":""success"",""pause"":""success"",""percent-pos"":""success"",""time-pos"":""success"",""video-params"":""success"",""vo-configured"":""success""}"	true	playing	media-907addee8b	<media-path:c58db4e1cc>	30800	3	true	"{""black_screen_risk_reason"":""null"",""blocked_media_count"":0,""consecutive_failures"":0,""current_index"":3,""current_item"":{""alias"":""media-907addee8b"",""duration_ms"":30800,""offset_ms"":828,""path_alias"":""<media-path:c58db4e1cc>"",""started_at_present"":true},""last_poll_error"":""null"",""last_render_error"":""null"",""mpv_running"":true,""next_item"":{""alias"":""media-8e4d41f6c2"",""duration_ms"":7200,""path_alias"":""<media-path:3662a4e886>""},""playback_state"":""playing"",""playlist_size"":9,""present"":true,""uptime_sec"":338}"
300	317.814	2026-07-10T20:01:20+0000	success		3	<media-path:c58db4e1cc>	<media-path:c58db4e1cc>	<filename:9b95323d7d>	15.390375	30.805333	49.960099	false	false	false	369	v4l2request-copy	true	"{""aspect"":0.5625,""dh"":640,""dw"":360,""h"":640,""par"":1.0,""pixelformat"":""nv12"",""rotate"":0,""stereo-in"":""mono"",""w"":360}"	"{""duration"":""success"",""eof-reached"":""success"",""estimated-frame-number"":""success"",""filename"":""success"",""hwdec-current"":""success"",""idle-active"":""success"",""path"":""success"",""pause"":""success"",""percent-pos"":""success"",""time-pos"":""success"",""video-params"":""success"",""vo-configured"":""success""}"	true	playing	media-907addee8b	<media-path:c58db4e1cc>	30800	3	true	"{""black_screen_risk_reason"":""null"",""blocked_media_count"":0,""consecutive_failures"":0,""current_index"":3,""current_item"":{""alias"":""media-907addee8b"",""duration_ms"":30800,""offset_ms"":828,""path_alias"":""<media-path:c58db4e1cc>"",""started_at_present"":true},""last_poll_error"":""null"",""last_render_error"":""null"",""mpv_running"":true,""next_item"":{""alias"":""media-8e4d41f6c2"",""duration_ms"":7200,""path_alias"":""<media-path:3662a4e886>""},""playback_state"":""playing"",""playlist_size"":9,""present"":true,""uptime_sec"":338}"
301	318.820	2026-07-10T20:01:21+0000	success		3	<media-path:c58db4e1cc>	<media-path:c58db4e1cc>	<filename:9b95323d7d>	16.391375	30.805333	53.209536	false	false	false	393	v4l2request-copy	true	"{""aspect"":0.5625,""dh"":640,""dw"":360,""h"":640,""par"":1.0,""pixelformat"":""nv12"",""rotate"":0,""stereo-in"":""mono"",""w"":360}"	"{""duration"":""success"",""eof-reached"":""success"",""estimated-frame-number"":""success"",""filename"":""success"",""hwdec-current"":""success"",""idle-active"":""success"",""path"":""success"",""pause"":""success"",""percent-pos"":""success"",""time-pos"":""success"",""video-params"":""success"",""vo-configured"":""success""}"	true	playing	media-907addee8b	<media-path:c58db4e1cc>	30800	3	true	"{""black_screen_risk_reason"":""null"",""blocked_media_count"":0,""consecutive_failures"":0,""current_index"":3,""current_item"":{""alias"":""media-907addee8b"",""duration_ms"":30800,""offset_ms"":828,""path_alias"":""<media-path:c58db4e1cc>"",""started_at_present"":true},""last_poll_error"":""null"",""last_render_error"":""null"",""mpv_running"":true,""next_item"":{""alias"":""media-8e4d41f6c2"",""duration_ms"":7200,""path_alias"":""<media-path:3662a4e886>""},""playback_state"":""playing"",""playlist_size"":9,""present"":true,""uptime_sec"":338}"
302	319.826	2026-07-10T20:01:22+0000	success		3	<media-path:c58db4e1cc>	<media-path:c58db4e1cc>	<filename:9b95323d7d>	17.392375	30.805333	56.458974	false	false	false	417	v4l2request-copy	true	"{""aspect"":0.5625,""dh"":640,""dw"":360,""h"":640,""par"":1.0,""pixelformat"":""nv12"",""rotate"":0,""stereo-in"":""mono"",""w"":360}"	"{""duration"":""success"",""eof-reached"":""success"",""estimated-frame-number"":""success"",""filename"":""success"",""hwdec-current"":""success"",""idle-active"":""success"",""path"":""success"",""pause"":""success"",""percent-pos"":""success"",""time-pos"":""success"",""video-params"":""success"",""vo-configured"":""success""}"	true	playing	media-907addee8b	<media-path:c58db4e1cc>	30800	3	true	"{""black_screen_risk_reason"":""null"",""blocked_media_count"":0,""consecutive_failures"":0,""current_index"":3,""current_item"":{""alias"":""media-907addee8b"",""duration_ms"":30800,""offset_ms"":828,""path_alias"":""<media-path:c58db4e1cc>"",""started_at_present"":true},""last_poll_error"":""null"",""last_render_error"":""null"",""mpv_running"":true,""next_item"":{""alias"":""media-8e4d41f6c2"",""duration_ms"":7200,""path_alias"":""<media-path:3662a4e886>""},""playback_state"":""playing"",""playlist_size"":9,""present"":true,""uptime_sec"":338}"
303	320.833	2026-07-10T20:01:23+0000	success		2	<media-path:c58db4e1cc>	<media-path:c58db4e1cc>	<filename:9b95323d7d>	18.393375	30.805333	59.708411	false	false	false	441	v4l2request-copy	true	"{""aspect"":0.5625,""dh"":640,""dw"":360,""h"":640,""par"":1.0,""pixelformat"":""nv12"",""rotate"":0,""stereo-in"":""mono"",""w"":360}"	"{""duration"":""success"",""eof-reached"":""success"",""estimated-frame-number"":""success"",""filename"":""success"",""hwdec-current"":""success"",""idle-active"":""success"",""path"":""success"",""pause"":""success"",""percent-pos"":""success"",""time-pos"":""success"",""video-params"":""success"",""vo-configured"":""success""}"	true	playing	media-907addee8b	<media-path:c58db4e1cc>	30800	3	true	"{""black_screen_risk_reason"":""null"",""blocked_media_count"":0,""consecutive_failures"":0,""current_index"":3,""current_item"":{""alias"":""media-907addee8b"",""duration_ms"":30800,""offset_ms"":828,""path_alias"":""<media-path:c58db4e1cc>"",""started_at_present"":true},""last_poll_error"":""null"",""last_render_error"":""null"",""mpv_running"":true,""next_item"":{""alias"":""media-8e4d41f6c2"",""duration_ms"":7200,""path_alias"":""<media-path:3662a4e886>""},""playback_state"":""playing"",""playlist_size"":9,""present"":true,""uptime_sec"":343}"
304	321.837	2026-07-10T20:01:24+0000	success		2	<media-path:c58db4e1cc>	<media-path:c58db4e1cc>	<filename:9b95323d7d>	19.394375	30.805333	62.957848	false	false	false	465	v4l2request-copy	true	"{""aspect"":0.5625,""dh"":640,""dw"":360,""h"":640,""par"":1.0,""pixelformat"":""nv12"",""rotate"":0,""stereo-in"":""mono"",""w"":360}"	"{""duration"":""success"",""eof-reached"":""success"",""estimated-frame-number"":""success"",""filename"":""success"",""hwdec-current"":""success"",""idle-active"":""success"",""path"":""success"",""pause"":""success"",""percent-pos"":""success"",""time-pos"":""success"",""video-params"":""success"",""vo-configured"":""success""}"	true	playing	media-907addee8b	<media-path:c58db4e1cc>	30800	3	true	"{""black_screen_risk_reason"":""null"",""blocked_media_count"":0,""consecutive_failures"":0,""current_index"":3,""current_item"":{""alias"":""media-907addee8b"",""duration_ms"":30800,""offset_ms"":828,""path_alias"":""<media-path:c58db4e1cc>"",""started_at_present"":true},""last_poll_error"":""null"",""last_render_error"":""null"",""mpv_running"":true,""next_item"":{""alias"":""media-8e4d41f6c2"",""duration_ms"":7200,""path_alias"":""<media-path:3662a4e886>""},""playback_state"":""playing"",""playlist_size"":9,""present"":true,""uptime_sec"":343}"
305	322.840	2026-07-10T20:01:25+0000	success		2	<media-path:c58db4e1cc>	<media-path:c58db4e1cc>	<filename:9b95323d7d>	20.437083	30.805333	66.342679	false	false	false	490	v4l2request-copy	true	"{""aspect"":0.5625,""dh"":640,""dw"":360,""h"":640,""par"":1.0,""pixelformat"":""nv12"",""rotate"":0,""stereo-in"":""mono"",""w"":360}"	"{""duration"":""success"",""eof-reached"":""success"",""estimated-frame-number"":""success"",""filename"":""success"",""hwdec-current"":""success"",""idle-active"":""success"",""path"":""success"",""pause"":""success"",""percent-pos"":""success"",""time-pos"":""success"",""video-params"":""success"",""vo-configured"":""success""}"	true	playing	media-907addee8b	<media-path:c58db4e1cc>	30800	3	true	"{""black_screen_risk_reason"":""null"",""blocked_media_count"":0,""consecutive_failures"":0,""current_index"":3,""current_item"":{""alias"":""media-907addee8b"",""duration_ms"":30800,""offset_ms"":828,""path_alias"":""<media-path:c58db4e1cc>"",""started_at_present"":true},""last_poll_error"":""null"",""last_render_error"":""null"",""mpv_running"":true,""next_item"":{""alias"":""media-8e4d41f6c2"",""duration_ms"":7200,""path_alias"":""<media-path:3662a4e886>""},""playback_state"":""playing"",""playlist_size"":9,""present"":true,""uptime_sec"":343}"
306	323.844	2026-07-10T20:01:26+0000	success		2	<media-path:c58db4e1cc>	<media-path:c58db4e1cc>	<filename:9b95323d7d>	21.438083	30.805333	69.592116	false	false	false	514	v4l2request-copy	true	"{""aspect"":0.5625,""dh"":640,""dw"":360,""h"":640,""par"":1.0,""pixelformat"":""nv12"",""rotate"":0,""stereo-in"":""mono"",""w"":360}"	"{""duration"":""success"",""eof-reached"":""success"",""estimated-frame-number"":""success"",""filename"":""success"",""hwdec-current"":""success"",""idle-active"":""success"",""path"":""success"",""pause"":""success"",""percent-pos"":""success"",""time-pos"":""success"",""video-params"":""success"",""vo-configured"":""success""}"	true	playing	media-907addee8b	<media-path:c58db4e1cc>	30800	3	true	"{""black_screen_risk_reason"":""null"",""blocked_media_count"":0,""consecutive_failures"":0,""current_index"":3,""current_item"":{""alias"":""media-907addee8b"",""duration_ms"":30800,""offset_ms"":828,""path_alias"":""<media-path:c58db4e1cc>"",""started_at_present"":true},""last_poll_error"":""null"",""last_render_error"":""null"",""mpv_running"":true,""next_item"":{""alias"":""media-8e4d41f6c2"",""duration_ms"":7200,""path_alias"":""<media-path:3662a4e886>""},""playback_state"":""playing"",""playlist_size"":9,""present"":true,""uptime_sec"":343}"
307	324.848	2026-07-10T20:01:27+0000	success		9	<media-path:c58db4e1cc>	<media-path:c58db4e1cc>	<filename:9b95323d7d>	22.397375	30.805333	72.70616	false	false	false	538	v4l2request-copy	true	"{""aspect"":0.5625,""dh"":640,""dw"":360,""h"":640,""par"":1.0,""pixelformat"":""nv12"",""rotate"":0,""stereo-in"":""mono"",""w"":360}"	"{""duration"":""success"",""eof-reached"":""success"",""estimated-frame-number"":""success"",""filename"":""success"",""hwdec-current"":""success"",""idle-active"":""success"",""path"":""success"",""pause"":""success"",""percent-pos"":""success"",""time-pos"":""success"",""video-params"":""success"",""vo-configured"":""success""}"	true	playing	media-907addee8b	<media-path:c58db4e1cc>	30800	3	true	"{""black_screen_risk_reason"":""null"",""blocked_media_count"":0,""consecutive_failures"":0,""current_index"":3,""current_item"":{""alias"":""media-907addee8b"",""duration_ms"":30800,""offset_ms"":828,""path_alias"":""<media-path:c58db4e1cc>"",""started_at_present"":true},""last_poll_error"":""null"",""last_render_error"":""null"",""mpv_running"":true,""next_item"":{""alias"":""media-8e4d41f6c2"",""duration_ms"":7200,""path_alias"":""<media-path:3662a4e886>""},""playback_state"":""playing"",""playlist_size"":9,""present"":true,""uptime_sec"":343}"
308	325.860	2026-07-10T20:01:28+0000	success		2	<media-path:c58db4e1cc>	<media-path:c58db4e1cc>	<filename:9b95323d7d>	23.440083	30.805333	76.090991	false	false	false	562	v4l2request-copy	true	"{""aspect"":0.5625,""dh"":640,""dw"":360,""h"":640,""par"":1.0,""pixelformat"":""nv12"",""rotate"":0,""stereo-in"":""mono"",""w"":360}"	"{""duration"":""success"",""eof-reached"":""success"",""estimated-frame-number"":""success"",""filename"":""success"",""hwdec-current"":""success"",""idle-active"":""success"",""path"":""success"",""pause"":""success"",""percent-pos"":""success"",""time-pos"":""success"",""video-params"":""success"",""vo-configured"":""success""}"	true	playing	media-907addee8b	<media-path:c58db4e1cc>	30800	3	true	"{""black_screen_risk_reason"":""null"",""blocked_media_count"":0,""consecutive_failures"":0,""current_index"":3,""current_item"":{""alias"":""media-907addee8b"",""duration_ms"":30800,""offset_ms"":828,""path_alias"":""<media-path:c58db4e1cc>"",""started_at_present"":true},""last_poll_error"":""null"",""last_render_error"":""null"",""mpv_running"":true,""next_item"":{""alias"":""media-8e4d41f6c2"",""duration_ms"":7200,""path_alias"":""<media-path:3662a4e886>""},""playback_state"":""playing"",""playlist_size"":9,""present"":true,""uptime_sec"":348}"
309	326.864	2026-07-10T20:01:29+0000	success		3	<media-path:c58db4e1cc>	<media-path:c58db4e1cc>	<filename:9b95323d7d>	24.441083	30.805333	79.340428	false	false	false	586	v4l2request-copy	true	"{""aspect"":0.5625,""dh"":640,""dw"":360,""h"":640,""par"":1.0,""pixelformat"":""nv12"",""rotate"":0,""stereo-in"":""mono"",""w"":360}"	"{""duration"":""success"",""eof-reached"":""success"",""estimated-frame-number"":""success"",""filename"":""success"",""hwdec-current"":""success"",""idle-active"":""success"",""path"":""success"",""pause"":""success"",""percent-pos"":""success"",""time-pos"":""success"",""video-params"":""success"",""vo-configured"":""success""}"	true	playing	media-907addee8b	<media-path:c58db4e1cc>	30800	3	true	"{""black_screen_risk_reason"":""null"",""blocked_media_count"":0,""consecutive_failures"":0,""current_index"":3,""current_item"":{""alias"":""media-907addee8b"",""duration_ms"":30800,""offset_ms"":828,""path_alias"":""<media-path:c58db4e1cc>"",""started_at_present"":true},""last_poll_error"":""null"",""last_render_error"":""null"",""mpv_running"":true,""next_item"":{""alias"":""media-8e4d41f6c2"",""duration_ms"":7200,""path_alias"":""<media-path:3662a4e886>""},""playback_state"":""playing"",""playlist_size"":9,""present"":true,""uptime_sec"":348}"
310	327.869	2026-07-10T20:01:30+0000	success		3	<media-path:c58db4e1cc>	<media-path:c58db4e1cc>	<filename:9b95323d7d>	25.442083	30.805333	82.589865	false	false	false	610	v4l2request-copy	true	"{""aspect"":0.5625,""dh"":640,""dw"":360,""h"":640,""par"":1.0,""pixelformat"":""nv12"",""rotate"":0,""stereo-in"":""mono"",""w"":360}"	"{""duration"":""success"",""eof-reached"":""success"",""estimated-frame-number"":""success"",""filename"":""success"",""hwdec-current"":""success"",""idle-active"":""success"",""path"":""success"",""pause"":""success"",""percent-pos"":""success"",""time-pos"":""success"",""video-params"":""success"",""vo-configured"":""success""}"	true	playing	media-907addee8b	<media-path:c58db4e1cc>	30800	3	true	"{""black_screen_risk_reason"":""null"",""blocked_media_count"":0,""consecutive_failures"":0,""current_index"":3,""current_item"":{""alias"":""media-907addee8b"",""duration_ms"":30800,""offset_ms"":828,""path_alias"":""<media-path:c58db4e1cc>"",""started_at_present"":true},""last_poll_error"":""null"",""last_render_error"":""null"",""mpv_running"":true,""next_item"":{""alias"":""media-8e4d41f6c2"",""duration_ms"":7200,""path_alias"":""<media-path:3662a4e886>""},""playback_state"":""playing"",""playlist_size"":9,""present"":true,""uptime_sec"":348}"
311	328.875	2026-07-10T20:01:31+0000	success		3	<media-path:c58db4e1cc>	<media-path:c58db4e1cc>	<filename:9b95323d7d>	26.443083	30.805333	85.839303	false	false	false	633	v4l2request-copy	true	"{""aspect"":0.5625,""dh"":640,""dw"":360,""h"":640,""par"":1.0,""pixelformat"":""nv12"",""rotate"":0,""stereo-in"":""mono"",""w"":360}"	"{""duration"":""success"",""eof-reached"":""success"",""estimated-frame-number"":""success"",""filename"":""success"",""hwdec-current"":""success"",""idle-active"":""success"",""path"":""success"",""pause"":""success"",""percent-pos"":""success"",""time-pos"":""success"",""video-params"":""success"",""vo-configured"":""success""}"	true	playing	media-907addee8b	<media-path:c58db4e1cc>	30800	3	true	"{""black_screen_risk_reason"":""null"",""blocked_media_count"":0,""consecutive_failures"":0,""current_index"":3,""current_item"":{""alias"":""media-907addee8b"",""duration_ms"":30800,""offset_ms"":828,""path_alias"":""<media-path:c58db4e1cc>"",""started_at_present"":true},""last_poll_error"":""null"",""last_render_error"":""null"",""mpv_running"":true,""next_item"":{""alias"":""media-8e4d41f6c2"",""duration_ms"":7200,""path_alias"":""<media-path:3662a4e886>""},""playback_state"":""playing"",""playlist_size"":9,""present"":true,""uptime_sec"":348}"
312	329.883	2026-07-10T20:01:32+0000	success		2	<media-path:c58db4e1cc>	<media-path:c58db4e1cc>	<filename:9b95323d7d>	27.444083	30.805333	89.08874	false	false	false	657	v4l2request-copy	true	"{""aspect"":0.5625,""dh"":640,""dw"":360,""h"":640,""par"":1.0,""pixelformat"":""nv12"",""rotate"":0,""stereo-in"":""mono"",""w"":360}"	"{""duration"":""success"",""eof-reached"":""success"",""estimated-frame-number"":""success"",""filename"":""success"",""hwdec-current"":""success"",""idle-active"":""success"",""path"":""success"",""pause"":""success"",""percent-pos"":""success"",""time-pos"":""success"",""video-params"":""success"",""vo-configured"":""success""}"	true	playing	media-907addee8b	<media-path:c58db4e1cc>	30800	3	true	"{""black_screen_risk_reason"":""null"",""blocked_media_count"":0,""consecutive_failures"":0,""current_index"":3,""current_item"":{""alias"":""media-907addee8b"",""duration_ms"":30800,""offset_ms"":828,""path_alias"":""<media-path:c58db4e1cc>"",""started_at_present"":true},""last_poll_error"":""null"",""last_render_error"":""null"",""mpv_running"":true,""next_item"":{""alias"":""media-8e4d41f6c2"",""duration_ms"":7200,""path_alias"":""<media-path:3662a4e886>""},""playback_state"":""playing"",""playlist_size"":9,""present"":true,""uptime_sec"":348}"
313	330.888	2026-07-10T20:01:33+0000	success		2	<media-path:c58db4e1cc>	<media-path:c58db4e1cc>	<filename:9b95323d7d>	28.486792	30.805333	92.473571	false	false	false	682	v4l2request-copy	true	"{""aspect"":0.5625,""dh"":640,""dw"":360,""h"":640,""par"":1.0,""pixelformat"":""nv12"",""rotate"":0,""stereo-in"":""mono"",""w"":360}"	"{""duration"":""success"",""eof-reached"":""success"",""estimated-frame-number"":""success"",""filename"":""success"",""hwdec-current"":""success"",""idle-active"":""success"",""path"":""success"",""pause"":""success"",""percent-pos"":""success"",""time-pos"":""success"",""video-params"":""success"",""vo-configured"":""success""}"	true	playing	media-907addee8b	<media-path:c58db4e1cc>	30800	3	true	"{""black_screen_risk_reason"":""null"",""blocked_media_count"":0,""consecutive_failures"":0,""current_index"":3,""current_item"":{""alias"":""media-907addee8b"",""duration_ms"":30800,""offset_ms"":828,""path_alias"":""<media-path:c58db4e1cc>"",""started_at_present"":true},""last_poll_error"":""null"",""last_render_error"":""null"",""mpv_running"":true,""next_item"":{""alias"":""media-8e4d41f6c2"",""duration_ms"":7200,""path_alias"":""<media-path:3662a4e886>""},""playback_state"":""playing"",""playlist_size"":9,""present"":true,""uptime_sec"":353}"
314	331.892	2026-07-10T20:01:34+0000	success		2	<media-path:c58db4e1cc>	<media-path:c58db4e1cc>	<filename:9b95323d7d>	29.487792	30.805333	95.723008	false	false	false	706	v4l2request-copy	true	"{""aspect"":0.5625,""dh"":640,""dw"":360,""h"":640,""par"":1.0,""pixelformat"":""nv12"",""rotate"":0,""stereo-in"":""mono"",""w"":360}"	"{""duration"":""success"",""eof-reached"":""success"",""estimated-frame-number"":""success"",""filename"":""success"",""hwdec-current"":""success"",""idle-active"":""success"",""path"":""success"",""pause"":""success"",""percent-pos"":""success"",""time-pos"":""success"",""video-params"":""success"",""vo-configured"":""success""}"	true	playing	media-907addee8b	<media-path:c58db4e1cc>	30800	3	true	"{""black_screen_risk_reason"":""null"",""blocked_media_count"":0,""consecutive_failures"":0,""current_index"":3,""current_item"":{""alias"":""media-907addee8b"",""duration_ms"":30800,""offset_ms"":828,""path_alias"":""<media-path:c58db4e1cc>"",""started_at_present"":true},""last_poll_error"":""null"",""last_render_error"":""null"",""mpv_running"":true,""next_item"":{""alias"":""media-8e4d41f6c2"",""duration_ms"":7200,""path_alias"":""<media-path:3662a4e886>""},""playback_state"":""playing"",""playlist_size"":9,""present"":true,""uptime_sec"":353}"
315	332.896	2026-07-10T20:01:35+0000	success		2	<media-path:c58db4e1cc>	<media-path:c58db4e1cc>	<filename:9b95323d7d>	30.488792	30.805333	98.972445	false	false	false	730	v4l2request-copy	true	"{""aspect"":0.5625,""dh"":640,""dw"":360,""h"":640,""par"":1.0,""pixelformat"":""nv12"",""rotate"":0,""stereo-in"":""mono"",""w"":360}"	"{""duration"":""success"",""eof-reached"":""success"",""estimated-frame-number"":""success"",""filename"":""success"",""hwdec-current"":""success"",""idle-active"":""success"",""path"":""success"",""pause"":""success"",""percent-pos"":""success"",""time-pos"":""success"",""video-params"":""success"",""vo-configured"":""success""}"	true	playing	media-907addee8b	<media-path:c58db4e1cc>	30800	3	true	"{""black_screen_risk_reason"":""null"",""blocked_media_count"":0,""consecutive_failures"":0,""current_index"":3,""current_item"":{""alias"":""media-907addee8b"",""duration_ms"":30800,""offset_ms"":828,""path_alias"":""<media-path:c58db4e1cc>"",""started_at_present"":true},""last_poll_error"":""null"",""last_render_error"":""null"",""mpv_running"":true,""next_item"":{""alias"":""media-8e4d41f6c2"",""duration_ms"":7200,""path_alias"":""<media-path:3662a4e886>""},""playback_state"":""playing"",""playlist_size"":9,""present"":true,""uptime_sec"":353}"
316	333.900	2026-07-10T20:01:36+0000	success		2	<media-path:3662a4e886>	<media-path:3662a4e886>	<filename:0a2aeee29a>	0.7	7.221406	9.693403	false	false	false	21	v4l2request-copy	true	"{""aspect"":0.5625,""dh"":1024,""dw"":576,""h"":1024,""par"":1.0,""pixelformat"":""nv12"",""rotate"":0,""stereo-in"":""mono"",""w"":576}"	"{""duration"":""success"",""eof-reached"":""success"",""estimated-frame-number"":""success"",""filename"":""success"",""hwdec-current"":""success"",""idle-active"":""success"",""path"":""success"",""pause"":""success"",""percent-pos"":""success"",""time-pos"":""success"",""video-params"":""success"",""vo-configured"":""success""}"	true	playing	media-907addee8b	<media-path:c58db4e1cc>	30800	3	true	"{""black_screen_risk_reason"":""null"",""blocked_media_count"":0,""consecutive_failures"":0,""current_index"":3,""current_item"":{""alias"":""media-907addee8b"",""duration_ms"":30800,""offset_ms"":828,""path_alias"":""<media-path:c58db4e1cc>"",""started_at_present"":true},""last_poll_error"":""null"",""last_render_error"":""null"",""mpv_running"":true,""next_item"":{""alias"":""media-8e4d41f6c2"",""duration_ms"":7200,""path_alias"":""<media-path:3662a4e886>""},""playback_state"":""playing"",""playlist_size"":9,""present"":true,""uptime_sec"":353}"
317	334.906	2026-07-10T20:01:37+0000	success		2	<media-path:3662a4e886>	<media-path:3662a4e886>	<filename:0a2aeee29a>	1.7	7.221406	23.541122	false	false	false	51	v4l2request-copy	true	"{""aspect"":0.5625,""dh"":1024,""dw"":576,""h"":1024,""par"":1.0,""pixelformat"":""nv12"",""rotate"":0,""stereo-in"":""mono"",""w"":576}"	"{""duration"":""success"",""eof-reached"":""success"",""estimated-frame-number"":""success"",""filename"":""success"",""hwdec-current"":""success"",""idle-active"":""success"",""path"":""success"",""pause"":""success"",""percent-pos"":""success"",""time-pos"":""success"",""video-params"":""success"",""vo-configured"":""success""}"	true	playing	media-907addee8b	<media-path:c58db4e1cc>	30800	3	true	"{""black_screen_risk_reason"":""null"",""blocked_media_count"":0,""consecutive_failures"":0,""current_index"":3,""current_item"":{""alias"":""media-907addee8b"",""duration_ms"":30800,""offset_ms"":828,""path_alias"":""<media-path:c58db4e1cc>"",""started_at_present"":true},""last_poll_error"":""null"",""last_render_error"":""null"",""mpv_running"":true,""next_item"":{""alias"":""media-8e4d41f6c2"",""duration_ms"":7200,""path_alias"":""<media-path:3662a4e886>""},""playback_state"":""playing"",""playlist_size"":9,""present"":true,""uptime_sec"":353}"
318	335.911	2026-07-10T20:01:38+0000	success		2	<media-path:3662a4e886>	<media-path:3662a4e886>	<filename:0a2aeee29a>	2.7	7.221406	37.388841	false	false	false	80	v4l2request-copy	true	"{""aspect"":0.5625,""dh"":1024,""dw"":576,""h"":1024,""par"":1.0,""pixelformat"":""nv12"",""rotate"":0,""stereo-in"":""mono"",""w"":576}"	"{""duration"":""success"",""eof-reached"":""success"",""estimated-frame-number"":""success"",""filename"":""success"",""hwdec-current"":""success"",""idle-active"":""success"",""path"":""success"",""pause"":""success"",""percent-pos"":""success"",""time-pos"":""success"",""video-params"":""success"",""vo-configured"":""success""}"	true	playing	media-8e4d41f6c2	<media-path:3662a4e886>	7200	4	true	"{""black_screen_risk_reason"":""null"",""blocked_media_count"":0,""consecutive_failures"":0,""current_index"":4,""current_item"":{""alias"":""media-8e4d41f6c2"",""duration_ms"":7200,""offset_ms"":0,""path_alias"":""<media-path:3662a4e886>"",""started_at_present"":true},""last_poll_error"":""null"",""last_render_error"":""null"",""mpv_running"":true,""next_item"":{""alias"":""media-fba32b0055"",""duration_ms"":5100,""path_alias"":""<media-path:97100fcdae>""},""playback_state"":""playing"",""playlist_size"":9,""present"":true,""uptime_sec"":358}"
319	336.915	2026-07-10T20:01:40+0000	success		13	<media-path:3662a4e886>	<media-path:3662a4e886>	<filename:0a2aeee29a>	3.7	7.221406	51.23656	false	false	false	110	v4l2request-copy	true	"{""aspect"":0.5625,""dh"":1024,""dw"":576,""h"":1024,""par"":1.0,""pixelformat"":""nv12"",""rotate"":0,""stereo-in"":""mono"",""w"":576}"	"{""duration"":""success"",""eof-reached"":""success"",""estimated-frame-number"":""success"",""filename"":""success"",""hwdec-current"":""success"",""idle-active"":""success"",""path"":""success"",""pause"":""success"",""percent-pos"":""success"",""time-pos"":""success"",""video-params"":""success"",""vo-configured"":""success""}"	true	playing	media-8e4d41f6c2	<media-path:3662a4e886>	7200	4	true	"{""black_screen_risk_reason"":""null"",""blocked_media_count"":0,""consecutive_failures"":0,""current_index"":4,""current_item"":{""alias"":""media-8e4d41f6c2"",""duration_ms"":7200,""offset_ms"":0,""path_alias"":""<media-path:3662a4e886>"",""started_at_present"":true},""last_poll_error"":""null"",""last_render_error"":""null"",""mpv_running"":true,""next_item"":{""alias"":""media-fba32b0055"",""duration_ms"":5100,""path_alias"":""<media-path:97100fcdae>""},""playback_state"":""playing"",""playlist_size"":9,""present"":true,""uptime_sec"":358}"
320	337.931	2026-07-10T20:01:41+0000	success		2	<media-path:3662a4e886>	<media-path:3662a4e886>	<filename:0a2aeee29a>	4.7	7.221406	65.08428	false	false	false	140	v4l2request-copy	true	"{""aspect"":0.5625,""dh"":1024,""dw"":576,""h"":1024,""par"":1.0,""pixelformat"":""nv12"",""rotate"":0,""stereo-in"":""mono"",""w"":576}"	"{""duration"":""success"",""eof-reached"":""success"",""estimated-frame-number"":""success"",""filename"":""success"",""hwdec-current"":""success"",""idle-active"":""success"",""path"":""success"",""pause"":""success"",""percent-pos"":""success"",""time-pos"":""success"",""video-params"":""success"",""vo-configured"":""success""}"	true	playing	media-8e4d41f6c2	<media-path:3662a4e886>	7200	4	true	"{""black_screen_risk_reason"":""null"",""blocked_media_count"":0,""consecutive_failures"":0,""current_index"":4,""current_item"":{""alias"":""media-8e4d41f6c2"",""duration_ms"":7200,""offset_ms"":0,""path_alias"":""<media-path:3662a4e886>"",""started_at_present"":true},""last_poll_error"":""null"",""last_render_error"":""null"",""mpv_running"":true,""next_item"":{""alias"":""media-fba32b0055"",""duration_ms"":5100,""path_alias"":""<media-path:97100fcdae>""},""playback_state"":""playing"",""playlist_size"":9,""present"":true,""uptime_sec"":358}"
321	338.935	2026-07-10T20:01:42+0000	success		2	<media-path:3662a4e886>	<media-path:3662a4e886>	<filename:0a2aeee29a>	5.733333	7.221406	79.393589	false	false	false	171	v4l2request-copy	true	"{""aspect"":0.5625,""dh"":1024,""dw"":576,""h"":1024,""par"":1.0,""pixelformat"":""nv12"",""rotate"":0,""stereo-in"":""mono"",""w"":576}"	"{""duration"":""success"",""eof-reached"":""success"",""estimated-frame-number"":""success"",""filename"":""success"",""hwdec-current"":""success"",""idle-active"":""success"",""path"":""success"",""pause"":""success"",""percent-pos"":""success"",""time-pos"":""success"",""video-params"":""success"",""vo-configured"":""success""}"	true	playing	media-8e4d41f6c2	<media-path:3662a4e886>	7200	4	true	"{""black_screen_risk_reason"":""null"",""blocked_media_count"":0,""consecutive_failures"":0,""current_index"":4,""current_item"":{""alias"":""media-8e4d41f6c2"",""duration_ms"":7200,""offset_ms"":0,""path_alias"":""<media-path:3662a4e886>"",""started_at_present"":true},""last_poll_error"":""null"",""last_render_error"":""null"",""mpv_running"":true,""next_item"":{""alias"":""media-fba32b0055"",""duration_ms"":5100,""path_alias"":""<media-path:97100fcdae>""},""playback_state"":""playing"",""playlist_size"":9,""present"":true,""uptime_sec"":358}"
322	339.941	2026-07-10T20:01:43+0000	success		2	<media-path:3662a4e886>	<media-path:3662a4e886>	<filename:0a2aeee29a>	6.733333	7.221406	93.241308	false	false	false	200	v4l2request-copy	true	"{""aspect"":0.5625,""dh"":1024,""dw"":576,""h"":1024,""par"":1.0,""pixelformat"":""nv12"",""rotate"":0,""stereo-in"":""mono"",""w"":576}"	"{""duration"":""success"",""eof-reached"":""success"",""estimated-frame-number"":""success"",""filename"":""success"",""hwdec-current"":""success"",""idle-active"":""success"",""path"":""success"",""pause"":""success"",""percent-pos"":""success"",""time-pos"":""success"",""video-params"":""success"",""vo-configured"":""success""}"	true	playing	media-8e4d41f6c2	<media-path:3662a4e886>	7200	4	true	"{""black_screen_risk_reason"":""null"",""blocked_media_count"":0,""consecutive_failures"":0,""current_index"":4,""current_item"":{""alias"":""media-8e4d41f6c2"",""duration_ms"":7200,""offset_ms"":0,""path_alias"":""<media-path:3662a4e886>"",""started_at_present"":true},""last_poll_error"":""null"",""last_render_error"":""null"",""mpv_running"":true,""next_item"":{""alias"":""media-fba32b0055"",""duration_ms"":5100,""path_alias"":""<media-path:97100fcdae>""},""playback_state"":""playing"",""playlist_size"":9,""present"":true,""uptime_sec"":358}"
323	340.946	2026-07-10T20:01:44+0000	success		3	<media-path:97100fcdae>	<media-path:97100fcdae>	<filename:a4bfef2b1b>	0.4	5.06195	7.902093	false	false	false	12	v4l2request-copy	true	"{""aspect"":0.697674,""dh"":688,""dw"":480,""h"":688,""par"":1.0,""pixelformat"":""nv12"",""rotate"":0,""stereo-in"":""mono"",""w"":480}"	"{""duration"":""success"",""eof-reached"":""success"",""estimated-frame-number"":""success"",""filename"":""success"",""hwdec-current"":""success"",""idle-active"":""success"",""path"":""success"",""pause"":""success"",""percent-pos"":""success"",""time-pos"":""success"",""video-params"":""success"",""vo-configured"":""success""}"	true	playing	media-fba32b0055	<media-path:97100fcdae>	5100	5	true	"{""black_screen_risk_reason"":""null"",""blocked_media_count"":0,""consecutive_failures"":0,""current_index"":5,""current_item"":{""alias"":""media-fba32b0055"",""duration_ms"":5100,""offset_ms"":0,""path_alias"":""<media-path:97100fcdae>"",""started_at_present"":true},""last_poll_error"":""null"",""last_render_error"":""null"",""mpv_running"":true,""next_item"":{""alias"":""media-749f1db21b"",""duration_ms"":3900,""path_alias"":""<media-path:31af3d58a2>""},""playback_state"":""playing"",""playlist_size"":9,""present"":true,""uptime_sec"":363}"
324	341.952	2026-07-10T20:01:45+0000	success		2	<media-path:97100fcdae>	<media-path:97100fcdae>	<filename:a4bfef2b1b>	1.433333	5.06195	28.315833	false	false	false	43	v4l2request-copy	true	"{""aspect"":0.697674,""dh"":688,""dw"":480,""h"":688,""par"":1.0,""pixelformat"":""nv12"",""rotate"":0,""stereo-in"":""mono"",""w"":480}"	"{""duration"":""success"",""eof-reached"":""success"",""estimated-frame-number"":""success"",""filename"":""success"",""hwdec-current"":""success"",""idle-active"":""success"",""path"":""success"",""pause"":""success"",""percent-pos"":""success"",""time-pos"":""success"",""video-params"":""success"",""vo-configured"":""success""}"	true	playing	media-fba32b0055	<media-path:97100fcdae>	5100	5	true	"{""black_screen_risk_reason"":""null"",""blocked_media_count"":0,""consecutive_failures"":0,""current_index"":5,""current_item"":{""alias"":""media-fba32b0055"",""duration_ms"":5100,""offset_ms"":0,""path_alias"":""<media-path:97100fcdae>"",""started_at_present"":true},""last_poll_error"":""null"",""last_render_error"":""null"",""mpv_running"":true,""next_item"":{""alias"":""media-749f1db21b"",""duration_ms"":3900,""path_alias"":""<media-path:31af3d58a2>""},""playback_state"":""playing"",""playlist_size"":9,""present"":true,""uptime_sec"":363}"
325	342.958	2026-07-10T20:01:46+0000	success		2	<media-path:97100fcdae>	<media-path:97100fcdae>	<filename:a4bfef2b1b>	2.433333	5.06195	48.071065	false	false	false	73	v4l2request-copy	true	"{""aspect"":0.697674,""dh"":688,""dw"":480,""h"":688,""par"":1.0,""pixelformat"":""nv12"",""rotate"":0,""stereo-in"":""mono"",""w"":480}"	"{""duration"":""success"",""eof-reached"":""success"",""estimated-frame-number"":""success"",""filename"":""success"",""hwdec-current"":""success"",""idle-active"":""success"",""path"":""success"",""pause"":""success"",""percent-pos"":""success"",""time-pos"":""success"",""video-params"":""success"",""vo-configured"":""success""}"	true	playing	media-fba32b0055	<media-path:97100fcdae>	5100	5	true	"{""black_screen_risk_reason"":""null"",""blocked_media_count"":0,""consecutive_failures"":0,""current_index"":5,""current_item"":{""alias"":""media-fba32b0055"",""duration_ms"":5100,""offset_ms"":0,""path_alias"":""<media-path:97100fcdae>"",""started_at_present"":true},""last_poll_error"":""null"",""last_render_error"":""null"",""mpv_running"":true,""next_item"":{""alias"":""media-749f1db21b"",""duration_ms"":3900,""path_alias"":""<media-path:31af3d58a2>""},""playback_state"":""playing"",""playlist_size"":9,""present"":true,""uptime_sec"":363}"
326	343.963	2026-07-10T20:01:47+0000	success		2	<media-path:97100fcdae>	<media-path:97100fcdae>	<filename:a4bfef2b1b>	3.433333	5.06195	67.826297	false	false	false	102	v4l2request-copy	true	"{""aspect"":0.697674,""dh"":688,""dw"":480,""h"":688,""par"":1.0,""pixelformat"":""nv12"",""rotate"":0,""stereo-in"":""mono"",""w"":480}"	"{""duration"":""success"",""eof-reached"":""success"",""estimated-frame-number"":""success"",""filename"":""success"",""hwdec-current"":""success"",""idle-active"":""success"",""path"":""success"",""pause"":""success"",""percent-pos"":""success"",""time-pos"":""success"",""video-params"":""success"",""vo-configured"":""success""}"	true	playing	media-fba32b0055	<media-path:97100fcdae>	5100	5	true	"{""black_screen_risk_reason"":""null"",""blocked_media_count"":0,""consecutive_failures"":0,""current_index"":5,""current_item"":{""alias"":""media-fba32b0055"",""duration_ms"":5100,""offset_ms"":0,""path_alias"":""<media-path:97100fcdae>"",""started_at_present"":true},""last_poll_error"":""null"",""last_render_error"":""null"",""mpv_running"":true,""next_item"":{""alias"":""media-749f1db21b"",""duration_ms"":3900,""path_alias"":""<media-path:31af3d58a2>""},""playback_state"":""playing"",""playlist_size"":9,""present"":true,""uptime_sec"":363}"
327	344.967	2026-07-10T20:01:48+0000	success		6	<media-path:97100fcdae>	<media-path:97100fcdae>	<filename:a4bfef2b1b>	4.433333	5.06195	87.58153	false	false	false	132	v4l2request-copy	true	"{""aspect"":0.697674,""dh"":688,""dw"":480,""h"":688,""par"":1.0,""pixelformat"":""nv12"",""rotate"":0,""stereo-in"":""mono"",""w"":480}"	"{""duration"":""success"",""eof-reached"":""success"",""estimated-frame-number"":""success"",""filename"":""success"",""hwdec-current"":""success"",""idle-active"":""success"",""path"":""success"",""pause"":""success"",""percent-pos"":""success"",""time-pos"":""success"",""video-params"":""success"",""vo-configured"":""success""}"	true	playing	media-fba32b0055	<media-path:97100fcdae>	5100	5	true	"{""black_screen_risk_reason"":""null"",""blocked_media_count"":0,""consecutive_failures"":0,""current_index"":5,""current_item"":{""alias"":""media-fba32b0055"",""duration_ms"":5100,""offset_ms"":0,""path_alias"":""<media-path:97100fcdae>"",""started_at_present"":true},""last_poll_error"":""null"",""last_render_error"":""null"",""mpv_running"":true,""next_item"":{""alias"":""media-749f1db21b"",""duration_ms"":3900,""path_alias"":""<media-path:31af3d58a2>""},""playback_state"":""playing"",""playlist_size"":9,""present"":true,""uptime_sec"":363}"
328	345.976	2026-07-10T20:01:49+0000	success		2	<media-path:31af3d58a2>	<media-path:31af3d58a2>	<filename:92829f14a9>	0.133333	3.9	3.418803	false	false	false	4	v4l2request-copy	true	"{""aspect"":0.566038,""dh"":848,""dw"":480,""h"":848,""par"":1.0,""pixelformat"":""nv12"",""rotate"":0,""stereo-in"":""mono"",""w"":480}"	"{""duration"":""success"",""eof-reached"":""success"",""estimated-frame-number"":""success"",""filename"":""success"",""hwdec-current"":""success"",""idle-active"":""success"",""path"":""success"",""pause"":""success"",""percent-pos"":""success"",""time-pos"":""success"",""video-params"":""success"",""vo-configured"":""success""}"	true	playing	media-fba32b0055	<media-path:97100fcdae>	5100	5	true	"{""black_screen_risk_reason"":""null"",""blocked_media_count"":0,""consecutive_failures"":0,""current_index"":5,""current_item"":{""alias"":""media-fba32b0055"",""duration_ms"":5100,""offset_ms"":0,""path_alias"":""<media-path:97100fcdae>"",""started_at_present"":true},""last_poll_error"":""null"",""last_render_error"":""null"",""mpv_running"":true,""next_item"":{""alias"":""media-749f1db21b"",""duration_ms"":3900,""path_alias"":""<media-path:31af3d58a2>""},""playback_state"":""playing"",""playlist_size"":9,""present"":true,""uptime_sec"":368}"
329	346.980	2026-07-10T20:01:50+0000	success		2	<media-path:31af3d58a2>	<media-path:31af3d58a2>	<filename:92829f14a9>	1.133333	3.9	29.059829	false	false	false	34	v4l2request-copy	true	"{""aspect"":0.566038,""dh"":848,""dw"":480,""h"":848,""par"":1.0,""pixelformat"":""nv12"",""rotate"":0,""stereo-in"":""mono"",""w"":480}"	"{""duration"":""success"",""eof-reached"":""success"",""estimated-frame-number"":""success"",""filename"":""success"",""hwdec-current"":""success"",""idle-active"":""success"",""path"":""success"",""pause"":""success"",""percent-pos"":""success"",""time-pos"":""success"",""video-params"":""success"",""vo-configured"":""success""}"	true	playing	media-fba32b0055	<media-path:97100fcdae>	5100	5	true	"{""black_screen_risk_reason"":""null"",""blocked_media_count"":0,""consecutive_failures"":0,""current_index"":5,""current_item"":{""alias"":""media-fba32b0055"",""duration_ms"":5100,""offset_ms"":0,""path_alias"":""<media-path:97100fcdae>"",""started_at_present"":true},""last_poll_error"":""null"",""last_render_error"":""null"",""mpv_running"":true,""next_item"":{""alias"":""media-749f1db21b"",""duration_ms"":3900,""path_alias"":""<media-path:31af3d58a2>""},""playback_state"":""playing"",""playlist_size"":9,""present"":true,""uptime_sec"":368}"
330	347.985	2026-07-10T20:01:51+0000	success		10	<media-path:31af3d58a2>	<media-path:31af3d58a2>	<filename:92829f14a9>	2.133333	3.9	54.700855	false	false	false	63	v4l2request-copy	true	"{""aspect"":0.566038,""dh"":848,""dw"":480,""h"":848,""par"":1.0,""pixelformat"":""nv12"",""rotate"":0,""stereo-in"":""mono"",""w"":480}"	"{""duration"":""success"",""eof-reached"":""success"",""estimated-frame-number"":""success"",""filename"":""success"",""hwdec-current"":""success"",""idle-active"":""success"",""path"":""success"",""pause"":""success"",""percent-pos"":""success"",""time-pos"":""success"",""video-params"":""success"",""vo-configured"":""success""}"	true	playing	media-fba32b0055	<media-path:97100fcdae>	5100	5	true	"{""black_screen_risk_reason"":""null"",""blocked_media_count"":0,""consecutive_failures"":0,""current_index"":5,""current_item"":{""alias"":""media-fba32b0055"",""duration_ms"":5100,""offset_ms"":0,""path_alias"":""<media-path:97100fcdae>"",""started_at_present"":true},""last_poll_error"":""null"",""last_render_error"":""null"",""mpv_running"":true,""next_item"":{""alias"":""media-749f1db21b"",""duration_ms"":3900,""path_alias"":""<media-path:31af3d58a2>""},""playback_state"":""playing"",""playlist_size"":9,""present"":true,""uptime_sec"":368}"
331	348.999	2026-07-10T20:01:52+0000	success		2	<media-path:31af3d58a2>	<media-path:31af3d58a2>	<filename:92829f14a9>	3.166667	3.9	81.196581	false	false	false	94	v4l2request-copy	true	"{""aspect"":0.566038,""dh"":848,""dw"":480,""h"":848,""par"":1.0,""pixelformat"":""nv12"",""rotate"":0,""stereo-in"":""mono"",""w"":480}"	"{""duration"":""success"",""eof-reached"":""success"",""estimated-frame-number"":""success"",""filename"":""success"",""hwdec-current"":""success"",""idle-active"":""success"",""path"":""success"",""pause"":""success"",""percent-pos"":""success"",""time-pos"":""success"",""video-params"":""success"",""vo-configured"":""success""}"	true	playing	media-fba32b0055	<media-path:97100fcdae>	5100	5	true	"{""black_screen_risk_reason"":""null"",""blocked_media_count"":0,""consecutive_failures"":0,""current_index"":5,""current_item"":{""alias"":""media-fba32b0055"",""duration_ms"":5100,""offset_ms"":0,""path_alias"":""<media-path:97100fcdae>"",""started_at_present"":true},""last_poll_error"":""null"",""last_render_error"":""null"",""mpv_running"":true,""next_item"":{""alias"":""media-749f1db21b"",""duration_ms"":3900,""path_alias"":""<media-path:31af3d58a2>""},""playback_state"":""playing"",""playlist_size"":9,""present"":true,""uptime_sec"":368}"
332	350.004	2026-07-10T20:01:53+0000	success		592	<media-path:3ba49b8978>	<media-path:3ba49b8978>	<filename:e511e8bce0>	0.066733	28.061367	0.475624	false	false	false	6	v4l2request-copy	true	"{""aspect"":0.5625,""dh"":1920,""dw"":1080,""h"":1920,""par"":1.0,""pixelformat"":""nv12"",""rotate"":0,""stereo-in"":""mono"",""w"":1080}"	"{""duration"":""success"",""eof-reached"":""success"",""estimated-frame-number"":""success"",""filename"":""success"",""hwdec-current"":""success"",""idle-active"":""success"",""path"":""success"",""pause"":""success"",""percent-pos"":""success"",""time-pos"":""success"",""video-params"":""success"",""vo-configured"":""success""}"	true	playing	media-fba32b0055	<media-path:97100fcdae>	5100	5	true	"{""black_screen_risk_reason"":""null"",""blocked_media_count"":0,""consecutive_failures"":0,""current_index"":5,""current_item"":{""alias"":""media-fba32b0055"",""duration_ms"":5100,""offset_ms"":0,""path_alias"":""<media-path:97100fcdae>"",""started_at_present"":true},""last_poll_error"":""null"",""last_render_error"":""null"",""mpv_running"":true,""next_item"":{""alias"":""media-749f1db21b"",""duration_ms"":3900,""path_alias"":""<media-path:31af3d58a2>""},""playback_state"":""playing"",""playlist_size"":9,""present"":true,""uptime_sec"":368}"
333	351.602	2026-07-10T20:01:55+0000	success		381	<media-path:3ba49b8978>	<media-path:3ba49b8978>	<filename:e511e8bce0>	1.234567	28.061367	4.637337	false	false	false	41	v4l2request-copy	true	"{""aspect"":0.5625,""dh"":1920,""dw"":1080,""h"":1920,""par"":1.0,""pixelformat"":""nv12"",""rotate"":0,""stereo-in"":""mono"",""w"":1080}"	"{""duration"":""success"",""eof-reached"":""success"",""estimated-frame-number"":""success"",""filename"":""success"",""hwdec-current"":""success"",""idle-active"":""success"",""path"":""success"",""pause"":""success"",""percent-pos"":""success"",""time-pos"":""success"",""video-params"":""success"",""vo-configured"":""success""}"	true	playing	media-b8c9a5f04c	<media-path:3ba49b8978>	28100	7	true	"{""black_screen_risk_reason"":""null"",""blocked_media_count"":0,""consecutive_failures"":0,""current_index"":7,""current_item"":{""alias"":""media-b8c9a5f04c"",""duration_ms"":28100,""offset_ms"":0,""path_alias"":""<media-path:3ba49b8978>"",""started_at_present"":true},""last_poll_error"":""null"",""last_render_error"":""null"",""mpv_running"":true,""next_item"":{""alias"":""media-7eefea6ba2"",""duration_ms"":5000,""path_alias"":""<media-path:9e48f6362b>""},""playback_state"":""playing"",""playlist_size"":9,""present"":true,""uptime_sec"":373}"
334	352.987	2026-07-10T20:01:56+0000	success		464	<media-path:3ba49b8978>	<media-path:3ba49b8978>	<filename:e511e8bce0>	2.3023	28.061367	8.442331	false	false	false	73	v4l2request-copy	true	"{""aspect"":0.5625,""dh"":1920,""dw"":1080,""h"":1920,""par"":1.0,""pixelformat"":""nv12"",""rotate"":0,""stereo-in"":""mono"",""w"":1080}"	"{""duration"":""success"",""eof-reached"":""success"",""estimated-frame-number"":""success"",""filename"":""success"",""hwdec-current"":""success"",""idle-active"":""success"",""path"":""success"",""pause"":""success"",""percent-pos"":""success"",""time-pos"":""success"",""video-params"":""success"",""vo-configured"":""success""}"	true	playing	media-b8c9a5f04c	<media-path:3ba49b8978>	28100	7	true	"{""black_screen_risk_reason"":""null"",""blocked_media_count"":0,""consecutive_failures"":0,""current_index"":7,""current_item"":{""alias"":""media-b8c9a5f04c"",""duration_ms"":28100,""offset_ms"":0,""path_alias"":""<media-path:3ba49b8978>"",""started_at_present"":true},""last_poll_error"":""null"",""last_render_error"":""null"",""mpv_running"":true,""next_item"":{""alias"":""media-7eefea6ba2"",""duration_ms"":5000,""path_alias"":""<media-path:9e48f6362b>""},""playback_state"":""playing"",""playlist_size"":9,""present"":true,""uptime_sec"":373}"
335	354.456	2026-07-10T20:01:57+0000	success		378	<media-path:3ba49b8978>	<media-path:3ba49b8978>	<filename:e511e8bce0>	3.470133	28.061367	12.604043	false	false	false	108	v4l2request-copy	true	"{""aspect"":0.5625,""dh"":1920,""dw"":1080,""h"":1920,""par"":1.0,""pixelformat"":""nv12"",""rotate"":0,""stereo-in"":""mono"",""w"":1080}"	"{""duration"":""success"",""eof-reached"":""success"",""estimated-frame-number"":""success"",""filename"":""success"",""hwdec-current"":""success"",""idle-active"":""success"",""path"":""success"",""pause"":""success"",""percent-pos"":""success"",""time-pos"":""success"",""video-params"":""success"",""vo-configured"":""success""}"	true	playing	media-b8c9a5f04c	<media-path:3ba49b8978>	28100	7	true	"{""black_screen_risk_reason"":""null"",""blocked_media_count"":0,""consecutive_failures"":0,""current_index"":7,""current_item"":{""alias"":""media-b8c9a5f04c"",""duration_ms"":28100,""offset_ms"":0,""path_alias"":""<media-path:3ba49b8978>"",""started_at_present"":true},""last_poll_error"":""null"",""last_render_error"":""null"",""mpv_running"":true,""next_item"":{""alias"":""media-7eefea6ba2"",""duration_ms"":5000,""path_alias"":""<media-path:9e48f6362b>""},""playback_state"":""playing"",""playlist_size"":9,""present"":true,""uptime_sec"":373}"
336	355.838	2026-07-10T20:01:59+0000	success		476	<media-path:3ba49b8978>	<media-path:3ba49b8978>	<filename:e511e8bce0>	4.537867	28.061367	16.409037	false	false	false	140	v4l2request-copy	true	"{""aspect"":0.5625,""dh"":1920,""dw"":1080,""h"":1920,""par"":1.0,""pixelformat"":""nv12"",""rotate"":0,""stereo-in"":""mono"",""w"":1080}"	"{""duration"":""success"",""eof-reached"":""success"",""estimated-frame-number"":""success"",""filename"":""success"",""hwdec-current"":""success"",""idle-active"":""success"",""path"":""success"",""pause"":""success"",""percent-pos"":""success"",""time-pos"":""success"",""video-params"":""success"",""vo-configured"":""success""}"	true	playing	media-b8c9a5f04c	<media-path:3ba49b8978>	28100	7	true	"{""black_screen_risk_reason"":""null"",""blocked_media_count"":0,""consecutive_failures"":0,""current_index"":7,""current_item"":{""alias"":""media-b8c9a5f04c"",""duration_ms"":28100,""offset_ms"":0,""path_alias"":""<media-path:3ba49b8978>"",""started_at_present"":true},""last_poll_error"":""null"",""last_render_error"":""null"",""mpv_running"":true,""next_item"":{""alias"":""media-7eefea6ba2"",""duration_ms"":5000,""path_alias"":""<media-path:9e48f6362b>""},""playback_state"":""playing"",""playlist_size"":9,""present"":true,""uptime_sec"":378}"
337	357.319	2026-07-10T20:02:00+0000	success		393	<media-path:3ba49b8978>	<media-path:3ba49b8978>	<filename:e511e8bce0>	5.7057	28.061367	20.570749	false	false	false	175	v4l2request-copy	true	"{""aspect"":0.5625,""dh"":1920,""dw"":1080,""h"":1920,""par"":1.0,""pixelformat"":""nv12"",""rotate"":0,""stereo-in"":""mono"",""w"":1080}"	"{""duration"":""success"",""eof-reached"":""success"",""estimated-frame-number"":""success"",""filename"":""success"",""hwdec-current"":""success"",""idle-active"":""success"",""path"":""success"",""pause"":""success"",""percent-pos"":""success"",""time-pos"":""success"",""video-params"":""success"",""vo-configured"":""success""}"	true	playing	media-b8c9a5f04c	<media-path:3ba49b8978>	28100	7	true	"{""black_screen_risk_reason"":""null"",""blocked_media_count"":0,""consecutive_failures"":0,""current_index"":7,""current_item"":{""alias"":""media-b8c9a5f04c"",""duration_ms"":28100,""offset_ms"":0,""path_alias"":""<media-path:3ba49b8978>"",""started_at_present"":true},""last_poll_error"":""null"",""last_render_error"":""null"",""mpv_running"":true,""next_item"":{""alias"":""media-7eefea6ba2"",""duration_ms"":5000,""path_alias"":""<media-path:9e48f6362b>""},""playback_state"":""playing"",""playlist_size"":9,""present"":true,""uptime_sec"":378}"
338	358.716	2026-07-10T20:02:02+0000	success		470	<media-path:3ba49b8978>	<media-path:3ba49b8978>	<filename:e511e8bce0>	6.8068	28.061367	24.494649	false	false	false	208	v4l2request-copy	true	"{""aspect"":0.5625,""dh"":1920,""dw"":1080,""h"":1920,""par"":1.0,""pixelformat"":""nv12"",""rotate"":0,""stereo-in"":""mono"",""w"":1080}"	"{""duration"":""success"",""eof-reached"":""success"",""estimated-frame-number"":""success"",""filename"":""success"",""hwdec-current"":""success"",""idle-active"":""success"",""path"":""success"",""pause"":""success"",""percent-pos"":""success"",""time-pos"":""success"",""video-params"":""success"",""vo-configured"":""success""}"	true	playing	media-b8c9a5f04c	<media-path:3ba49b8978>	28100	7	true	"{""black_screen_risk_reason"":""null"",""blocked_media_count"":0,""consecutive_failures"":0,""current_index"":7,""current_item"":{""alias"":""media-b8c9a5f04c"",""duration_ms"":28100,""offset_ms"":0,""path_alias"":""<media-path:3ba49b8978>"",""started_at_present"":true},""last_poll_error"":""null"",""last_render_error"":""null"",""mpv_running"":true,""next_item"":{""alias"":""media-7eefea6ba2"",""duration_ms"":5000,""path_alias"":""<media-path:9e48f6362b>""},""playback_state"":""playing"",""playlist_size"":9,""present"":true,""uptime_sec"":378}"
339	360.190	2026-07-10T20:02:03+0000	success		379	<media-path:3ba49b8978>	<media-path:3ba49b8978>	<filename:e511e8bce0>	7.974633	28.061367	28.656361	false	false	false	243	v4l2request-copy	true	"{""aspect"":0.5625,""dh"":1920,""dw"":1080,""h"":1920,""par"":1.0,""pixelformat"":""nv12"",""rotate"":0,""stereo-in"":""mono"",""w"":1080}"	"{""duration"":""success"",""eof-reached"":""success"",""estimated-frame-number"":""success"",""filename"":""success"",""hwdec-current"":""success"",""idle-active"":""success"",""path"":""success"",""pause"":""success"",""percent-pos"":""success"",""time-pos"":""success"",""video-params"":""success"",""vo-configured"":""success""}"	true	playing	media-b8c9a5f04c	<media-path:3ba49b8978>	28100	7	true	"{""black_screen_risk_reason"":""null"",""blocked_media_count"":0,""consecutive_failures"":0,""current_index"":7,""current_item"":{""alias"":""media-b8c9a5f04c"",""duration_ms"":28100,""offset_ms"":0,""path_alias"":""<media-path:3ba49b8978>"",""started_at_present"":true},""last_poll_error"":""null"",""last_render_error"":""null"",""mpv_running"":true,""next_item"":{""alias"":""media-7eefea6ba2"",""duration_ms"":5000,""path_alias"":""<media-path:9e48f6362b>""},""playback_state"":""playing"",""playlist_size"":9,""present"":true,""uptime_sec"":378}"
340	361.573	2026-07-10T20:02:05+0000	success		472	<media-path:3ba49b8978>	<media-path:3ba49b8978>	<filename:e511e8bce0>	9.042367	28.061367	32.461356	false	false	false	275	v4l2request-copy	true	"{""aspect"":0.5625,""dh"":1920,""dw"":1080,""h"":1920,""par"":1.0,""pixelformat"":""nv12"",""rotate"":0,""stereo-in"":""mono"",""w"":1080}"	"{""duration"":""success"",""eof-reached"":""success"",""estimated-frame-number"":""success"",""filename"":""success"",""hwdec-current"":""success"",""idle-active"":""success"",""path"":""success"",""pause"":""success"",""percent-pos"":""success"",""time-pos"":""success"",""video-params"":""success"",""vo-configured"":""success""}"	true	playing	media-b8c9a5f04c	<media-path:3ba49b8978>	28100	7	true	"{""black_screen_risk_reason"":""null"",""blocked_media_count"":0,""consecutive_failures"":0,""current_index"":7,""current_item"":{""alias"":""media-b8c9a5f04c"",""duration_ms"":28100,""offset_ms"":0,""path_alias"":""<media-path:3ba49b8978>"",""started_at_present"":true},""last_poll_error"":""null"",""last_render_error"":""null"",""mpv_running"":true,""next_item"":{""alias"":""media-7eefea6ba2"",""duration_ms"":5000,""path_alias"":""<media-path:9e48f6362b>""},""playback_state"":""playing"",""playlist_size"":9,""present"":true,""uptime_sec"":383}"
341	363.049	2026-07-10T20:02:06+0000	success		439	<media-path:3ba49b8978>	<media-path:3ba49b8978>	<filename:e511e8bce0>	10.2102	28.061367	36.623068	false	false	false	310	v4l2request-copy	true	"{""aspect"":0.5625,""dh"":1920,""dw"":1080,""h"":1920,""par"":1.0,""pixelformat"":""nv12"",""rotate"":0,""stereo-in"":""mono"",""w"":1080}"	"{""duration"":""success"",""eof-reached"":""success"",""estimated-frame-number"":""success"",""filename"":""success"",""hwdec-current"":""success"",""idle-active"":""success"",""path"":""success"",""pause"":""success"",""percent-pos"":""success"",""time-pos"":""success"",""video-params"":""success"",""vo-configured"":""success""}"	true	playing	media-b8c9a5f04c	<media-path:3ba49b8978>	28100	7	true	"{""black_screen_risk_reason"":""null"",""blocked_media_count"":0,""consecutive_failures"":0,""current_index"":7,""current_item"":{""alias"":""media-b8c9a5f04c"",""duration_ms"":28100,""offset_ms"":0,""path_alias"":""<media-path:3ba49b8978>"",""started_at_present"":true},""last_poll_error"":""null"",""last_render_error"":""null"",""mpv_running"":true,""next_item"":{""alias"":""media-7eefea6ba2"",""duration_ms"":5000,""path_alias"":""<media-path:9e48f6362b>""},""playback_state"":""playing"",""playlist_size"":9,""present"":true,""uptime_sec"":383}"
342	364.492	2026-07-10T20:02:08+0000	success		482	<media-path:3ba49b8978>	<media-path:3ba49b8978>	<filename:e511e8bce0>	11.344667	28.061367	40.665874	false	false	false	344	v4l2request-copy	true	"{""aspect"":0.5625,""dh"":1920,""dw"":1080,""h"":1920,""par"":1.0,""pixelformat"":""nv12"",""rotate"":0,""stereo-in"":""mono"",""w"":1080}"	"{""duration"":""success"",""eof-reached"":""success"",""estimated-frame-number"":""success"",""filename"":""success"",""hwdec-current"":""success"",""idle-active"":""success"",""path"":""success"",""pause"":""success"",""percent-pos"":""success"",""time-pos"":""success"",""video-params"":""success"",""vo-configured"":""success""}"	true	playing	media-b8c9a5f04c	<media-path:3ba49b8978>	28100	7	true	"{""black_screen_risk_reason"":""null"",""blocked_media_count"":0,""consecutive_failures"":0,""current_index"":7,""current_item"":{""alias"":""media-b8c9a5f04c"",""duration_ms"":28100,""offset_ms"":0,""path_alias"":""<media-path:3ba49b8978>"",""started_at_present"":true},""last_poll_error"":""null"",""last_render_error"":""null"",""mpv_running"":true,""next_item"":{""alias"":""media-7eefea6ba2"",""duration_ms"":5000,""path_alias"":""<media-path:9e48f6362b>""},""playback_state"":""playing"",""playlist_size"":9,""present"":true,""uptime_sec"":383}"
343	365.977	2026-07-10T20:02:09+0000	success		332	<media-path:3ba49b8978>	<media-path:3ba49b8978>	<filename:e511e8bce0>	12.5125	28.061367	44.827586	false	false	false	379	v4l2request-copy	true	"{""aspect"":0.5625,""dh"":1920,""dw"":1080,""h"":1920,""par"":1.0,""pixelformat"":""nv12"",""rotate"":0,""stereo-in"":""mono"",""w"":1080}"	"{""duration"":""success"",""eof-reached"":""success"",""estimated-frame-number"":""success"",""filename"":""success"",""hwdec-current"":""success"",""idle-active"":""success"",""path"":""success"",""pause"":""success"",""percent-pos"":""success"",""time-pos"":""success"",""video-params"":""success"",""vo-configured"":""success""}"	true	playing	media-b8c9a5f04c	<media-path:3ba49b8978>	28100	7	true	"{""black_screen_risk_reason"":""null"",""blocked_media_count"":0,""consecutive_failures"":0,""current_index"":7,""current_item"":{""alias"":""media-b8c9a5f04c"",""duration_ms"":28100,""offset_ms"":0,""path_alias"":""<media-path:3ba49b8978>"",""started_at_present"":true},""last_poll_error"":""null"",""last_render_error"":""null"",""mpv_running"":true,""next_item"":{""alias"":""media-7eefea6ba2"",""duration_ms"":5000,""path_alias"":""<media-path:9e48f6362b>""},""playback_state"":""playing"",""playlist_size"":9,""present"":true,""uptime_sec"":388}"
344	367.312	2026-07-10T20:02:10+0000	success		479	<media-path:3ba49b8978>	<media-path:3ba49b8978>	<filename:e511e8bce0>	13.546867	28.061367	48.513674	false	false	false	410	v4l2request-copy	true	"{""aspect"":0.5625,""dh"":1920,""dw"":1080,""h"":1920,""par"":1.0,""pixelformat"":""nv12"",""rotate"":0,""stereo-in"":""mono"",""w"":1080}"	"{""duration"":""success"",""eof-reached"":""success"",""estimated-frame-number"":""success"",""filename"":""success"",""hwdec-current"":""success"",""idle-active"":""success"",""path"":""success"",""pause"":""success"",""percent-pos"":""success"",""time-pos"":""success"",""video-params"":""success"",""vo-configured"":""success""}"	true	playing	media-b8c9a5f04c	<media-path:3ba49b8978>	28100	7	true	"{""black_screen_risk_reason"":""null"",""blocked_media_count"":0,""consecutive_failures"":0,""current_index"":7,""current_item"":{""alias"":""media-b8c9a5f04c"",""duration_ms"":28100,""offset_ms"":0,""path_alias"":""<media-path:3ba49b8978>"",""started_at_present"":true},""last_poll_error"":""null"",""last_render_error"":""null"",""mpv_running"":true,""next_item"":{""alias"":""media-7eefea6ba2"",""duration_ms"":5000,""path_alias"":""<media-path:9e48f6362b>""},""playback_state"":""playing"",""playlist_size"":9,""present"":true,""uptime_sec"":388}"
345	368.794	2026-07-10T20:02:12+0000	success		350	<media-path:3ba49b8978>	<media-path:3ba49b8978>	<filename:e511e8bce0>	14.748067	28.061367	52.794293	false	false	false	446	v4l2request-copy	true	"{""aspect"":0.5625,""dh"":1920,""dw"":1080,""h"":1920,""par"":1.0,""pixelformat"":""nv12"",""rotate"":0,""stereo-in"":""mono"",""w"":1080}"	"{""duration"":""success"",""eof-reached"":""success"",""estimated-frame-number"":""success"",""filename"":""success"",""hwdec-current"":""success"",""idle-active"":""success"",""path"":""success"",""pause"":""success"",""percent-pos"":""success"",""time-pos"":""success"",""video-params"":""success"",""vo-configured"":""success""}"	true	playing	media-b8c9a5f04c	<media-path:3ba49b8978>	28100	7	true	"{""black_screen_risk_reason"":""null"",""blocked_media_count"":0,""consecutive_failures"":0,""current_index"":7,""current_item"":{""alias"":""media-b8c9a5f04c"",""duration_ms"":28100,""offset_ms"":0,""path_alias"":""<media-path:3ba49b8978>"",""started_at_present"":true},""last_poll_error"":""null"",""last_render_error"":""null"",""mpv_running"":true,""next_item"":{""alias"":""media-7eefea6ba2"",""duration_ms"":5000,""path_alias"":""<media-path:9e48f6362b>""},""playback_state"":""playing"",""playlist_size"":9,""present"":true,""uptime_sec"":388}"
346	370.149	2026-07-10T20:02:13+0000	success		488	<media-path:3ba49b8978>	<media-path:3ba49b8978>	<filename:e511e8bce0>	15.782433	28.061367	56.48038	false	false	false	477	v4l2request-copy	true	"{""aspect"":0.5625,""dh"":1920,""dw"":1080,""h"":1920,""par"":1.0,""pixelformat"":""nv12"",""rotate"":0,""stereo-in"":""mono"",""w"":1080}"	"{""duration"":""success"",""eof-reached"":""success"",""estimated-frame-number"":""success"",""filename"":""success"",""hwdec-current"":""success"",""idle-active"":""success"",""path"":""success"",""pause"":""success"",""percent-pos"":""success"",""time-pos"":""success"",""video-params"":""success"",""vo-configured"":""success""}"	true	playing	media-b8c9a5f04c	<media-path:3ba49b8978>	28100	7	true	"{""black_screen_risk_reason"":""null"",""blocked_media_count"":0,""consecutive_failures"":0,""current_index"":7,""current_item"":{""alias"":""media-b8c9a5f04c"",""duration_ms"":28100,""offset_ms"":0,""path_alias"":""<media-path:3ba49b8978>"",""started_at_present"":true},""last_poll_error"":""null"",""last_render_error"":""null"",""mpv_running"":true,""next_item"":{""alias"":""media-7eefea6ba2"",""duration_ms"":5000,""path_alias"":""<media-path:9e48f6362b>""},""playback_state"":""playing"",""playlist_size"":9,""present"":true,""uptime_sec"":388}"
347	371.641	2026-07-10T20:02:15+0000	success		320	<media-path:3ba49b8978>	<media-path:3ba49b8978>	<filename:e511e8bce0>	16.950267	28.061367	60.642093	false	false	false	512	v4l2request-copy	true	"{""aspect"":0.5625,""dh"":1920,""dw"":1080,""h"":1920,""par"":1.0,""pixelformat"":""nv12"",""rotate"":0,""stereo-in"":""mono"",""w"":1080}"	"{""duration"":""success"",""eof-reached"":""success"",""estimated-frame-number"":""success"",""filename"":""success"",""hwdec-current"":""success"",""idle-active"":""success"",""path"":""success"",""pause"":""success"",""percent-pos"":""success"",""time-pos"":""success"",""video-params"":""success"",""vo-configured"":""success""}"	true	playing	media-b8c9a5f04c	<media-path:3ba49b8978>	28100	7	true	"{""black_screen_risk_reason"":""null"",""blocked_media_count"":0,""consecutive_failures"":0,""current_index"":7,""current_item"":{""alias"":""media-b8c9a5f04c"",""duration_ms"":28100,""offset_ms"":0,""path_alias"":""<media-path:3ba49b8978>"",""started_at_present"":true},""last_poll_error"":""null"",""last_render_error"":""null"",""mpv_running"":true,""next_item"":{""alias"":""media-7eefea6ba2"",""duration_ms"":5000,""path_alias"":""<media-path:9e48f6362b>""},""playback_state"":""playing"",""playlist_size"":9,""present"":true,""uptime_sec"":393}"
348	372.965	2026-07-10T20:02:16+0000	success		464	<media-path:3ba49b8978>	<media-path:3ba49b8978>	<filename:e511e8bce0>	17.984633	28.061367	64.328181	false	false	false	543	v4l2request-copy	true	"{""aspect"":0.5625,""dh"":1920,""dw"":1080,""h"":1920,""par"":1.0,""pixelformat"":""nv12"",""rotate"":0,""stereo-in"":""mono"",""w"":1080}"	"{""duration"":""success"",""eof-reached"":""success"",""estimated-frame-number"":""success"",""filename"":""success"",""hwdec-current"":""success"",""idle-active"":""success"",""path"":""success"",""pause"":""success"",""percent-pos"":""success"",""time-pos"":""success"",""video-params"":""success"",""vo-configured"":""success""}"	true	playing	media-b8c9a5f04c	<media-path:3ba49b8978>	28100	7	true	"{""black_screen_risk_reason"":""null"",""blocked_media_count"":0,""consecutive_failures"":0,""current_index"":7,""current_item"":{""alias"":""media-b8c9a5f04c"",""duration_ms"":28100,""offset_ms"":0,""path_alias"":""<media-path:3ba49b8978>"",""started_at_present"":true},""last_poll_error"":""null"",""last_render_error"":""null"",""mpv_running"":true,""next_item"":{""alias"":""media-7eefea6ba2"",""duration_ms"":5000,""path_alias"":""<media-path:9e48f6362b>""},""playback_state"":""playing"",""playlist_size"":9,""present"":true,""uptime_sec"":393}"
349	374.433	2026-07-10T20:02:17+0000	success		491	<media-path:3ba49b8978>	<media-path:3ba49b8978>	<filename:e511e8bce0>	19.152467	28.061367	68.489893	false	false	false	578	v4l2request-copy	true	"{""aspect"":0.5625,""dh"":1920,""dw"":1080,""h"":1920,""par"":1.0,""pixelformat"":""nv12"",""rotate"":0,""stereo-in"":""mono"",""w"":1080}"	"{""duration"":""success"",""eof-reached"":""success"",""estimated-frame-number"":""success"",""filename"":""success"",""hwdec-current"":""success"",""idle-active"":""success"",""path"":""success"",""pause"":""success"",""percent-pos"":""success"",""time-pos"":""success"",""video-params"":""success"",""vo-configured"":""success""}"	true	playing	media-b8c9a5f04c	<media-path:3ba49b8978>	28100	7	true	"{""black_screen_risk_reason"":""null"",""blocked_media_count"":0,""consecutive_failures"":0,""current_index"":7,""current_item"":{""alias"":""media-b8c9a5f04c"",""duration_ms"":28100,""offset_ms"":0,""path_alias"":""<media-path:3ba49b8978>"",""started_at_present"":true},""last_poll_error"":""null"",""last_render_error"":""null"",""mpv_running"":true,""next_item"":{""alias"":""media-7eefea6ba2"",""duration_ms"":5000,""path_alias"":""<media-path:9e48f6362b>""},""playback_state"":""playing"",""playlist_size"":9,""present"":true,""uptime_sec"":393}"
350	375.927	2026-07-10T20:02:19+0000	success		499	<media-path:3ba49b8978>	<media-path:3ba49b8978>	<filename:e511e8bce0>	20.3203	28.061367	72.651605	false	false	false	613	v4l2request-copy	true	"{""aspect"":0.5625,""dh"":1920,""dw"":1080,""h"":1920,""par"":1.0,""pixelformat"":""nv12"",""rotate"":0,""stereo-in"":""mono"",""w"":1080}"	"{""duration"":""success"",""eof-reached"":""success"",""estimated-frame-number"":""success"",""filename"":""success"",""hwdec-current"":""success"",""idle-active"":""success"",""path"":""success"",""pause"":""success"",""percent-pos"":""success"",""time-pos"":""success"",""video-params"":""success"",""vo-configured"":""success""}"	true	playing	media-b8c9a5f04c	<media-path:3ba49b8978>	28100	7	true	"{""black_screen_risk_reason"":""null"",""blocked_media_count"":0,""consecutive_failures"":0,""current_index"":7,""current_item"":{""alias"":""media-b8c9a5f04c"",""duration_ms"":28100,""offset_ms"":0,""path_alias"":""<media-path:3ba49b8978>"",""started_at_present"":true},""last_poll_error"":""null"",""last_render_error"":""null"",""mpv_running"":true,""next_item"":{""alias"":""media-7eefea6ba2"",""duration_ms"":5000,""path_alias"":""<media-path:9e48f6362b>""},""playback_state"":""playing"",""playlist_size"":9,""present"":true,""uptime_sec"":398}"
351	377.430	2026-07-10T20:02:20+0000	success		123	<media-path:3ba49b8978>	<media-path:3ba49b8978>	<filename:e511e8bce0>	21.488133	28.061367	76.575505	false	false	false	644	v4l2request-copy	true	"{""aspect"":0.5625,""dh"":1920,""dw"":1080,""h"":1920,""par"":1.0,""pixelformat"":""nv12"",""rotate"":0,""stereo-in"":""mono"",""w"":1080}"	"{""duration"":""success"",""eof-reached"":""success"",""estimated-frame-number"":""success"",""filename"":""success"",""hwdec-current"":""success"",""idle-active"":""success"",""path"":""success"",""pause"":""success"",""percent-pos"":""success"",""time-pos"":""success"",""video-params"":""success"",""vo-configured"":""success""}"	true	playing	media-b8c9a5f04c	<media-path:3ba49b8978>	28100	7	true	"{""black_screen_risk_reason"":""null"",""blocked_media_count"":0,""consecutive_failures"":0,""current_index"":7,""current_item"":{""alias"":""media-b8c9a5f04c"",""duration_ms"":28100,""offset_ms"":0,""path_alias"":""<media-path:3ba49b8978>"",""started_at_present"":true},""last_poll_error"":""null"",""last_render_error"":""null"",""mpv_running"":true,""next_item"":{""alias"":""media-7eefea6ba2"",""duration_ms"":5000,""path_alias"":""<media-path:9e48f6362b>""},""playback_state"":""playing"",""playlist_size"":9,""present"":true,""uptime_sec"":398}"
352	378.556	2026-07-10T20:02:21+0000	success		11	<media-path:9e48f6362b>	<media-path:9e48f6362b>	<filename:4e569cdfc9>	0.083333	5.041667	1.652893	false	false	false	2	v4l2request-copy	true	"{""aspect"":0.666667,""dh"":720,""dw"":480,""h"":720,""par"":1.0,""pixelformat"":""nv12"",""rotate"":0,""stereo-in"":""mono"",""w"":480}"	"{""duration"":""success"",""eof-reached"":""success"",""estimated-frame-number"":""success"",""filename"":""success"",""hwdec-current"":""success"",""idle-active"":""success"",""path"":""success"",""pause"":""success"",""percent-pos"":""success"",""time-pos"":""success"",""video-params"":""success"",""vo-configured"":""success""}"	true	playing	media-b8c9a5f04c	<media-path:3ba49b8978>	28100	7	true	"{""black_screen_risk_reason"":""null"",""blocked_media_count"":0,""consecutive_failures"":0,""current_index"":7,""current_item"":{""alias"":""media-b8c9a5f04c"",""duration_ms"":28100,""offset_ms"":0,""path_alias"":""<media-path:3ba49b8978>"",""started_at_present"":true},""last_poll_error"":""null"",""last_render_error"":""null"",""mpv_running"":true,""next_item"":{""alias"":""media-7eefea6ba2"",""duration_ms"":5000,""path_alias"":""<media-path:9e48f6362b>""},""playback_state"":""playing"",""playlist_size"":9,""present"":true,""uptime_sec"":398}"
353	379.570	2026-07-10T20:02:22+0000	success		2	<media-path:9e48f6362b>	<media-path:9e48f6362b>	<filename:4e569cdfc9>	1.083333	5.041667	21.487603	false	false	false	26	v4l2request-copy	true	"{""aspect"":0.666667,""dh"":720,""dw"":480,""h"":720,""par"":1.0,""pixelformat"":""nv12"",""rotate"":0,""stereo-in"":""mono"",""w"":480}"	"{""duration"":""success"",""eof-reached"":""success"",""estimated-frame-number"":""success"",""filename"":""success"",""hwdec-current"":""success"",""idle-active"":""success"",""path"":""success"",""pause"":""success"",""percent-pos"":""success"",""time-pos"":""success"",""video-params"":""success"",""vo-configured"":""success""}"	true	playing	media-b8c9a5f04c	<media-path:3ba49b8978>	28100	7	true	"{""black_screen_risk_reason"":""null"",""blocked_media_count"":0,""consecutive_failures"":0,""current_index"":7,""current_item"":{""alias"":""media-b8c9a5f04c"",""duration_ms"":28100,""offset_ms"":0,""path_alias"":""<media-path:3ba49b8978>"",""started_at_present"":true},""last_poll_error"":""null"",""last_render_error"":""null"",""mpv_running"":true,""next_item"":{""alias"":""media-7eefea6ba2"",""duration_ms"":5000,""path_alias"":""<media-path:9e48f6362b>""},""playback_state"":""playing"",""playlist_size"":9,""present"":true,""uptime_sec"":398}"
354	380.574	2026-07-10T20:02:23+0000	success		4	<media-path:9e48f6362b>	<media-path:9e48f6362b>	<filename:4e569cdfc9>	2.083333	5.041667	41.322314	false	false	false	50	v4l2request-copy	true	"{""aspect"":0.666667,""dh"":720,""dw"":480,""h"":720,""par"":1.0,""pixelformat"":""nv12"",""rotate"":0,""stereo-in"":""mono"",""w"":480}"	"{""duration"":""success"",""eof-reached"":""success"",""estimated-frame-number"":""success"",""filename"":""success"",""hwdec-current"":""success"",""idle-active"":""success"",""path"":""success"",""pause"":""success"",""percent-pos"":""success"",""time-pos"":""success"",""video-params"":""success"",""vo-configured"":""success""}"	true	playing	media-b8c9a5f04c	<media-path:3ba49b8978>	28100	7	true	"{""black_screen_risk_reason"":""null"",""blocked_media_count"":0,""consecutive_failures"":0,""current_index"":7,""current_item"":{""alias"":""media-b8c9a5f04c"",""duration_ms"":28100,""offset_ms"":0,""path_alias"":""<media-path:3ba49b8978>"",""started_at_present"":true},""last_poll_error"":""null"",""last_render_error"":""null"",""mpv_running"":true,""next_item"":{""alias"":""media-7eefea6ba2"",""duration_ms"":5000,""path_alias"":""<media-path:9e48f6362b>""},""playback_state"":""playing"",""playlist_size"":9,""present"":true,""uptime_sec"":398}"
355	381.582	2026-07-10T20:02:24+0000	success		2	<media-path:9e48f6362b>	<media-path:9e48f6362b>	<filename:4e569cdfc9>	3.083333	5.041667	61.157025	false	false	false	74	v4l2request-copy	true	"{""aspect"":0.666667,""dh"":720,""dw"":480,""h"":720,""par"":1.0,""pixelformat"":""nv12"",""rotate"":0,""stereo-in"":""mono"",""w"":480}"	"{""duration"":""success"",""eof-reached"":""success"",""estimated-frame-number"":""success"",""filename"":""success"",""hwdec-current"":""success"",""idle-active"":""success"",""path"":""success"",""pause"":""success"",""percent-pos"":""success"",""time-pos"":""success"",""video-params"":""success"",""vo-configured"":""success""}"	true	playing	media-7eefea6ba2	<media-path:9e48f6362b>	5000	8	true	"{""black_screen_risk_reason"":""null"",""blocked_media_count"":0,""consecutive_failures"":0,""current_index"":8,""current_item"":{""alias"":""media-7eefea6ba2"",""duration_ms"":5000,""offset_ms"":0,""path_alias"":""<media-path:9e48f6362b>"",""started_at_present"":true},""last_poll_error"":""null"",""last_render_error"":""null"",""mpv_running"":true,""next_item"":{""alias"":""media-63e22e276f"",""duration_ms"":15100,""path_alias"":""<media-path:c406539999>""},""playback_state"":""playing"",""playlist_size"":9,""present"":true,""uptime_sec"":403}"
356	382.587	2026-07-10T20:02:25+0000	success		2	<media-path:9e48f6362b>	<media-path:9e48f6362b>	<filename:4e569cdfc9>	4.083333	5.041667	80.991736	false	false	false	98	v4l2request-copy	true	"{""aspect"":0.666667,""dh"":720,""dw"":480,""h"":720,""par"":1.0,""pixelformat"":""nv12"",""rotate"":0,""stereo-in"":""mono"",""w"":480}"	"{""duration"":""success"",""eof-reached"":""success"",""estimated-frame-number"":""success"",""filename"":""success"",""hwdec-current"":""success"",""idle-active"":""success"",""path"":""success"",""pause"":""success"",""percent-pos"":""success"",""time-pos"":""success"",""video-params"":""success"",""vo-configured"":""success""}"	true	playing	media-7eefea6ba2	<media-path:9e48f6362b>	5000	8	true	"{""black_screen_risk_reason"":""null"",""blocked_media_count"":0,""consecutive_failures"":0,""current_index"":8,""current_item"":{""alias"":""media-7eefea6ba2"",""duration_ms"":5000,""offset_ms"":0,""path_alias"":""<media-path:9e48f6362b>"",""started_at_present"":true},""last_poll_error"":""null"",""last_render_error"":""null"",""mpv_running"":true,""next_item"":{""alias"":""media-63e22e276f"",""duration_ms"":15100,""path_alias"":""<media-path:c406539999>""},""playback_state"":""playing"",""playlist_size"":9,""present"":true,""uptime_sec"":403}"
357	383.590	2026-07-10T20:02:26+0000	success		77	<media-path:c406539999>	<media-path:c406539999>	<filename:aaf3979e21>	0.033333	15.069751	0.221194	false	false	false	1	v4l2request-copy	true	"{""aspect"":0.566038,""dh"":848,""dw"":480,""h"":848,""par"":1.0,""pixelformat"":""nv12"",""rotate"":0,""stereo-in"":""mono"",""w"":480}"	"{""duration"":""success"",""eof-reached"":""success"",""estimated-frame-number"":""success"",""filename"":""success"",""hwdec-current"":""success"",""idle-active"":""success"",""path"":""success"",""pause"":""success"",""percent-pos"":""success"",""time-pos"":""success"",""video-params"":""success"",""vo-configured"":""success""}"	true	playing	media-7eefea6ba2	<media-path:9e48f6362b>	5000	8	true	"{""black_screen_risk_reason"":""null"",""blocked_media_count"":0,""consecutive_failures"":0,""current_index"":8,""current_item"":{""alias"":""media-7eefea6ba2"",""duration_ms"":5000,""offset_ms"":0,""path_alias"":""<media-path:9e48f6362b>"",""started_at_present"":true},""last_poll_error"":""null"",""last_render_error"":""null"",""mpv_running"":true,""next_item"":{""alias"":""media-63e22e276f"",""duration_ms"":15100,""path_alias"":""<media-path:c406539999>""},""playback_state"":""playing"",""playlist_size"":9,""present"":true,""uptime_sec"":403}"
358	384.672	2026-07-10T20:02:27+0000	success		2	<media-path:c406539999>	<media-path:c406539999>	<filename:aaf3979e21>	1.066667	15.069751	7.078197	false	false	false	32	v4l2request-copy	true	"{""aspect"":0.566038,""dh"":848,""dw"":480,""h"":848,""par"":1.0,""pixelformat"":""nv12"",""rotate"":0,""stereo-in"":""mono"",""w"":480}"	"{""duration"":""success"",""eof-reached"":""success"",""estimated-frame-number"":""success"",""filename"":""success"",""hwdec-current"":""success"",""idle-active"":""success"",""path"":""success"",""pause"":""success"",""percent-pos"":""success"",""time-pos"":""success"",""video-params"":""success"",""vo-configured"":""success""}"	true	playing	media-7eefea6ba2	<media-path:9e48f6362b>	5000	8	true	"{""black_screen_risk_reason"":""null"",""blocked_media_count"":0,""consecutive_failures"":0,""current_index"":8,""current_item"":{""alias"":""media-7eefea6ba2"",""duration_ms"":5000,""offset_ms"":0,""path_alias"":""<media-path:9e48f6362b>"",""started_at_present"":true},""last_poll_error"":""null"",""last_render_error"":""null"",""mpv_running"":true,""next_item"":{""alias"":""media-63e22e276f"",""duration_ms"":15100,""path_alias"":""<media-path:c406539999>""},""playback_state"":""playing"",""playlist_size"":9,""present"":true,""uptime_sec"":403}"
359	385.675	2026-07-10T20:02:28+0000	success		2	<media-path:c406539999>	<media-path:c406539999>	<filename:aaf3979e21>	2.066667	15.069751	13.714007	false	false	false	62	v4l2request-copy	true	"{""aspect"":0.566038,""dh"":848,""dw"":480,""h"":848,""par"":1.0,""pixelformat"":""nv12"",""rotate"":0,""stereo-in"":""mono"",""w"":480}"	"{""duration"":""success"",""eof-reached"":""success"",""estimated-frame-number"":""success"",""filename"":""success"",""hwdec-current"":""success"",""idle-active"":""success"",""path"":""success"",""pause"":""success"",""percent-pos"":""success"",""time-pos"":""success"",""video-params"":""success"",""vo-configured"":""success""}"	true	playing	media-63e22e276f	<media-path:c406539999>	15100	0	true	"{""black_screen_risk_reason"":""null"",""blocked_media_count"":0,""consecutive_failures"":0,""current_index"":0,""current_item"":{""alias"":""media-63e22e276f"",""duration_ms"":15100,""offset_ms"":0,""path_alias"":""<media-path:c406539999>"",""started_at_present"":true},""last_poll_error"":""null"",""last_render_error"":""null"",""mpv_running"":true,""next_item"":{""alias"":""media-b04db49d99"",""duration_ms"":15100,""path_alias"":""<media-path:2b030c3c41>""},""playback_state"":""playing"",""playlist_size"":9,""present"":true,""uptime_sec"":408}"
360	386.679	2026-07-10T20:02:29+0000	success		2	<media-path:c406539999>	<media-path:c406539999>	<filename:aaf3979e21>	3.066667	15.069751	20.349817	false	false	false	92	v4l2request-copy	true	"{""aspect"":0.566038,""dh"":848,""dw"":480,""h"":848,""par"":1.0,""pixelformat"":""nv12"",""rotate"":0,""stereo-in"":""mono"",""w"":480}"	"{""duration"":""success"",""eof-reached"":""success"",""estimated-frame-number"":""success"",""filename"":""success"",""hwdec-current"":""success"",""idle-active"":""success"",""path"":""success"",""pause"":""success"",""percent-pos"":""success"",""time-pos"":""success"",""video-params"":""success"",""vo-configured"":""success""}"	true	playing	media-63e22e276f	<media-path:c406539999>	15100	0	true	"{""black_screen_risk_reason"":""null"",""blocked_media_count"":0,""consecutive_failures"":0,""current_index"":0,""current_item"":{""alias"":""media-63e22e276f"",""duration_ms"":15100,""offset_ms"":0,""path_alias"":""<media-path:c406539999>"",""started_at_present"":true},""last_poll_error"":""null"",""last_render_error"":""null"",""mpv_running"":true,""next_item"":{""alias"":""media-b04db49d99"",""duration_ms"":15100,""path_alias"":""<media-path:2b030c3c41>""},""playback_state"":""playing"",""playlist_size"":9,""present"":true,""uptime_sec"":408}"
361	387.684	2026-07-10T20:02:30+0000	success		2	<media-path:c406539999>	<media-path:c406539999>	<filename:aaf3979e21>	4.066667	15.069751	26.985627	false	false	false	122	v4l2request-copy	true	"{""aspect"":0.566038,""dh"":848,""dw"":480,""h"":848,""par"":1.0,""pixelformat"":""nv12"",""rotate"":0,""stereo-in"":""mono"",""w"":480}"	"{""duration"":""success"",""eof-reached"":""success"",""estimated-frame-number"":""success"",""filename"":""success"",""hwdec-current"":""success"",""idle-active"":""success"",""path"":""success"",""pause"":""success"",""percent-pos"":""success"",""time-pos"":""success"",""video-params"":""success"",""vo-configured"":""success""}"	true	playing	media-63e22e276f	<media-path:c406539999>	15100	0	true	"{""black_screen_risk_reason"":""null"",""blocked_media_count"":0,""consecutive_failures"":0,""current_index"":0,""current_item"":{""alias"":""media-63e22e276f"",""duration_ms"":15100,""offset_ms"":0,""path_alias"":""<media-path:c406539999>"",""started_at_present"":true},""last_poll_error"":""null"",""last_render_error"":""null"",""mpv_running"":true,""next_item"":{""alias"":""media-b04db49d99"",""duration_ms"":15100,""path_alias"":""<media-path:2b030c3c41>""},""playback_state"":""playing"",""playlist_size"":9,""present"":true,""uptime_sec"":408}"
362	388.689	2026-07-10T20:02:31+0000	success		2	<media-path:c406539999>	<media-path:c406539999>	<filename:aaf3979e21>	5.1	15.069751	33.84263	false	false	false	153	v4l2request-copy	true	"{""aspect"":0.566038,""dh"":848,""dw"":480,""h"":848,""par"":1.0,""pixelformat"":""nv12"",""rotate"":0,""stereo-in"":""mono"",""w"":480}"	"{""duration"":""success"",""eof-reached"":""success"",""estimated-frame-number"":""success"",""filename"":""success"",""hwdec-current"":""success"",""idle-active"":""success"",""path"":""success"",""pause"":""success"",""percent-pos"":""success"",""time-pos"":""success"",""video-params"":""success"",""vo-configured"":""success""}"	true	playing	media-63e22e276f	<media-path:c406539999>	15100	0	true	"{""black_screen_risk_reason"":""null"",""blocked_media_count"":0,""consecutive_failures"":0,""current_index"":0,""current_item"":{""alias"":""media-63e22e276f"",""duration_ms"":15100,""offset_ms"":0,""path_alias"":""<media-path:c406539999>"",""started_at_present"":true},""last_poll_error"":""null"",""last_render_error"":""null"",""mpv_running"":true,""next_item"":{""alias"":""media-b04db49d99"",""duration_ms"":15100,""path_alias"":""<media-path:2b030c3c41>""},""playback_state"":""playing"",""playlist_size"":9,""present"":true,""uptime_sec"":408}"
363	389.693	2026-07-10T20:02:32+0000	success		2	<media-path:c406539999>	<media-path:c406539999>	<filename:aaf3979e21>	6.1	15.069751	40.47844	false	false	false	183	v4l2request-copy	true	"{""aspect"":0.566038,""dh"":848,""dw"":480,""h"":848,""par"":1.0,""pixelformat"":""nv12"",""rotate"":0,""stereo-in"":""mono"",""w"":480}"	"{""duration"":""success"",""eof-reached"":""success"",""estimated-frame-number"":""success"",""filename"":""success"",""hwdec-current"":""success"",""idle-active"":""success"",""path"":""success"",""pause"":""success"",""percent-pos"":""success"",""time-pos"":""success"",""video-params"":""success"",""vo-configured"":""success""}"	true	playing	media-63e22e276f	<media-path:c406539999>	15100	0	true	"{""black_screen_risk_reason"":""null"",""blocked_media_count"":0,""consecutive_failures"":0,""current_index"":0,""current_item"":{""alias"":""media-63e22e276f"",""duration_ms"":15100,""offset_ms"":0,""path_alias"":""<media-path:c406539999>"",""started_at_present"":true},""last_poll_error"":""null"",""last_render_error"":""null"",""mpv_running"":true,""next_item"":{""alias"":""media-b04db49d99"",""duration_ms"":15100,""path_alias"":""<media-path:2b030c3c41>""},""playback_state"":""playing"",""playlist_size"":9,""present"":true,""uptime_sec"":408}"
364	390.698	2026-07-10T20:02:33+0000	success		2	<media-path:c406539999>	<media-path:c406539999>	<filename:aaf3979e21>	7.1	15.069751	47.11425	false	false	false	213	v4l2request-copy	true	"{""aspect"":0.566038,""dh"":848,""dw"":480,""h"":848,""par"":1.0,""pixelformat"":""nv12"",""rotate"":0,""stereo-in"":""mono"",""w"":480}"	"{""duration"":""success"",""eof-reached"":""success"",""estimated-frame-number"":""success"",""filename"":""success"",""hwdec-current"":""success"",""idle-active"":""success"",""path"":""success"",""pause"":""success"",""percent-pos"":""success"",""time-pos"":""success"",""video-params"":""success"",""vo-configured"":""success""}"	true	playing	media-63e22e276f	<media-path:c406539999>	15100	0	true	"{""black_screen_risk_reason"":""null"",""blocked_media_count"":0,""consecutive_failures"":0,""current_index"":0,""current_item"":{""alias"":""media-63e22e276f"",""duration_ms"":15100,""offset_ms"":0,""path_alias"":""<media-path:c406539999>"",""started_at_present"":true},""last_poll_error"":""null"",""last_render_error"":""null"",""mpv_running"":true,""next_item"":{""alias"":""media-b04db49d99"",""duration_ms"":15100,""path_alias"":""<media-path:2b030c3c41>""},""playback_state"":""playing"",""playlist_size"":9,""present"":true,""uptime_sec"":413}"
365	391.702	2026-07-10T20:02:34+0000	success		12	<media-path:c406539999>	<media-path:c406539999>	<filename:aaf3979e21>	8.1	15.069751	53.75006	false	false	false	243	v4l2request-copy	true	"{""aspect"":0.566038,""dh"":848,""dw"":480,""h"":848,""par"":1.0,""pixelformat"":""nv12"",""rotate"":0,""stereo-in"":""mono"",""w"":480}"	"{""duration"":""success"",""eof-reached"":""success"",""estimated-frame-number"":""success"",""filename"":""success"",""hwdec-current"":""success"",""idle-active"":""success"",""path"":""success"",""pause"":""success"",""percent-pos"":""success"",""time-pos"":""success"",""video-params"":""success"",""vo-configured"":""success""}"	true	playing	media-63e22e276f	<media-path:c406539999>	15100	0	true	"{""black_screen_risk_reason"":""null"",""blocked_media_count"":0,""consecutive_failures"":0,""current_index"":0,""current_item"":{""alias"":""media-63e22e276f"",""duration_ms"":15100,""offset_ms"":0,""path_alias"":""<media-path:c406539999>"",""started_at_present"":true},""last_poll_error"":""null"",""last_render_error"":""null"",""mpv_running"":true,""next_item"":{""alias"":""media-b04db49d99"",""duration_ms"":15100,""path_alias"":""<media-path:2b030c3c41>""},""playback_state"":""playing"",""playlist_size"":9,""present"":true,""uptime_sec"":413}"
366	392.716	2026-07-10T20:02:35+0000	success		2	<media-path:c406539999>	<media-path:c406539999>	<filename:aaf3979e21>	9.1	15.069751	60.38587	false	false	false	273	v4l2request-copy	true	"{""aspect"":0.566038,""dh"":848,""dw"":480,""h"":848,""par"":1.0,""pixelformat"":""nv12"",""rotate"":0,""stereo-in"":""mono"",""w"":480}"	"{""duration"":""success"",""eof-reached"":""success"",""estimated-frame-number"":""success"",""filename"":""success"",""hwdec-current"":""success"",""idle-active"":""success"",""path"":""success"",""pause"":""success"",""percent-pos"":""success"",""time-pos"":""success"",""video-params"":""success"",""vo-configured"":""success""}"	true	playing	media-63e22e276f	<media-path:c406539999>	15100	0	true	"{""black_screen_risk_reason"":""null"",""blocked_media_count"":0,""consecutive_failures"":0,""current_index"":0,""current_item"":{""alias"":""media-63e22e276f"",""duration_ms"":15100,""offset_ms"":0,""path_alias"":""<media-path:c406539999>"",""started_at_present"":true},""last_poll_error"":""null"",""last_render_error"":""null"",""mpv_running"":true,""next_item"":{""alias"":""media-b04db49d99"",""duration_ms"":15100,""path_alias"":""<media-path:2b030c3c41>""},""playback_state"":""playing"",""playlist_size"":9,""present"":true,""uptime_sec"":413}"
367	393.720	2026-07-10T20:02:36+0000	success		2	<media-path:c406539999>	<media-path:c406539999>	<filename:aaf3979e21>	10.133333	15.069751	67.242874	false	false	false	304	v4l2request-copy	true	"{""aspect"":0.566038,""dh"":848,""dw"":480,""h"":848,""par"":1.0,""pixelformat"":""nv12"",""rotate"":0,""stereo-in"":""mono"",""w"":480}"	"{""duration"":""success"",""eof-reached"":""success"",""estimated-frame-number"":""success"",""filename"":""success"",""hwdec-current"":""success"",""idle-active"":""success"",""path"":""success"",""pause"":""success"",""percent-pos"":""success"",""time-pos"":""success"",""video-params"":""success"",""vo-configured"":""success""}"	true	playing	media-63e22e276f	<media-path:c406539999>	15100	0	true	"{""black_screen_risk_reason"":""null"",""blocked_media_count"":0,""consecutive_failures"":0,""current_index"":0,""current_item"":{""alias"":""media-63e22e276f"",""duration_ms"":15100,""offset_ms"":0,""path_alias"":""<media-path:c406539999>"",""started_at_present"":true},""last_poll_error"":""null"",""last_render_error"":""null"",""mpv_running"":true,""next_item"":{""alias"":""media-b04db49d99"",""duration_ms"":15100,""path_alias"":""<media-path:2b030c3c41>""},""playback_state"":""playing"",""playlist_size"":9,""present"":true,""uptime_sec"":413}"
368	394.725	2026-07-10T20:02:37+0000	success		2	<media-path:c406539999>	<media-path:c406539999>	<filename:aaf3979e21>	11.133333	15.069751	73.878684	false	false	false	334	v4l2request-copy	true	"{""aspect"":0.566038,""dh"":848,""dw"":480,""h"":848,""par"":1.0,""pixelformat"":""nv12"",""rotate"":0,""stereo-in"":""mono"",""w"":480}"	"{""duration"":""success"",""eof-reached"":""success"",""estimated-frame-number"":""success"",""filename"":""success"",""hwdec-current"":""success"",""idle-active"":""success"",""path"":""success"",""pause"":""success"",""percent-pos"":""success"",""time-pos"":""success"",""video-params"":""success"",""vo-configured"":""success""}"	true	playing	media-63e22e276f	<media-path:c406539999>	15100	0	true	"{""black_screen_risk_reason"":""null"",""blocked_media_count"":0,""consecutive_failures"":0,""current_index"":0,""current_item"":{""alias"":""media-63e22e276f"",""duration_ms"":15100,""offset_ms"":0,""path_alias"":""<media-path:c406539999>"",""started_at_present"":true},""last_poll_error"":""null"",""last_render_error"":""null"",""mpv_running"":true,""next_item"":{""alias"":""media-b04db49d99"",""duration_ms"":15100,""path_alias"":""<media-path:2b030c3c41>""},""playback_state"":""playing"",""playlist_size"":9,""present"":true,""uptime_sec"":413}"
369	395.729	2026-07-10T20:02:38+0000	success		2	<media-path:c406539999>	<media-path:c406539999>	<filename:aaf3979e21>	12.133333	15.069751	80.514493	false	false	false	364	v4l2request-copy	true	"{""aspect"":0.566038,""dh"":848,""dw"":480,""h"":848,""par"":1.0,""pixelformat"":""nv12"",""rotate"":0,""stereo-in"":""mono"",""w"":480}"	"{""duration"":""success"",""eof-reached"":""success"",""estimated-frame-number"":""success"",""filename"":""success"",""hwdec-current"":""success"",""idle-active"":""success"",""path"":""success"",""pause"":""success"",""percent-pos"":""success"",""time-pos"":""success"",""video-params"":""success"",""vo-configured"":""success""}"	true	playing	media-63e22e276f	<media-path:c406539999>	15100	0	true	"{""black_screen_risk_reason"":""null"",""blocked_media_count"":0,""consecutive_failures"":0,""current_index"":0,""current_item"":{""alias"":""media-63e22e276f"",""duration_ms"":15100,""offset_ms"":0,""path_alias"":""<media-path:c406539999>"",""started_at_present"":true},""last_poll_error"":""null"",""last_render_error"":""null"",""mpv_running"":true,""next_item"":{""alias"":""media-b04db49d99"",""duration_ms"":15100,""path_alias"":""<media-path:2b030c3c41>""},""playback_state"":""playing"",""playlist_size"":9,""present"":true,""uptime_sec"":418}"
370	396.733	2026-07-10T20:02:39+0000	success		2	<media-path:c406539999>	<media-path:c406539999>	<filename:aaf3979e21>	13.133333	15.069751	87.150303	false	false	false	394	v4l2request-copy	true	"{""aspect"":0.566038,""dh"":848,""dw"":480,""h"":848,""par"":1.0,""pixelformat"":""nv12"",""rotate"":0,""stereo-in"":""mono"",""w"":480}"	"{""duration"":""success"",""eof-reached"":""success"",""estimated-frame-number"":""success"",""filename"":""success"",""hwdec-current"":""success"",""idle-active"":""success"",""path"":""success"",""pause"":""success"",""percent-pos"":""success"",""time-pos"":""success"",""video-params"":""success"",""vo-configured"":""success""}"	true	playing	media-63e22e276f	<media-path:c406539999>	15100	0	true	"{""black_screen_risk_reason"":""null"",""blocked_media_count"":0,""consecutive_failures"":0,""current_index"":0,""current_item"":{""alias"":""media-63e22e276f"",""duration_ms"":15100,""offset_ms"":0,""path_alias"":""<media-path:c406539999>"",""started_at_present"":true},""last_poll_error"":""null"",""last_render_error"":""null"",""mpv_running"":true,""next_item"":{""alias"":""media-b04db49d99"",""duration_ms"":15100,""path_alias"":""<media-path:2b030c3c41>""},""playback_state"":""playing"",""playlist_size"":9,""present"":true,""uptime_sec"":418}"
371	397.738	2026-07-10T20:02:40+0000	success		10	<media-path:c406539999>	<media-path:c406539999>	<filename:aaf3979e21>	14.133333	15.069751	93.786113	false	false	false	424	v4l2request-copy	true	"{""aspect"":0.566038,""dh"":848,""dw"":480,""h"":848,""par"":1.0,""pixelformat"":""nv12"",""rotate"":0,""stereo-in"":""mono"",""w"":480}"	"{""duration"":""success"",""eof-reached"":""success"",""estimated-frame-number"":""success"",""filename"":""success"",""hwdec-current"":""success"",""idle-active"":""success"",""path"":""success"",""pause"":""success"",""percent-pos"":""success"",""time-pos"":""success"",""video-params"":""success"",""vo-configured"":""success""}"	true	playing	media-63e22e276f	<media-path:c406539999>	15100	0	true	"{""black_screen_risk_reason"":""null"",""blocked_media_count"":0,""consecutive_failures"":0,""current_index"":0,""current_item"":{""alias"":""media-63e22e276f"",""duration_ms"":15100,""offset_ms"":0,""path_alias"":""<media-path:c406539999>"",""started_at_present"":true},""last_poll_error"":""null"",""last_render_error"":""null"",""mpv_running"":true,""next_item"":{""alias"":""media-b04db49d99"",""duration_ms"":15100,""path_alias"":""<media-path:2b030c3c41>""},""playback_state"":""playing"",""playlist_size"":9,""present"":true,""uptime_sec"":418}"
372	398.751	2026-07-10T20:02:41+0000	success		16	<media-path:c406539999>	<media-path:c406539999>	<filename:aaf3979e21>	0.066667	15.069751	0.442387	false	false	false	2	v4l2request-copy	true	"{""aspect"":0.566038,""dh"":848,""dw"":480,""h"":848,""par"":1.0,""pixelformat"":""nv12"",""rotate"":0,""stereo-in"":""mono"",""w"":480}"	"{""duration"":""success"",""eof-reached"":""success"",""estimated-frame-number"":""success"",""filename"":""success"",""hwdec-current"":""success"",""idle-active"":""success"",""path"":""success"",""pause"":""success"",""percent-pos"":""success"",""time-pos"":""success"",""video-params"":""success"",""vo-configured"":""success""}"	true	playing	media-63e22e276f	<media-path:c406539999>	15100	0	true	"{""black_screen_risk_reason"":""null"",""blocked_media_count"":0,""consecutive_failures"":0,""current_index"":0,""current_item"":{""alias"":""media-63e22e276f"",""duration_ms"":15100,""offset_ms"":0,""path_alias"":""<media-path:c406539999>"",""started_at_present"":true},""last_poll_error"":""null"",""last_render_error"":""null"",""mpv_running"":true,""next_item"":{""alias"":""media-b04db49d99"",""duration_ms"":15100,""path_alias"":""<media-path:2b030c3c41>""},""playback_state"":""playing"",""playlist_size"":9,""present"":true,""uptime_sec"":418}"
373	399.770	2026-07-10T20:02:42+0000	success		2	<media-path:2b030c3c41>	<media-path:2b030c3c41>	<filename:c617160627>	0.9	15.1	5.960265	false	false	false	27	v4l2request-copy	true	"{""aspect"":0.566038,""dh"":848,""dw"":480,""h"":848,""par"":1.0,""pixelformat"":""nv12"",""rotate"":0,""stereo-in"":""mono"",""w"":480}"	"{""duration"":""success"",""eof-reached"":""success"",""estimated-frame-number"":""success"",""filename"":""success"",""hwdec-current"":""success"",""idle-active"":""success"",""path"":""success"",""pause"":""success"",""percent-pos"":""success"",""time-pos"":""success"",""video-params"":""success"",""vo-configured"":""success""}"	true	playing	media-63e22e276f	<media-path:c406539999>	15100	0	true	"{""black_screen_risk_reason"":""null"",""blocked_media_count"":0,""consecutive_failures"":0,""current_index"":0,""current_item"":{""alias"":""media-63e22e276f"",""duration_ms"":15100,""offset_ms"":0,""path_alias"":""<media-path:c406539999>"",""started_at_present"":true},""last_poll_error"":""null"",""last_render_error"":""null"",""mpv_running"":true,""next_item"":{""alias"":""media-b04db49d99"",""duration_ms"":15100,""path_alias"":""<media-path:2b030c3c41>""},""playback_state"":""playing"",""playlist_size"":9,""present"":true,""uptime_sec"":418}"
374	400.775	2026-07-10T20:02:43+0000	success		2	<media-path:2b030c3c41>	<media-path:2b030c3c41>	<filename:c617160627>	1.9	15.1	12.582781	false	false	false	57	v4l2request-copy	true	"{""aspect"":0.566038,""dh"":848,""dw"":480,""h"":848,""par"":1.0,""pixelformat"":""nv12"",""rotate"":0,""stereo-in"":""mono"",""w"":480}"	"{""duration"":""success"",""eof-reached"":""success"",""estimated-frame-number"":""success"",""filename"":""success"",""hwdec-current"":""success"",""idle-active"":""success"",""path"":""success"",""pause"":""success"",""percent-pos"":""success"",""time-pos"":""success"",""video-params"":""success"",""vo-configured"":""success""}"	true	playing	media-b04db49d99	<media-path:2b030c3c41>	15100	1	true	"{""black_screen_risk_reason"":""null"",""blocked_media_count"":0,""consecutive_failures"":0,""current_index"":1,""current_item"":{""alias"":""media-b04db49d99"",""duration_ms"":15100,""offset_ms"":0,""path_alias"":""<media-path:2b030c3c41>"",""started_at_present"":true},""last_poll_error"":""null"",""last_render_error"":""null"",""mpv_running"":true,""next_item"":{""alias"":""media-8ffdc1f445"",""duration_ms"":14000,""path_alias"":""<media-path:fee4d36eb4>""},""playback_state"":""playing"",""playlist_size"":9,""present"":true,""uptime_sec"":423}"
375	401.779	2026-07-10T20:02:44+0000	success		2	<media-path:2b030c3c41>	<media-path:2b030c3c41>	<filename:c617160627>	2.9	15.1	19.205298	false	false	false	87	v4l2request-copy	true	"{""aspect"":0.566038,""dh"":848,""dw"":480,""h"":848,""par"":1.0,""pixelformat"":""nv12"",""rotate"":0,""stereo-in"":""mono"",""w"":480}"	"{""duration"":""success"",""eof-reached"":""success"",""estimated-frame-number"":""success"",""filename"":""success"",""hwdec-current"":""success"",""idle-active"":""success"",""path"":""success"",""pause"":""success"",""percent-pos"":""success"",""time-pos"":""success"",""video-params"":""success"",""vo-configured"":""success""}"	true	playing	media-b04db49d99	<media-path:2b030c3c41>	15100	1	true	"{""black_screen_risk_reason"":""null"",""blocked_media_count"":0,""consecutive_failures"":0,""current_index"":1,""current_item"":{""alias"":""media-b04db49d99"",""duration_ms"":15100,""offset_ms"":0,""path_alias"":""<media-path:2b030c3c41>"",""started_at_present"":true},""last_poll_error"":""null"",""last_render_error"":""null"",""mpv_running"":true,""next_item"":{""alias"":""media-8ffdc1f445"",""duration_ms"":14000,""path_alias"":""<media-path:fee4d36eb4>""},""playback_state"":""playing"",""playlist_size"":9,""present"":true,""uptime_sec"":423}"
376	402.783	2026-07-10T20:02:45+0000	success		2	<media-path:2b030c3c41>	<media-path:2b030c3c41>	<filename:c617160627>	3.9	15.1	25.827815	false	false	false	117	v4l2request-copy	true	"{""aspect"":0.566038,""dh"":848,""dw"":480,""h"":848,""par"":1.0,""pixelformat"":""nv12"",""rotate"":0,""stereo-in"":""mono"",""w"":480}"	"{""duration"":""success"",""eof-reached"":""success"",""estimated-frame-number"":""success"",""filename"":""success"",""hwdec-current"":""success"",""idle-active"":""success"",""path"":""success"",""pause"":""success"",""percent-pos"":""success"",""time-pos"":""success"",""video-params"":""success"",""vo-configured"":""success""}"	true	playing	media-b04db49d99	<media-path:2b030c3c41>	15100	1	true	"{""black_screen_risk_reason"":""null"",""blocked_media_count"":0,""consecutive_failures"":0,""current_index"":1,""current_item"":{""alias"":""media-b04db49d99"",""duration_ms"":15100,""offset_ms"":0,""path_alias"":""<media-path:2b030c3c41>"",""started_at_present"":true},""last_poll_error"":""null"",""last_render_error"":""null"",""mpv_running"":true,""next_item"":{""alias"":""media-8ffdc1f445"",""duration_ms"":14000,""path_alias"":""<media-path:fee4d36eb4>""},""playback_state"":""playing"",""playlist_size"":9,""present"":true,""uptime_sec"":423}"
377	403.788	2026-07-10T20:02:46+0000	success		7	<media-path:2b030c3c41>	<media-path:2b030c3c41>	<filename:c617160627>	4.9	15.1	32.450331	false	false	false	147	v4l2request-copy	true	"{""aspect"":0.566038,""dh"":848,""dw"":480,""h"":848,""par"":1.0,""pixelformat"":""nv12"",""rotate"":0,""stereo-in"":""mono"",""w"":480}"	"{""duration"":""success"",""eof-reached"":""success"",""estimated-frame-number"":""success"",""filename"":""success"",""hwdec-current"":""success"",""idle-active"":""success"",""path"":""success"",""pause"":""success"",""percent-pos"":""success"",""time-pos"":""success"",""video-params"":""success"",""vo-configured"":""success""}"	true	playing	media-b04db49d99	<media-path:2b030c3c41>	15100	1	true	"{""black_screen_risk_reason"":""null"",""blocked_media_count"":0,""consecutive_failures"":0,""current_index"":1,""current_item"":{""alias"":""media-b04db49d99"",""duration_ms"":15100,""offset_ms"":0,""path_alias"":""<media-path:2b030c3c41>"",""started_at_present"":true},""last_poll_error"":""null"",""last_render_error"":""null"",""mpv_running"":true,""next_item"":{""alias"":""media-8ffdc1f445"",""duration_ms"":14000,""path_alias"":""<media-path:fee4d36eb4>""},""playback_state"":""playing"",""playlist_size"":9,""present"":true,""uptime_sec"":423}"
378	404.798	2026-07-10T20:02:47+0000	success		2	<media-path:2b030c3c41>	<media-path:2b030c3c41>	<filename:c617160627>	5.9	15.1	39.072848	false	false	false	177	v4l2request-copy	true	"{""aspect"":0.566038,""dh"":848,""dw"":480,""h"":848,""par"":1.0,""pixelformat"":""nv12"",""rotate"":0,""stereo-in"":""mono"",""w"":480}"	"{""duration"":""success"",""eof-reached"":""success"",""estimated-frame-number"":""success"",""filename"":""success"",""hwdec-current"":""success"",""idle-active"":""success"",""path"":""success"",""pause"":""success"",""percent-pos"":""success"",""time-pos"":""success"",""video-params"":""success"",""vo-configured"":""success""}"	true	playing	media-b04db49d99	<media-path:2b030c3c41>	15100	1	true	"{""black_screen_risk_reason"":""null"",""blocked_media_count"":0,""consecutive_failures"":0,""current_index"":1,""current_item"":{""alias"":""media-b04db49d99"",""duration_ms"":15100,""offset_ms"":0,""path_alias"":""<media-path:2b030c3c41>"",""started_at_present"":true},""last_poll_error"":""null"",""last_render_error"":""null"",""mpv_running"":true,""next_item"":{""alias"":""media-8ffdc1f445"",""duration_ms"":14000,""path_alias"":""<media-path:fee4d36eb4>""},""playback_state"":""playing"",""playlist_size"":9,""present"":true,""uptime_sec"":423}"
379	405.802	2026-07-10T20:02:48+0000	success		2	<media-path:2b030c3c41>	<media-path:2b030c3c41>	<filename:c617160627>	6.933333	15.1	45.916115	false	false	false	208	v4l2request-copy	true	"{""aspect"":0.566038,""dh"":848,""dw"":480,""h"":848,""par"":1.0,""pixelformat"":""nv12"",""rotate"":0,""stereo-in"":""mono"",""w"":480}"	"{""duration"":""success"",""eof-reached"":""success"",""estimated-frame-number"":""success"",""filename"":""success"",""hwdec-current"":""success"",""idle-active"":""success"",""path"":""success"",""pause"":""success"",""percent-pos"":""success"",""time-pos"":""success"",""video-params"":""success"",""vo-configured"":""success""}"	true	playing	media-b04db49d99	<media-path:2b030c3c41>	15100	1	true	"{""black_screen_risk_reason"":""null"",""blocked_media_count"":0,""consecutive_failures"":0,""current_index"":1,""current_item"":{""alias"":""media-b04db49d99"",""duration_ms"":15100,""offset_ms"":0,""path_alias"":""<media-path:2b030c3c41>"",""started_at_present"":true},""last_poll_error"":""null"",""last_render_error"":""null"",""mpv_running"":true,""next_item"":{""alias"":""media-8ffdc1f445"",""duration_ms"":14000,""path_alias"":""<media-path:fee4d36eb4>""},""playback_state"":""playing"",""playlist_size"":9,""present"":true,""uptime_sec"":428}"
380	406.807	2026-07-10T20:02:49+0000	success		3	<media-path:2b030c3c41>	<media-path:2b030c3c41>	<filename:c617160627>	7.933333	15.1	52.538631	false	false	false	238	v4l2request-copy	true	"{""aspect"":0.566038,""dh"":848,""dw"":480,""h"":848,""par"":1.0,""pixelformat"":""nv12"",""rotate"":0,""stereo-in"":""mono"",""w"":480}"	"{""duration"":""success"",""eof-reached"":""success"",""estimated-frame-number"":""success"",""filename"":""success"",""hwdec-current"":""success"",""idle-active"":""success"",""path"":""success"",""pause"":""success"",""percent-pos"":""success"",""time-pos"":""success"",""video-params"":""success"",""vo-configured"":""success""}"	true	playing	media-b04db49d99	<media-path:2b030c3c41>	15100	1	true	"{""black_screen_risk_reason"":""null"",""blocked_media_count"":0,""consecutive_failures"":0,""current_index"":1,""current_item"":{""alias"":""media-b04db49d99"",""duration_ms"":15100,""offset_ms"":0,""path_alias"":""<media-path:2b030c3c41>"",""started_at_present"":true},""last_poll_error"":""null"",""last_render_error"":""null"",""mpv_running"":true,""next_item"":{""alias"":""media-8ffdc1f445"",""duration_ms"":14000,""path_alias"":""<media-path:fee4d36eb4>""},""playback_state"":""playing"",""playlist_size"":9,""present"":true,""uptime_sec"":428}"
381	407.813	2026-07-10T20:02:50+0000	success		2	<media-path:2b030c3c41>	<media-path:2b030c3c41>	<filename:c617160627>	8.933333	15.1	59.161148	false	false	false	268	v4l2request-copy	true	"{""aspect"":0.566038,""dh"":848,""dw"":480,""h"":848,""par"":1.0,""pixelformat"":""nv12"",""rotate"":0,""stereo-in"":""mono"",""w"":480}"	"{""duration"":""success"",""eof-reached"":""success"",""estimated-frame-number"":""success"",""filename"":""success"",""hwdec-current"":""success"",""idle-active"":""success"",""path"":""success"",""pause"":""success"",""percent-pos"":""success"",""time-pos"":""success"",""video-params"":""success"",""vo-configured"":""success""}"	true	playing	media-b04db49d99	<media-path:2b030c3c41>	15100	1	true	"{""black_screen_risk_reason"":""null"",""blocked_media_count"":0,""consecutive_failures"":0,""current_index"":1,""current_item"":{""alias"":""media-b04db49d99"",""duration_ms"":15100,""offset_ms"":0,""path_alias"":""<media-path:2b030c3c41>"",""started_at_present"":true},""last_poll_error"":""null"",""last_render_error"":""null"",""mpv_running"":true,""next_item"":{""alias"":""media-8ffdc1f445"",""duration_ms"":14000,""path_alias"":""<media-path:fee4d36eb4>""},""playback_state"":""playing"",""playlist_size"":9,""present"":true,""uptime_sec"":428}"
382	408.818	2026-07-10T20:02:51+0000	success		12	<media-path:2b030c3c41>	<media-path:2b030c3c41>	<filename:c617160627>	9.933333	15.1	65.783664	false	false	false	298	v4l2request-copy	true	"{""aspect"":0.566038,""dh"":848,""dw"":480,""h"":848,""par"":1.0,""pixelformat"":""nv12"",""rotate"":0,""stereo-in"":""mono"",""w"":480}"	"{""duration"":""success"",""eof-reached"":""success"",""estimated-frame-number"":""success"",""filename"":""success"",""hwdec-current"":""success"",""idle-active"":""success"",""path"":""success"",""pause"":""success"",""percent-pos"":""success"",""time-pos"":""success"",""video-params"":""success"",""vo-configured"":""success""}"	true	playing	media-b04db49d99	<media-path:2b030c3c41>	15100	1	true	"{""black_screen_risk_reason"":""null"",""blocked_media_count"":0,""consecutive_failures"":0,""current_index"":1,""current_item"":{""alias"":""media-b04db49d99"",""duration_ms"":15100,""offset_ms"":0,""path_alias"":""<media-path:2b030c3c41>"",""started_at_present"":true},""last_poll_error"":""null"",""last_render_error"":""null"",""mpv_running"":true,""next_item"":{""alias"":""media-8ffdc1f445"",""duration_ms"":14000,""path_alias"":""<media-path:fee4d36eb4>""},""playback_state"":""playing"",""playlist_size"":9,""present"":true,""uptime_sec"":428}"
383	409.832	2026-07-10T20:02:52+0000	success		2	<media-path:2b030c3c41>	<media-path:2b030c3c41>	<filename:c617160627>	10.933333	15.1	72.406181	false	false	false	328	v4l2request-copy	true	"{""aspect"":0.566038,""dh"":848,""dw"":480,""h"":848,""par"":1.0,""pixelformat"":""nv12"",""rotate"":0,""stereo-in"":""mono"",""w"":480}"	"{""duration"":""success"",""eof-reached"":""success"",""estimated-frame-number"":""success"",""filename"":""success"",""hwdec-current"":""success"",""idle-active"":""success"",""path"":""success"",""pause"":""success"",""percent-pos"":""success"",""time-pos"":""success"",""video-params"":""success"",""vo-configured"":""success""}"	true	playing	media-b04db49d99	<media-path:2b030c3c41>	15100	1	true	"{""black_screen_risk_reason"":""null"",""blocked_media_count"":0,""consecutive_failures"":0,""current_index"":1,""current_item"":{""alias"":""media-b04db49d99"",""duration_ms"":15100,""offset_ms"":0,""path_alias"":""<media-path:2b030c3c41>"",""started_at_present"":true},""last_poll_error"":""null"",""last_render_error"":""null"",""mpv_running"":true,""next_item"":{""alias"":""media-8ffdc1f445"",""duration_ms"":14000,""path_alias"":""<media-path:fee4d36eb4>""},""playback_state"":""playing"",""playlist_size"":9,""present"":true,""uptime_sec"":428}"
384	410.836	2026-07-10T20:02:53+0000	success		2	<media-path:2b030c3c41>	<media-path:2b030c3c41>	<filename:c617160627>	11.966667	15.1	79.249448	false	false	false	359	v4l2request-copy	true	"{""aspect"":0.566038,""dh"":848,""dw"":480,""h"":848,""par"":1.0,""pixelformat"":""nv12"",""rotate"":0,""stereo-in"":""mono"",""w"":480}"	"{""duration"":""success"",""eof-reached"":""success"",""estimated-frame-number"":""success"",""filename"":""success"",""hwdec-current"":""success"",""idle-active"":""success"",""path"":""success"",""pause"":""success"",""percent-pos"":""success"",""time-pos"":""success"",""video-params"":""success"",""vo-configured"":""success""}"	true	playing	media-b04db49d99	<media-path:2b030c3c41>	15100	1	true	"{""black_screen_risk_reason"":""null"",""blocked_media_count"":0,""consecutive_failures"":0,""current_index"":1,""current_item"":{""alias"":""media-b04db49d99"",""duration_ms"":15100,""offset_ms"":0,""path_alias"":""<media-path:2b030c3c41>"",""started_at_present"":true},""last_poll_error"":""null"",""last_render_error"":""null"",""mpv_running"":true,""next_item"":{""alias"":""media-8ffdc1f445"",""duration_ms"":14000,""path_alias"":""<media-path:fee4d36eb4>""},""playback_state"":""playing"",""playlist_size"":9,""present"":true,""uptime_sec"":433}"
385	411.841	2026-07-10T20:02:54+0000	success		2	<media-path:2b030c3c41>	<media-path:2b030c3c41>	<filename:c617160627>	12.966667	15.1	85.871965	false	false	false	389	v4l2request-copy	true	"{""aspect"":0.566038,""dh"":848,""dw"":480,""h"":848,""par"":1.0,""pixelformat"":""nv12"",""rotate"":0,""stereo-in"":""mono"",""w"":480}"	"{""duration"":""success"",""eof-reached"":""success"",""estimated-frame-number"":""success"",""filename"":""success"",""hwdec-current"":""success"",""idle-active"":""success"",""path"":""success"",""pause"":""success"",""percent-pos"":""success"",""time-pos"":""success"",""video-params"":""success"",""vo-configured"":""success""}"	true	playing	media-b04db49d99	<media-path:2b030c3c41>	15100	1	true	"{""black_screen_risk_reason"":""null"",""blocked_media_count"":0,""consecutive_failures"":0,""current_index"":1,""current_item"":{""alias"":""media-b04db49d99"",""duration_ms"":15100,""offset_ms"":0,""path_alias"":""<media-path:2b030c3c41>"",""started_at_present"":true},""last_poll_error"":""null"",""last_render_error"":""null"",""mpv_running"":true,""next_item"":{""alias"":""media-8ffdc1f445"",""duration_ms"":14000,""path_alias"":""<media-path:fee4d36eb4>""},""playback_state"":""playing"",""playlist_size"":9,""present"":true,""uptime_sec"":433}"
386	412.845	2026-07-10T20:02:55+0000	success		2	<media-path:2b030c3c41>	<media-path:2b030c3c41>	<filename:c617160627>	13.966667	15.1	92.494481	false	false	false	419	v4l2request-copy	true	"{""aspect"":0.566038,""dh"":848,""dw"":480,""h"":848,""par"":1.0,""pixelformat"":""nv12"",""rotate"":0,""stereo-in"":""mono"",""w"":480}"	"{""duration"":""success"",""eof-reached"":""success"",""estimated-frame-number"":""success"",""filename"":""success"",""hwdec-current"":""success"",""idle-active"":""success"",""path"":""success"",""pause"":""success"",""percent-pos"":""success"",""time-pos"":""success"",""video-params"":""success"",""vo-configured"":""success""}"	true	playing	media-b04db49d99	<media-path:2b030c3c41>	15100	1	true	"{""black_screen_risk_reason"":""null"",""blocked_media_count"":0,""consecutive_failures"":0,""current_index"":1,""current_item"":{""alias"":""media-b04db49d99"",""duration_ms"":15100,""offset_ms"":0,""path_alias"":""<media-path:2b030c3c41>"",""started_at_present"":true},""last_poll_error"":""null"",""last_render_error"":""null"",""mpv_running"":true,""next_item"":{""alias"":""media-8ffdc1f445"",""duration_ms"":14000,""path_alias"":""<media-path:fee4d36eb4>""},""playback_state"":""playing"",""playlist_size"":9,""present"":true,""uptime_sec"":433}"
387	413.849	2026-07-10T20:02:56+0000	success		3	<media-path:2b030c3c41>	<media-path:2b030c3c41>	<filename:c617160627>	14.966667	15.1	99.116998	false	false	false	449	v4l2request-copy	true	"{""aspect"":0.566038,""dh"":848,""dw"":480,""h"":848,""par"":1.0,""pixelformat"":""nv12"",""rotate"":0,""stereo-in"":""mono"",""w"":480}"	"{""duration"":""success"",""eof-reached"":""success"",""estimated-frame-number"":""success"",""filename"":""success"",""hwdec-current"":""success"",""idle-active"":""success"",""path"":""success"",""pause"":""success"",""percent-pos"":""success"",""time-pos"":""success"",""video-params"":""success"",""vo-configured"":""success""}"	true	playing	media-b04db49d99	<media-path:2b030c3c41>	15100	1	true	"{""black_screen_risk_reason"":""null"",""blocked_media_count"":0,""consecutive_failures"":0,""current_index"":1,""current_item"":{""alias"":""media-b04db49d99"",""duration_ms"":15100,""offset_ms"":0,""path_alias"":""<media-path:2b030c3c41>"",""started_at_present"":true},""last_poll_error"":""null"",""last_render_error"":""null"",""mpv_running"":true,""next_item"":{""alias"":""media-8ffdc1f445"",""duration_ms"":14000,""path_alias"":""<media-path:fee4d36eb4>""},""playback_state"":""playing"",""playlist_size"":9,""present"":true,""uptime_sec"":433}"
388	414.855	2026-07-10T20:02:57+0000	success		2	<media-path:fee4d36eb4>	<media-path:fee4d36eb4>	<filename:8ba6df5956>	0.633333	14	4.52381	false	false	false	19	v4l2request-copy	true	"{""aspect"":0.557692,""dh"":832,""dw"":464,""h"":832,""par"":1.0,""pixelformat"":""nv12"",""rotate"":0,""stereo-in"":""mono"",""w"":464}"	"{""duration"":""success"",""eof-reached"":""success"",""estimated-frame-number"":""success"",""filename"":""success"",""hwdec-current"":""success"",""idle-active"":""success"",""path"":""success"",""pause"":""success"",""percent-pos"":""success"",""time-pos"":""success"",""video-params"":""success"",""vo-configured"":""success""}"	true	playing	media-b04db49d99	<media-path:2b030c3c41>	15100	1	true	"{""black_screen_risk_reason"":""null"",""blocked_media_count"":0,""consecutive_failures"":0,""current_index"":1,""current_item"":{""alias"":""media-b04db49d99"",""duration_ms"":15100,""offset_ms"":0,""path_alias"":""<media-path:2b030c3c41>"",""started_at_present"":true},""last_poll_error"":""null"",""last_render_error"":""null"",""mpv_running"":true,""next_item"":{""alias"":""media-8ffdc1f445"",""duration_ms"":14000,""path_alias"":""<media-path:fee4d36eb4>""},""playback_state"":""playing"",""playlist_size"":9,""present"":true,""uptime_sec"":433}"
389	415.859	2026-07-10T20:02:58+0000	success		3	<media-path:fee4d36eb4>	<media-path:fee4d36eb4>	<filename:8ba6df5956>	1.633333	14	11.666667	false	false	false	49	v4l2request-copy	true	"{""aspect"":0.557692,""dh"":832,""dw"":464,""h"":832,""par"":1.0,""pixelformat"":""nv12"",""rotate"":0,""stereo-in"":""mono"",""w"":464}"	"{""duration"":""success"",""eof-reached"":""success"",""estimated-frame-number"":""success"",""filename"":""success"",""hwdec-current"":""success"",""idle-active"":""success"",""path"":""success"",""pause"":""success"",""percent-pos"":""success"",""time-pos"":""success"",""video-params"":""success"",""vo-configured"":""success""}"	true	playing	media-8ffdc1f445	<media-path:fee4d36eb4>	14000	2	true	"{""black_screen_risk_reason"":""null"",""blocked_media_count"":0,""consecutive_failures"":0,""current_index"":2,""current_item"":{""alias"":""media-8ffdc1f445"",""duration_ms"":14000,""offset_ms"":0,""path_alias"":""<media-path:fee4d36eb4>"",""started_at_present"":true},""last_poll_error"":""null"",""last_render_error"":""null"",""mpv_running"":true,""next_item"":{""alias"":""media-907addee8b"",""duration_ms"":30800,""path_alias"":""<media-path:c58db4e1cc>""},""playback_state"":""playing"",""playlist_size"":9,""present"":true,""uptime_sec"":438}"
390	416.865	2026-07-10T20:02:59+0000	success		3	<media-path:fee4d36eb4>	<media-path:fee4d36eb4>	<filename:8ba6df5956>	2.633333	14	18.809524	false	false	false	79	v4l2request-copy	true	"{""aspect"":0.557692,""dh"":832,""dw"":464,""h"":832,""par"":1.0,""pixelformat"":""nv12"",""rotate"":0,""stereo-in"":""mono"",""w"":464}"	"{""duration"":""success"",""eof-reached"":""success"",""estimated-frame-number"":""success"",""filename"":""success"",""hwdec-current"":""success"",""idle-active"":""success"",""path"":""success"",""pause"":""success"",""percent-pos"":""success"",""time-pos"":""success"",""video-params"":""success"",""vo-configured"":""success""}"	true	playing	media-8ffdc1f445	<media-path:fee4d36eb4>	14000	2	true	"{""black_screen_risk_reason"":""null"",""blocked_media_count"":0,""consecutive_failures"":0,""current_index"":2,""current_item"":{""alias"":""media-8ffdc1f445"",""duration_ms"":14000,""offset_ms"":0,""path_alias"":""<media-path:fee4d36eb4>"",""started_at_present"":true},""last_poll_error"":""null"",""last_render_error"":""null"",""mpv_running"":true,""next_item"":{""alias"":""media-907addee8b"",""duration_ms"":30800,""path_alias"":""<media-path:c58db4e1cc>""},""playback_state"":""playing"",""playlist_size"":9,""present"":true,""uptime_sec"":438}"
391	417.871	2026-07-10T20:03:00+0000	success		2	<media-path:fee4d36eb4>	<media-path:fee4d36eb4>	<filename:8ba6df5956>	3.666667	14	26.190476	false	false	false	110	v4l2request-copy	true	"{""aspect"":0.557692,""dh"":832,""dw"":464,""h"":832,""par"":1.0,""pixelformat"":""nv12"",""rotate"":0,""stereo-in"":""mono"",""w"":464}"	"{""duration"":""success"",""eof-reached"":""success"",""estimated-frame-number"":""success"",""filename"":""success"",""hwdec-current"":""success"",""idle-active"":""success"",""path"":""success"",""pause"":""success"",""percent-pos"":""success"",""time-pos"":""success"",""video-params"":""success"",""vo-configured"":""success""}"	true	playing	media-8ffdc1f445	<media-path:fee4d36eb4>	14000	2	true	"{""black_screen_risk_reason"":""null"",""blocked_media_count"":0,""consecutive_failures"":0,""current_index"":2,""current_item"":{""alias"":""media-8ffdc1f445"",""duration_ms"":14000,""offset_ms"":0,""path_alias"":""<media-path:fee4d36eb4>"",""started_at_present"":true},""last_poll_error"":""null"",""last_render_error"":""null"",""mpv_running"":true,""next_item"":{""alias"":""media-907addee8b"",""duration_ms"":30800,""path_alias"":""<media-path:c58db4e1cc>""},""playback_state"":""playing"",""playlist_size"":9,""present"":true,""uptime_sec"":438}"
392	418.876	2026-07-10T20:03:01+0000	success		2	<media-path:fee4d36eb4>	<media-path:fee4d36eb4>	<filename:8ba6df5956>	4.666667	14	33.333333	false	false	false	140	v4l2request-copy	true	"{""aspect"":0.557692,""dh"":832,""dw"":464,""h"":832,""par"":1.0,""pixelformat"":""nv12"",""rotate"":0,""stereo-in"":""mono"",""w"":464}"	"{""duration"":""success"",""eof-reached"":""success"",""estimated-frame-number"":""success"",""filename"":""success"",""hwdec-current"":""success"",""idle-active"":""success"",""path"":""success"",""pause"":""success"",""percent-pos"":""success"",""time-pos"":""success"",""video-params"":""success"",""vo-configured"":""success""}"	true	playing	media-8ffdc1f445	<media-path:fee4d36eb4>	14000	2	true	"{""black_screen_risk_reason"":""null"",""blocked_media_count"":0,""consecutive_failures"":0,""current_index"":2,""current_item"":{""alias"":""media-8ffdc1f445"",""duration_ms"":14000,""offset_ms"":0,""path_alias"":""<media-path:fee4d36eb4>"",""started_at_present"":true},""last_poll_error"":""null"",""last_render_error"":""null"",""mpv_running"":true,""next_item"":{""alias"":""media-907addee8b"",""duration_ms"":30800,""path_alias"":""<media-path:c58db4e1cc>""},""playback_state"":""playing"",""playlist_size"":9,""present"":true,""uptime_sec"":438}"
393	419.880	2026-07-10T20:03:02+0000	success		2	<media-path:fee4d36eb4>	<media-path:fee4d36eb4>	<filename:8ba6df5956>	5.666667	14	40.47619	false	false	false	170	v4l2request-copy	true	"{""aspect"":0.557692,""dh"":832,""dw"":464,""h"":832,""par"":1.0,""pixelformat"":""nv12"",""rotate"":0,""stereo-in"":""mono"",""w"":464}"	"{""duration"":""success"",""eof-reached"":""success"",""estimated-frame-number"":""success"",""filename"":""success"",""hwdec-current"":""success"",""idle-active"":""success"",""path"":""success"",""pause"":""success"",""percent-pos"":""success"",""time-pos"":""success"",""video-params"":""success"",""vo-configured"":""success""}"	true	playing	media-8ffdc1f445	<media-path:fee4d36eb4>	14000	2	true	"{""black_screen_risk_reason"":""null"",""blocked_media_count"":0,""consecutive_failures"":0,""current_index"":2,""current_item"":{""alias"":""media-8ffdc1f445"",""duration_ms"":14000,""offset_ms"":0,""path_alias"":""<media-path:fee4d36eb4>"",""started_at_present"":true},""last_poll_error"":""null"",""last_render_error"":""null"",""mpv_running"":true,""next_item"":{""alias"":""media-907addee8b"",""duration_ms"":30800,""path_alias"":""<media-path:c58db4e1cc>""},""playback_state"":""playing"",""playlist_size"":9,""present"":true,""uptime_sec"":438}"
394	420.885	2026-07-10T20:03:03+0000	success		2	<media-path:fee4d36eb4>	<media-path:fee4d36eb4>	<filename:8ba6df5956>	6.666667	14	47.619048	false	false	false	200	v4l2request-copy	true	"{""aspect"":0.557692,""dh"":832,""dw"":464,""h"":832,""par"":1.0,""pixelformat"":""nv12"",""rotate"":0,""stereo-in"":""mono"",""w"":464}"	"{""duration"":""success"",""eof-reached"":""success"",""estimated-frame-number"":""success"",""filename"":""success"",""hwdec-current"":""success"",""idle-active"":""success"",""path"":""success"",""pause"":""success"",""percent-pos"":""success"",""time-pos"":""success"",""video-params"":""success"",""vo-configured"":""success""}"	true	playing	media-8ffdc1f445	<media-path:fee4d36eb4>	14000	2	true	"{""black_screen_risk_reason"":""null"",""blocked_media_count"":0,""consecutive_failures"":0,""current_index"":2,""current_item"":{""alias"":""media-8ffdc1f445"",""duration_ms"":14000,""offset_ms"":0,""path_alias"":""<media-path:fee4d36eb4>"",""started_at_present"":true},""last_poll_error"":""null"",""last_render_error"":""null"",""mpv_running"":true,""next_item"":{""alias"":""media-907addee8b"",""duration_ms"":30800,""path_alias"":""<media-path:c58db4e1cc>""},""playback_state"":""playing"",""playlist_size"":9,""present"":true,""uptime_sec"":443}"
395	421.890	2026-07-10T20:03:04+0000	success		7	<media-path:fee4d36eb4>	<media-path:fee4d36eb4>	<filename:8ba6df5956>	7.666667	14	54.761905	false	false	false	230	v4l2request-copy	true	"{""aspect"":0.557692,""dh"":832,""dw"":464,""h"":832,""par"":1.0,""pixelformat"":""nv12"",""rotate"":0,""stereo-in"":""mono"",""w"":464}"	"{""duration"":""success"",""eof-reached"":""success"",""estimated-frame-number"":""success"",""filename"":""success"",""hwdec-current"":""success"",""idle-active"":""success"",""path"":""success"",""pause"":""success"",""percent-pos"":""success"",""time-pos"":""success"",""video-params"":""success"",""vo-configured"":""success""}"	true	playing	media-8ffdc1f445	<media-path:fee4d36eb4>	14000	2	true	"{""black_screen_risk_reason"":""null"",""blocked_media_count"":0,""consecutive_failures"":0,""current_index"":2,""current_item"":{""alias"":""media-8ffdc1f445"",""duration_ms"":14000,""offset_ms"":0,""path_alias"":""<media-path:fee4d36eb4>"",""started_at_present"":true},""last_poll_error"":""null"",""last_render_error"":""null"",""mpv_running"":true,""next_item"":{""alias"":""media-907addee8b"",""duration_ms"":30800,""path_alias"":""<media-path:c58db4e1cc>""},""playback_state"":""playing"",""playlist_size"":9,""present"":true,""uptime_sec"":443}"
396	422.900	2026-07-10T20:03:05+0000	success		2	<media-path:fee4d36eb4>	<media-path:fee4d36eb4>	<filename:8ba6df5956>	8.666667	14	61.904762	false	false	false	260	v4l2request-copy	true	"{""aspect"":0.557692,""dh"":832,""dw"":464,""h"":832,""par"":1.0,""pixelformat"":""nv12"",""rotate"":0,""stereo-in"":""mono"",""w"":464}"	"{""duration"":""success"",""eof-reached"":""success"",""estimated-frame-number"":""success"",""filename"":""success"",""hwdec-current"":""success"",""idle-active"":""success"",""path"":""success"",""pause"":""success"",""percent-pos"":""success"",""time-pos"":""success"",""video-params"":""success"",""vo-configured"":""success""}"	true	playing	media-8ffdc1f445	<media-path:fee4d36eb4>	14000	2	true	"{""black_screen_risk_reason"":""null"",""blocked_media_count"":0,""consecutive_failures"":0,""current_index"":2,""current_item"":{""alias"":""media-8ffdc1f445"",""duration_ms"":14000,""offset_ms"":0,""path_alias"":""<media-path:fee4d36eb4>"",""started_at_present"":true},""last_poll_error"":""null"",""last_render_error"":""null"",""mpv_running"":true,""next_item"":{""alias"":""media-907addee8b"",""duration_ms"":30800,""path_alias"":""<media-path:c58db4e1cc>""},""playback_state"":""playing"",""playlist_size"":9,""present"":true,""uptime_sec"":443}"
397	423.904	2026-07-10T20:03:06+0000	success		2	<media-path:fee4d36eb4>	<media-path:fee4d36eb4>	<filename:8ba6df5956>	9.7	14	69.285714	false	false	false	291	v4l2request-copy	true	"{""aspect"":0.557692,""dh"":832,""dw"":464,""h"":832,""par"":1.0,""pixelformat"":""nv12"",""rotate"":0,""stereo-in"":""mono"",""w"":464}"	"{""duration"":""success"",""eof-reached"":""success"",""estimated-frame-number"":""success"",""filename"":""success"",""hwdec-current"":""success"",""idle-active"":""success"",""path"":""success"",""pause"":""success"",""percent-pos"":""success"",""time-pos"":""success"",""video-params"":""success"",""vo-configured"":""success""}"	true	playing	media-8ffdc1f445	<media-path:fee4d36eb4>	14000	2	true	"{""black_screen_risk_reason"":""null"",""blocked_media_count"":0,""consecutive_failures"":0,""current_index"":2,""current_item"":{""alias"":""media-8ffdc1f445"",""duration_ms"":14000,""offset_ms"":0,""path_alias"":""<media-path:fee4d36eb4>"",""started_at_present"":true},""last_poll_error"":""null"",""last_render_error"":""null"",""mpv_running"":true,""next_item"":{""alias"":""media-907addee8b"",""duration_ms"":30800,""path_alias"":""<media-path:c58db4e1cc>""},""playback_state"":""playing"",""playlist_size"":9,""present"":true,""uptime_sec"":443}"
398	424.908	2026-07-10T20:03:07+0000	success		2	<media-path:fee4d36eb4>	<media-path:fee4d36eb4>	<filename:8ba6df5956>	10.7	14	76.428571	false	false	false	321	v4l2request-copy	true	"{""aspect"":0.557692,""dh"":832,""dw"":464,""h"":832,""par"":1.0,""pixelformat"":""nv12"",""rotate"":0,""stereo-in"":""mono"",""w"":464}"	"{""duration"":""success"",""eof-reached"":""success"",""estimated-frame-number"":""success"",""filename"":""success"",""hwdec-current"":""success"",""idle-active"":""success"",""path"":""success"",""pause"":""success"",""percent-pos"":""success"",""time-pos"":""success"",""video-params"":""success"",""vo-configured"":""success""}"	true	playing	media-8ffdc1f445	<media-path:fee4d36eb4>	14000	2	true	"{""black_screen_risk_reason"":""null"",""blocked_media_count"":0,""consecutive_failures"":0,""current_index"":2,""current_item"":{""alias"":""media-8ffdc1f445"",""duration_ms"":14000,""offset_ms"":0,""path_alias"":""<media-path:fee4d36eb4>"",""started_at_present"":true},""last_poll_error"":""null"",""last_render_error"":""null"",""mpv_running"":true,""next_item"":{""alias"":""media-907addee8b"",""duration_ms"":30800,""path_alias"":""<media-path:c58db4e1cc>""},""playback_state"":""playing"",""playlist_size"":9,""present"":true,""uptime_sec"":443}"
399	425.913	2026-07-10T20:03:08+0000	success		12	<media-path:fee4d36eb4>	<media-path:fee4d36eb4>	<filename:8ba6df5956>	11.7	14	83.571429	false	false	false	351	v4l2request-copy	true	"{""aspect"":0.557692,""dh"":832,""dw"":464,""h"":832,""par"":1.0,""pixelformat"":""nv12"",""rotate"":0,""stereo-in"":""mono"",""w"":464}"	"{""duration"":""success"",""eof-reached"":""success"",""estimated-frame-number"":""success"",""filename"":""success"",""hwdec-current"":""success"",""idle-active"":""success"",""path"":""success"",""pause"":""success"",""percent-pos"":""success"",""time-pos"":""success"",""video-params"":""success"",""vo-configured"":""success""}"	true	playing	media-8ffdc1f445	<media-path:fee4d36eb4>	14000	2	true	"{""black_screen_risk_reason"":""null"",""blocked_media_count"":0,""consecutive_failures"":0,""current_index"":2,""current_item"":{""alias"":""media-8ffdc1f445"",""duration_ms"":14000,""offset_ms"":0,""path_alias"":""<media-path:fee4d36eb4>"",""started_at_present"":true},""last_poll_error"":""null"",""last_render_error"":""null"",""mpv_running"":true,""next_item"":{""alias"":""media-907addee8b"",""duration_ms"":30800,""path_alias"":""<media-path:c58db4e1cc>""},""playback_state"":""playing"",""playlist_size"":9,""present"":true,""uptime_sec"":448}"
400	426.928	2026-07-10T20:03:10+0000	success		2	<media-path:fee4d36eb4>	<media-path:fee4d36eb4>	<filename:8ba6df5956>	12.7	14	90.714286	false	false	false	381	v4l2request-copy	true	"{""aspect"":0.557692,""dh"":832,""dw"":464,""h"":832,""par"":1.0,""pixelformat"":""nv12"",""rotate"":0,""stereo-in"":""mono"",""w"":464}"	"{""duration"":""success"",""eof-reached"":""success"",""estimated-frame-number"":""success"",""filename"":""success"",""hwdec-current"":""success"",""idle-active"":""success"",""path"":""success"",""pause"":""success"",""percent-pos"":""success"",""time-pos"":""success"",""video-params"":""success"",""vo-configured"":""success""}"	true	playing	media-8ffdc1f445	<media-path:fee4d36eb4>	14000	2	true	"{""black_screen_risk_reason"":""null"",""blocked_media_count"":0,""consecutive_failures"":0,""current_index"":2,""current_item"":{""alias"":""media-8ffdc1f445"",""duration_ms"":14000,""offset_ms"":0,""path_alias"":""<media-path:fee4d36eb4>"",""started_at_present"":true},""last_poll_error"":""null"",""last_render_error"":""null"",""mpv_running"":true,""next_item"":{""alias"":""media-907addee8b"",""duration_ms"":30800,""path_alias"":""<media-path:c58db4e1cc>""},""playback_state"":""playing"",""playlist_size"":9,""present"":true,""uptime_sec"":448}"
401	427.932	2026-07-10T20:03:11+0000	success		2	<media-path:fee4d36eb4>	<media-path:fee4d36eb4>	<filename:8ba6df5956>	13.7	14	97.857143	false	false	false	411	v4l2request-copy	true	"{""aspect"":0.557692,""dh"":832,""dw"":464,""h"":832,""par"":1.0,""pixelformat"":""nv12"",""rotate"":0,""stereo-in"":""mono"",""w"":464}"	"{""duration"":""success"",""eof-reached"":""success"",""estimated-frame-number"":""success"",""filename"":""success"",""hwdec-current"":""success"",""idle-active"":""success"",""path"":""success"",""pause"":""success"",""percent-pos"":""success"",""time-pos"":""success"",""video-params"":""success"",""vo-configured"":""success""}"	true	playing	media-8ffdc1f445	<media-path:fee4d36eb4>	14000	2	true	"{""black_screen_risk_reason"":""null"",""blocked_media_count"":0,""consecutive_failures"":0,""current_index"":2,""current_item"":{""alias"":""media-8ffdc1f445"",""duration_ms"":14000,""offset_ms"":0,""path_alias"":""<media-path:fee4d36eb4>"",""started_at_present"":true},""last_poll_error"":""null"",""last_render_error"":""null"",""mpv_running"":true,""next_item"":{""alias"":""media-907addee8b"",""duration_ms"":30800,""path_alias"":""<media-path:c58db4e1cc>""},""playback_state"":""playing"",""playlist_size"":9,""present"":true,""uptime_sec"":448}"
402	428.936	2026-07-10T20:03:12+0000	success		2	<media-path:c58db4e1cc>	<media-path:c58db4e1cc>	<filename:9b95323d7d>	0.625625	30.805333	2.030898	false	false	false	15	v4l2request-copy	true	"{""aspect"":0.5625,""dh"":640,""dw"":360,""h"":640,""par"":1.0,""pixelformat"":""nv12"",""rotate"":0,""stereo-in"":""mono"",""w"":360}"	"{""duration"":""success"",""eof-reached"":""success"",""estimated-frame-number"":""success"",""filename"":""success"",""hwdec-current"":""success"",""idle-active"":""success"",""path"":""success"",""pause"":""success"",""percent-pos"":""success"",""time-pos"":""success"",""video-params"":""success"",""vo-configured"":""success""}"	true	playing	media-8ffdc1f445	<media-path:fee4d36eb4>	14000	2	true	"{""black_screen_risk_reason"":""null"",""blocked_media_count"":0,""consecutive_failures"":0,""current_index"":2,""current_item"":{""alias"":""media-8ffdc1f445"",""duration_ms"":14000,""offset_ms"":0,""path_alias"":""<media-path:fee4d36eb4>"",""started_at_present"":true},""last_poll_error"":""null"",""last_render_error"":""null"",""mpv_running"":true,""next_item"":{""alias"":""media-907addee8b"",""duration_ms"":30800,""path_alias"":""<media-path:c58db4e1cc>""},""playback_state"":""playing"",""playlist_size"":9,""present"":true,""uptime_sec"":448}"
403	429.940	2026-07-10T20:03:13+0000	success		2	<media-path:c58db4e1cc>	<media-path:c58db4e1cc>	<filename:9b95323d7d>	1.626625	30.805333	5.280336	false	false	false	39	v4l2request-copy	true	"{""aspect"":0.5625,""dh"":640,""dw"":360,""h"":640,""par"":1.0,""pixelformat"":""nv12"",""rotate"":0,""stereo-in"":""mono"",""w"":360}"	"{""duration"":""success"",""eof-reached"":""success"",""estimated-frame-number"":""success"",""filename"":""success"",""hwdec-current"":""success"",""idle-active"":""success"",""path"":""success"",""pause"":""success"",""percent-pos"":""success"",""time-pos"":""success"",""video-params"":""success"",""vo-configured"":""success""}"	true	playing	media-8ffdc1f445	<media-path:fee4d36eb4>	14000	2	true	"{""black_screen_risk_reason"":""null"",""blocked_media_count"":0,""consecutive_failures"":0,""current_index"":2,""current_item"":{""alias"":""media-8ffdc1f445"",""duration_ms"":14000,""offset_ms"":0,""path_alias"":""<media-path:fee4d36eb4>"",""started_at_present"":true},""last_poll_error"":""null"",""last_render_error"":""null"",""mpv_running"":true,""next_item"":{""alias"":""media-907addee8b"",""duration_ms"":30800,""path_alias"":""<media-path:c58db4e1cc>""},""playback_state"":""playing"",""playlist_size"":9,""present"":true,""uptime_sec"":448}"
404	430.944	2026-07-10T20:03:14+0000	success		5	<media-path:c58db4e1cc>	<media-path:c58db4e1cc>	<filename:9b95323d7d>	2.627625	30.805333	8.529773	false	false	false	63	v4l2request-copy	true	"{""aspect"":0.5625,""dh"":640,""dw"":360,""h"":640,""par"":1.0,""pixelformat"":""nv12"",""rotate"":0,""stereo-in"":""mono"",""w"":360}"	"{""duration"":""success"",""eof-reached"":""success"",""estimated-frame-number"":""success"",""filename"":""success"",""hwdec-current"":""success"",""idle-active"":""success"",""path"":""success"",""pause"":""success"",""percent-pos"":""success"",""time-pos"":""success"",""video-params"":""success"",""vo-configured"":""success""}"	true	playing	media-907addee8b	<media-path:c58db4e1cc>	30800	3	true	"{""black_screen_risk_reason"":""null"",""blocked_media_count"":0,""consecutive_failures"":0,""current_index"":3,""current_item"":{""alias"":""media-907addee8b"",""duration_ms"":30800,""offset_ms"":0,""path_alias"":""<media-path:c58db4e1cc>"",""started_at_present"":true},""last_poll_error"":""null"",""last_render_error"":""null"",""mpv_running"":true,""next_item"":{""alias"":""media-8e4d41f6c2"",""duration_ms"":7200,""path_alias"":""<media-path:3662a4e886>""},""playback_state"":""playing"",""playlist_size"":9,""present"":true,""uptime_sec"":453}"
405	431.952	2026-07-10T20:03:15+0000	success		2	<media-path:c58db4e1cc>	<media-path:c58db4e1cc>	<filename:9b95323d7d>	3.628625	30.805333	11.77921	false	false	false	87	v4l2request-copy	true	"{""aspect"":0.5625,""dh"":640,""dw"":360,""h"":640,""par"":1.0,""pixelformat"":""nv12"",""rotate"":0,""stereo-in"":""mono"",""w"":360}"	"{""duration"":""success"",""eof-reached"":""success"",""estimated-frame-number"":""success"",""filename"":""success"",""hwdec-current"":""success"",""idle-active"":""success"",""path"":""success"",""pause"":""success"",""percent-pos"":""success"",""time-pos"":""success"",""video-params"":""success"",""vo-configured"":""success""}"	true	playing	media-907addee8b	<media-path:c58db4e1cc>	30800	3	true	"{""black_screen_risk_reason"":""null"",""blocked_media_count"":0,""consecutive_failures"":0,""current_index"":3,""current_item"":{""alias"":""media-907addee8b"",""duration_ms"":30800,""offset_ms"":0,""path_alias"":""<media-path:c58db4e1cc>"",""started_at_present"":true},""last_poll_error"":""null"",""last_render_error"":""null"",""mpv_running"":true,""next_item"":{""alias"":""media-8e4d41f6c2"",""duration_ms"":7200,""path_alias"":""<media-path:3662a4e886>""},""playback_state"":""playing"",""playlist_size"":9,""present"":true,""uptime_sec"":453}"
406	432.956	2026-07-10T20:03:16+0000	success		3	<media-path:c58db4e1cc>	<media-path:c58db4e1cc>	<filename:9b95323d7d>	4.629625	30.805333	15.028648	false	false	false	111	v4l2request-copy	true	"{""aspect"":0.5625,""dh"":640,""dw"":360,""h"":640,""par"":1.0,""pixelformat"":""nv12"",""rotate"":0,""stereo-in"":""mono"",""w"":360}"	"{""duration"":""success"",""eof-reached"":""success"",""estimated-frame-number"":""success"",""filename"":""success"",""hwdec-current"":""success"",""idle-active"":""success"",""path"":""success"",""pause"":""success"",""percent-pos"":""success"",""time-pos"":""success"",""video-params"":""success"",""vo-configured"":""success""}"	true	playing	media-907addee8b	<media-path:c58db4e1cc>	30800	3	true	"{""black_screen_risk_reason"":""null"",""blocked_media_count"":0,""consecutive_failures"":0,""current_index"":3,""current_item"":{""alias"":""media-907addee8b"",""duration_ms"":30800,""offset_ms"":0,""path_alias"":""<media-path:c58db4e1cc>"",""started_at_present"":true},""last_poll_error"":""null"",""last_render_error"":""null"",""mpv_running"":true,""next_item"":{""alias"":""media-8e4d41f6c2"",""duration_ms"":7200,""path_alias"":""<media-path:3662a4e886>""},""playback_state"":""playing"",""playlist_size"":9,""present"":true,""uptime_sec"":453}"
407	433.962	2026-07-10T20:03:17+0000	success		2	<media-path:c58db4e1cc>	<media-path:c58db4e1cc>	<filename:9b95323d7d>	5.630625	30.805333	18.278085	false	false	false	135	v4l2request-copy	true	"{""aspect"":0.5625,""dh"":640,""dw"":360,""h"":640,""par"":1.0,""pixelformat"":""nv12"",""rotate"":0,""stereo-in"":""mono"",""w"":360}"	"{""duration"":""success"",""eof-reached"":""success"",""estimated-frame-number"":""success"",""filename"":""success"",""hwdec-current"":""success"",""idle-active"":""success"",""path"":""success"",""pause"":""success"",""percent-pos"":""success"",""time-pos"":""success"",""video-params"":""success"",""vo-configured"":""success""}"	true	playing	media-907addee8b	<media-path:c58db4e1cc>	30800	3	true	"{""black_screen_risk_reason"":""null"",""blocked_media_count"":0,""consecutive_failures"":0,""current_index"":3,""current_item"":{""alias"":""media-907addee8b"",""duration_ms"":30800,""offset_ms"":0,""path_alias"":""<media-path:c58db4e1cc>"",""started_at_present"":true},""last_poll_error"":""null"",""last_render_error"":""null"",""mpv_running"":true,""next_item"":{""alias"":""media-8e4d41f6c2"",""duration_ms"":7200,""path_alias"":""<media-path:3662a4e886>""},""playback_state"":""playing"",""playlist_size"":9,""present"":true,""uptime_sec"":453}"
408	434.965	2026-07-10T20:03:18+0000	success		2	<media-path:c58db4e1cc>	<media-path:c58db4e1cc>	<filename:9b95323d7d>	6.631625	30.805333	21.527522	false	false	false	159	v4l2request-copy	true	"{""aspect"":0.5625,""dh"":640,""dw"":360,""h"":640,""par"":1.0,""pixelformat"":""nv12"",""rotate"":0,""stereo-in"":""mono"",""w"":360}"	"{""duration"":""success"",""eof-reached"":""success"",""estimated-frame-number"":""success"",""filename"":""success"",""hwdec-current"":""success"",""idle-active"":""success"",""path"":""success"",""pause"":""success"",""percent-pos"":""success"",""time-pos"":""success"",""video-params"":""success"",""vo-configured"":""success""}"	true	playing	media-907addee8b	<media-path:c58db4e1cc>	30800	3	true	"{""black_screen_risk_reason"":""null"",""blocked_media_count"":0,""consecutive_failures"":0,""current_index"":3,""current_item"":{""alias"":""media-907addee8b"",""duration_ms"":30800,""offset_ms"":0,""path_alias"":""<media-path:c58db4e1cc>"",""started_at_present"":true},""last_poll_error"":""null"",""last_render_error"":""null"",""mpv_running"":true,""next_item"":{""alias"":""media-8e4d41f6c2"",""duration_ms"":7200,""path_alias"":""<media-path:3662a4e886>""},""playback_state"":""playing"",""playlist_size"":9,""present"":true,""uptime_sec"":453}"
409	435.969	2026-07-10T20:03:19+0000	success		2	<media-path:c58db4e1cc>	<media-path:c58db4e1cc>	<filename:9b95323d7d>	7.632625	30.805333	24.77696	false	false	false	183	v4l2request-copy	true	"{""aspect"":0.5625,""dh"":640,""dw"":360,""h"":640,""par"":1.0,""pixelformat"":""nv12"",""rotate"":0,""stereo-in"":""mono"",""w"":360}"	"{""duration"":""success"",""eof-reached"":""success"",""estimated-frame-number"":""success"",""filename"":""success"",""hwdec-current"":""success"",""idle-active"":""success"",""path"":""success"",""pause"":""success"",""percent-pos"":""success"",""time-pos"":""success"",""video-params"":""success"",""vo-configured"":""success""}"	true	playing	media-907addee8b	<media-path:c58db4e1cc>	30800	3	true	"{""black_screen_risk_reason"":""null"",""blocked_media_count"":0,""consecutive_failures"":0,""current_index"":3,""current_item"":{""alias"":""media-907addee8b"",""duration_ms"":30800,""offset_ms"":0,""path_alias"":""<media-path:c58db4e1cc>"",""started_at_present"":true},""last_poll_error"":""null"",""last_render_error"":""null"",""mpv_running"":true,""next_item"":{""alias"":""media-8e4d41f6c2"",""duration_ms"":7200,""path_alias"":""<media-path:3662a4e886>""},""playback_state"":""playing"",""playlist_size"":9,""present"":true,""uptime_sec"":458}"
410	436.973	2026-07-10T20:03:20+0000	success		2	<media-path:c58db4e1cc>	<media-path:c58db4e1cc>	<filename:9b95323d7d>	8.633625	30.805333	28.026397	false	false	false	207	v4l2request-copy	true	"{""aspect"":0.5625,""dh"":640,""dw"":360,""h"":640,""par"":1.0,""pixelformat"":""nv12"",""rotate"":0,""stereo-in"":""mono"",""w"":360}"	"{""duration"":""success"",""eof-reached"":""success"",""estimated-frame-number"":""success"",""filename"":""success"",""hwdec-current"":""success"",""idle-active"":""success"",""path"":""success"",""pause"":""success"",""percent-pos"":""success"",""time-pos"":""success"",""video-params"":""success"",""vo-configured"":""success""}"	true	playing	media-907addee8b	<media-path:c58db4e1cc>	30800	3	true	"{""black_screen_risk_reason"":""null"",""blocked_media_count"":0,""consecutive_failures"":0,""current_index"":3,""current_item"":{""alias"":""media-907addee8b"",""duration_ms"":30800,""offset_ms"":0,""path_alias"":""<media-path:c58db4e1cc>"",""started_at_present"":true},""last_poll_error"":""null"",""last_render_error"":""null"",""mpv_running"":true,""next_item"":{""alias"":""media-8e4d41f6c2"",""duration_ms"":7200,""path_alias"":""<media-path:3662a4e886>""},""playback_state"":""playing"",""playlist_size"":9,""present"":true,""uptime_sec"":458}"
411	437.977	2026-07-10T20:03:21+0000	success		2	<media-path:c58db4e1cc>	<media-path:c58db4e1cc>	<filename:9b95323d7d>	9.634625	30.805333	31.275834	false	false	false	231	v4l2request-copy	true	"{""aspect"":0.5625,""dh"":640,""dw"":360,""h"":640,""par"":1.0,""pixelformat"":""nv12"",""rotate"":0,""stereo-in"":""mono"",""w"":360}"	"{""duration"":""success"",""eof-reached"":""success"",""estimated-frame-number"":""success"",""filename"":""success"",""hwdec-current"":""success"",""idle-active"":""success"",""path"":""success"",""pause"":""success"",""percent-pos"":""success"",""time-pos"":""success"",""video-params"":""success"",""vo-configured"":""success""}"	true	playing	media-907addee8b	<media-path:c58db4e1cc>	30800	3	true	"{""black_screen_risk_reason"":""null"",""blocked_media_count"":0,""consecutive_failures"":0,""current_index"":3,""current_item"":{""alias"":""media-907addee8b"",""duration_ms"":30800,""offset_ms"":0,""path_alias"":""<media-path:c58db4e1cc>"",""started_at_present"":true},""last_poll_error"":""null"",""last_render_error"":""null"",""mpv_running"":true,""next_item"":{""alias"":""media-8e4d41f6c2"",""duration_ms"":7200,""path_alias"":""<media-path:3662a4e886>""},""playback_state"":""playing"",""playlist_size"":9,""present"":true,""uptime_sec"":458}"
412	438.982	2026-07-10T20:03:22+0000	success		2	<media-path:c58db4e1cc>	<media-path:c58db4e1cc>	<filename:9b95323d7d>	10.635625	30.805333	34.525272	false	false	false	255	v4l2request-copy	true	"{""aspect"":0.5625,""dh"":640,""dw"":360,""h"":640,""par"":1.0,""pixelformat"":""nv12"",""rotate"":0,""stereo-in"":""mono"",""w"":360}"	"{""duration"":""success"",""eof-reached"":""success"",""estimated-frame-number"":""success"",""filename"":""success"",""hwdec-current"":""success"",""idle-active"":""success"",""path"":""success"",""pause"":""success"",""percent-pos"":""success"",""time-pos"":""success"",""video-params"":""success"",""vo-configured"":""success""}"	true	playing	media-907addee8b	<media-path:c58db4e1cc>	30800	3	true	"{""black_screen_risk_reason"":""null"",""blocked_media_count"":0,""consecutive_failures"":0,""current_index"":3,""current_item"":{""alias"":""media-907addee8b"",""duration_ms"":30800,""offset_ms"":0,""path_alias"":""<media-path:c58db4e1cc>"",""started_at_present"":true},""last_poll_error"":""null"",""last_render_error"":""null"",""mpv_running"":true,""next_item"":{""alias"":""media-8e4d41f6c2"",""duration_ms"":7200,""path_alias"":""<media-path:3662a4e886>""},""playback_state"":""playing"",""playlist_size"":9,""present"":true,""uptime_sec"":458}"
413	439.986	2026-07-10T20:03:23+0000	success		2	<media-path:c58db4e1cc>	<media-path:c58db4e1cc>	<filename:9b95323d7d>	11.678333	30.805333	37.910102	false	false	false	280	v4l2request-copy	true	"{""aspect"":0.5625,""dh"":640,""dw"":360,""h"":640,""par"":1.0,""pixelformat"":""nv12"",""rotate"":0,""stereo-in"":""mono"",""w"":360}"	"{""duration"":""success"",""eof-reached"":""success"",""estimated-frame-number"":""success"",""filename"":""success"",""hwdec-current"":""success"",""idle-active"":""success"",""path"":""success"",""pause"":""success"",""percent-pos"":""success"",""time-pos"":""success"",""video-params"":""success"",""vo-configured"":""success""}"	true	playing	media-907addee8b	<media-path:c58db4e1cc>	30800	3	true	"{""black_screen_risk_reason"":""null"",""blocked_media_count"":0,""consecutive_failures"":0,""current_index"":3,""current_item"":{""alias"":""media-907addee8b"",""duration_ms"":30800,""offset_ms"":0,""path_alias"":""<media-path:c58db4e1cc>"",""started_at_present"":true},""last_poll_error"":""null"",""last_render_error"":""null"",""mpv_running"":true,""next_item"":{""alias"":""media-8e4d41f6c2"",""duration_ms"":7200,""path_alias"":""<media-path:3662a4e886>""},""playback_state"":""playing"",""playlist_size"":9,""present"":true,""uptime_sec"":458}"
414	440.990	2026-07-10T20:03:24+0000	success		3	<media-path:c58db4e1cc>	<media-path:c58db4e1cc>	<filename:9b95323d7d>	12.679333	30.805333	41.159539	false	false	false	304	v4l2request-copy	true	"{""aspect"":0.5625,""dh"":640,""dw"":360,""h"":640,""par"":1.0,""pixelformat"":""nv12"",""rotate"":0,""stereo-in"":""mono"",""w"":360}"	"{""duration"":""success"",""eof-reached"":""success"",""estimated-frame-number"":""success"",""filename"":""success"",""hwdec-current"":""success"",""idle-active"":""success"",""path"":""success"",""pause"":""success"",""percent-pos"":""success"",""time-pos"":""success"",""video-params"":""success"",""vo-configured"":""success""}"	true	playing	media-907addee8b	<media-path:c58db4e1cc>	30800	3	true	"{""black_screen_risk_reason"":""null"",""blocked_media_count"":0,""consecutive_failures"":0,""current_index"":3,""current_item"":{""alias"":""media-907addee8b"",""duration_ms"":30800,""offset_ms"":0,""path_alias"":""<media-path:c58db4e1cc>"",""started_at_present"":true},""last_poll_error"":""null"",""last_render_error"":""null"",""mpv_running"":true,""next_item"":{""alias"":""media-8e4d41f6c2"",""duration_ms"":7200,""path_alias"":""<media-path:3662a4e886>""},""playback_state"":""playing"",""playlist_size"":9,""present"":true,""uptime_sec"":463}"
415	441.999	2026-07-10T20:03:25+0000	success		4	<media-path:c58db4e1cc>	<media-path:c58db4e1cc>	<filename:9b95323d7d>	13.680333	30.805333	44.408977	false	false	false	328	v4l2request-copy	true	"{""aspect"":0.5625,""dh"":640,""dw"":360,""h"":640,""par"":1.0,""pixelformat"":""nv12"",""rotate"":0,""stereo-in"":""mono"",""w"":360}"	"{""duration"":""success"",""eof-reached"":""success"",""estimated-frame-number"":""success"",""filename"":""success"",""hwdec-current"":""success"",""idle-active"":""success"",""path"":""success"",""pause"":""success"",""percent-pos"":""success"",""time-pos"":""success"",""video-params"":""success"",""vo-configured"":""success""}"	true	playing	media-907addee8b	<media-path:c58db4e1cc>	30800	3	true	"{""black_screen_risk_reason"":""null"",""blocked_media_count"":0,""consecutive_failures"":0,""current_index"":3,""current_item"":{""alias"":""media-907addee8b"",""duration_ms"":30800,""offset_ms"":0,""path_alias"":""<media-path:c58db4e1cc>"",""started_at_present"":true},""last_poll_error"":""null"",""last_render_error"":""null"",""mpv_running"":true,""next_item"":{""alias"":""media-8e4d41f6c2"",""duration_ms"":7200,""path_alias"":""<media-path:3662a4e886>""},""playback_state"":""playing"",""playlist_size"":9,""present"":true,""uptime_sec"":463}"
416	443.005	2026-07-10T20:03:26+0000	success		2	<media-path:c58db4e1cc>	<media-path:c58db4e1cc>	<filename:9b95323d7d>	14.681333	30.805333	47.658414	false	false	false	352	v4l2request-copy	true	"{""aspect"":0.5625,""dh"":640,""dw"":360,""h"":640,""par"":1.0,""pixelformat"":""nv12"",""rotate"":0,""stereo-in"":""mono"",""w"":360}"	"{""duration"":""success"",""eof-reached"":""success"",""estimated-frame-number"":""success"",""filename"":""success"",""hwdec-current"":""success"",""idle-active"":""success"",""path"":""success"",""pause"":""success"",""percent-pos"":""success"",""time-pos"":""success"",""video-params"":""success"",""vo-configured"":""success""}"	true	playing	media-907addee8b	<media-path:c58db4e1cc>	30800	3	true	"{""black_screen_risk_reason"":""null"",""blocked_media_count"":0,""consecutive_failures"":0,""current_index"":3,""current_item"":{""alias"":""media-907addee8b"",""duration_ms"":30800,""offset_ms"":0,""path_alias"":""<media-path:c58db4e1cc>"",""started_at_present"":true},""last_poll_error"":""null"",""last_render_error"":""null"",""mpv_running"":true,""next_item"":{""alias"":""media-8e4d41f6c2"",""duration_ms"":7200,""path_alias"":""<media-path:3662a4e886>""},""playback_state"":""playing"",""playlist_size"":9,""present"":true,""uptime_sec"":463}"
417	444.008	2026-07-10T20:03:27+0000	success		3	<media-path:c58db4e1cc>	<media-path:c58db4e1cc>	<filename:9b95323d7d>	15.682333	30.805333	50.907851	false	false	false	376	v4l2request-copy	true	"{""aspect"":0.5625,""dh"":640,""dw"":360,""h"":640,""par"":1.0,""pixelformat"":""nv12"",""rotate"":0,""stereo-in"":""mono"",""w"":360}"	"{""duration"":""success"",""eof-reached"":""success"",""estimated-frame-number"":""success"",""filename"":""success"",""hwdec-current"":""success"",""idle-active"":""success"",""path"":""success"",""pause"":""success"",""percent-pos"":""success"",""time-pos"":""success"",""video-params"":""success"",""vo-configured"":""success""}"	true	playing	media-907addee8b	<media-path:c58db4e1cc>	30800	3	true	"{""black_screen_risk_reason"":""null"",""blocked_media_count"":0,""consecutive_failures"":0,""current_index"":3,""current_item"":{""alias"":""media-907addee8b"",""duration_ms"":30800,""offset_ms"":0,""path_alias"":""<media-path:c58db4e1cc>"",""started_at_present"":true},""last_poll_error"":""null"",""last_render_error"":""null"",""mpv_running"":true,""next_item"":{""alias"":""media-8e4d41f6c2"",""duration_ms"":7200,""path_alias"":""<media-path:3662a4e886>""},""playback_state"":""playing"",""playlist_size"":9,""present"":true,""uptime_sec"":463}"
418	445.015	2026-07-10T20:03:28+0000	success		2	<media-path:c58db4e1cc>	<media-path:c58db4e1cc>	<filename:9b95323d7d>	16.683333	30.805333	54.157289	false	false	false	400	v4l2request-copy	true	"{""aspect"":0.5625,""dh"":640,""dw"":360,""h"":640,""par"":1.0,""pixelformat"":""nv12"",""rotate"":0,""stereo-in"":""mono"",""w"":360}"	"{""duration"":""success"",""eof-reached"":""success"",""estimated-frame-number"":""success"",""filename"":""success"",""hwdec-current"":""success"",""idle-active"":""success"",""path"":""success"",""pause"":""success"",""percent-pos"":""success"",""time-pos"":""success"",""video-params"":""success"",""vo-configured"":""success""}"	true	playing	media-907addee8b	<media-path:c58db4e1cc>	30800	3	true	"{""black_screen_risk_reason"":""null"",""blocked_media_count"":0,""consecutive_failures"":0,""current_index"":3,""current_item"":{""alias"":""media-907addee8b"",""duration_ms"":30800,""offset_ms"":0,""path_alias"":""<media-path:c58db4e1cc>"",""started_at_present"":true},""last_poll_error"":""null"",""last_render_error"":""null"",""mpv_running"":true,""next_item"":{""alias"":""media-8e4d41f6c2"",""duration_ms"":7200,""path_alias"":""<media-path:3662a4e886>""},""playback_state"":""playing"",""playlist_size"":9,""present"":true,""uptime_sec"":463}"
419	446.019	2026-07-10T20:03:29+0000	success		2	<media-path:c58db4e1cc>	<media-path:c58db4e1cc>	<filename:9b95323d7d>	17.684333	30.805333	57.406726	false	false	false	424	v4l2request-copy	true	"{""aspect"":0.5625,""dh"":640,""dw"":360,""h"":640,""par"":1.0,""pixelformat"":""nv12"",""rotate"":0,""stereo-in"":""mono"",""w"":360}"	"{""duration"":""success"",""eof-reached"":""success"",""estimated-frame-number"":""success"",""filename"":""success"",""hwdec-current"":""success"",""idle-active"":""success"",""path"":""success"",""pause"":""success"",""percent-pos"":""success"",""time-pos"":""success"",""video-params"":""success"",""vo-configured"":""success""}"	true	playing	media-907addee8b	<media-path:c58db4e1cc>	30800	3	true	"{""black_screen_risk_reason"":""null"",""blocked_media_count"":0,""consecutive_failures"":0,""current_index"":3,""current_item"":{""alias"":""media-907addee8b"",""duration_ms"":30800,""offset_ms"":0,""path_alias"":""<media-path:c58db4e1cc>"",""started_at_present"":true},""last_poll_error"":""null"",""last_render_error"":""null"",""mpv_running"":true,""next_item"":{""alias"":""media-8e4d41f6c2"",""duration_ms"":7200,""path_alias"":""<media-path:3662a4e886>""},""playback_state"":""playing"",""playlist_size"":9,""present"":true,""uptime_sec"":468}"
420	447.022	2026-07-10T20:03:30+0000	success		2	<media-path:c58db4e1cc>	<media-path:c58db4e1cc>	<filename:9b95323d7d>	18.685333	30.805333	60.656163	false	false	false	448	v4l2request-copy	true	"{""aspect"":0.5625,""dh"":640,""dw"":360,""h"":640,""par"":1.0,""pixelformat"":""nv12"",""rotate"":0,""stereo-in"":""mono"",""w"":360}"	"{""duration"":""success"",""eof-reached"":""success"",""estimated-frame-number"":""success"",""filename"":""success"",""hwdec-current"":""success"",""idle-active"":""success"",""path"":""success"",""pause"":""success"",""percent-pos"":""success"",""time-pos"":""success"",""video-params"":""success"",""vo-configured"":""success""}"	true	playing	media-907addee8b	<media-path:c58db4e1cc>	30800	3	true	"{""black_screen_risk_reason"":""null"",""blocked_media_count"":0,""consecutive_failures"":0,""current_index"":3,""current_item"":{""alias"":""media-907addee8b"",""duration_ms"":30800,""offset_ms"":0,""path_alias"":""<media-path:c58db4e1cc>"",""started_at_present"":true},""last_poll_error"":""null"",""last_render_error"":""null"",""mpv_running"":true,""next_item"":{""alias"":""media-8e4d41f6c2"",""duration_ms"":7200,""path_alias"":""<media-path:3662a4e886>""},""playback_state"":""playing"",""playlist_size"":9,""present"":true,""uptime_sec"":468}"
421	448.026	2026-07-10T20:03:31+0000	success		2	<media-path:c58db4e1cc>	<media-path:c58db4e1cc>	<filename:9b95323d7d>	19.686333	30.805333	63.905601	false	false	false	472	v4l2request-copy	true	"{""aspect"":0.5625,""dh"":640,""dw"":360,""h"":640,""par"":1.0,""pixelformat"":""nv12"",""rotate"":0,""stereo-in"":""mono"",""w"":360}"	"{""duration"":""success"",""eof-reached"":""success"",""estimated-frame-number"":""success"",""filename"":""success"",""hwdec-current"":""success"",""idle-active"":""success"",""path"":""success"",""pause"":""success"",""percent-pos"":""success"",""time-pos"":""success"",""video-params"":""success"",""vo-configured"":""success""}"	true	playing	media-907addee8b	<media-path:c58db4e1cc>	30800	3	true	"{""black_screen_risk_reason"":""null"",""blocked_media_count"":0,""consecutive_failures"":0,""current_index"":3,""current_item"":{""alias"":""media-907addee8b"",""duration_ms"":30800,""offset_ms"":0,""path_alias"":""<media-path:c58db4e1cc>"",""started_at_present"":true},""last_poll_error"":""null"",""last_render_error"":""null"",""mpv_running"":true,""next_item"":{""alias"":""media-8e4d41f6c2"",""duration_ms"":7200,""path_alias"":""<media-path:3662a4e886>""},""playback_state"":""playing"",""playlist_size"":9,""present"":true,""uptime_sec"":468}"
422	449.030	2026-07-10T20:03:32+0000	success		2	<media-path:c58db4e1cc>	<media-path:c58db4e1cc>	<filename:9b95323d7d>	20.687333	30.805333	67.155038	false	false	false	496	v4l2request-copy	true	"{""aspect"":0.5625,""dh"":640,""dw"":360,""h"":640,""par"":1.0,""pixelformat"":""nv12"",""rotate"":0,""stereo-in"":""mono"",""w"":360}"	"{""duration"":""success"",""eof-reached"":""success"",""estimated-frame-number"":""success"",""filename"":""success"",""hwdec-current"":""success"",""idle-active"":""success"",""path"":""success"",""pause"":""success"",""percent-pos"":""success"",""time-pos"":""success"",""video-params"":""success"",""vo-configured"":""success""}"	true	playing	media-907addee8b	<media-path:c58db4e1cc>	30800	3	true	"{""black_screen_risk_reason"":""null"",""blocked_media_count"":0,""consecutive_failures"":0,""current_index"":3,""current_item"":{""alias"":""media-907addee8b"",""duration_ms"":30800,""offset_ms"":0,""path_alias"":""<media-path:c58db4e1cc>"",""started_at_present"":true},""last_poll_error"":""null"",""last_render_error"":""null"",""mpv_running"":true,""next_item"":{""alias"":""media-8e4d41f6c2"",""duration_ms"":7200,""path_alias"":""<media-path:3662a4e886>""},""playback_state"":""playing"",""playlist_size"":9,""present"":true,""uptime_sec"":468}"
423	450.035	2026-07-10T20:03:33+0000	success		2	<media-path:c58db4e1cc>	<media-path:c58db4e1cc>	<filename:9b95323d7d>	21.688333	30.805333	70.404475	false	false	false	520	v4l2request-copy	true	"{""aspect"":0.5625,""dh"":640,""dw"":360,""h"":640,""par"":1.0,""pixelformat"":""nv12"",""rotate"":0,""stereo-in"":""mono"",""w"":360}"	"{""duration"":""success"",""eof-reached"":""success"",""estimated-frame-number"":""success"",""filename"":""success"",""hwdec-current"":""success"",""idle-active"":""success"",""path"":""success"",""pause"":""success"",""percent-pos"":""success"",""time-pos"":""success"",""video-params"":""success"",""vo-configured"":""success""}"	true	playing	media-907addee8b	<media-path:c58db4e1cc>	30800	3	true	"{""black_screen_risk_reason"":""null"",""blocked_media_count"":0,""consecutive_failures"":0,""current_index"":3,""current_item"":{""alias"":""media-907addee8b"",""duration_ms"":30800,""offset_ms"":0,""path_alias"":""<media-path:c58db4e1cc>"",""started_at_present"":true},""last_poll_error"":""null"",""last_render_error"":""null"",""mpv_running"":true,""next_item"":{""alias"":""media-8e4d41f6c2"",""duration_ms"":7200,""path_alias"":""<media-path:3662a4e886>""},""playback_state"":""playing"",""playlist_size"":9,""present"":true,""uptime_sec"":468}"
424	451.039	2026-07-10T20:03:34+0000	success		2	<media-path:c58db4e1cc>	<media-path:c58db4e1cc>	<filename:9b95323d7d>	22.731042	30.805333	73.789306	false	false	false	545	v4l2request-copy	true	"{""aspect"":0.5625,""dh"":640,""dw"":360,""h"":640,""par"":1.0,""pixelformat"":""nv12"",""rotate"":0,""stereo-in"":""mono"",""w"":360}"	"{""duration"":""success"",""eof-reached"":""success"",""estimated-frame-number"":""success"",""filename"":""success"",""hwdec-current"":""success"",""idle-active"":""success"",""path"":""success"",""pause"":""success"",""percent-pos"":""success"",""time-pos"":""success"",""video-params"":""success"",""vo-configured"":""success""}"	true	playing	media-907addee8b	<media-path:c58db4e1cc>	30800	3	true	"{""black_screen_risk_reason"":""null"",""blocked_media_count"":0,""consecutive_failures"":0,""current_index"":3,""current_item"":{""alias"":""media-907addee8b"",""duration_ms"":30800,""offset_ms"":0,""path_alias"":""<media-path:c58db4e1cc>"",""started_at_present"":true},""last_poll_error"":""null"",""last_render_error"":""null"",""mpv_running"":true,""next_item"":{""alias"":""media-8e4d41f6c2"",""duration_ms"":7200,""path_alias"":""<media-path:3662a4e886>""},""playback_state"":""playing"",""playlist_size"":9,""present"":true,""uptime_sec"":473}"
425	452.043	2026-07-10T20:03:35+0000	success		3	<media-path:c58db4e1cc>	<media-path:c58db4e1cc>	<filename:9b95323d7d>	23.732042	30.805333	77.038743	false	false	false	569	v4l2request-copy	true	"{""aspect"":0.5625,""dh"":640,""dw"":360,""h"":640,""par"":1.0,""pixelformat"":""nv12"",""rotate"":0,""stereo-in"":""mono"",""w"":360}"	"{""duration"":""success"",""eof-reached"":""success"",""estimated-frame-number"":""success"",""filename"":""success"",""hwdec-current"":""success"",""idle-active"":""success"",""path"":""success"",""pause"":""success"",""percent-pos"":""success"",""time-pos"":""success"",""video-params"":""success"",""vo-configured"":""success""}"	true	playing	media-907addee8b	<media-path:c58db4e1cc>	30800	3	true	"{""black_screen_risk_reason"":""null"",""blocked_media_count"":0,""consecutive_failures"":0,""current_index"":3,""current_item"":{""alias"":""media-907addee8b"",""duration_ms"":30800,""offset_ms"":0,""path_alias"":""<media-path:c58db4e1cc>"",""started_at_present"":true},""last_poll_error"":""null"",""last_render_error"":""null"",""mpv_running"":true,""next_item"":{""alias"":""media-8e4d41f6c2"",""duration_ms"":7200,""path_alias"":""<media-path:3662a4e886>""},""playback_state"":""playing"",""playlist_size"":9,""present"":true,""uptime_sec"":473}"
426	453.049	2026-07-10T20:03:36+0000	success		6	<media-path:c58db4e1cc>	<media-path:c58db4e1cc>	<filename:9b95323d7d>	24.733042	30.805333	80.288181	false	false	false	593	v4l2request-copy	true	"{""aspect"":0.5625,""dh"":640,""dw"":360,""h"":640,""par"":1.0,""pixelformat"":""nv12"",""rotate"":0,""stereo-in"":""mono"",""w"":360}"	"{""duration"":""success"",""eof-reached"":""success"",""estimated-frame-number"":""success"",""filename"":""success"",""hwdec-current"":""success"",""idle-active"":""success"",""path"":""success"",""pause"":""success"",""percent-pos"":""success"",""time-pos"":""success"",""video-params"":""success"",""vo-configured"":""success""}"	true	playing	media-907addee8b	<media-path:c58db4e1cc>	30800	3	true	"{""black_screen_risk_reason"":""null"",""blocked_media_count"":0,""consecutive_failures"":0,""current_index"":3,""current_item"":{""alias"":""media-907addee8b"",""duration_ms"":30800,""offset_ms"":0,""path_alias"":""<media-path:c58db4e1cc>"",""started_at_present"":true},""last_poll_error"":""null"",""last_render_error"":""null"",""mpv_running"":true,""next_item"":{""alias"":""media-8e4d41f6c2"",""duration_ms"":7200,""path_alias"":""<media-path:3662a4e886>""},""playback_state"":""playing"",""playlist_size"":9,""present"":true,""uptime_sec"":473}"
427	454.057	2026-07-10T20:03:37+0000	success		2	<media-path:c58db4e1cc>	<media-path:c58db4e1cc>	<filename:9b95323d7d>	25.734042	30.805333	83.537618	false	false	false	617	v4l2request-copy	true	"{""aspect"":0.5625,""dh"":640,""dw"":360,""h"":640,""par"":1.0,""pixelformat"":""nv12"",""rotate"":0,""stereo-in"":""mono"",""w"":360}"	"{""duration"":""success"",""eof-reached"":""success"",""estimated-frame-number"":""success"",""filename"":""success"",""hwdec-current"":""success"",""idle-active"":""success"",""path"":""success"",""pause"":""success"",""percent-pos"":""success"",""time-pos"":""success"",""video-params"":""success"",""vo-configured"":""success""}"	true	playing	media-907addee8b	<media-path:c58db4e1cc>	30800	3	true	"{""black_screen_risk_reason"":""null"",""blocked_media_count"":0,""consecutive_failures"":0,""current_index"":3,""current_item"":{""alias"":""media-907addee8b"",""duration_ms"":30800,""offset_ms"":0,""path_alias"":""<media-path:c58db4e1cc>"",""started_at_present"":true},""last_poll_error"":""null"",""last_render_error"":""null"",""mpv_running"":true,""next_item"":{""alias"":""media-8e4d41f6c2"",""duration_ms"":7200,""path_alias"":""<media-path:3662a4e886>""},""playback_state"":""playing"",""playlist_size"":9,""present"":true,""uptime_sec"":473}"
428	455.061	2026-07-10T20:03:38+0000	success		2	<media-path:c58db4e1cc>	<media-path:c58db4e1cc>	<filename:9b95323d7d>	26.735042	30.805333	86.787055	false	false	false	640	v4l2request-copy	true	"{""aspect"":0.5625,""dh"":640,""dw"":360,""h"":640,""par"":1.0,""pixelformat"":""nv12"",""rotate"":0,""stereo-in"":""mono"",""w"":360}"	"{""duration"":""success"",""eof-reached"":""success"",""estimated-frame-number"":""success"",""filename"":""success"",""hwdec-current"":""success"",""idle-active"":""success"",""path"":""success"",""pause"":""success"",""percent-pos"":""success"",""time-pos"":""success"",""video-params"":""success"",""vo-configured"":""success""}"	true	playing	media-907addee8b	<media-path:c58db4e1cc>	30800	3	true	"{""black_screen_risk_reason"":""null"",""blocked_media_count"":0,""consecutive_failures"":0,""current_index"":3,""current_item"":{""alias"":""media-907addee8b"",""duration_ms"":30800,""offset_ms"":0,""path_alias"":""<media-path:c58db4e1cc>"",""started_at_present"":true},""last_poll_error"":""null"",""last_render_error"":""null"",""mpv_running"":true,""next_item"":{""alias"":""media-8e4d41f6c2"",""duration_ms"":7200,""path_alias"":""<media-path:3662a4e886>""},""playback_state"":""playing"",""playlist_size"":9,""present"":true,""uptime_sec"":473}"
429	456.065	2026-07-10T20:03:39+0000	success		2	<media-path:c58db4e1cc>	<media-path:c58db4e1cc>	<filename:9b95323d7d>	27.736042	30.805333	90.036493	false	false	false	664	v4l2request-copy	true	"{""aspect"":0.5625,""dh"":640,""dw"":360,""h"":640,""par"":1.0,""pixelformat"":""nv12"",""rotate"":0,""stereo-in"":""mono"",""w"":360}"	"{""duration"":""success"",""eof-reached"":""success"",""estimated-frame-number"":""success"",""filename"":""success"",""hwdec-current"":""success"",""idle-active"":""success"",""path"":""success"",""pause"":""success"",""percent-pos"":""success"",""time-pos"":""success"",""video-params"":""success"",""vo-configured"":""success""}"	true	playing	media-907addee8b	<media-path:c58db4e1cc>	30800	3	true	"{""black_screen_risk_reason"":""null"",""blocked_media_count"":0,""consecutive_failures"":0,""current_index"":3,""current_item"":{""alias"":""media-907addee8b"",""duration_ms"":30800,""offset_ms"":0,""path_alias"":""<media-path:c58db4e1cc>"",""started_at_present"":true},""last_poll_error"":""null"",""last_render_error"":""null"",""mpv_running"":true,""next_item"":{""alias"":""media-8e4d41f6c2"",""duration_ms"":7200,""path_alias"":""<media-path:3662a4e886>""},""playback_state"":""playing"",""playlist_size"":9,""present"":true,""uptime_sec"":478}"
430	457.069	2026-07-10T20:03:40+0000	success		3	<media-path:c58db4e1cc>	<media-path:c58db4e1cc>	<filename:9b95323d7d>	28.737042	30.805333	93.28593	false	false	false	688	v4l2request-copy	true	"{""aspect"":0.5625,""dh"":640,""dw"":360,""h"":640,""par"":1.0,""pixelformat"":""nv12"",""rotate"":0,""stereo-in"":""mono"",""w"":360}"	"{""duration"":""success"",""eof-reached"":""success"",""estimated-frame-number"":""success"",""filename"":""success"",""hwdec-current"":""success"",""idle-active"":""success"",""path"":""success"",""pause"":""success"",""percent-pos"":""success"",""time-pos"":""success"",""video-params"":""success"",""vo-configured"":""success""}"	true	playing	media-907addee8b	<media-path:c58db4e1cc>	30800	3	true	"{""black_screen_risk_reason"":""null"",""blocked_media_count"":0,""consecutive_failures"":0,""current_index"":3,""current_item"":{""alias"":""media-907addee8b"",""duration_ms"":30800,""offset_ms"":0,""path_alias"":""<media-path:c58db4e1cc>"",""started_at_present"":true},""last_poll_error"":""null"",""last_render_error"":""null"",""mpv_running"":true,""next_item"":{""alias"":""media-8e4d41f6c2"",""duration_ms"":7200,""path_alias"":""<media-path:3662a4e886>""},""playback_state"":""playing"",""playlist_size"":9,""present"":true,""uptime_sec"":478}"
431	458.075	2026-07-10T20:03:41+0000	success		2	<media-path:c58db4e1cc>	<media-path:c58db4e1cc>	<filename:9b95323d7d>	29.738042	30.805333	96.535367	false	false	false	712	v4l2request-copy	true	"{""aspect"":0.5625,""dh"":640,""dw"":360,""h"":640,""par"":1.0,""pixelformat"":""nv12"",""rotate"":0,""stereo-in"":""mono"",""w"":360}"	"{""duration"":""success"",""eof-reached"":""success"",""estimated-frame-number"":""success"",""filename"":""success"",""hwdec-current"":""success"",""idle-active"":""success"",""path"":""success"",""pause"":""success"",""percent-pos"":""success"",""time-pos"":""success"",""video-params"":""success"",""vo-configured"":""success""}"	true	playing	media-907addee8b	<media-path:c58db4e1cc>	30800	3	true	"{""black_screen_risk_reason"":""null"",""blocked_media_count"":0,""consecutive_failures"":0,""current_index"":3,""current_item"":{""alias"":""media-907addee8b"",""duration_ms"":30800,""offset_ms"":0,""path_alias"":""<media-path:c58db4e1cc>"",""started_at_present"":true},""last_poll_error"":""null"",""last_render_error"":""null"",""mpv_running"":true,""next_item"":{""alias"":""media-8e4d41f6c2"",""duration_ms"":7200,""path_alias"":""<media-path:3662a4e886>""},""playback_state"":""playing"",""playlist_size"":9,""present"":true,""uptime_sec"":478}"
432	459.079	2026-07-10T20:03:42+0000	success		2	<media-path:c58db4e1cc>	<media-path:c58db4e1cc>	<filename:9b95323d7d>	0	30.805333	0	false	false	false	0	v4l2request-copy	true	"{""aspect"":0.5625,""dh"":640,""dw"":360,""h"":640,""par"":1.0,""pixelformat"":""nv12"",""rotate"":0,""stereo-in"":""mono"",""w"":360}"	"{""duration"":""success"",""eof-reached"":""success"",""estimated-frame-number"":""success"",""filename"":""success"",""hwdec-current"":""success"",""idle-active"":""success"",""path"":""success"",""pause"":""success"",""percent-pos"":""success"",""time-pos"":""success"",""video-params"":""success"",""vo-configured"":""success""}"	true	playing	media-907addee8b	<media-path:c58db4e1cc>	30800	3	true	"{""black_screen_risk_reason"":""null"",""blocked_media_count"":0,""consecutive_failures"":0,""current_index"":3,""current_item"":{""alias"":""media-907addee8b"",""duration_ms"":30800,""offset_ms"":0,""path_alias"":""<media-path:c58db4e1cc>"",""started_at_present"":true},""last_poll_error"":""null"",""last_render_error"":""null"",""mpv_running"":true,""next_item"":{""alias"":""media-8e4d41f6c2"",""duration_ms"":7200,""path_alias"":""<media-path:3662a4e886>""},""playback_state"":""playing"",""playlist_size"":9,""present"":true,""uptime_sec"":478}"
433	460.083	2026-07-10T20:03:43+0000	success		2	<media-path:3662a4e886>	<media-path:3662a4e886>	<filename:0a2aeee29a>	0.866667	7.221406	12.001357	false	false	false	26	v4l2request-copy	true	"{""aspect"":0.5625,""dh"":1024,""dw"":576,""h"":1024,""par"":1.0,""pixelformat"":""nv12"",""rotate"":0,""stereo-in"":""mono"",""w"":576}"	"{""duration"":""success"",""eof-reached"":""success"",""estimated-frame-number"":""success"",""filename"":""success"",""hwdec-current"":""success"",""idle-active"":""success"",""path"":""success"",""pause"":""success"",""percent-pos"":""success"",""time-pos"":""success"",""video-params"":""success"",""vo-configured"":""success""}"	true	playing	media-907addee8b	<media-path:c58db4e1cc>	30800	3	true	"{""black_screen_risk_reason"":""null"",""blocked_media_count"":0,""consecutive_failures"":0,""current_index"":3,""current_item"":{""alias"":""media-907addee8b"",""duration_ms"":30800,""offset_ms"":0,""path_alias"":""<media-path:c58db4e1cc>"",""started_at_present"":true},""last_poll_error"":""null"",""last_render_error"":""null"",""mpv_running"":true,""next_item"":{""alias"":""media-8e4d41f6c2"",""duration_ms"":7200,""path_alias"":""<media-path:3662a4e886>""},""playback_state"":""playing"",""playlist_size"":9,""present"":true,""uptime_sec"":478}"
434	461.087	2026-07-10T20:03:44+0000	success		2	<media-path:3662a4e886>	<media-path:3662a4e886>	<filename:0a2aeee29a>	1.866667	7.221406	25.849076	false	false	false	56	v4l2request-copy	true	"{""aspect"":0.5625,""dh"":1024,""dw"":576,""h"":1024,""par"":1.0,""pixelformat"":""nv12"",""rotate"":0,""stereo-in"":""mono"",""w"":576}"	"{""duration"":""success"",""eof-reached"":""success"",""estimated-frame-number"":""success"",""filename"":""success"",""hwdec-current"":""success"",""idle-active"":""success"",""path"":""success"",""pause"":""success"",""percent-pos"":""success"",""time-pos"":""success"",""video-params"":""success"",""vo-configured"":""success""}"	true	playing	media-8e4d41f6c2	<media-path:3662a4e886>	7200	4	true	"{""black_screen_risk_reason"":""null"",""blocked_media_count"":0,""consecutive_failures"":0,""current_index"":4,""current_item"":{""alias"":""media-8e4d41f6c2"",""duration_ms"":7200,""offset_ms"":0,""path_alias"":""<media-path:3662a4e886>"",""started_at_present"":true},""last_poll_error"":""null"",""last_render_error"":""null"",""mpv_running"":true,""next_item"":{""alias"":""media-fba32b0055"",""duration_ms"":5100,""path_alias"":""<media-path:97100fcdae>""},""playback_state"":""playing"",""playlist_size"":9,""present"":true,""uptime_sec"":483}"
435	462.092	2026-07-10T20:03:45+0000	success		2	<media-path:3662a4e886>	<media-path:3662a4e886>	<filename:0a2aeee29a>	2.866667	7.221406	39.696795	false	false	false	85	v4l2request-copy	true	"{""aspect"":0.5625,""dh"":1024,""dw"":576,""h"":1024,""par"":1.0,""pixelformat"":""nv12"",""rotate"":0,""stereo-in"":""mono"",""w"":576}"	"{""duration"":""success"",""eof-reached"":""success"",""estimated-frame-number"":""success"",""filename"":""success"",""hwdec-current"":""success"",""idle-active"":""success"",""path"":""success"",""pause"":""success"",""percent-pos"":""success"",""time-pos"":""success"",""video-params"":""success"",""vo-configured"":""success""}"	true	playing	media-8e4d41f6c2	<media-path:3662a4e886>	7200	4	true	"{""black_screen_risk_reason"":""null"",""blocked_media_count"":0,""consecutive_failures"":0,""current_index"":4,""current_item"":{""alias"":""media-8e4d41f6c2"",""duration_ms"":7200,""offset_ms"":0,""path_alias"":""<media-path:3662a4e886>"",""started_at_present"":true},""last_poll_error"":""null"",""last_render_error"":""null"",""mpv_running"":true,""next_item"":{""alias"":""media-fba32b0055"",""duration_ms"":5100,""path_alias"":""<media-path:97100fcdae>""},""playback_state"":""playing"",""playlist_size"":9,""present"":true,""uptime_sec"":483}"
436	463.097	2026-07-10T20:03:46+0000	success		8	<media-path:3662a4e886>	<media-path:3662a4e886>	<filename:0a2aeee29a>	3.866667	7.221406	53.544514	false	false	false	115	v4l2request-copy	true	"{""aspect"":0.5625,""dh"":1024,""dw"":576,""h"":1024,""par"":1.0,""pixelformat"":""nv12"",""rotate"":0,""stereo-in"":""mono"",""w"":576}"	"{""duration"":""success"",""eof-reached"":""success"",""estimated-frame-number"":""success"",""filename"":""success"",""hwdec-current"":""success"",""idle-active"":""success"",""path"":""success"",""pause"":""success"",""percent-pos"":""success"",""time-pos"":""success"",""video-params"":""success"",""vo-configured"":""success""}"	true	playing	media-8e4d41f6c2	<media-path:3662a4e886>	7200	4	true	"{""black_screen_risk_reason"":""null"",""blocked_media_count"":0,""consecutive_failures"":0,""current_index"":4,""current_item"":{""alias"":""media-8e4d41f6c2"",""duration_ms"":7200,""offset_ms"":0,""path_alias"":""<media-path:3662a4e886>"",""started_at_present"":true},""last_poll_error"":""null"",""last_render_error"":""null"",""mpv_running"":true,""next_item"":{""alias"":""media-fba32b0055"",""duration_ms"":5100,""path_alias"":""<media-path:97100fcdae>""},""playback_state"":""playing"",""playlist_size"":9,""present"":true,""uptime_sec"":483}"
437	464.107	2026-07-10T20:03:47+0000	success		2	<media-path:3662a4e886>	<media-path:3662a4e886>	<filename:0a2aeee29a>	4.866667	7.221406	67.392233	false	false	false	145	v4l2request-copy	true	"{""aspect"":0.5625,""dh"":1024,""dw"":576,""h"":1024,""par"":1.0,""pixelformat"":""nv12"",""rotate"":0,""stereo-in"":""mono"",""w"":576}"	"{""duration"":""success"",""eof-reached"":""success"",""estimated-frame-number"":""success"",""filename"":""success"",""hwdec-current"":""success"",""idle-active"":""success"",""path"":""success"",""pause"":""success"",""percent-pos"":""success"",""time-pos"":""success"",""video-params"":""success"",""vo-configured"":""success""}"	true	playing	media-8e4d41f6c2	<media-path:3662a4e886>	7200	4	true	"{""black_screen_risk_reason"":""null"",""blocked_media_count"":0,""consecutive_failures"":0,""current_index"":4,""current_item"":{""alias"":""media-8e4d41f6c2"",""duration_ms"":7200,""offset_ms"":0,""path_alias"":""<media-path:3662a4e886>"",""started_at_present"":true},""last_poll_error"":""null"",""last_render_error"":""null"",""mpv_running"":true,""next_item"":{""alias"":""media-fba32b0055"",""duration_ms"":5100,""path_alias"":""<media-path:97100fcdae>""},""playback_state"":""playing"",""playlist_size"":9,""present"":true,""uptime_sec"":483}"
438	465.111	2026-07-10T20:03:48+0000	success		2	<media-path:3662a4e886>	<media-path:3662a4e886>	<filename:0a2aeee29a>	5.9	7.221406	81.701542	false	false	false	176	v4l2request-copy	true	"{""aspect"":0.5625,""dh"":1024,""dw"":576,""h"":1024,""par"":1.0,""pixelformat"":""nv12"",""rotate"":0,""stereo-in"":""mono"",""w"":576}"	"{""duration"":""success"",""eof-reached"":""success"",""estimated-frame-number"":""success"",""filename"":""success"",""hwdec-current"":""success"",""idle-active"":""success"",""path"":""success"",""pause"":""success"",""percent-pos"":""success"",""time-pos"":""success"",""video-params"":""success"",""vo-configured"":""success""}"	true	playing	media-8e4d41f6c2	<media-path:3662a4e886>	7200	4	true	"{""black_screen_risk_reason"":""null"",""blocked_media_count"":0,""consecutive_failures"":0,""current_index"":4,""current_item"":{""alias"":""media-8e4d41f6c2"",""duration_ms"":7200,""offset_ms"":0,""path_alias"":""<media-path:3662a4e886>"",""started_at_present"":true},""last_poll_error"":""null"",""last_render_error"":""null"",""mpv_running"":true,""next_item"":{""alias"":""media-fba32b0055"",""duration_ms"":5100,""path_alias"":""<media-path:97100fcdae>""},""playback_state"":""playing"",""playlist_size"":9,""present"":true,""uptime_sec"":483}"
439	466.117	2026-07-10T20:03:49+0000	success		3	<media-path:3662a4e886>	<media-path:3662a4e886>	<filename:0a2aeee29a>	6.9	7.221406	95.549261	false	false	false	205	v4l2request-copy	true	"{""aspect"":0.5625,""dh"":1024,""dw"":576,""h"":1024,""par"":1.0,""pixelformat"":""nv12"",""rotate"":0,""stereo-in"":""mono"",""w"":576}"	"{""duration"":""success"",""eof-reached"":""success"",""estimated-frame-number"":""success"",""filename"":""success"",""hwdec-current"":""success"",""idle-active"":""success"",""path"":""success"",""pause"":""success"",""percent-pos"":""success"",""time-pos"":""success"",""video-params"":""success"",""vo-configured"":""success""}"	true	playing	media-8e4d41f6c2	<media-path:3662a4e886>	7200	4	true	"{""black_screen_risk_reason"":""null"",""blocked_media_count"":0,""consecutive_failures"":0,""current_index"":4,""current_item"":{""alias"":""media-8e4d41f6c2"",""duration_ms"":7200,""offset_ms"":0,""path_alias"":""<media-path:3662a4e886>"",""started_at_present"":true},""last_poll_error"":""null"",""last_render_error"":""null"",""mpv_running"":true,""next_item"":{""alias"":""media-fba32b0055"",""duration_ms"":5100,""path_alias"":""<media-path:97100fcdae>""},""playback_state"":""playing"",""playlist_size"":9,""present"":true,""uptime_sec"":488}"
440	467.123	2026-07-10T20:03:50+0000	success		2	<media-path:97100fcdae>	<media-path:97100fcdae>	<filename:a4bfef2b1b>	0.6	5.06195	11.853139	false	false	false	18	v4l2request-copy	true	"{""aspect"":0.697674,""dh"":688,""dw"":480,""h"":688,""par"":1.0,""pixelformat"":""nv12"",""rotate"":0,""stereo-in"":""mono"",""w"":480}"	"{""duration"":""success"",""eof-reached"":""success"",""estimated-frame-number"":""success"",""filename"":""success"",""hwdec-current"":""success"",""idle-active"":""success"",""path"":""success"",""pause"":""success"",""percent-pos"":""success"",""time-pos"":""success"",""video-params"":""success"",""vo-configured"":""success""}"	true	playing	media-8e4d41f6c2	<media-path:3662a4e886>	7200	4	true	"{""black_screen_risk_reason"":""null"",""blocked_media_count"":0,""consecutive_failures"":0,""current_index"":4,""current_item"":{""alias"":""media-8e4d41f6c2"",""duration_ms"":7200,""offset_ms"":0,""path_alias"":""<media-path:3662a4e886>"",""started_at_present"":true},""last_poll_error"":""null"",""last_render_error"":""null"",""mpv_running"":true,""next_item"":{""alias"":""media-fba32b0055"",""duration_ms"":5100,""path_alias"":""<media-path:97100fcdae>""},""playback_state"":""playing"",""playlist_size"":9,""present"":true,""uptime_sec"":488}"
441	468.127	2026-07-10T20:03:51+0000	success		2	<media-path:97100fcdae>	<media-path:97100fcdae>	<filename:a4bfef2b1b>	1.6	5.06195	31.608372	false	false	false	48	v4l2request-copy	true	"{""aspect"":0.697674,""dh"":688,""dw"":480,""h"":688,""par"":1.0,""pixelformat"":""nv12"",""rotate"":0,""stereo-in"":""mono"",""w"":480}"	"{""duration"":""success"",""eof-reached"":""success"",""estimated-frame-number"":""success"",""filename"":""success"",""hwdec-current"":""success"",""idle-active"":""success"",""path"":""success"",""pause"":""success"",""percent-pos"":""success"",""time-pos"":""success"",""video-params"":""success"",""vo-configured"":""success""}"	true	playing	media-8e4d41f6c2	<media-path:3662a4e886>	7200	4	true	"{""black_screen_risk_reason"":""null"",""blocked_media_count"":0,""consecutive_failures"":0,""current_index"":4,""current_item"":{""alias"":""media-8e4d41f6c2"",""duration_ms"":7200,""offset_ms"":0,""path_alias"":""<media-path:3662a4e886>"",""started_at_present"":true},""last_poll_error"":""null"",""last_render_error"":""null"",""mpv_running"":true,""next_item"":{""alias"":""media-fba32b0055"",""duration_ms"":5100,""path_alias"":""<media-path:97100fcdae>""},""playback_state"":""playing"",""playlist_size"":9,""present"":true,""uptime_sec"":488}"
442	469.131	2026-07-10T20:03:52+0000	success		2	<media-path:97100fcdae>	<media-path:97100fcdae>	<filename:a4bfef2b1b>	2.6	5.06195	51.363604	false	false	false	78	v4l2request-copy	true	"{""aspect"":0.697674,""dh"":688,""dw"":480,""h"":688,""par"":1.0,""pixelformat"":""nv12"",""rotate"":0,""stereo-in"":""mono"",""w"":480}"	"{""duration"":""success"",""eof-reached"":""success"",""estimated-frame-number"":""success"",""filename"":""success"",""hwdec-current"":""success"",""idle-active"":""success"",""path"":""success"",""pause"":""success"",""percent-pos"":""success"",""time-pos"":""success"",""video-params"":""success"",""vo-configured"":""success""}"	true	playing	media-8e4d41f6c2	<media-path:3662a4e886>	7200	4	true	"{""black_screen_risk_reason"":""null"",""blocked_media_count"":0,""consecutive_failures"":0,""current_index"":4,""current_item"":{""alias"":""media-8e4d41f6c2"",""duration_ms"":7200,""offset_ms"":0,""path_alias"":""<media-path:3662a4e886>"",""started_at_present"":true},""last_poll_error"":""null"",""last_render_error"":""null"",""mpv_running"":true,""next_item"":{""alias"":""media-fba32b0055"",""duration_ms"":5100,""path_alias"":""<media-path:97100fcdae>""},""playback_state"":""playing"",""playlist_size"":9,""present"":true,""uptime_sec"":488}"
443	470.135	2026-07-10T20:03:53+0000	success		2	<media-path:97100fcdae>	<media-path:97100fcdae>	<filename:a4bfef2b1b>	3.633333	5.06195	71.777344	false	false	false	108	v4l2request-copy	true	"{""aspect"":0.697674,""dh"":688,""dw"":480,""h"":688,""par"":1.0,""pixelformat"":""nv12"",""rotate"":0,""stereo-in"":""mono"",""w"":480}"	"{""duration"":""success"",""eof-reached"":""success"",""estimated-frame-number"":""success"",""filename"":""success"",""hwdec-current"":""success"",""idle-active"":""success"",""path"":""success"",""pause"":""success"",""percent-pos"":""success"",""time-pos"":""success"",""video-params"":""success"",""vo-configured"":""success""}"	true	playing	media-8e4d41f6c2	<media-path:3662a4e886>	7200	4	true	"{""black_screen_risk_reason"":""null"",""blocked_media_count"":0,""consecutive_failures"":0,""current_index"":4,""current_item"":{""alias"":""media-8e4d41f6c2"",""duration_ms"":7200,""offset_ms"":0,""path_alias"":""<media-path:3662a4e886>"",""started_at_present"":true},""last_poll_error"":""null"",""last_render_error"":""null"",""mpv_running"":true,""next_item"":{""alias"":""media-fba32b0055"",""duration_ms"":5100,""path_alias"":""<media-path:97100fcdae>""},""playback_state"":""playing"",""playlist_size"":9,""present"":true,""uptime_sec"":488}"
444	471.140	2026-07-10T20:03:54+0000	success		2	<media-path:97100fcdae>	<media-path:97100fcdae>	<filename:a4bfef2b1b>	4.633333	5.06195	91.532576	false	false	false	138	v4l2request-copy	true	"{""aspect"":0.697674,""dh"":688,""dw"":480,""h"":688,""par"":1.0,""pixelformat"":""nv12"",""rotate"":0,""stereo-in"":""mono"",""w"":480}"	"{""duration"":""success"",""eof-reached"":""success"",""estimated-frame-number"":""success"",""filename"":""success"",""hwdec-current"":""success"",""idle-active"":""success"",""path"":""success"",""pause"":""success"",""percent-pos"":""success"",""time-pos"":""success"",""video-params"":""success"",""vo-configured"":""success""}"	true	playing	media-fba32b0055	<media-path:97100fcdae>	5100	5	true	"{""black_screen_risk_reason"":""null"",""blocked_media_count"":0,""consecutive_failures"":0,""current_index"":5,""current_item"":{""alias"":""media-fba32b0055"",""duration_ms"":5100,""offset_ms"":0,""path_alias"":""<media-path:97100fcdae>"",""started_at_present"":true},""last_poll_error"":""null"",""last_render_error"":""null"",""mpv_running"":true,""next_item"":{""alias"":""media-749f1db21b"",""duration_ms"":3900,""path_alias"":""<media-path:31af3d58a2>""},""playback_state"":""playing"",""playlist_size"":9,""present"":true,""uptime_sec"":493}"
445	472.144	2026-07-10T20:03:55+0000	success		8	<media-path:31af3d58a2>	<media-path:31af3d58a2>	<filename:92829f14a9>	0.333333	3.9	8.547009	false	false	false	10	v4l2request-copy	true	"{""aspect"":0.566038,""dh"":848,""dw"":480,""h"":848,""par"":1.0,""pixelformat"":""nv12"",""rotate"":0,""stereo-in"":""mono"",""w"":480}"	"{""duration"":""success"",""eof-reached"":""success"",""estimated-frame-number"":""success"",""filename"":""success"",""hwdec-current"":""success"",""idle-active"":""success"",""path"":""success"",""pause"":""success"",""percent-pos"":""success"",""time-pos"":""success"",""video-params"":""success"",""vo-configured"":""success""}"	true	playing	media-fba32b0055	<media-path:97100fcdae>	5100	5	true	"{""black_screen_risk_reason"":""null"",""blocked_media_count"":0,""consecutive_failures"":0,""current_index"":5,""current_item"":{""alias"":""media-fba32b0055"",""duration_ms"":5100,""offset_ms"":0,""path_alias"":""<media-path:97100fcdae>"",""started_at_present"":true},""last_poll_error"":""null"",""last_render_error"":""null"",""mpv_running"":true,""next_item"":{""alias"":""media-749f1db21b"",""duration_ms"":3900,""path_alias"":""<media-path:31af3d58a2>""},""playback_state"":""playing"",""playlist_size"":9,""present"":true,""uptime_sec"":493}"
446	473.155	2026-07-10T20:03:56+0000	success		2	<media-path:31af3d58a2>	<media-path:31af3d58a2>	<filename:92829f14a9>	1.333333	3.9	34.188034	false	false	false	40	v4l2request-copy	true	"{""aspect"":0.566038,""dh"":848,""dw"":480,""h"":848,""par"":1.0,""pixelformat"":""nv12"",""rotate"":0,""stereo-in"":""mono"",""w"":480}"	"{""duration"":""success"",""eof-reached"":""success"",""estimated-frame-number"":""success"",""filename"":""success"",""hwdec-current"":""success"",""idle-active"":""success"",""path"":""success"",""pause"":""success"",""percent-pos"":""success"",""time-pos"":""success"",""video-params"":""success"",""vo-configured"":""success""}"	true	playing	media-fba32b0055	<media-path:97100fcdae>	5100	5	true	"{""black_screen_risk_reason"":""null"",""blocked_media_count"":0,""consecutive_failures"":0,""current_index"":5,""current_item"":{""alias"":""media-fba32b0055"",""duration_ms"":5100,""offset_ms"":0,""path_alias"":""<media-path:97100fcdae>"",""started_at_present"":true},""last_poll_error"":""null"",""last_render_error"":""null"",""mpv_running"":true,""next_item"":{""alias"":""media-749f1db21b"",""duration_ms"":3900,""path_alias"":""<media-path:31af3d58a2>""},""playback_state"":""playing"",""playlist_size"":9,""present"":true,""uptime_sec"":493}"
447	474.159	2026-07-10T20:03:57+0000	success		2	<media-path:31af3d58a2>	<media-path:31af3d58a2>	<filename:92829f14a9>	2.366667	3.9	60.683761	false	false	false	70	v4l2request-copy	true	"{""aspect"":0.566038,""dh"":848,""dw"":480,""h"":848,""par"":1.0,""pixelformat"":""nv12"",""rotate"":0,""stereo-in"":""mono"",""w"":480}"	"{""duration"":""success"",""eof-reached"":""success"",""estimated-frame-number"":""success"",""filename"":""success"",""hwdec-current"":""success"",""idle-active"":""success"",""path"":""success"",""pause"":""success"",""percent-pos"":""success"",""time-pos"":""success"",""video-params"":""success"",""vo-configured"":""success""}"	true	playing	media-fba32b0055	<media-path:97100fcdae>	5100	5	true	"{""black_screen_risk_reason"":""null"",""blocked_media_count"":0,""consecutive_failures"":0,""current_index"":5,""current_item"":{""alias"":""media-fba32b0055"",""duration_ms"":5100,""offset_ms"":0,""path_alias"":""<media-path:97100fcdae>"",""started_at_present"":true},""last_poll_error"":""null"",""last_render_error"":""null"",""mpv_running"":true,""next_item"":{""alias"":""media-749f1db21b"",""duration_ms"":3900,""path_alias"":""<media-path:31af3d58a2>""},""playback_state"":""playing"",""playlist_size"":9,""present"":true,""uptime_sec"":493}"
448	475.164	2026-07-10T20:03:58+0000	success		3	<media-path:31af3d58a2>	<media-path:31af3d58a2>	<filename:92829f14a9>	3.366667	3.9	86.324786	false	false	false	100	v4l2request-copy	true	"{""aspect"":0.566038,""dh"":848,""dw"":480,""h"":848,""par"":1.0,""pixelformat"":""nv12"",""rotate"":0,""stereo-in"":""mono"",""w"":480}"	"{""duration"":""success"",""eof-reached"":""success"",""estimated-frame-number"":""success"",""filename"":""success"",""hwdec-current"":""success"",""idle-active"":""success"",""path"":""success"",""pause"":""success"",""percent-pos"":""success"",""time-pos"":""success"",""video-params"":""success"",""vo-configured"":""success""}"	true	playing	media-fba32b0055	<media-path:97100fcdae>	5100	5	true	"{""black_screen_risk_reason"":""null"",""blocked_media_count"":0,""consecutive_failures"":0,""current_index"":5,""current_item"":{""alias"":""media-fba32b0055"",""duration_ms"":5100,""offset_ms"":0,""path_alias"":""<media-path:97100fcdae>"",""started_at_present"":true},""last_poll_error"":""null"",""last_render_error"":""null"",""mpv_running"":true,""next_item"":{""alias"":""media-749f1db21b"",""duration_ms"":3900,""path_alias"":""<media-path:31af3d58a2>""},""playback_state"":""playing"",""playlist_size"":9,""present"":true,""uptime_sec"":493}"
449	476.171	2026-07-10T20:03:59+0000	success		513	<media-path:3ba49b8978>	<media-path:3ba49b8978>	<filename:e511e8bce0>	0.166833	28.061367	0.832342	false	false	false	9	v4l2request-copy	true	"{""aspect"":0.5625,""dh"":1920,""dw"":1080,""h"":1920,""par"":1.0,""pixelformat"":""nv12"",""rotate"":0,""stereo-in"":""mono"",""w"":1080}"	"{""duration"":""success"",""eof-reached"":""success"",""estimated-frame-number"":""success"",""filename"":""success"",""hwdec-current"":""success"",""idle-active"":""success"",""path"":""success"",""pause"":""success"",""percent-pos"":""success"",""time-pos"":""success"",""video-params"":""success"",""vo-configured"":""success""}"	true	playing	media-749f1db21b	<media-path:31af3d58a2>	3900	6	true	"{""black_screen_risk_reason"":""null"",""blocked_media_count"":0,""consecutive_failures"":0,""current_index"":6,""current_item"":{""alias"":""media-749f1db21b"",""duration_ms"":3900,""offset_ms"":0,""path_alias"":""<media-path:31af3d58a2>"",""started_at_present"":true},""last_poll_error"":""null"",""last_render_error"":""null"",""mpv_running"":true,""next_item"":{""alias"":""media-b8c9a5f04c"",""duration_ms"":28100,""path_alias"":""<media-path:3ba49b8978>""},""playback_state"":""playing"",""playlist_size"":9,""present"":true,""uptime_sec"":498}"
450	477.690	2026-07-10T20:04:01+0000	success		244	<media-path:3ba49b8978>	<media-path:3ba49b8978>	<filename:e511e8bce0>	1.334667	28.061367	4.994055	false	false	false	43	v4l2request-copy	true	"{""aspect"":0.5625,""dh"":1920,""dw"":1080,""h"":1920,""par"":1.0,""pixelformat"":""nv12"",""rotate"":0,""stereo-in"":""mono"",""w"":1080}"	"{""duration"":""success"",""eof-reached"":""success"",""estimated-frame-number"":""success"",""filename"":""success"",""hwdec-current"":""success"",""idle-active"":""success"",""path"":""success"",""pause"":""success"",""percent-pos"":""success"",""time-pos"":""success"",""video-params"":""success"",""vo-configured"":""success""}"	true	playing	media-749f1db21b	<media-path:31af3d58a2>	3900	6	true	"{""black_screen_risk_reason"":""null"",""blocked_media_count"":0,""consecutive_failures"":0,""current_index"":6,""current_item"":{""alias"":""media-749f1db21b"",""duration_ms"":3900,""offset_ms"":0,""path_alias"":""<media-path:31af3d58a2>"",""started_at_present"":true},""last_poll_error"":""null"",""last_render_error"":""null"",""mpv_running"":true,""next_item"":{""alias"":""media-b8c9a5f04c"",""duration_ms"":28100,""path_alias"":""<media-path:3ba49b8978>""},""playback_state"":""playing"",""playlist_size"":9,""present"":true,""uptime_sec"":498}"
451	478.938	2026-07-10T20:04:02+0000	success		464	<media-path:3ba49b8978>	<media-path:3ba49b8978>	<filename:e511e8bce0>	2.3023	28.061367	8.442331	false	false	false	73	v4l2request-copy	true	"{""aspect"":0.5625,""dh"":1920,""dw"":1080,""h"":1920,""par"":1.0,""pixelformat"":""nv12"",""rotate"":0,""stereo-in"":""mono"",""w"":1080}"	"{""duration"":""success"",""eof-reached"":""success"",""estimated-frame-number"":""success"",""filename"":""success"",""hwdec-current"":""success"",""idle-active"":""success"",""path"":""success"",""pause"":""success"",""percent-pos"":""success"",""time-pos"":""success"",""video-params"":""success"",""vo-configured"":""success""}"	true	playing	media-749f1db21b	<media-path:31af3d58a2>	3900	6	true	"{""black_screen_risk_reason"":""null"",""blocked_media_count"":0,""consecutive_failures"":0,""current_index"":6,""current_item"":{""alias"":""media-749f1db21b"",""duration_ms"":3900,""offset_ms"":0,""path_alias"":""<media-path:31af3d58a2>"",""started_at_present"":true},""last_poll_error"":""null"",""last_render_error"":""null"",""mpv_running"":true,""next_item"":{""alias"":""media-b8c9a5f04c"",""duration_ms"":28100,""path_alias"":""<media-path:3ba49b8978>""},""playback_state"":""playing"",""playlist_size"":9,""present"":true,""uptime_sec"":498}"
452	480.407	2026-07-10T20:04:03+0000	success		348	<media-path:3ba49b8978>	<media-path:3ba49b8978>	<filename:e511e8bce0>	3.470133	28.061367	12.604043	false	false	false	108	v4l2request-copy	true	"{""aspect"":0.5625,""dh"":1920,""dw"":1080,""h"":1920,""par"":1.0,""pixelformat"":""nv12"",""rotate"":0,""stereo-in"":""mono"",""w"":1080}"	"{""duration"":""success"",""eof-reached"":""success"",""estimated-frame-number"":""success"",""filename"":""success"",""hwdec-current"":""success"",""idle-active"":""success"",""path"":""success"",""pause"":""success"",""percent-pos"":""success"",""time-pos"":""success"",""video-params"":""success"",""vo-configured"":""success""}"	true	playing	media-749f1db21b	<media-path:31af3d58a2>	3900	6	true	"{""black_screen_risk_reason"":""null"",""blocked_media_count"":0,""consecutive_failures"":0,""current_index"":6,""current_item"":{""alias"":""media-749f1db21b"",""duration_ms"":3900,""offset_ms"":0,""path_alias"":""<media-path:31af3d58a2>"",""started_at_present"":true},""last_poll_error"":""null"",""last_render_error"":""null"",""mpv_running"":true,""next_item"":{""alias"":""media-b8c9a5f04c"",""duration_ms"":28100,""path_alias"":""<media-path:3ba49b8978>""},""playback_state"":""playing"",""playlist_size"":9,""present"":true,""uptime_sec"":498}"
453	481.759	2026-07-10T20:04:05+0000	success		470	<media-path:3ba49b8978>	<media-path:3ba49b8978>	<filename:e511e8bce0>	4.5045	28.061367	16.290131	false	false	false	139	v4l2request-copy	true	"{""aspect"":0.5625,""dh"":1920,""dw"":1080,""h"":1920,""par"":1.0,""pixelformat"":""nv12"",""rotate"":0,""stereo-in"":""mono"",""w"":1080}"	"{""duration"":""success"",""eof-reached"":""success"",""estimated-frame-number"":""success"",""filename"":""success"",""hwdec-current"":""success"",""idle-active"":""success"",""path"":""success"",""pause"":""success"",""percent-pos"":""success"",""time-pos"":""success"",""video-params"":""success"",""vo-configured"":""success""}"	true	playing	media-b8c9a5f04c	<media-path:3ba49b8978>	28100	7	true	"{""black_screen_risk_reason"":""null"",""blocked_media_count"":0,""consecutive_failures"":0,""current_index"":7,""current_item"":{""alias"":""media-b8c9a5f04c"",""duration_ms"":28100,""offset_ms"":0,""path_alias"":""<media-path:3ba49b8978>"",""started_at_present"":true},""last_poll_error"":""null"",""last_render_error"":""null"",""mpv_running"":true,""next_item"":{""alias"":""media-7eefea6ba2"",""duration_ms"":5000,""path_alias"":""<media-path:9e48f6362b>""},""playback_state"":""playing"",""playlist_size"":9,""present"":true,""uptime_sec"":503}"
454	483.233	2026-07-10T20:04:06+0000	success		446	<media-path:3ba49b8978>	<media-path:3ba49b8978>	<filename:e511e8bce0>	5.672333	28.061367	20.451843	false	false	false	174	v4l2request-copy	true	"{""aspect"":0.5625,""dh"":1920,""dw"":1080,""h"":1920,""par"":1.0,""pixelformat"":""nv12"",""rotate"":0,""stereo-in"":""mono"",""w"":1080}"	"{""duration"":""success"",""eof-reached"":""success"",""estimated-frame-number"":""success"",""filename"":""success"",""hwdec-current"":""success"",""idle-active"":""success"",""path"":""success"",""pause"":""success"",""percent-pos"":""success"",""time-pos"":""success"",""video-params"":""success"",""vo-configured"":""success""}"	true	playing	media-b8c9a5f04c	<media-path:3ba49b8978>	28100	7	true	"{""black_screen_risk_reason"":""null"",""blocked_media_count"":0,""consecutive_failures"":0,""current_index"":7,""current_item"":{""alias"":""media-b8c9a5f04c"",""duration_ms"":28100,""offset_ms"":0,""path_alias"":""<media-path:3ba49b8978>"",""started_at_present"":true},""last_poll_error"":""null"",""last_render_error"":""null"",""mpv_running"":true,""next_item"":{""alias"":""media-7eefea6ba2"",""duration_ms"":5000,""path_alias"":""<media-path:9e48f6362b>""},""playback_state"":""playing"",""playlist_size"":9,""present"":true,""uptime_sec"":503}"
455	484.684	2026-07-10T20:04:08+0000	success		474	<media-path:3ba49b8978>	<media-path:3ba49b8978>	<filename:e511e8bce0>	6.8068	28.061367	24.494649	false	false	false	208	v4l2request-copy	true	"{""aspect"":0.5625,""dh"":1920,""dw"":1080,""h"":1920,""par"":1.0,""pixelformat"":""nv12"",""rotate"":0,""stereo-in"":""mono"",""w"":1080}"	"{""duration"":""success"",""eof-reached"":""success"",""estimated-frame-number"":""success"",""filename"":""success"",""hwdec-current"":""success"",""idle-active"":""success"",""path"":""success"",""pause"":""success"",""percent-pos"":""success"",""time-pos"":""success"",""video-params"":""success"",""vo-configured"":""success""}"	true	playing	media-b8c9a5f04c	<media-path:3ba49b8978>	28100	7	true	"{""black_screen_risk_reason"":""null"",""blocked_media_count"":0,""consecutive_failures"":0,""current_index"":7,""current_item"":{""alias"":""media-b8c9a5f04c"",""duration_ms"":28100,""offset_ms"":0,""path_alias"":""<media-path:3ba49b8978>"",""started_at_present"":true},""last_poll_error"":""null"",""last_render_error"":""null"",""mpv_running"":true,""next_item"":{""alias"":""media-7eefea6ba2"",""duration_ms"":5000,""path_alias"":""<media-path:9e48f6362b>""},""playback_state"":""playing"",""playlist_size"":9,""present"":true,""uptime_sec"":503}"
456	486.164	2026-07-10T20:04:09+0000	success		297	<media-path:3ba49b8978>	<media-path:3ba49b8978>	<filename:e511e8bce0>	7.974633	28.061367	28.656361	false	false	false	243	v4l2request-copy	true	"{""aspect"":0.5625,""dh"":1920,""dw"":1080,""h"":1920,""par"":1.0,""pixelformat"":""nv12"",""rotate"":0,""stereo-in"":""mono"",""w"":1080}"	"{""duration"":""success"",""eof-reached"":""success"",""estimated-frame-number"":""success"",""filename"":""success"",""hwdec-current"":""success"",""idle-active"":""success"",""path"":""success"",""pause"":""success"",""percent-pos"":""success"",""time-pos"":""success"",""video-params"":""success"",""vo-configured"":""success""}"	true	playing	media-b8c9a5f04c	<media-path:3ba49b8978>	28100	7	true	"{""black_screen_risk_reason"":""null"",""blocked_media_count"":0,""consecutive_failures"":0,""current_index"":7,""current_item"":{""alias"":""media-b8c9a5f04c"",""duration_ms"":28100,""offset_ms"":0,""path_alias"":""<media-path:3ba49b8978>"",""started_at_present"":true},""last_poll_error"":""null"",""last_render_error"":""null"",""mpv_running"":true,""next_item"":{""alias"":""media-7eefea6ba2"",""duration_ms"":5000,""path_alias"":""<media-path:9e48f6362b>""},""playback_state"":""playing"",""playlist_size"":9,""present"":true,""uptime_sec"":508}"
457	487.465	2026-07-10T20:04:10+0000	success		466	<media-path:3ba49b8978>	<media-path:3ba49b8978>	<filename:e511e8bce0>	8.975633	28.061367	32.223543	false	false	false	273	v4l2request-copy	true	"{""aspect"":0.5625,""dh"":1920,""dw"":1080,""h"":1920,""par"":1.0,""pixelformat"":""nv12"",""rotate"":0,""stereo-in"":""mono"",""w"":1080}"	"{""duration"":""success"",""eof-reached"":""success"",""estimated-frame-number"":""success"",""filename"":""success"",""hwdec-current"":""success"",""idle-active"":""success"",""path"":""success"",""pause"":""success"",""percent-pos"":""success"",""time-pos"":""success"",""video-params"":""success"",""vo-configured"":""success""}"	true	playing	media-b8c9a5f04c	<media-path:3ba49b8978>	28100	7	true	"{""black_screen_risk_reason"":""null"",""blocked_media_count"":0,""consecutive_failures"":0,""current_index"":7,""current_item"":{""alias"":""media-b8c9a5f04c"",""duration_ms"":28100,""offset_ms"":0,""path_alias"":""<media-path:3ba49b8978>"",""started_at_present"":true},""last_poll_error"":""null"",""last_render_error"":""null"",""mpv_running"":true,""next_item"":{""alias"":""media-7eefea6ba2"",""duration_ms"":5000,""path_alias"":""<media-path:9e48f6362b>""},""playback_state"":""playing"",""playlist_size"":9,""present"":true,""uptime_sec"":508}"
458	488.934	2026-07-10T20:04:12+0000	success		475	<media-path:3ba49b8978>	<media-path:3ba49b8978>	<filename:e511e8bce0>	10.176833	28.061367	36.504162	false	false	false	309	v4l2request-copy	true	"{""aspect"":0.5625,""dh"":1920,""dw"":1080,""h"":1920,""par"":1.0,""pixelformat"":""nv12"",""rotate"":0,""stereo-in"":""mono"",""w"":1080}"	"{""duration"":""success"",""eof-reached"":""success"",""estimated-frame-number"":""success"",""filename"":""success"",""hwdec-current"":""success"",""idle-active"":""success"",""path"":""success"",""pause"":""success"",""percent-pos"":""success"",""time-pos"":""success"",""video-params"":""success"",""vo-configured"":""success""}"	true	playing	media-b8c9a5f04c	<media-path:3ba49b8978>	28100	7	true	"{""black_screen_risk_reason"":""null"",""blocked_media_count"":0,""consecutive_failures"":0,""current_index"":7,""current_item"":{""alias"":""media-b8c9a5f04c"",""duration_ms"":28100,""offset_ms"":0,""path_alias"":""<media-path:3ba49b8978>"",""started_at_present"":true},""last_poll_error"":""null"",""last_render_error"":""null"",""mpv_running"":true,""next_item"":{""alias"":""media-7eefea6ba2"",""duration_ms"":5000,""path_alias"":""<media-path:9e48f6362b>""},""playback_state"":""playing"",""playlist_size"":9,""present"":true,""uptime_sec"":508}"
459	490.413	2026-07-10T20:04:13+0000	success		359	<media-path:3ba49b8978>	<media-path:3ba49b8978>	<filename:e511e8bce0>	11.3113	28.061367	40.546968	false	false	false	343	v4l2request-copy	true	"{""aspect"":0.5625,""dh"":1920,""dw"":1080,""h"":1920,""par"":1.0,""pixelformat"":""nv12"",""rotate"":0,""stereo-in"":""mono"",""w"":1080}"	"{""duration"":""success"",""eof-reached"":""success"",""estimated-frame-number"":""success"",""filename"":""success"",""hwdec-current"":""success"",""idle-active"":""success"",""path"":""success"",""pause"":""success"",""percent-pos"":""success"",""time-pos"":""success"",""video-params"":""success"",""vo-configured"":""success""}"	true	playing	media-b8c9a5f04c	<media-path:3ba49b8978>	28100	7	true	"{""black_screen_risk_reason"":""null"",""blocked_media_count"":0,""consecutive_failures"":0,""current_index"":7,""current_item"":{""alias"":""media-b8c9a5f04c"",""duration_ms"":28100,""offset_ms"":0,""path_alias"":""<media-path:3ba49b8978>"",""started_at_present"":true},""last_poll_error"":""null"",""last_render_error"":""null"",""mpv_running"":true,""next_item"":{""alias"":""media-7eefea6ba2"",""duration_ms"":5000,""path_alias"":""<media-path:9e48f6362b>""},""playback_state"":""playing"",""playlist_size"":9,""present"":true,""uptime_sec"":508}"
460	491.775	2026-07-10T20:04:15+0000	success		384	<media-path:3ba49b8978>	<media-path:3ba49b8978>	<filename:e511e8bce0>	12.379033	28.061367	44.351962	false	false	false	375	v4l2request-copy	true	"{""aspect"":0.5625,""dh"":1920,""dw"":1080,""h"":1920,""par"":1.0,""pixelformat"":""nv12"",""rotate"":0,""stereo-in"":""mono"",""w"":1080}"	"{""duration"":""success"",""eof-reached"":""success"",""estimated-frame-number"":""success"",""filename"":""success"",""hwdec-current"":""success"",""idle-active"":""success"",""path"":""success"",""pause"":""success"",""percent-pos"":""success"",""time-pos"":""success"",""video-params"":""success"",""vo-configured"":""success""}"	true	playing	media-b8c9a5f04c	<media-path:3ba49b8978>	28100	7	true	"{""black_screen_risk_reason"":""null"",""blocked_media_count"":0,""consecutive_failures"":0,""current_index"":7,""current_item"":{""alias"":""media-b8c9a5f04c"",""duration_ms"":28100,""offset_ms"":0,""path_alias"":""<media-path:3ba49b8978>"",""started_at_present"":true},""last_poll_error"":""null"",""last_render_error"":""null"",""mpv_running"":true,""next_item"":{""alias"":""media-7eefea6ba2"",""duration_ms"":5000,""path_alias"":""<media-path:9e48f6362b>""},""playback_state"":""playing"",""playlist_size"":9,""present"":true,""uptime_sec"":513}"
461	493.163	2026-07-10T20:04:16+0000	success		475	<media-path:3ba49b8978>	<media-path:3ba49b8978>	<filename:e511e8bce0>	13.446767	28.061367	48.156956	false	false	false	407	v4l2request-copy	true	"{""aspect"":0.5625,""dh"":1920,""dw"":1080,""h"":1920,""par"":1.0,""pixelformat"":""nv12"",""rotate"":0,""stereo-in"":""mono"",""w"":1080}"	"{""duration"":""success"",""eof-reached"":""success"",""estimated-frame-number"":""success"",""filename"":""success"",""hwdec-current"":""success"",""idle-active"":""success"",""path"":""success"",""pause"":""success"",""percent-pos"":""success"",""time-pos"":""success"",""video-params"":""success"",""vo-configured"":""success""}"	true	playing	media-b8c9a5f04c	<media-path:3ba49b8978>	28100	7	true	"{""black_screen_risk_reason"":""null"",""blocked_media_count"":0,""consecutive_failures"":0,""current_index"":7,""current_item"":{""alias"":""media-b8c9a5f04c"",""duration_ms"":28100,""offset_ms"":0,""path_alias"":""<media-path:3ba49b8978>"",""started_at_present"":true},""last_poll_error"":""null"",""last_render_error"":""null"",""mpv_running"":true,""next_item"":{""alias"":""media-7eefea6ba2"",""duration_ms"":5000,""path_alias"":""<media-path:9e48f6362b>""},""playback_state"":""playing"",""playlist_size"":9,""present"":true,""uptime_sec"":513}"
462	494.642	2026-07-10T20:04:18+0000	success		423	<media-path:3ba49b8978>	<media-path:3ba49b8978>	<filename:e511e8bce0>	14.647967	28.061367	52.437574	false	false	false	443	v4l2request-copy	true	"{""aspect"":0.5625,""dh"":1920,""dw"":1080,""h"":1920,""par"":1.0,""pixelformat"":""nv12"",""rotate"":0,""stereo-in"":""mono"",""w"":1080}"	"{""duration"":""success"",""eof-reached"":""success"",""estimated-frame-number"":""success"",""filename"":""success"",""hwdec-current"":""success"",""idle-active"":""success"",""path"":""success"",""pause"":""success"",""percent-pos"":""success"",""time-pos"":""success"",""video-params"":""success"",""vo-configured"":""success""}"	true	playing	media-b8c9a5f04c	<media-path:3ba49b8978>	28100	7	true	"{""black_screen_risk_reason"":""null"",""blocked_media_count"":0,""consecutive_failures"":0,""current_index"":7,""current_item"":{""alias"":""media-b8c9a5f04c"",""duration_ms"":28100,""offset_ms"":0,""path_alias"":""<media-path:3ba49b8978>"",""started_at_present"":true},""last_poll_error"":""null"",""last_render_error"":""null"",""mpv_running"":true,""next_item"":{""alias"":""media-7eefea6ba2"",""duration_ms"":5000,""path_alias"":""<media-path:9e48f6362b>""},""playback_state"":""playing"",""playlist_size"":9,""present"":true,""uptime_sec"":513}"
463	496.069	2026-07-10T20:04:19+0000	success		491	<media-path:3ba49b8978>	<media-path:3ba49b8978>	<filename:e511e8bce0>	15.749067	28.061367	56.361474	false	false	false	476	v4l2request-copy	true	"{""aspect"":0.5625,""dh"":1920,""dw"":1080,""h"":1920,""par"":1.0,""pixelformat"":""nv12"",""rotate"":0,""stereo-in"":""mono"",""w"":1080}"	"{""duration"":""success"",""eof-reached"":""success"",""estimated-frame-number"":""success"",""filename"":""success"",""hwdec-current"":""success"",""idle-active"":""success"",""path"":""success"",""pause"":""success"",""percent-pos"":""success"",""time-pos"":""success"",""video-params"":""success"",""vo-configured"":""success""}"	true	playing	media-b8c9a5f04c	<media-path:3ba49b8978>	28100	7	true	"{""black_screen_risk_reason"":""null"",""blocked_media_count"":0,""consecutive_failures"":0,""current_index"":7,""current_item"":{""alias"":""media-b8c9a5f04c"",""duration_ms"":28100,""offset_ms"":0,""path_alias"":""<media-path:3ba49b8978>"",""started_at_present"":true},""last_poll_error"":""null"",""last_render_error"":""null"",""mpv_running"":true,""next_item"":{""alias"":""media-7eefea6ba2"",""duration_ms"":5000,""path_alias"":""<media-path:9e48f6362b>""},""playback_state"":""playing"",""playlist_size"":9,""present"":true,""uptime_sec"":518}"
464	497.564	2026-07-10T20:04:20+0000	success		354	<media-path:3ba49b8978>	<media-path:3ba49b8978>	<filename:e511e8bce0>	16.9169	28.061367	60.523187	false	false	false	511	v4l2request-copy	true	"{""aspect"":0.5625,""dh"":1920,""dw"":1080,""h"":1920,""par"":1.0,""pixelformat"":""nv12"",""rotate"":0,""stereo-in"":""mono"",""w"":1080}"	"{""duration"":""success"",""eof-reached"":""success"",""estimated-frame-number"":""success"",""filename"":""success"",""hwdec-current"":""success"",""idle-active"":""success"",""path"":""success"",""pause"":""success"",""percent-pos"":""success"",""time-pos"":""success"",""video-params"":""success"",""vo-configured"":""success""}"	true	playing	media-b8c9a5f04c	<media-path:3ba49b8978>	28100	7	true	"{""black_screen_risk_reason"":""null"",""blocked_media_count"":0,""consecutive_failures"":0,""current_index"":7,""current_item"":{""alias"":""media-b8c9a5f04c"",""duration_ms"":28100,""offset_ms"":0,""path_alias"":""<media-path:3ba49b8978>"",""started_at_present"":true},""last_poll_error"":""null"",""last_render_error"":""null"",""mpv_running"":true,""next_item"":{""alias"":""media-7eefea6ba2"",""duration_ms"":5000,""path_alias"":""<media-path:9e48f6362b>""},""playback_state"":""playing"",""playlist_size"":9,""present"":true,""uptime_sec"":518}"
465	498.921	2026-07-10T20:04:22+0000	success		461	<media-path:3ba49b8978>	<media-path:3ba49b8978>	<filename:e511e8bce0>	17.984633	28.061367	64.328181	false	false	false	543	v4l2request-copy	true	"{""aspect"":0.5625,""dh"":1920,""dw"":1080,""h"":1920,""par"":1.0,""pixelformat"":""nv12"",""rotate"":0,""stereo-in"":""mono"",""w"":1080}"	"{""duration"":""success"",""eof-reached"":""success"",""estimated-frame-number"":""success"",""filename"":""success"",""hwdec-current"":""success"",""idle-active"":""success"",""path"":""success"",""pause"":""success"",""percent-pos"":""success"",""time-pos"":""success"",""video-params"":""success"",""vo-configured"":""success""}"	true	playing	media-b8c9a5f04c	<media-path:3ba49b8978>	28100	7	true	"{""black_screen_risk_reason"":""null"",""blocked_media_count"":0,""consecutive_failures"":0,""current_index"":7,""current_item"":{""alias"":""media-b8c9a5f04c"",""duration_ms"":28100,""offset_ms"":0,""path_alias"":""<media-path:3ba49b8978>"",""started_at_present"":true},""last_poll_error"":""null"",""last_render_error"":""null"",""mpv_running"":true,""next_item"":{""alias"":""media-7eefea6ba2"",""duration_ms"":5000,""path_alias"":""<media-path:9e48f6362b>""},""playback_state"":""playing"",""playlist_size"":9,""present"":true,""uptime_sec"":518}"
466	500.386	2026-07-10T20:04:23+0000	success		491	<media-path:3ba49b8978>	<media-path:3ba49b8978>	<filename:e511e8bce0>	19.152467	28.061367	68.489893	false	false	false	578	v4l2request-copy	true	"{""aspect"":0.5625,""dh"":1920,""dw"":1080,""h"":1920,""par"":1.0,""pixelformat"":""nv12"",""rotate"":0,""stereo-in"":""mono"",""w"":1080}"	"{""duration"":""success"",""eof-reached"":""success"",""estimated-frame-number"":""success"",""filename"":""success"",""hwdec-current"":""success"",""idle-active"":""success"",""path"":""success"",""pause"":""success"",""percent-pos"":""success"",""time-pos"":""success"",""video-params"":""success"",""vo-configured"":""success""}"	true	playing	media-b8c9a5f04c	<media-path:3ba49b8978>	28100	7	true	"{""black_screen_risk_reason"":""null"",""blocked_media_count"":0,""consecutive_failures"":0,""current_index"":7,""current_item"":{""alias"":""media-b8c9a5f04c"",""duration_ms"":28100,""offset_ms"":0,""path_alias"":""<media-path:3ba49b8978>"",""started_at_present"":true},""last_poll_error"":""null"",""last_render_error"":""null"",""mpv_running"":true,""next_item"":{""alias"":""media-7eefea6ba2"",""duration_ms"":5000,""path_alias"":""<media-path:9e48f6362b>""},""playback_state"":""playing"",""playlist_size"":9,""present"":true,""uptime_sec"":523}"
467	501.881	2026-07-10T20:04:25+0000	success		506	<media-path:3ba49b8978>	<media-path:3ba49b8978>	<filename:e511e8bce0>	20.3203	28.061367	72.651605	false	false	false	613	v4l2request-copy	true	"{""aspect"":0.5625,""dh"":1920,""dw"":1080,""h"":1920,""par"":1.0,""pixelformat"":""nv12"",""rotate"":0,""stereo-in"":""mono"",""w"":1080}"	"{""duration"":""success"",""eof-reached"":""success"",""estimated-frame-number"":""success"",""filename"":""success"",""hwdec-current"":""success"",""idle-active"":""success"",""path"":""success"",""pause"":""success"",""percent-pos"":""success"",""time-pos"":""success"",""video-params"":""success"",""vo-configured"":""success""}"	true	playing	media-b8c9a5f04c	<media-path:3ba49b8978>	28100	7	true	"{""black_screen_risk_reason"":""null"",""blocked_media_count"":0,""consecutive_failures"":0,""current_index"":7,""current_item"":{""alias"":""media-b8c9a5f04c"",""duration_ms"":28100,""offset_ms"":0,""path_alias"":""<media-path:3ba49b8978>"",""started_at_present"":true},""last_poll_error"":""null"",""last_render_error"":""null"",""mpv_running"":true,""next_item"":{""alias"":""media-7eefea6ba2"",""duration_ms"":5000,""path_alias"":""<media-path:9e48f6362b>""},""playback_state"":""playing"",""playlist_size"":9,""present"":true,""uptime_sec"":523}"
468	503.391	2026-07-10T20:04:26+0000	success		116	<media-path:3ba49b8978>	<media-path:3ba49b8978>	<filename:e511e8bce0>	21.488133	28.061367	76.575505	false	false	false	644	v4l2request-copy	true	"{""aspect"":0.5625,""dh"":1920,""dw"":1080,""h"":1920,""par"":1.0,""pixelformat"":""nv12"",""rotate"":0,""stereo-in"":""mono"",""w"":1080}"	"{""duration"":""success"",""eof-reached"":""success"",""estimated-frame-number"":""success"",""filename"":""success"",""hwdec-current"":""success"",""idle-active"":""success"",""path"":""success"",""pause"":""success"",""percent-pos"":""success"",""time-pos"":""success"",""video-params"":""success"",""vo-configured"":""success""}"	true	playing	media-b8c9a5f04c	<media-path:3ba49b8978>	28100	7	true	"{""black_screen_risk_reason"":""null"",""blocked_media_count"":0,""consecutive_failures"":0,""current_index"":7,""current_item"":{""alias"":""media-b8c9a5f04c"",""duration_ms"":28100,""offset_ms"":0,""path_alias"":""<media-path:3ba49b8978>"",""started_at_present"":true},""last_poll_error"":""null"",""last_render_error"":""null"",""mpv_running"":true,""next_item"":{""alias"":""media-7eefea6ba2"",""duration_ms"":5000,""path_alias"":""<media-path:9e48f6362b>""},""playback_state"":""playing"",""playlist_size"":9,""present"":true,""uptime_sec"":523}"
469	504.511	2026-07-10T20:04:27+0000	success		2	<media-path:9e48f6362b>	<media-path:9e48f6362b>	<filename:4e569cdfc9>	0.083333	5.041667	1.652893	false	false	false	2	v4l2request-copy	true	"{""aspect"":0.666667,""dh"":720,""dw"":480,""h"":720,""par"":1.0,""pixelformat"":""nv12"",""rotate"":0,""stereo-in"":""mono"",""w"":480}"	"{""duration"":""success"",""eof-reached"":""success"",""estimated-frame-number"":""success"",""filename"":""success"",""hwdec-current"":""success"",""idle-active"":""success"",""path"":""success"",""pause"":""success"",""percent-pos"":""success"",""time-pos"":""success"",""video-params"":""success"",""vo-configured"":""success""}"	true	playing	media-b8c9a5f04c	<media-path:3ba49b8978>	28100	7	true	"{""black_screen_risk_reason"":""null"",""blocked_media_count"":0,""consecutive_failures"":0,""current_index"":7,""current_item"":{""alias"":""media-b8c9a5f04c"",""duration_ms"":28100,""offset_ms"":0,""path_alias"":""<media-path:3ba49b8978>"",""started_at_present"":true},""last_poll_error"":""null"",""last_render_error"":""null"",""mpv_running"":true,""next_item"":{""alias"":""media-7eefea6ba2"",""duration_ms"":5000,""path_alias"":""<media-path:9e48f6362b>""},""playback_state"":""playing"",""playlist_size"":9,""present"":true,""uptime_sec"":523}"
470	505.515	2026-07-10T20:04:28+0000	success		2	<media-path:9e48f6362b>	<media-path:9e48f6362b>	<filename:4e569cdfc9>	1.083333	5.041667	21.487603	false	false	false	26	v4l2request-copy	true	"{""aspect"":0.666667,""dh"":720,""dw"":480,""h"":720,""par"":1.0,""pixelformat"":""nv12"",""rotate"":0,""stereo-in"":""mono"",""w"":480}"	"{""duration"":""success"",""eof-reached"":""success"",""estimated-frame-number"":""success"",""filename"":""success"",""hwdec-current"":""success"",""idle-active"":""success"",""path"":""success"",""pause"":""success"",""percent-pos"":""success"",""time-pos"":""success"",""video-params"":""success"",""vo-configured"":""success""}"	true	playing	media-b8c9a5f04c	<media-path:3ba49b8978>	28100	7	true	"{""black_screen_risk_reason"":""null"",""blocked_media_count"":0,""consecutive_failures"":0,""current_index"":7,""current_item"":{""alias"":""media-b8c9a5f04c"",""duration_ms"":28100,""offset_ms"":0,""path_alias"":""<media-path:3ba49b8978>"",""started_at_present"":true},""last_poll_error"":""null"",""last_render_error"":""null"",""mpv_running"":true,""next_item"":{""alias"":""media-7eefea6ba2"",""duration_ms"":5000,""path_alias"":""<media-path:9e48f6362b>""},""playback_state"":""playing"",""playlist_size"":9,""present"":true,""uptime_sec"":523}"
471	506.519	2026-07-10T20:04:29+0000	success		2	<media-path:9e48f6362b>	<media-path:9e48f6362b>	<filename:4e569cdfc9>	2.083333	5.041667	41.322314	false	false	false	50	v4l2request-copy	true	"{""aspect"":0.666667,""dh"":720,""dw"":480,""h"":720,""par"":1.0,""pixelformat"":""nv12"",""rotate"":0,""stereo-in"":""mono"",""w"":480}"	"{""duration"":""success"",""eof-reached"":""success"",""estimated-frame-number"":""success"",""filename"":""success"",""hwdec-current"":""success"",""idle-active"":""success"",""path"":""success"",""pause"":""success"",""percent-pos"":""success"",""time-pos"":""success"",""video-params"":""success"",""vo-configured"":""success""}"	true	playing	media-7eefea6ba2	<media-path:9e48f6362b>	5000	8	true	"{""black_screen_risk_reason"":""null"",""blocked_media_count"":0,""consecutive_failures"":0,""current_index"":8,""current_item"":{""alias"":""media-7eefea6ba2"",""duration_ms"":5000,""offset_ms"":0,""path_alias"":""<media-path:9e48f6362b>"",""started_at_present"":true},""last_poll_error"":""null"",""last_render_error"":""null"",""mpv_running"":true,""next_item"":{""alias"":""media-63e22e276f"",""duration_ms"":15100,""path_alias"":""<media-path:c406539999>""},""playback_state"":""playing"",""playlist_size"":9,""present"":true,""uptime_sec"":528}"
472	507.523	2026-07-10T20:04:30+0000	success		2	<media-path:9e48f6362b>	<media-path:9e48f6362b>	<filename:4e569cdfc9>	3.083333	5.041667	61.157025	false	false	false	74	v4l2request-copy	true	"{""aspect"":0.666667,""dh"":720,""dw"":480,""h"":720,""par"":1.0,""pixelformat"":""nv12"",""rotate"":0,""stereo-in"":""mono"",""w"":480}"	"{""duration"":""success"",""eof-reached"":""success"",""estimated-frame-number"":""success"",""filename"":""success"",""hwdec-current"":""success"",""idle-active"":""success"",""path"":""success"",""pause"":""success"",""percent-pos"":""success"",""time-pos"":""success"",""video-params"":""success"",""vo-configured"":""success""}"	true	playing	media-7eefea6ba2	<media-path:9e48f6362b>	5000	8	true	"{""black_screen_risk_reason"":""null"",""blocked_media_count"":0,""consecutive_failures"":0,""current_index"":8,""current_item"":{""alias"":""media-7eefea6ba2"",""duration_ms"":5000,""offset_ms"":0,""path_alias"":""<media-path:9e48f6362b>"",""started_at_present"":true},""last_poll_error"":""null"",""last_render_error"":""null"",""mpv_running"":true,""next_item"":{""alias"":""media-63e22e276f"",""duration_ms"":15100,""path_alias"":""<media-path:c406539999>""},""playback_state"":""playing"",""playlist_size"":9,""present"":true,""uptime_sec"":528}"
473	508.528	2026-07-10T20:04:31+0000	success		2	<media-path:9e48f6362b>	<media-path:9e48f6362b>	<filename:4e569cdfc9>	4.083333	5.041667	80.991736	false	false	false	98	v4l2request-copy	true	"{""aspect"":0.666667,""dh"":720,""dw"":480,""h"":720,""par"":1.0,""pixelformat"":""nv12"",""rotate"":0,""stereo-in"":""mono"",""w"":480}"	"{""duration"":""success"",""eof-reached"":""success"",""estimated-frame-number"":""success"",""filename"":""success"",""hwdec-current"":""success"",""idle-active"":""success"",""path"":""success"",""pause"":""success"",""percent-pos"":""success"",""time-pos"":""success"",""video-params"":""success"",""vo-configured"":""success""}"	true	playing	media-7eefea6ba2	<media-path:9e48f6362b>	5000	8	true	"{""black_screen_risk_reason"":""null"",""blocked_media_count"":0,""consecutive_failures"":0,""current_index"":8,""current_item"":{""alias"":""media-7eefea6ba2"",""duration_ms"":5000,""offset_ms"":0,""path_alias"":""<media-path:9e48f6362b>"",""started_at_present"":true},""last_poll_error"":""null"",""last_render_error"":""null"",""mpv_running"":true,""next_item"":{""alias"":""media-63e22e276f"",""duration_ms"":15100,""path_alias"":""<media-path:c406539999>""},""playback_state"":""playing"",""playlist_size"":9,""present"":true,""uptime_sec"":528}"
474	509.531	2026-07-10T20:04:32+0000	success		38	<media-path:c406539999>	<media-path:c406539999>	<filename:aaf3979e21>	0.033333	15.069751	0.221194	false	false	false	1	v4l2request-copy	true	"{""aspect"":0.566038,""dh"":848,""dw"":480,""h"":848,""par"":1.0,""pixelformat"":""nv12"",""rotate"":0,""stereo-in"":""mono"",""w"":480}"	"{""duration"":""success"",""eof-reached"":""success"",""estimated-frame-number"":""success"",""filename"":""success"",""hwdec-current"":""success"",""idle-active"":""success"",""path"":""success"",""pause"":""success"",""percent-pos"":""success"",""time-pos"":""success"",""video-params"":""success"",""vo-configured"":""success""}"	true	playing	media-7eefea6ba2	<media-path:9e48f6362b>	5000	8	true	"{""black_screen_risk_reason"":""null"",""blocked_media_count"":0,""consecutive_failures"":0,""current_index"":8,""current_item"":{""alias"":""media-7eefea6ba2"",""duration_ms"":5000,""offset_ms"":0,""path_alias"":""<media-path:9e48f6362b>"",""started_at_present"":true},""last_poll_error"":""null"",""last_render_error"":""null"",""mpv_running"":true,""next_item"":{""alias"":""media-63e22e276f"",""duration_ms"":15100,""path_alias"":""<media-path:c406539999>""},""playback_state"":""playing"",""playlist_size"":9,""present"":true,""uptime_sec"":528}"
475	510.572	2026-07-10T20:04:33+0000	success		8	<media-path:c406539999>	<media-path:c406539999>	<filename:aaf3979e21>	1.066667	15.069751	7.078197	false	false	false	32	v4l2request-copy	true	"{""aspect"":0.566038,""dh"":848,""dw"":480,""h"":848,""par"":1.0,""pixelformat"":""nv12"",""rotate"":0,""stereo-in"":""mono"",""w"":480}"	"{""duration"":""success"",""eof-reached"":""success"",""estimated-frame-number"":""success"",""filename"":""success"",""hwdec-current"":""success"",""idle-active"":""success"",""path"":""success"",""pause"":""success"",""percent-pos"":""success"",""time-pos"":""success"",""video-params"":""success"",""vo-configured"":""success""}"	true	playing	media-7eefea6ba2	<media-path:9e48f6362b>	5000	8	true	"{""black_screen_risk_reason"":""null"",""blocked_media_count"":0,""consecutive_failures"":0,""current_index"":8,""current_item"":{""alias"":""media-7eefea6ba2"",""duration_ms"":5000,""offset_ms"":0,""path_alias"":""<media-path:9e48f6362b>"",""started_at_present"":true},""last_poll_error"":""null"",""last_render_error"":""null"",""mpv_running"":true,""next_item"":{""alias"":""media-63e22e276f"",""duration_ms"":15100,""path_alias"":""<media-path:c406539999>""},""playback_state"":""playing"",""playlist_size"":9,""present"":true,""uptime_sec"":528}"
476	511.582	2026-07-10T20:04:34+0000	success		2	<media-path:c406539999>	<media-path:c406539999>	<filename:aaf3979e21>	2.066667	15.069751	13.714007	false	false	false	62	v4l2request-copy	true	"{""aspect"":0.566038,""dh"":848,""dw"":480,""h"":848,""par"":1.0,""pixelformat"":""nv12"",""rotate"":0,""stereo-in"":""mono"",""w"":480}"	"{""duration"":""success"",""eof-reached"":""success"",""estimated-frame-number"":""success"",""filename"":""success"",""hwdec-current"":""success"",""idle-active"":""success"",""path"":""success"",""pause"":""success"",""percent-pos"":""success"",""time-pos"":""success"",""video-params"":""success"",""vo-configured"":""success""}"	true	playing	media-63e22e276f	<media-path:c406539999>	15100	0	true	"{""black_screen_risk_reason"":""null"",""blocked_media_count"":0,""consecutive_failures"":0,""current_index"":0,""current_item"":{""alias"":""media-63e22e276f"",""duration_ms"":15100,""offset_ms"":0,""path_alias"":""<media-path:c406539999>"",""started_at_present"":true},""last_poll_error"":""null"",""last_render_error"":""null"",""mpv_running"":true,""next_item"":{""alias"":""media-b04db49d99"",""duration_ms"":15100,""path_alias"":""<media-path:2b030c3c41>""},""playback_state"":""playing"",""playlist_size"":9,""present"":true,""uptime_sec"":533}"
477	512.587	2026-07-10T20:04:35+0000	success		2	<media-path:c406539999>	<media-path:c406539999>	<filename:aaf3979e21>	3.066667	15.069751	20.349817	false	false	false	92	v4l2request-copy	true	"{""aspect"":0.566038,""dh"":848,""dw"":480,""h"":848,""par"":1.0,""pixelformat"":""nv12"",""rotate"":0,""stereo-in"":""mono"",""w"":480}"	"{""duration"":""success"",""eof-reached"":""success"",""estimated-frame-number"":""success"",""filename"":""success"",""hwdec-current"":""success"",""idle-active"":""success"",""path"":""success"",""pause"":""success"",""percent-pos"":""success"",""time-pos"":""success"",""video-params"":""success"",""vo-configured"":""success""}"	true	playing	media-63e22e276f	<media-path:c406539999>	15100	0	true	"{""black_screen_risk_reason"":""null"",""blocked_media_count"":0,""consecutive_failures"":0,""current_index"":0,""current_item"":{""alias"":""media-63e22e276f"",""duration_ms"":15100,""offset_ms"":0,""path_alias"":""<media-path:c406539999>"",""started_at_present"":true},""last_poll_error"":""null"",""last_render_error"":""null"",""mpv_running"":true,""next_item"":{""alias"":""media-b04db49d99"",""duration_ms"":15100,""path_alias"":""<media-path:2b030c3c41>""},""playback_state"":""playing"",""playlist_size"":9,""present"":true,""uptime_sec"":533}"
478	513.592	2026-07-10T20:04:36+0000	success		2	<media-path:c406539999>	<media-path:c406539999>	<filename:aaf3979e21>	4.1	15.069751	27.206821	false	false	false	123	v4l2request-copy	true	"{""aspect"":0.566038,""dh"":848,""dw"":480,""h"":848,""par"":1.0,""pixelformat"":""nv12"",""rotate"":0,""stereo-in"":""mono"",""w"":480}"	"{""duration"":""success"",""eof-reached"":""success"",""estimated-frame-number"":""success"",""filename"":""success"",""hwdec-current"":""success"",""idle-active"":""success"",""path"":""success"",""pause"":""success"",""percent-pos"":""success"",""time-pos"":""success"",""video-params"":""success"",""vo-configured"":""success""}"	true	playing	media-63e22e276f	<media-path:c406539999>	15100	0	true	"{""black_screen_risk_reason"":""null"",""blocked_media_count"":0,""consecutive_failures"":0,""current_index"":0,""current_item"":{""alias"":""media-63e22e276f"",""duration_ms"":15100,""offset_ms"":0,""path_alias"":""<media-path:c406539999>"",""started_at_present"":true},""last_poll_error"":""null"",""last_render_error"":""null"",""mpv_running"":true,""next_item"":{""alias"":""media-b04db49d99"",""duration_ms"":15100,""path_alias"":""<media-path:2b030c3c41>""},""playback_state"":""playing"",""playlist_size"":9,""present"":true,""uptime_sec"":533}"
479	514.596	2026-07-10T20:04:37+0000	success		2	<media-path:c406539999>	<media-path:c406539999>	<filename:aaf3979e21>	5.1	15.069751	33.84263	false	false	false	153	v4l2request-copy	true	"{""aspect"":0.566038,""dh"":848,""dw"":480,""h"":848,""par"":1.0,""pixelformat"":""nv12"",""rotate"":0,""stereo-in"":""mono"",""w"":480}"	"{""duration"":""success"",""eof-reached"":""success"",""estimated-frame-number"":""success"",""filename"":""success"",""hwdec-current"":""success"",""idle-active"":""success"",""path"":""success"",""pause"":""success"",""percent-pos"":""success"",""time-pos"":""success"",""video-params"":""success"",""vo-configured"":""success""}"	true	playing	media-63e22e276f	<media-path:c406539999>	15100	0	true	"{""black_screen_risk_reason"":""null"",""blocked_media_count"":0,""consecutive_failures"":0,""current_index"":0,""current_item"":{""alias"":""media-63e22e276f"",""duration_ms"":15100,""offset_ms"":0,""path_alias"":""<media-path:c406539999>"",""started_at_present"":true},""last_poll_error"":""null"",""last_render_error"":""null"",""mpv_running"":true,""next_item"":{""alias"":""media-b04db49d99"",""duration_ms"":15100,""path_alias"":""<media-path:2b030c3c41>""},""playback_state"":""playing"",""playlist_size"":9,""present"":true,""uptime_sec"":533}"
480	515.601	2026-07-10T20:04:38+0000	success		2	<media-path:c406539999>	<media-path:c406539999>	<filename:aaf3979e21>	6.1	15.069751	40.47844	false	false	false	183	v4l2request-copy	true	"{""aspect"":0.566038,""dh"":848,""dw"":480,""h"":848,""par"":1.0,""pixelformat"":""nv12"",""rotate"":0,""stereo-in"":""mono"",""w"":480}"	"{""duration"":""success"",""eof-reached"":""success"",""estimated-frame-number"":""success"",""filename"":""success"",""hwdec-current"":""success"",""idle-active"":""success"",""path"":""success"",""pause"":""success"",""percent-pos"":""success"",""time-pos"":""success"",""video-params"":""success"",""vo-configured"":""success""}"	true	playing	media-63e22e276f	<media-path:c406539999>	15100	0	true	"{""black_screen_risk_reason"":""null"",""blocked_media_count"":0,""consecutive_failures"":0,""current_index"":0,""current_item"":{""alias"":""media-63e22e276f"",""duration_ms"":15100,""offset_ms"":0,""path_alias"":""<media-path:c406539999>"",""started_at_present"":true},""last_poll_error"":""null"",""last_render_error"":""null"",""mpv_running"":true,""next_item"":{""alias"":""media-b04db49d99"",""duration_ms"":15100,""path_alias"":""<media-path:2b030c3c41>""},""playback_state"":""playing"",""playlist_size"":9,""present"":true,""uptime_sec"":533}"
481	516.605	2026-07-10T20:04:39+0000	success		2	<media-path:c406539999>	<media-path:c406539999>	<filename:aaf3979e21>	7.1	15.069751	47.11425	false	false	false	213	v4l2request-copy	true	"{""aspect"":0.566038,""dh"":848,""dw"":480,""h"":848,""par"":1.0,""pixelformat"":""nv12"",""rotate"":0,""stereo-in"":""mono"",""w"":480}"	"{""duration"":""success"",""eof-reached"":""success"",""estimated-frame-number"":""success"",""filename"":""success"",""hwdec-current"":""success"",""idle-active"":""success"",""path"":""success"",""pause"":""success"",""percent-pos"":""success"",""time-pos"":""success"",""video-params"":""success"",""vo-configured"":""success""}"	true	playing	media-63e22e276f	<media-path:c406539999>	15100	0	true	"{""black_screen_risk_reason"":""null"",""blocked_media_count"":0,""consecutive_failures"":0,""current_index"":0,""current_item"":{""alias"":""media-63e22e276f"",""duration_ms"":15100,""offset_ms"":0,""path_alias"":""<media-path:c406539999>"",""started_at_present"":true},""last_poll_error"":""null"",""last_render_error"":""null"",""mpv_running"":true,""next_item"":{""alias"":""media-b04db49d99"",""duration_ms"":15100,""path_alias"":""<media-path:2b030c3c41>""},""playback_state"":""playing"",""playlist_size"":9,""present"":true,""uptime_sec"":538}"
482	517.609	2026-07-10T20:04:40+0000	success		10	<media-path:c406539999>	<media-path:c406539999>	<filename:aaf3979e21>	8.1	15.069751	53.75006	false	false	false	243	v4l2request-copy	true	"{""aspect"":0.566038,""dh"":848,""dw"":480,""h"":848,""par"":1.0,""pixelformat"":""nv12"",""rotate"":0,""stereo-in"":""mono"",""w"":480}"	"{""duration"":""success"",""eof-reached"":""success"",""estimated-frame-number"":""success"",""filename"":""success"",""hwdec-current"":""success"",""idle-active"":""success"",""path"":""success"",""pause"":""success"",""percent-pos"":""success"",""time-pos"":""success"",""video-params"":""success"",""vo-configured"":""success""}"	true	playing	media-63e22e276f	<media-path:c406539999>	15100	0	true	"{""black_screen_risk_reason"":""null"",""blocked_media_count"":0,""consecutive_failures"":0,""current_index"":0,""current_item"":{""alias"":""media-63e22e276f"",""duration_ms"":15100,""offset_ms"":0,""path_alias"":""<media-path:c406539999>"",""started_at_present"":true},""last_poll_error"":""null"",""last_render_error"":""null"",""mpv_running"":true,""next_item"":{""alias"":""media-b04db49d99"",""duration_ms"":15100,""path_alias"":""<media-path:2b030c3c41>""},""playback_state"":""playing"",""playlist_size"":9,""present"":true,""uptime_sec"":538}"
483	518.622	2026-07-10T20:04:41+0000	success		2	<media-path:c406539999>	<media-path:c406539999>	<filename:aaf3979e21>	9.1	15.069751	60.38587	false	false	false	273	v4l2request-copy	true	"{""aspect"":0.566038,""dh"":848,""dw"":480,""h"":848,""par"":1.0,""pixelformat"":""nv12"",""rotate"":0,""stereo-in"":""mono"",""w"":480}"	"{""duration"":""success"",""eof-reached"":""success"",""estimated-frame-number"":""success"",""filename"":""success"",""hwdec-current"":""success"",""idle-active"":""success"",""path"":""success"",""pause"":""success"",""percent-pos"":""success"",""time-pos"":""success"",""video-params"":""success"",""vo-configured"":""success""}"	true	playing	media-63e22e276f	<media-path:c406539999>	15100	0	true	"{""black_screen_risk_reason"":""null"",""blocked_media_count"":0,""consecutive_failures"":0,""current_index"":0,""current_item"":{""alias"":""media-63e22e276f"",""duration_ms"":15100,""offset_ms"":0,""path_alias"":""<media-path:c406539999>"",""started_at_present"":true},""last_poll_error"":""null"",""last_render_error"":""null"",""mpv_running"":true,""next_item"":{""alias"":""media-b04db49d99"",""duration_ms"":15100,""path_alias"":""<media-path:2b030c3c41>""},""playback_state"":""playing"",""playlist_size"":9,""present"":true,""uptime_sec"":538}"
484	519.627	2026-07-10T20:04:42+0000	success		2	<media-path:c406539999>	<media-path:c406539999>	<filename:aaf3979e21>	10.133333	15.069751	67.242874	false	false	false	304	v4l2request-copy	true	"{""aspect"":0.566038,""dh"":848,""dw"":480,""h"":848,""par"":1.0,""pixelformat"":""nv12"",""rotate"":0,""stereo-in"":""mono"",""w"":480}"	"{""duration"":""success"",""eof-reached"":""success"",""estimated-frame-number"":""success"",""filename"":""success"",""hwdec-current"":""success"",""idle-active"":""success"",""path"":""success"",""pause"":""success"",""percent-pos"":""success"",""time-pos"":""success"",""video-params"":""success"",""vo-configured"":""success""}"	true	playing	media-63e22e276f	<media-path:c406539999>	15100	0	true	"{""black_screen_risk_reason"":""null"",""blocked_media_count"":0,""consecutive_failures"":0,""current_index"":0,""current_item"":{""alias"":""media-63e22e276f"",""duration_ms"":15100,""offset_ms"":0,""path_alias"":""<media-path:c406539999>"",""started_at_present"":true},""last_poll_error"":""null"",""last_render_error"":""null"",""mpv_running"":true,""next_item"":{""alias"":""media-b04db49d99"",""duration_ms"":15100,""path_alias"":""<media-path:2b030c3c41>""},""playback_state"":""playing"",""playlist_size"":9,""present"":true,""uptime_sec"":538}"
485	520.631	2026-07-10T20:04:43+0000	success		2	<media-path:c406539999>	<media-path:c406539999>	<filename:aaf3979e21>	11.133333	15.069751	73.878684	false	false	false	334	v4l2request-copy	true	"{""aspect"":0.566038,""dh"":848,""dw"":480,""h"":848,""par"":1.0,""pixelformat"":""nv12"",""rotate"":0,""stereo-in"":""mono"",""w"":480}"	"{""duration"":""success"",""eof-reached"":""success"",""estimated-frame-number"":""success"",""filename"":""success"",""hwdec-current"":""success"",""idle-active"":""success"",""path"":""success"",""pause"":""success"",""percent-pos"":""success"",""time-pos"":""success"",""video-params"":""success"",""vo-configured"":""success""}"	true	playing	media-63e22e276f	<media-path:c406539999>	15100	0	true	"{""black_screen_risk_reason"":""null"",""blocked_media_count"":0,""consecutive_failures"":0,""current_index"":0,""current_item"":{""alias"":""media-63e22e276f"",""duration_ms"":15100,""offset_ms"":0,""path_alias"":""<media-path:c406539999>"",""started_at_present"":true},""last_poll_error"":""null"",""last_render_error"":""null"",""mpv_running"":true,""next_item"":{""alias"":""media-b04db49d99"",""duration_ms"":15100,""path_alias"":""<media-path:2b030c3c41>""},""playback_state"":""playing"",""playlist_size"":9,""present"":true,""uptime_sec"":538}"
486	521.635	2026-07-10T20:04:44+0000	success		2	<media-path:c406539999>	<media-path:c406539999>	<filename:aaf3979e21>	12.133333	15.069751	80.514493	false	false	false	364	v4l2request-copy	true	"{""aspect"":0.566038,""dh"":848,""dw"":480,""h"":848,""par"":1.0,""pixelformat"":""nv12"",""rotate"":0,""stereo-in"":""mono"",""w"":480}"	"{""duration"":""success"",""eof-reached"":""success"",""estimated-frame-number"":""success"",""filename"":""success"",""hwdec-current"":""success"",""idle-active"":""success"",""path"":""success"",""pause"":""success"",""percent-pos"":""success"",""time-pos"":""success"",""video-params"":""success"",""vo-configured"":""success""}"	true	playing	media-63e22e276f	<media-path:c406539999>	15100	0	true	"{""black_screen_risk_reason"":""null"",""blocked_media_count"":0,""consecutive_failures"":0,""current_index"":0,""current_item"":{""alias"":""media-63e22e276f"",""duration_ms"":15100,""offset_ms"":0,""path_alias"":""<media-path:c406539999>"",""started_at_present"":true},""last_poll_error"":""null"",""last_render_error"":""null"",""mpv_running"":true,""next_item"":{""alias"":""media-b04db49d99"",""duration_ms"":15100,""path_alias"":""<media-path:2b030c3c41>""},""playback_state"":""playing"",""playlist_size"":9,""present"":true,""uptime_sec"":543}"
487	522.640	2026-07-10T20:04:45+0000	success		3	<media-path:c406539999>	<media-path:c406539999>	<filename:aaf3979e21>	13.133333	15.069751	87.150303	false	false	false	394	v4l2request-copy	true	"{""aspect"":0.566038,""dh"":848,""dw"":480,""h"":848,""par"":1.0,""pixelformat"":""nv12"",""rotate"":0,""stereo-in"":""mono"",""w"":480}"	"{""duration"":""success"",""eof-reached"":""success"",""estimated-frame-number"":""success"",""filename"":""success"",""hwdec-current"":""success"",""idle-active"":""success"",""path"":""success"",""pause"":""success"",""percent-pos"":""success"",""time-pos"":""success"",""video-params"":""success"",""vo-configured"":""success""}"	true	playing	media-63e22e276f	<media-path:c406539999>	15100	0	true	"{""black_screen_risk_reason"":""null"",""blocked_media_count"":0,""consecutive_failures"":0,""current_index"":0,""current_item"":{""alias"":""media-63e22e276f"",""duration_ms"":15100,""offset_ms"":0,""path_alias"":""<media-path:c406539999>"",""started_at_present"":true},""last_poll_error"":""null"",""last_render_error"":""null"",""mpv_running"":true,""next_item"":{""alias"":""media-b04db49d99"",""duration_ms"":15100,""path_alias"":""<media-path:2b030c3c41>""},""playback_state"":""playing"",""playlist_size"":9,""present"":true,""uptime_sec"":543}"
488	523.647	2026-07-10T20:04:46+0000	success		7	<media-path:c406539999>	<media-path:c406539999>	<filename:aaf3979e21>	14.133333	15.069751	93.786113	false	false	false	424	v4l2request-copy	true	"{""aspect"":0.566038,""dh"":848,""dw"":480,""h"":848,""par"":1.0,""pixelformat"":""nv12"",""rotate"":0,""stereo-in"":""mono"",""w"":480}"	"{""duration"":""success"",""eof-reached"":""success"",""estimated-frame-number"":""success"",""filename"":""success"",""hwdec-current"":""success"",""idle-active"":""success"",""path"":""success"",""pause"":""success"",""percent-pos"":""success"",""time-pos"":""success"",""video-params"":""success"",""vo-configured"":""success""}"	true	playing	media-63e22e276f	<media-path:c406539999>	15100	0	true	"{""black_screen_risk_reason"":""null"",""blocked_media_count"":0,""consecutive_failures"":0,""current_index"":0,""current_item"":{""alias"":""media-63e22e276f"",""duration_ms"":15100,""offset_ms"":0,""path_alias"":""<media-path:c406539999>"",""started_at_present"":true},""last_poll_error"":""null"",""last_render_error"":""null"",""mpv_running"":true,""next_item"":{""alias"":""media-b04db49d99"",""duration_ms"":15100,""path_alias"":""<media-path:2b030c3c41>""},""playback_state"":""playing"",""playlist_size"":9,""present"":true,""uptime_sec"":543}"
489	524.657	2026-07-10T20:04:47+0000	success		2	<media-path:c406539999>	<media-path:c406539999>	<filename:aaf3979e21>	0.066667	15.069751	0.442387	false	false	false	2	v4l2request-copy	true	"{""aspect"":0.566038,""dh"":848,""dw"":480,""h"":848,""par"":1.0,""pixelformat"":""nv12"",""rotate"":0,""stereo-in"":""mono"",""w"":480}"	"{""duration"":""success"",""eof-reached"":""success"",""estimated-frame-number"":""success"",""filename"":""success"",""hwdec-current"":""success"",""idle-active"":""success"",""path"":""success"",""pause"":""success"",""percent-pos"":""success"",""time-pos"":""success"",""video-params"":""success"",""vo-configured"":""success""}"	true	playing	media-63e22e276f	<media-path:c406539999>	15100	0	true	"{""black_screen_risk_reason"":""null"",""blocked_media_count"":0,""consecutive_failures"":0,""current_index"":0,""current_item"":{""alias"":""media-63e22e276f"",""duration_ms"":15100,""offset_ms"":0,""path_alias"":""<media-path:c406539999>"",""started_at_present"":true},""last_poll_error"":""null"",""last_render_error"":""null"",""mpv_running"":true,""next_item"":{""alias"":""media-b04db49d99"",""duration_ms"":15100,""path_alias"":""<media-path:2b030c3c41>""},""playback_state"":""playing"",""playlist_size"":9,""present"":true,""uptime_sec"":543}"
490	525.661	2026-07-10T20:04:48+0000	success		2	<media-path:2b030c3c41>	<media-path:2b030c3c41>	<filename:c617160627>	0.866667	15.1	5.739514	false	false	false	26	v4l2request-copy	true	"{""aspect"":0.566038,""dh"":848,""dw"":480,""h"":848,""par"":1.0,""pixelformat"":""nv12"",""rotate"":0,""stereo-in"":""mono"",""w"":480}"	"{""duration"":""success"",""eof-reached"":""success"",""estimated-frame-number"":""success"",""filename"":""success"",""hwdec-current"":""success"",""idle-active"":""success"",""path"":""success"",""pause"":""success"",""percent-pos"":""success"",""time-pos"":""success"",""video-params"":""success"",""vo-configured"":""success""}"	true	playing	media-63e22e276f	<media-path:c406539999>	15100	0	true	"{""black_screen_risk_reason"":""null"",""blocked_media_count"":0,""consecutive_failures"":0,""current_index"":0,""current_item"":{""alias"":""media-63e22e276f"",""duration_ms"":15100,""offset_ms"":0,""path_alias"":""<media-path:c406539999>"",""started_at_present"":true},""last_poll_error"":""null"",""last_render_error"":""null"",""mpv_running"":true,""next_item"":{""alias"":""media-b04db49d99"",""duration_ms"":15100,""path_alias"":""<media-path:2b030c3c41>""},""playback_state"":""playing"",""playlist_size"":9,""present"":true,""uptime_sec"":543}"
491	526.665	2026-07-10T20:04:49+0000	success		2	<media-path:2b030c3c41>	<media-path:2b030c3c41>	<filename:c617160627>	1.866667	15.1	12.362031	false	false	false	56	v4l2request-copy	true	"{""aspect"":0.566038,""dh"":848,""dw"":480,""h"":848,""par"":1.0,""pixelformat"":""nv12"",""rotate"":0,""stereo-in"":""mono"",""w"":480}"	"{""duration"":""success"",""eof-reached"":""success"",""estimated-frame-number"":""success"",""filename"":""success"",""hwdec-current"":""success"",""idle-active"":""success"",""path"":""success"",""pause"":""success"",""percent-pos"":""success"",""time-pos"":""success"",""video-params"":""success"",""vo-configured"":""success""}"	true	playing	media-b04db49d99	<media-path:2b030c3c41>	15100	1	true	"{""black_screen_risk_reason"":""null"",""blocked_media_count"":0,""consecutive_failures"":0,""current_index"":1,""current_item"":{""alias"":""media-b04db49d99"",""duration_ms"":15100,""offset_ms"":0,""path_alias"":""<media-path:2b030c3c41>"",""started_at_present"":true},""last_poll_error"":""null"",""last_render_error"":""null"",""mpv_running"":true,""next_item"":{""alias"":""media-8ffdc1f445"",""duration_ms"":14000,""path_alias"":""<media-path:fee4d36eb4>""},""playback_state"":""playing"",""playlist_size"":9,""present"":true,""uptime_sec"":548}"
492	527.670	2026-07-10T20:04:50+0000	success		10	<media-path:2b030c3c41>	<media-path:2b030c3c41>	<filename:c617160627>	2.866667	15.1	18.984547	false	false	false	86	v4l2request-copy	true	"{""aspect"":0.566038,""dh"":848,""dw"":480,""h"":848,""par"":1.0,""pixelformat"":""nv12"",""rotate"":0,""stereo-in"":""mono"",""w"":480}"	"{""duration"":""success"",""eof-reached"":""success"",""estimated-frame-number"":""success"",""filename"":""success"",""hwdec-current"":""success"",""idle-active"":""success"",""path"":""success"",""pause"":""success"",""percent-pos"":""success"",""time-pos"":""success"",""video-params"":""success"",""vo-configured"":""success""}"	true	playing	media-b04db49d99	<media-path:2b030c3c41>	15100	1	true	"{""black_screen_risk_reason"":""null"",""blocked_media_count"":0,""consecutive_failures"":0,""current_index"":1,""current_item"":{""alias"":""media-b04db49d99"",""duration_ms"":15100,""offset_ms"":0,""path_alias"":""<media-path:2b030c3c41>"",""started_at_present"":true},""last_poll_error"":""null"",""last_render_error"":""null"",""mpv_running"":true,""next_item"":{""alias"":""media-8ffdc1f445"",""duration_ms"":14000,""path_alias"":""<media-path:fee4d36eb4>""},""playback_state"":""playing"",""playlist_size"":9,""present"":true,""uptime_sec"":548}"
493	528.682	2026-07-10T20:04:51+0000	success		2	<media-path:2b030c3c41>	<media-path:2b030c3c41>	<filename:c617160627>	3.866667	15.1	25.607064	false	false	false	116	v4l2request-copy	true	"{""aspect"":0.566038,""dh"":848,""dw"":480,""h"":848,""par"":1.0,""pixelformat"":""nv12"",""rotate"":0,""stereo-in"":""mono"",""w"":480}"	"{""duration"":""success"",""eof-reached"":""success"",""estimated-frame-number"":""success"",""filename"":""success"",""hwdec-current"":""success"",""idle-active"":""success"",""path"":""success"",""pause"":""success"",""percent-pos"":""success"",""time-pos"":""success"",""video-params"":""success"",""vo-configured"":""success""}"	true	playing	media-b04db49d99	<media-path:2b030c3c41>	15100	1	true	"{""black_screen_risk_reason"":""null"",""blocked_media_count"":0,""consecutive_failures"":0,""current_index"":1,""current_item"":{""alias"":""media-b04db49d99"",""duration_ms"":15100,""offset_ms"":0,""path_alias"":""<media-path:2b030c3c41>"",""started_at_present"":true},""last_poll_error"":""null"",""last_render_error"":""null"",""mpv_running"":true,""next_item"":{""alias"":""media-8ffdc1f445"",""duration_ms"":14000,""path_alias"":""<media-path:fee4d36eb4>""},""playback_state"":""playing"",""playlist_size"":9,""present"":true,""uptime_sec"":548}"
494	529.686	2026-07-10T20:04:52+0000	success		2	<media-path:2b030c3c41>	<media-path:2b030c3c41>	<filename:c617160627>	4.9	15.1	32.450331	false	false	false	147	v4l2request-copy	true	"{""aspect"":0.566038,""dh"":848,""dw"":480,""h"":848,""par"":1.0,""pixelformat"":""nv12"",""rotate"":0,""stereo-in"":""mono"",""w"":480}"	"{""duration"":""success"",""eof-reached"":""success"",""estimated-frame-number"":""success"",""filename"":""success"",""hwdec-current"":""success"",""idle-active"":""success"",""path"":""success"",""pause"":""success"",""percent-pos"":""success"",""time-pos"":""success"",""video-params"":""success"",""vo-configured"":""success""}"	true	playing	media-b04db49d99	<media-path:2b030c3c41>	15100	1	true	"{""black_screen_risk_reason"":""null"",""blocked_media_count"":0,""consecutive_failures"":0,""current_index"":1,""current_item"":{""alias"":""media-b04db49d99"",""duration_ms"":15100,""offset_ms"":0,""path_alias"":""<media-path:2b030c3c41>"",""started_at_present"":true},""last_poll_error"":""null"",""last_render_error"":""null"",""mpv_running"":true,""next_item"":{""alias"":""media-8ffdc1f445"",""duration_ms"":14000,""path_alias"":""<media-path:fee4d36eb4>""},""playback_state"":""playing"",""playlist_size"":9,""present"":true,""uptime_sec"":548}"
495	530.691	2026-07-10T20:04:53+0000	success		3	<media-path:2b030c3c41>	<media-path:2b030c3c41>	<filename:c617160627>	5.9	15.1	39.072848	false	false	false	177	v4l2request-copy	true	"{""aspect"":0.566038,""dh"":848,""dw"":480,""h"":848,""par"":1.0,""pixelformat"":""nv12"",""rotate"":0,""stereo-in"":""mono"",""w"":480}"	"{""duration"":""success"",""eof-reached"":""success"",""estimated-frame-number"":""success"",""filename"":""success"",""hwdec-current"":""success"",""idle-active"":""success"",""path"":""success"",""pause"":""success"",""percent-pos"":""success"",""time-pos"":""success"",""video-params"":""success"",""vo-configured"":""success""}"	true	playing	media-b04db49d99	<media-path:2b030c3c41>	15100	1	true	"{""black_screen_risk_reason"":""null"",""blocked_media_count"":0,""consecutive_failures"":0,""current_index"":1,""current_item"":{""alias"":""media-b04db49d99"",""duration_ms"":15100,""offset_ms"":0,""path_alias"":""<media-path:2b030c3c41>"",""started_at_present"":true},""last_poll_error"":""null"",""last_render_error"":""null"",""mpv_running"":true,""next_item"":{""alias"":""media-8ffdc1f445"",""duration_ms"":14000,""path_alias"":""<media-path:fee4d36eb4>""},""playback_state"":""playing"",""playlist_size"":9,""present"":true,""uptime_sec"":548}"
496	531.697	2026-07-10T20:04:54+0000	success		2	<media-path:2b030c3c41>	<media-path:2b030c3c41>	<filename:c617160627>	6.9	15.1	45.695364	false	false	false	207	v4l2request-copy	true	"{""aspect"":0.566038,""dh"":848,""dw"":480,""h"":848,""par"":1.0,""pixelformat"":""nv12"",""rotate"":0,""stereo-in"":""mono"",""w"":480}"	"{""duration"":""success"",""eof-reached"":""success"",""estimated-frame-number"":""success"",""filename"":""success"",""hwdec-current"":""success"",""idle-active"":""success"",""path"":""success"",""pause"":""success"",""percent-pos"":""success"",""time-pos"":""success"",""video-params"":""success"",""vo-configured"":""success""}"	true	playing	media-b04db49d99	<media-path:2b030c3c41>	15100	1	true	"{""black_screen_risk_reason"":""null"",""blocked_media_count"":0,""consecutive_failures"":0,""current_index"":1,""current_item"":{""alias"":""media-b04db49d99"",""duration_ms"":15100,""offset_ms"":0,""path_alias"":""<media-path:2b030c3c41>"",""started_at_present"":true},""last_poll_error"":""null"",""last_render_error"":""null"",""mpv_running"":true,""next_item"":{""alias"":""media-8ffdc1f445"",""duration_ms"":14000,""path_alias"":""<media-path:fee4d36eb4>""},""playback_state"":""playing"",""playlist_size"":9,""present"":true,""uptime_sec"":553}"
497	532.701	2026-07-10T20:04:55+0000	success		2	<media-path:2b030c3c41>	<media-path:2b030c3c41>	<filename:c617160627>	7.9	15.1	52.317881	false	false	false	237	v4l2request-copy	true	"{""aspect"":0.566038,""dh"":848,""dw"":480,""h"":848,""par"":1.0,""pixelformat"":""nv12"",""rotate"":0,""stereo-in"":""mono"",""w"":480}"	"{""duration"":""success"",""eof-reached"":""success"",""estimated-frame-number"":""success"",""filename"":""success"",""hwdec-current"":""success"",""idle-active"":""success"",""path"":""success"",""pause"":""success"",""percent-pos"":""success"",""time-pos"":""success"",""video-params"":""success"",""vo-configured"":""success""}"	true	playing	media-b04db49d99	<media-path:2b030c3c41>	15100	1	true	"{""black_screen_risk_reason"":""null"",""blocked_media_count"":0,""consecutive_failures"":0,""current_index"":1,""current_item"":{""alias"":""media-b04db49d99"",""duration_ms"":15100,""offset_ms"":0,""path_alias"":""<media-path:2b030c3c41>"",""started_at_present"":true},""last_poll_error"":""null"",""last_render_error"":""null"",""mpv_running"":true,""next_item"":{""alias"":""media-8ffdc1f445"",""duration_ms"":14000,""path_alias"":""<media-path:fee4d36eb4>""},""playback_state"":""playing"",""playlist_size"":9,""present"":true,""uptime_sec"":553}"
498	533.707	2026-07-10T20:04:56+0000	success		6	<media-path:2b030c3c41>	<media-path:2b030c3c41>	<filename:c617160627>	8.9	15.1	58.940397	false	false	false	267	v4l2request-copy	true	"{""aspect"":0.566038,""dh"":848,""dw"":480,""h"":848,""par"":1.0,""pixelformat"":""nv12"",""rotate"":0,""stereo-in"":""mono"",""w"":480}"	"{""duration"":""success"",""eof-reached"":""success"",""estimated-frame-number"":""success"",""filename"":""success"",""hwdec-current"":""success"",""idle-active"":""success"",""path"":""success"",""pause"":""success"",""percent-pos"":""success"",""time-pos"":""success"",""video-params"":""success"",""vo-configured"":""success""}"	true	playing	media-b04db49d99	<media-path:2b030c3c41>	15100	1	true	"{""black_screen_risk_reason"":""null"",""blocked_media_count"":0,""consecutive_failures"":0,""current_index"":1,""current_item"":{""alias"":""media-b04db49d99"",""duration_ms"":15100,""offset_ms"":0,""path_alias"":""<media-path:2b030c3c41>"",""started_at_present"":true},""last_poll_error"":""null"",""last_render_error"":""null"",""mpv_running"":true,""next_item"":{""alias"":""media-8ffdc1f445"",""duration_ms"":14000,""path_alias"":""<media-path:fee4d36eb4>""},""playback_state"":""playing"",""playlist_size"":9,""present"":true,""uptime_sec"":553}"
499	534.715	2026-07-10T20:04:57+0000	success		3	<media-path:2b030c3c41>	<media-path:2b030c3c41>	<filename:c617160627>	9.9	15.1	65.562914	false	false	false	297	v4l2request-copy	true	"{""aspect"":0.566038,""dh"":848,""dw"":480,""h"":848,""par"":1.0,""pixelformat"":""nv12"",""rotate"":0,""stereo-in"":""mono"",""w"":480}"	"{""duration"":""success"",""eof-reached"":""success"",""estimated-frame-number"":""success"",""filename"":""success"",""hwdec-current"":""success"",""idle-active"":""success"",""path"":""success"",""pause"":""success"",""percent-pos"":""success"",""time-pos"":""success"",""video-params"":""success"",""vo-configured"":""success""}"	true	playing	media-b04db49d99	<media-path:2b030c3c41>	15100	1	true	"{""black_screen_risk_reason"":""null"",""blocked_media_count"":0,""consecutive_failures"":0,""current_index"":1,""current_item"":{""alias"":""media-b04db49d99"",""duration_ms"":15100,""offset_ms"":0,""path_alias"":""<media-path:2b030c3c41>"",""started_at_present"":true},""last_poll_error"":""null"",""last_render_error"":""null"",""mpv_running"":true,""next_item"":{""alias"":""media-8ffdc1f445"",""duration_ms"":14000,""path_alias"":""<media-path:fee4d36eb4>""},""playback_state"":""playing"",""playlist_size"":9,""present"":true,""uptime_sec"":553}"
500	535.720	2026-07-10T20:04:58+0000	success		2	<media-path:2b030c3c41>	<media-path:2b030c3c41>	<filename:c617160627>	10.933333	15.1	72.406181	false	false	false	328	v4l2request-copy	true	"{""aspect"":0.566038,""dh"":848,""dw"":480,""h"":848,""par"":1.0,""pixelformat"":""nv12"",""rotate"":0,""stereo-in"":""mono"",""w"":480}"	"{""duration"":""success"",""eof-reached"":""success"",""estimated-frame-number"":""success"",""filename"":""success"",""hwdec-current"":""success"",""idle-active"":""success"",""path"":""success"",""pause"":""success"",""percent-pos"":""success"",""time-pos"":""success"",""video-params"":""success"",""vo-configured"":""success""}"	true	playing	media-b04db49d99	<media-path:2b030c3c41>	15100	1	true	"{""black_screen_risk_reason"":""null"",""blocked_media_count"":0,""consecutive_failures"":0,""current_index"":1,""current_item"":{""alias"":""media-b04db49d99"",""duration_ms"":15100,""offset_ms"":0,""path_alias"":""<media-path:2b030c3c41>"",""started_at_present"":true},""last_poll_error"":""null"",""last_render_error"":""null"",""mpv_running"":true,""next_item"":{""alias"":""media-8ffdc1f445"",""duration_ms"":14000,""path_alias"":""<media-path:fee4d36eb4>""},""playback_state"":""playing"",""playlist_size"":9,""present"":true,""uptime_sec"":553}"
501	536.725	2026-07-10T20:04:59+0000	success		2	<media-path:2b030c3c41>	<media-path:2b030c3c41>	<filename:c617160627>	11.933333	15.1	79.028698	false	false	false	358	v4l2request-copy	true	"{""aspect"":0.566038,""dh"":848,""dw"":480,""h"":848,""par"":1.0,""pixelformat"":""nv12"",""rotate"":0,""stereo-in"":""mono"",""w"":480}"	"{""duration"":""success"",""eof-reached"":""success"",""estimated-frame-number"":""success"",""filename"":""success"",""hwdec-current"":""success"",""idle-active"":""success"",""path"":""success"",""pause"":""success"",""percent-pos"":""success"",""time-pos"":""success"",""video-params"":""success"",""vo-configured"":""success""}"	true	playing	media-b04db49d99	<media-path:2b030c3c41>	15100	1	true	"{""black_screen_risk_reason"":""null"",""blocked_media_count"":0,""consecutive_failures"":0,""current_index"":1,""current_item"":{""alias"":""media-b04db49d99"",""duration_ms"":15100,""offset_ms"":0,""path_alias"":""<media-path:2b030c3c41>"",""started_at_present"":true},""last_poll_error"":""null"",""last_render_error"":""null"",""mpv_running"":true,""next_item"":{""alias"":""media-8ffdc1f445"",""duration_ms"":14000,""path_alias"":""<media-path:fee4d36eb4>""},""playback_state"":""playing"",""playlist_size"":9,""present"":true,""uptime_sec"":558}"
502	537.729	2026-07-10T20:05:00+0000	success		2	<media-path:2b030c3c41>	<media-path:2b030c3c41>	<filename:c617160627>	12.933333	15.1	85.651214	false	false	false	388	v4l2request-copy	true	"{""aspect"":0.566038,""dh"":848,""dw"":480,""h"":848,""par"":1.0,""pixelformat"":""nv12"",""rotate"":0,""stereo-in"":""mono"",""w"":480}"	"{""duration"":""success"",""eof-reached"":""success"",""estimated-frame-number"":""success"",""filename"":""success"",""hwdec-current"":""success"",""idle-active"":""success"",""path"":""success"",""pause"":""success"",""percent-pos"":""success"",""time-pos"":""success"",""video-params"":""success"",""vo-configured"":""success""}"	true	playing	media-b04db49d99	<media-path:2b030c3c41>	15100	1	true	"{""black_screen_risk_reason"":""null"",""blocked_media_count"":0,""consecutive_failures"":0,""current_index"":1,""current_item"":{""alias"":""media-b04db49d99"",""duration_ms"":15100,""offset_ms"":0,""path_alias"":""<media-path:2b030c3c41>"",""started_at_present"":true},""last_poll_error"":""null"",""last_render_error"":""null"",""mpv_running"":true,""next_item"":{""alias"":""media-8ffdc1f445"",""duration_ms"":14000,""path_alias"":""<media-path:fee4d36eb4>""},""playback_state"":""playing"",""playlist_size"":9,""present"":true,""uptime_sec"":558}"
503	538.733	2026-07-10T20:05:01+0000	success		2	<media-path:2b030c3c41>	<media-path:2b030c3c41>	<filename:c617160627>	13.933333	15.1	92.273731	false	false	false	418	v4l2request-copy	true	"{""aspect"":0.566038,""dh"":848,""dw"":480,""h"":848,""par"":1.0,""pixelformat"":""nv12"",""rotate"":0,""stereo-in"":""mono"",""w"":480}"	"{""duration"":""success"",""eof-reached"":""success"",""estimated-frame-number"":""success"",""filename"":""success"",""hwdec-current"":""success"",""idle-active"":""success"",""path"":""success"",""pause"":""success"",""percent-pos"":""success"",""time-pos"":""success"",""video-params"":""success"",""vo-configured"":""success""}"	true	playing	media-b04db49d99	<media-path:2b030c3c41>	15100	1	true	"{""black_screen_risk_reason"":""null"",""blocked_media_count"":0,""consecutive_failures"":0,""current_index"":1,""current_item"":{""alias"":""media-b04db49d99"",""duration_ms"":15100,""offset_ms"":0,""path_alias"":""<media-path:2b030c3c41>"",""started_at_present"":true},""last_poll_error"":""null"",""last_render_error"":""null"",""mpv_running"":true,""next_item"":{""alias"":""media-8ffdc1f445"",""duration_ms"":14000,""path_alias"":""<media-path:fee4d36eb4>""},""playback_state"":""playing"",""playlist_size"":9,""present"":true,""uptime_sec"":558}"
504	539.738	2026-07-10T20:05:02+0000	success		8	<media-path:2b030c3c41>	<media-path:2b030c3c41>	<filename:c617160627>	14.933333	15.1	98.896247	false	false	false	448	v4l2request-copy	true	"{""aspect"":0.566038,""dh"":848,""dw"":480,""h"":848,""par"":1.0,""pixelformat"":""nv12"",""rotate"":0,""stereo-in"":""mono"",""w"":480}"	"{""duration"":""success"",""eof-reached"":""success"",""estimated-frame-number"":""success"",""filename"":""success"",""hwdec-current"":""success"",""idle-active"":""success"",""path"":""success"",""pause"":""success"",""percent-pos"":""success"",""time-pos"":""success"",""video-params"":""success"",""vo-configured"":""success""}"	true	playing	media-b04db49d99	<media-path:2b030c3c41>	15100	1	true	"{""black_screen_risk_reason"":""null"",""blocked_media_count"":0,""consecutive_failures"":0,""current_index"":1,""current_item"":{""alias"":""media-b04db49d99"",""duration_ms"":15100,""offset_ms"":0,""path_alias"":""<media-path:2b030c3c41>"",""started_at_present"":true},""last_poll_error"":""null"",""last_render_error"":""null"",""mpv_running"":true,""next_item"":{""alias"":""media-8ffdc1f445"",""duration_ms"":14000,""path_alias"":""<media-path:fee4d36eb4>""},""playback_state"":""playing"",""playlist_size"":9,""present"":true,""uptime_sec"":558}"
505	540.748	2026-07-10T20:05:03+0000	success		10	<media-path:fee4d36eb4>	<media-path:fee4d36eb4>	<filename:8ba6df5956>	0.633333	14	4.52381	false	false	false	19	v4l2request-copy	true	"{""aspect"":0.557692,""dh"":832,""dw"":464,""h"":832,""par"":1.0,""pixelformat"":""nv12"",""rotate"":0,""stereo-in"":""mono"",""w"":464}"	"{""duration"":""success"",""eof-reached"":""success"",""estimated-frame-number"":""success"",""filename"":""success"",""hwdec-current"":""success"",""idle-active"":""success"",""path"":""success"",""pause"":""success"",""percent-pos"":""success"",""time-pos"":""success"",""video-params"":""success"",""vo-configured"":""success""}"	true	playing	media-b04db49d99	<media-path:2b030c3c41>	15100	1	true	"{""black_screen_risk_reason"":""null"",""blocked_media_count"":0,""consecutive_failures"":0,""current_index"":1,""current_item"":{""alias"":""media-b04db49d99"",""duration_ms"":15100,""offset_ms"":0,""path_alias"":""<media-path:2b030c3c41>"",""started_at_present"":true},""last_poll_error"":""null"",""last_render_error"":""null"",""mpv_running"":true,""next_item"":{""alias"":""media-8ffdc1f445"",""duration_ms"":14000,""path_alias"":""<media-path:fee4d36eb4>""},""playback_state"":""playing"",""playlist_size"":9,""present"":true,""uptime_sec"":558}"
506	541.761	2026-07-10T20:05:04+0000	success		3	<media-path:fee4d36eb4>	<media-path:fee4d36eb4>	<filename:8ba6df5956>	1.633333	14	11.666667	false	false	false	49	v4l2request-copy	true	"{""aspect"":0.557692,""dh"":832,""dw"":464,""h"":832,""par"":1.0,""pixelformat"":""nv12"",""rotate"":0,""stereo-in"":""mono"",""w"":464}"	"{""duration"":""success"",""eof-reached"":""success"",""estimated-frame-number"":""success"",""filename"":""success"",""hwdec-current"":""success"",""idle-active"":""success"",""path"":""success"",""pause"":""success"",""percent-pos"":""success"",""time-pos"":""success"",""video-params"":""success"",""vo-configured"":""success""}"	true	playing	media-8ffdc1f445	<media-path:fee4d36eb4>	14000	2	true	"{""black_screen_risk_reason"":""null"",""blocked_media_count"":0,""consecutive_failures"":0,""current_index"":2,""current_item"":{""alias"":""media-8ffdc1f445"",""duration_ms"":14000,""offset_ms"":0,""path_alias"":""<media-path:fee4d36eb4>"",""started_at_present"":true},""last_poll_error"":""null"",""last_render_error"":""null"",""mpv_running"":true,""next_item"":{""alias"":""media-907addee8b"",""duration_ms"":30800,""path_alias"":""<media-path:c58db4e1cc>""},""playback_state"":""playing"",""playlist_size"":9,""present"":true,""uptime_sec"":563}"
507	542.766	2026-07-10T20:05:05+0000	success		2	<media-path:fee4d36eb4>	<media-path:fee4d36eb4>	<filename:8ba6df5956>	2.633333	14	18.809524	false	false	false	79	v4l2request-copy	true	"{""aspect"":0.557692,""dh"":832,""dw"":464,""h"":832,""par"":1.0,""pixelformat"":""nv12"",""rotate"":0,""stereo-in"":""mono"",""w"":464}"	"{""duration"":""success"",""eof-reached"":""success"",""estimated-frame-number"":""success"",""filename"":""success"",""hwdec-current"":""success"",""idle-active"":""success"",""path"":""success"",""pause"":""success"",""percent-pos"":""success"",""time-pos"":""success"",""video-params"":""success"",""vo-configured"":""success""}"	true	playing	media-8ffdc1f445	<media-path:fee4d36eb4>	14000	2	true	"{""black_screen_risk_reason"":""null"",""blocked_media_count"":0,""consecutive_failures"":0,""current_index"":2,""current_item"":{""alias"":""media-8ffdc1f445"",""duration_ms"":14000,""offset_ms"":0,""path_alias"":""<media-path:fee4d36eb4>"",""started_at_present"":true},""last_poll_error"":""null"",""last_render_error"":""null"",""mpv_running"":true,""next_item"":{""alias"":""media-907addee8b"",""duration_ms"":30800,""path_alias"":""<media-path:c58db4e1cc>""},""playback_state"":""playing"",""playlist_size"":9,""present"":true,""uptime_sec"":563}"
508	543.771	2026-07-10T20:05:06+0000	success		2	<media-path:fee4d36eb4>	<media-path:fee4d36eb4>	<filename:8ba6df5956>	3.666667	14	26.190476	false	false	false	110	v4l2request-copy	true	"{""aspect"":0.557692,""dh"":832,""dw"":464,""h"":832,""par"":1.0,""pixelformat"":""nv12"",""rotate"":0,""stereo-in"":""mono"",""w"":464}"	"{""duration"":""success"",""eof-reached"":""success"",""estimated-frame-number"":""success"",""filename"":""success"",""hwdec-current"":""success"",""idle-active"":""success"",""path"":""success"",""pause"":""success"",""percent-pos"":""success"",""time-pos"":""success"",""video-params"":""success"",""vo-configured"":""success""}"	true	playing	media-8ffdc1f445	<media-path:fee4d36eb4>	14000	2	true	"{""black_screen_risk_reason"":""null"",""blocked_media_count"":0,""consecutive_failures"":0,""current_index"":2,""current_item"":{""alias"":""media-8ffdc1f445"",""duration_ms"":14000,""offset_ms"":0,""path_alias"":""<media-path:fee4d36eb4>"",""started_at_present"":true},""last_poll_error"":""null"",""last_render_error"":""null"",""mpv_running"":true,""next_item"":{""alias"":""media-907addee8b"",""duration_ms"":30800,""path_alias"":""<media-path:c58db4e1cc>""},""playback_state"":""playing"",""playlist_size"":9,""present"":true,""uptime_sec"":563}"
509	544.776	2026-07-10T20:05:07+0000	success		2	<media-path:fee4d36eb4>	<media-path:fee4d36eb4>	<filename:8ba6df5956>	4.666667	14	33.333333	false	false	false	140	v4l2request-copy	true	"{""aspect"":0.557692,""dh"":832,""dw"":464,""h"":832,""par"":1.0,""pixelformat"":""nv12"",""rotate"":0,""stereo-in"":""mono"",""w"":464}"	"{""duration"":""success"",""eof-reached"":""success"",""estimated-frame-number"":""success"",""filename"":""success"",""hwdec-current"":""success"",""idle-active"":""success"",""path"":""success"",""pause"":""success"",""percent-pos"":""success"",""time-pos"":""success"",""video-params"":""success"",""vo-configured"":""success""}"	true	playing	media-8ffdc1f445	<media-path:fee4d36eb4>	14000	2	true	"{""black_screen_risk_reason"":""null"",""blocked_media_count"":0,""consecutive_failures"":0,""current_index"":2,""current_item"":{""alias"":""media-8ffdc1f445"",""duration_ms"":14000,""offset_ms"":0,""path_alias"":""<media-path:fee4d36eb4>"",""started_at_present"":true},""last_poll_error"":""null"",""last_render_error"":""null"",""mpv_running"":true,""next_item"":{""alias"":""media-907addee8b"",""duration_ms"":30800,""path_alias"":""<media-path:c58db4e1cc>""},""playback_state"":""playing"",""playlist_size"":9,""present"":true,""uptime_sec"":563}"
510	545.780	2026-07-10T20:05:08+0000	success		3	<media-path:fee4d36eb4>	<media-path:fee4d36eb4>	<filename:8ba6df5956>	5.666667	14	40.47619	false	false	false	170	v4l2request-copy	true	"{""aspect"":0.557692,""dh"":832,""dw"":464,""h"":832,""par"":1.0,""pixelformat"":""nv12"",""rotate"":0,""stereo-in"":""mono"",""w"":464}"	"{""duration"":""success"",""eof-reached"":""success"",""estimated-frame-number"":""success"",""filename"":""success"",""hwdec-current"":""success"",""idle-active"":""success"",""path"":""success"",""pause"":""success"",""percent-pos"":""success"",""time-pos"":""success"",""video-params"":""success"",""vo-configured"":""success""}"	true	playing	media-8ffdc1f445	<media-path:fee4d36eb4>	14000	2	true	"{""black_screen_risk_reason"":""null"",""blocked_media_count"":0,""consecutive_failures"":0,""current_index"":2,""current_item"":{""alias"":""media-8ffdc1f445"",""duration_ms"":14000,""offset_ms"":0,""path_alias"":""<media-path:fee4d36eb4>"",""started_at_present"":true},""last_poll_error"":""null"",""last_render_error"":""null"",""mpv_running"":true,""next_item"":{""alias"":""media-907addee8b"",""duration_ms"":30800,""path_alias"":""<media-path:c58db4e1cc>""},""playback_state"":""playing"",""playlist_size"":9,""present"":true,""uptime_sec"":563}"
511	546.786	2026-07-10T20:05:09+0000	success		2	<media-path:fee4d36eb4>	<media-path:fee4d36eb4>	<filename:8ba6df5956>	6.666667	14	47.619048	false	false	false	200	v4l2request-copy	true	"{""aspect"":0.557692,""dh"":832,""dw"":464,""h"":832,""par"":1.0,""pixelformat"":""nv12"",""rotate"":0,""stereo-in"":""mono"",""w"":464}"	"{""duration"":""success"",""eof-reached"":""success"",""estimated-frame-number"":""success"",""filename"":""success"",""hwdec-current"":""success"",""idle-active"":""success"",""path"":""success"",""pause"":""success"",""percent-pos"":""success"",""time-pos"":""success"",""video-params"":""success"",""vo-configured"":""success""}"	true	playing	media-8ffdc1f445	<media-path:fee4d36eb4>	14000	2	true	"{""black_screen_risk_reason"":""null"",""blocked_media_count"":0,""consecutive_failures"":0,""current_index"":2,""current_item"":{""alias"":""media-8ffdc1f445"",""duration_ms"":14000,""offset_ms"":0,""path_alias"":""<media-path:fee4d36eb4>"",""started_at_present"":true},""last_poll_error"":""null"",""last_render_error"":""null"",""mpv_running"":true,""next_item"":{""alias"":""media-907addee8b"",""duration_ms"":30800,""path_alias"":""<media-path:c58db4e1cc>""},""playback_state"":""playing"",""playlist_size"":9,""present"":true,""uptime_sec"":568}"
512	547.791	2026-07-10T20:05:10+0000	success		7	<media-path:fee4d36eb4>	<media-path:fee4d36eb4>	<filename:8ba6df5956>	7.666667	14	54.761905	false	false	false	230	v4l2request-copy	true	"{""aspect"":0.557692,""dh"":832,""dw"":464,""h"":832,""par"":1.0,""pixelformat"":""nv12"",""rotate"":0,""stereo-in"":""mono"",""w"":464}"	"{""duration"":""success"",""eof-reached"":""success"",""estimated-frame-number"":""success"",""filename"":""success"",""hwdec-current"":""success"",""idle-active"":""success"",""path"":""success"",""pause"":""success"",""percent-pos"":""success"",""time-pos"":""success"",""video-params"":""success"",""vo-configured"":""success""}"	true	playing	media-8ffdc1f445	<media-path:fee4d36eb4>	14000	2	true	"{""black_screen_risk_reason"":""null"",""blocked_media_count"":0,""consecutive_failures"":0,""current_index"":2,""current_item"":{""alias"":""media-8ffdc1f445"",""duration_ms"":14000,""offset_ms"":0,""path_alias"":""<media-path:fee4d36eb4>"",""started_at_present"":true},""last_poll_error"":""null"",""last_render_error"":""null"",""mpv_running"":true,""next_item"":{""alias"":""media-907addee8b"",""duration_ms"":30800,""path_alias"":""<media-path:c58db4e1cc>""},""playback_state"":""playing"",""playlist_size"":9,""present"":true,""uptime_sec"":568}"
513	548.801	2026-07-10T20:05:11+0000	success		4	<media-path:fee4d36eb4>	<media-path:fee4d36eb4>	<filename:8ba6df5956>	8.666667	14	61.904762	false	false	false	260	v4l2request-copy	true	"{""aspect"":0.557692,""dh"":832,""dw"":464,""h"":832,""par"":1.0,""pixelformat"":""nv12"",""rotate"":0,""stereo-in"":""mono"",""w"":464}"	"{""duration"":""success"",""eof-reached"":""success"",""estimated-frame-number"":""success"",""filename"":""success"",""hwdec-current"":""success"",""idle-active"":""success"",""path"":""success"",""pause"":""success"",""percent-pos"":""success"",""time-pos"":""success"",""video-params"":""success"",""vo-configured"":""success""}"	true	playing	media-8ffdc1f445	<media-path:fee4d36eb4>	14000	2	true	"{""black_screen_risk_reason"":""null"",""blocked_media_count"":0,""consecutive_failures"":0,""current_index"":2,""current_item"":{""alias"":""media-8ffdc1f445"",""duration_ms"":14000,""offset_ms"":0,""path_alias"":""<media-path:fee4d36eb4>"",""started_at_present"":true},""last_poll_error"":""null"",""last_render_error"":""null"",""mpv_running"":true,""next_item"":{""alias"":""media-907addee8b"",""duration_ms"":30800,""path_alias"":""<media-path:c58db4e1cc>""},""playback_state"":""playing"",""playlist_size"":9,""present"":true,""uptime_sec"":568}"
514	549.808	2026-07-10T20:05:12+0000	success		3	<media-path:fee4d36eb4>	<media-path:fee4d36eb4>	<filename:8ba6df5956>	9.7	14	69.285714	false	false	false	291	v4l2request-copy	true	"{""aspect"":0.557692,""dh"":832,""dw"":464,""h"":832,""par"":1.0,""pixelformat"":""nv12"",""rotate"":0,""stereo-in"":""mono"",""w"":464}"	"{""duration"":""success"",""eof-reached"":""success"",""estimated-frame-number"":""success"",""filename"":""success"",""hwdec-current"":""success"",""idle-active"":""success"",""path"":""success"",""pause"":""success"",""percent-pos"":""success"",""time-pos"":""success"",""video-params"":""success"",""vo-configured"":""success""}"	true	playing	media-8ffdc1f445	<media-path:fee4d36eb4>	14000	2	true	"{""black_screen_risk_reason"":""null"",""blocked_media_count"":0,""consecutive_failures"":0,""current_index"":2,""current_item"":{""alias"":""media-8ffdc1f445"",""duration_ms"":14000,""offset_ms"":0,""path_alias"":""<media-path:fee4d36eb4>"",""started_at_present"":true},""last_poll_error"":""null"",""last_render_error"":""null"",""mpv_running"":true,""next_item"":{""alias"":""media-907addee8b"",""duration_ms"":30800,""path_alias"":""<media-path:c58db4e1cc>""},""playback_state"":""playing"",""playlist_size"":9,""present"":true,""uptime_sec"":568}"
515	550.814	2026-07-10T20:05:13+0000	success		3	<media-path:fee4d36eb4>	<media-path:fee4d36eb4>	<filename:8ba6df5956>	10.7	14	76.428571	false	false	false	321	v4l2request-copy	true	"{""aspect"":0.557692,""dh"":832,""dw"":464,""h"":832,""par"":1.0,""pixelformat"":""nv12"",""rotate"":0,""stereo-in"":""mono"",""w"":464}"	"{""duration"":""success"",""eof-reached"":""success"",""estimated-frame-number"":""success"",""filename"":""success"",""hwdec-current"":""success"",""idle-active"":""success"",""path"":""success"",""pause"":""success"",""percent-pos"":""success"",""time-pos"":""success"",""video-params"":""success"",""vo-configured"":""success""}"	true	playing	media-8ffdc1f445	<media-path:fee4d36eb4>	14000	2	true	"{""black_screen_risk_reason"":""null"",""blocked_media_count"":0,""consecutive_failures"":0,""current_index"":2,""current_item"":{""alias"":""media-8ffdc1f445"",""duration_ms"":14000,""offset_ms"":0,""path_alias"":""<media-path:fee4d36eb4>"",""started_at_present"":true},""last_poll_error"":""null"",""last_render_error"":""null"",""mpv_running"":true,""next_item"":{""alias"":""media-907addee8b"",""duration_ms"":30800,""path_alias"":""<media-path:c58db4e1cc>""},""playback_state"":""playing"",""playlist_size"":9,""present"":true,""uptime_sec"":568}"
516	551.820	2026-07-10T20:05:14+0000	success		2	<media-path:fee4d36eb4>	<media-path:fee4d36eb4>	<filename:8ba6df5956>	11.7	14	83.571429	false	false	false	351	v4l2request-copy	true	"{""aspect"":0.557692,""dh"":832,""dw"":464,""h"":832,""par"":1.0,""pixelformat"":""nv12"",""rotate"":0,""stereo-in"":""mono"",""w"":464}"	"{""duration"":""success"",""eof-reached"":""success"",""estimated-frame-number"":""success"",""filename"":""success"",""hwdec-current"":""success"",""idle-active"":""success"",""path"":""success"",""pause"":""success"",""percent-pos"":""success"",""time-pos"":""success"",""video-params"":""success"",""vo-configured"":""success""}"	true	playing	media-8ffdc1f445	<media-path:fee4d36eb4>	14000	2	true	"{""black_screen_risk_reason"":""null"",""blocked_media_count"":0,""consecutive_failures"":0,""current_index"":2,""current_item"":{""alias"":""media-8ffdc1f445"",""duration_ms"":14000,""offset_ms"":0,""path_alias"":""<media-path:fee4d36eb4>"",""started_at_present"":true},""last_poll_error"":""null"",""last_render_error"":""null"",""mpv_running"":true,""next_item"":{""alias"":""media-907addee8b"",""duration_ms"":30800,""path_alias"":""<media-path:c58db4e1cc>""},""playback_state"":""playing"",""playlist_size"":9,""present"":true,""uptime_sec"":573}"
517	552.826	2026-07-10T20:05:15+0000	success		6	<media-path:fee4d36eb4>	<media-path:fee4d36eb4>	<filename:8ba6df5956>	12.7	14	90.714286	false	false	false	381	v4l2request-copy	true	"{""aspect"":0.557692,""dh"":832,""dw"":464,""h"":832,""par"":1.0,""pixelformat"":""nv12"",""rotate"":0,""stereo-in"":""mono"",""w"":464}"	"{""duration"":""success"",""eof-reached"":""success"",""estimated-frame-number"":""success"",""filename"":""success"",""hwdec-current"":""success"",""idle-active"":""success"",""path"":""success"",""pause"":""success"",""percent-pos"":""success"",""time-pos"":""success"",""video-params"":""success"",""vo-configured"":""success""}"	true	playing	media-8ffdc1f445	<media-path:fee4d36eb4>	14000	2	true	"{""black_screen_risk_reason"":""null"",""blocked_media_count"":0,""consecutive_failures"":0,""current_index"":2,""current_item"":{""alias"":""media-8ffdc1f445"",""duration_ms"":14000,""offset_ms"":0,""path_alias"":""<media-path:fee4d36eb4>"",""started_at_present"":true},""last_poll_error"":""null"",""last_render_error"":""null"",""mpv_running"":true,""next_item"":{""alias"":""media-907addee8b"",""duration_ms"":30800,""path_alias"":""<media-path:c58db4e1cc>""},""playback_state"":""playing"",""playlist_size"":9,""present"":true,""uptime_sec"":573}"
518	553.834	2026-07-10T20:05:16+0000	success		2	<media-path:fee4d36eb4>	<media-path:fee4d36eb4>	<filename:8ba6df5956>	13.7	14	97.857143	false	false	false	411	v4l2request-copy	true	"{""aspect"":0.557692,""dh"":832,""dw"":464,""h"":832,""par"":1.0,""pixelformat"":""nv12"",""rotate"":0,""stereo-in"":""mono"",""w"":464}"	"{""duration"":""success"",""eof-reached"":""success"",""estimated-frame-number"":""success"",""filename"":""success"",""hwdec-current"":""success"",""idle-active"":""success"",""path"":""success"",""pause"":""success"",""percent-pos"":""success"",""time-pos"":""success"",""video-params"":""success"",""vo-configured"":""success""}"	true	playing	media-8ffdc1f445	<media-path:fee4d36eb4>	14000	2	true	"{""black_screen_risk_reason"":""null"",""blocked_media_count"":0,""consecutive_failures"":0,""current_index"":2,""current_item"":{""alias"":""media-8ffdc1f445"",""duration_ms"":14000,""offset_ms"":0,""path_alias"":""<media-path:fee4d36eb4>"",""started_at_present"":true},""last_poll_error"":""null"",""last_render_error"":""null"",""mpv_running"":true,""next_item"":{""alias"":""media-907addee8b"",""duration_ms"":30800,""path_alias"":""<media-path:c58db4e1cc>""},""playback_state"":""playing"",""playlist_size"":9,""present"":true,""uptime_sec"":573}"
519	554.838	2026-07-10T20:05:17+0000	success		2	<media-path:c58db4e1cc>	<media-path:c58db4e1cc>	<filename:9b95323d7d>	0.625625	30.805333	2.030898	false	false	false	15	v4l2request-copy	true	"{""aspect"":0.5625,""dh"":640,""dw"":360,""h"":640,""par"":1.0,""pixelformat"":""nv12"",""rotate"":0,""stereo-in"":""mono"",""w"":360}"	"{""duration"":""success"",""eof-reached"":""success"",""estimated-frame-number"":""success"",""filename"":""success"",""hwdec-current"":""success"",""idle-active"":""success"",""path"":""success"",""pause"":""success"",""percent-pos"":""success"",""time-pos"":""success"",""video-params"":""success"",""vo-configured"":""success""}"	true	playing	media-8ffdc1f445	<media-path:fee4d36eb4>	14000	2	true	"{""black_screen_risk_reason"":""null"",""blocked_media_count"":0,""consecutive_failures"":0,""current_index"":2,""current_item"":{""alias"":""media-8ffdc1f445"",""duration_ms"":14000,""offset_ms"":0,""path_alias"":""<media-path:fee4d36eb4>"",""started_at_present"":true},""last_poll_error"":""null"",""last_render_error"":""null"",""mpv_running"":true,""next_item"":{""alias"":""media-907addee8b"",""duration_ms"":30800,""path_alias"":""<media-path:c58db4e1cc>""},""playback_state"":""playing"",""playlist_size"":9,""present"":true,""uptime_sec"":573}"
520	555.842	2026-07-10T20:05:18+0000	success		2	<media-path:c58db4e1cc>	<media-path:c58db4e1cc>	<filename:9b95323d7d>	1.626625	30.805333	5.280336	false	false	false	39	v4l2request-copy	true	"{""aspect"":0.5625,""dh"":640,""dw"":360,""h"":640,""par"":1.0,""pixelformat"":""nv12"",""rotate"":0,""stereo-in"":""mono"",""w"":360}"	"{""duration"":""success"",""eof-reached"":""success"",""estimated-frame-number"":""success"",""filename"":""success"",""hwdec-current"":""success"",""idle-active"":""success"",""path"":""success"",""pause"":""success"",""percent-pos"":""success"",""time-pos"":""success"",""video-params"":""success"",""vo-configured"":""success""}"	true	playing	media-907addee8b	<media-path:c58db4e1cc>	30800	3	true	"{""black_screen_risk_reason"":""null"",""blocked_media_count"":0,""consecutive_failures"":0,""current_index"":3,""current_item"":{""alias"":""media-907addee8b"",""duration_ms"":30800,""offset_ms"":0,""path_alias"":""<media-path:c58db4e1cc>"",""started_at_present"":true},""last_poll_error"":""null"",""last_render_error"":""null"",""mpv_running"":true,""next_item"":{""alias"":""media-8e4d41f6c2"",""duration_ms"":7200,""path_alias"":""<media-path:3662a4e886>""},""playback_state"":""playing"",""playlist_size"":9,""present"":true,""uptime_sec"":578}"
521	556.847	2026-07-10T20:05:19+0000	success		2	<media-path:c58db4e1cc>	<media-path:c58db4e1cc>	<filename:9b95323d7d>	2.627625	30.805333	8.529773	false	false	false	63	v4l2request-copy	true	"{""aspect"":0.5625,""dh"":640,""dw"":360,""h"":640,""par"":1.0,""pixelformat"":""nv12"",""rotate"":0,""stereo-in"":""mono"",""w"":360}"	"{""duration"":""success"",""eof-reached"":""success"",""estimated-frame-number"":""success"",""filename"":""success"",""hwdec-current"":""success"",""idle-active"":""success"",""path"":""success"",""pause"":""success"",""percent-pos"":""success"",""time-pos"":""success"",""video-params"":""success"",""vo-configured"":""success""}"	true	playing	media-907addee8b	<media-path:c58db4e1cc>	30800	3	true	"{""black_screen_risk_reason"":""null"",""blocked_media_count"":0,""consecutive_failures"":0,""current_index"":3,""current_item"":{""alias"":""media-907addee8b"",""duration_ms"":30800,""offset_ms"":0,""path_alias"":""<media-path:c58db4e1cc>"",""started_at_present"":true},""last_poll_error"":""null"",""last_render_error"":""null"",""mpv_running"":true,""next_item"":{""alias"":""media-8e4d41f6c2"",""duration_ms"":7200,""path_alias"":""<media-path:3662a4e886>""},""playback_state"":""playing"",""playlist_size"":9,""present"":true,""uptime_sec"":578}"
522	557.851	2026-07-10T20:05:20+0000	success		2	<media-path:c58db4e1cc>	<media-path:c58db4e1cc>	<filename:9b95323d7d>	3.628625	30.805333	11.77921	false	false	false	87	v4l2request-copy	true	"{""aspect"":0.5625,""dh"":640,""dw"":360,""h"":640,""par"":1.0,""pixelformat"":""nv12"",""rotate"":0,""stereo-in"":""mono"",""w"":360}"	"{""duration"":""success"",""eof-reached"":""success"",""estimated-frame-number"":""success"",""filename"":""success"",""hwdec-current"":""success"",""idle-active"":""success"",""path"":""success"",""pause"":""success"",""percent-pos"":""success"",""time-pos"":""success"",""video-params"":""success"",""vo-configured"":""success""}"	true	playing	media-907addee8b	<media-path:c58db4e1cc>	30800	3	true	"{""black_screen_risk_reason"":""null"",""blocked_media_count"":0,""consecutive_failures"":0,""current_index"":3,""current_item"":{""alias"":""media-907addee8b"",""duration_ms"":30800,""offset_ms"":0,""path_alias"":""<media-path:c58db4e1cc>"",""started_at_present"":true},""last_poll_error"":""null"",""last_render_error"":""null"",""mpv_running"":true,""next_item"":{""alias"":""media-8e4d41f6c2"",""duration_ms"":7200,""path_alias"":""<media-path:3662a4e886>""},""playback_state"":""playing"",""playlist_size"":9,""present"":true,""uptime_sec"":578}"
523	558.854	2026-07-10T20:05:21+0000	success		2	<media-path:c58db4e1cc>	<media-path:c58db4e1cc>	<filename:9b95323d7d>	4.629625	30.805333	15.028648	false	false	false	111	v4l2request-copy	true	"{""aspect"":0.5625,""dh"":640,""dw"":360,""h"":640,""par"":1.0,""pixelformat"":""nv12"",""rotate"":0,""stereo-in"":""mono"",""w"":360}"	"{""duration"":""success"",""eof-reached"":""success"",""estimated-frame-number"":""success"",""filename"":""success"",""hwdec-current"":""success"",""idle-active"":""success"",""path"":""success"",""pause"":""success"",""percent-pos"":""success"",""time-pos"":""success"",""video-params"":""success"",""vo-configured"":""success""}"	true	playing	media-907addee8b	<media-path:c58db4e1cc>	30800	3	true	"{""black_screen_risk_reason"":""null"",""blocked_media_count"":0,""consecutive_failures"":0,""current_index"":3,""current_item"":{""alias"":""media-907addee8b"",""duration_ms"":30800,""offset_ms"":0,""path_alias"":""<media-path:c58db4e1cc>"",""started_at_present"":true},""last_poll_error"":""null"",""last_render_error"":""null"",""mpv_running"":true,""next_item"":{""alias"":""media-8e4d41f6c2"",""duration_ms"":7200,""path_alias"":""<media-path:3662a4e886>""},""playback_state"":""playing"",""playlist_size"":9,""present"":true,""uptime_sec"":578}"
524	559.860	2026-07-10T20:05:22+0000	success		3	<media-path:c58db4e1cc>	<media-path:c58db4e1cc>	<filename:9b95323d7d>	5.672333	30.805333	18.413478	false	false	false	136	v4l2request-copy	true	"{""aspect"":0.5625,""dh"":640,""dw"":360,""h"":640,""par"":1.0,""pixelformat"":""nv12"",""rotate"":0,""stereo-in"":""mono"",""w"":360}"	"{""duration"":""success"",""eof-reached"":""success"",""estimated-frame-number"":""success"",""filename"":""success"",""hwdec-current"":""success"",""idle-active"":""success"",""path"":""success"",""pause"":""success"",""percent-pos"":""success"",""time-pos"":""success"",""video-params"":""success"",""vo-configured"":""success""}"	true	playing	media-907addee8b	<media-path:c58db4e1cc>	30800	3	true	"{""black_screen_risk_reason"":""null"",""blocked_media_count"":0,""consecutive_failures"":0,""current_index"":3,""current_item"":{""alias"":""media-907addee8b"",""duration_ms"":30800,""offset_ms"":0,""path_alias"":""<media-path:c58db4e1cc>"",""started_at_present"":true},""last_poll_error"":""null"",""last_render_error"":""null"",""mpv_running"":true,""next_item"":{""alias"":""media-8e4d41f6c2"",""duration_ms"":7200,""path_alias"":""<media-path:3662a4e886>""},""playback_state"":""playing"",""playlist_size"":9,""present"":true,""uptime_sec"":578}"
525	560.866	2026-07-10T20:05:23+0000	success		3	<media-path:c58db4e1cc>	<media-path:c58db4e1cc>	<filename:9b95323d7d>	6.673333	30.805333	21.662916	false	false	false	160	v4l2request-copy	true	"{""aspect"":0.5625,""dh"":640,""dw"":360,""h"":640,""par"":1.0,""pixelformat"":""nv12"",""rotate"":0,""stereo-in"":""mono"",""w"":360}"	"{""duration"":""success"",""eof-reached"":""success"",""estimated-frame-number"":""success"",""filename"":""success"",""hwdec-current"":""success"",""idle-active"":""success"",""path"":""success"",""pause"":""success"",""percent-pos"":""success"",""time-pos"":""success"",""video-params"":""success"",""vo-configured"":""success""}"	true	playing	media-907addee8b	<media-path:c58db4e1cc>	30800	3	true	"{""black_screen_risk_reason"":""null"",""blocked_media_count"":0,""consecutive_failures"":0,""current_index"":3,""current_item"":{""alias"":""media-907addee8b"",""duration_ms"":30800,""offset_ms"":0,""path_alias"":""<media-path:c58db4e1cc>"",""started_at_present"":true},""last_poll_error"":""null"",""last_render_error"":""null"",""mpv_running"":true,""next_item"":{""alias"":""media-8e4d41f6c2"",""duration_ms"":7200,""path_alias"":""<media-path:3662a4e886>""},""playback_state"":""playing"",""playlist_size"":9,""present"":true,""uptime_sec"":583}"
526	561.873	2026-07-10T20:05:24+0000	success		6	<media-path:c58db4e1cc>	<media-path:c58db4e1cc>	<filename:9b95323d7d>	7.674333	30.805333	24.912353	false	false	false	184	v4l2request-copy	true	"{""aspect"":0.5625,""dh"":640,""dw"":360,""h"":640,""par"":1.0,""pixelformat"":""nv12"",""rotate"":0,""stereo-in"":""mono"",""w"":360}"	"{""duration"":""success"",""eof-reached"":""success"",""estimated-frame-number"":""success"",""filename"":""success"",""hwdec-current"":""success"",""idle-active"":""success"",""path"":""success"",""pause"":""success"",""percent-pos"":""success"",""time-pos"":""success"",""video-params"":""success"",""vo-configured"":""success""}"	true	playing	media-907addee8b	<media-path:c58db4e1cc>	30800	3	true	"{""black_screen_risk_reason"":""null"",""blocked_media_count"":0,""consecutive_failures"":0,""current_index"":3,""current_item"":{""alias"":""media-907addee8b"",""duration_ms"":30800,""offset_ms"":0,""path_alias"":""<media-path:c58db4e1cc>"",""started_at_present"":true},""last_poll_error"":""null"",""last_render_error"":""null"",""mpv_running"":true,""next_item"":{""alias"":""media-8e4d41f6c2"",""duration_ms"":7200,""path_alias"":""<media-path:3662a4e886>""},""playback_state"":""playing"",""playlist_size"":9,""present"":true,""uptime_sec"":583}"
527	562.881	2026-07-10T20:05:25+0000	success		2	<media-path:c58db4e1cc>	<media-path:c58db4e1cc>	<filename:9b95323d7d>	8.675333	30.805333	28.16179	false	false	false	208	v4l2request-copy	true	"{""aspect"":0.5625,""dh"":640,""dw"":360,""h"":640,""par"":1.0,""pixelformat"":""nv12"",""rotate"":0,""stereo-in"":""mono"",""w"":360}"	"{""duration"":""success"",""eof-reached"":""success"",""estimated-frame-number"":""success"",""filename"":""success"",""hwdec-current"":""success"",""idle-active"":""success"",""path"":""success"",""pause"":""success"",""percent-pos"":""success"",""time-pos"":""success"",""video-params"":""success"",""vo-configured"":""success""}"	true	playing	media-907addee8b	<media-path:c58db4e1cc>	30800	3	true	"{""black_screen_risk_reason"":""null"",""blocked_media_count"":0,""consecutive_failures"":0,""current_index"":3,""current_item"":{""alias"":""media-907addee8b"",""duration_ms"":30800,""offset_ms"":0,""path_alias"":""<media-path:c58db4e1cc>"",""started_at_present"":true},""last_poll_error"":""null"",""last_render_error"":""null"",""mpv_running"":true,""next_item"":{""alias"":""media-8e4d41f6c2"",""duration_ms"":7200,""path_alias"":""<media-path:3662a4e886>""},""playback_state"":""playing"",""playlist_size"":9,""present"":true,""uptime_sec"":583}"
528	563.885	2026-07-10T20:05:26+0000	success		3	<media-path:c58db4e1cc>	<media-path:c58db4e1cc>	<filename:9b95323d7d>	9.676333	30.805333	31.411227	false	false	false	232	v4l2request-copy	true	"{""aspect"":0.5625,""dh"":640,""dw"":360,""h"":640,""par"":1.0,""pixelformat"":""nv12"",""rotate"":0,""stereo-in"":""mono"",""w"":360}"	"{""duration"":""success"",""eof-reached"":""success"",""estimated-frame-number"":""success"",""filename"":""success"",""hwdec-current"":""success"",""idle-active"":""success"",""path"":""success"",""pause"":""success"",""percent-pos"":""success"",""time-pos"":""success"",""video-params"":""success"",""vo-configured"":""success""}"	true	playing	media-907addee8b	<media-path:c58db4e1cc>	30800	3	true	"{""black_screen_risk_reason"":""null"",""blocked_media_count"":0,""consecutive_failures"":0,""current_index"":3,""current_item"":{""alias"":""media-907addee8b"",""duration_ms"":30800,""offset_ms"":0,""path_alias"":""<media-path:c58db4e1cc>"",""started_at_present"":true},""last_poll_error"":""null"",""last_render_error"":""null"",""mpv_running"":true,""next_item"":{""alias"":""media-8e4d41f6c2"",""duration_ms"":7200,""path_alias"":""<media-path:3662a4e886>""},""playback_state"":""playing"",""playlist_size"":9,""present"":true,""uptime_sec"":583}"
529	564.891	2026-07-10T20:05:27+0000	success		3	<media-path:c58db4e1cc>	<media-path:c58db4e1cc>	<filename:9b95323d7d>	10.677333	30.805333	34.660665	false	false	false	256	v4l2request-copy	true	"{""aspect"":0.5625,""dh"":640,""dw"":360,""h"":640,""par"":1.0,""pixelformat"":""nv12"",""rotate"":0,""stereo-in"":""mono"",""w"":360}"	"{""duration"":""success"",""eof-reached"":""success"",""estimated-frame-number"":""success"",""filename"":""success"",""hwdec-current"":""success"",""idle-active"":""success"",""path"":""success"",""pause"":""success"",""percent-pos"":""success"",""time-pos"":""success"",""video-params"":""success"",""vo-configured"":""success""}"	true	playing	media-907addee8b	<media-path:c58db4e1cc>	30800	3	true	"{""black_screen_risk_reason"":""null"",""blocked_media_count"":0,""consecutive_failures"":0,""current_index"":3,""current_item"":{""alias"":""media-907addee8b"",""duration_ms"":30800,""offset_ms"":0,""path_alias"":""<media-path:c58db4e1cc>"",""started_at_present"":true},""last_poll_error"":""null"",""last_render_error"":""null"",""mpv_running"":true,""next_item"":{""alias"":""media-8e4d41f6c2"",""duration_ms"":7200,""path_alias"":""<media-path:3662a4e886>""},""playback_state"":""playing"",""playlist_size"":9,""present"":true,""uptime_sec"":583}"
530	565.897	2026-07-10T20:05:28+0000	success		2	<media-path:c58db4e1cc>	<media-path:c58db4e1cc>	<filename:9b95323d7d>	11.678333	30.805333	37.910102	false	false	false	280	v4l2request-copy	true	"{""aspect"":0.5625,""dh"":640,""dw"":360,""h"":640,""par"":1.0,""pixelformat"":""nv12"",""rotate"":0,""stereo-in"":""mono"",""w"":360}"	"{""duration"":""success"",""eof-reached"":""success"",""estimated-frame-number"":""success"",""filename"":""success"",""hwdec-current"":""success"",""idle-active"":""success"",""path"":""success"",""pause"":""success"",""percent-pos"":""success"",""time-pos"":""success"",""video-params"":""success"",""vo-configured"":""success""}"	true	playing	media-907addee8b	<media-path:c58db4e1cc>	30800	3	true	"{""black_screen_risk_reason"":""null"",""blocked_media_count"":0,""consecutive_failures"":0,""current_index"":3,""current_item"":{""alias"":""media-907addee8b"",""duration_ms"":30800,""offset_ms"":0,""path_alias"":""<media-path:c58db4e1cc>"",""started_at_present"":true},""last_poll_error"":""null"",""last_render_error"":""null"",""mpv_running"":true,""next_item"":{""alias"":""media-8e4d41f6c2"",""duration_ms"":7200,""path_alias"":""<media-path:3662a4e886>""},""playback_state"":""playing"",""playlist_size"":9,""present"":true,""uptime_sec"":588}"
531	566.902	2026-07-10T20:05:29+0000	success		2	<media-path:c58db4e1cc>	<media-path:c58db4e1cc>	<filename:9b95323d7d>	12.679333	30.805333	41.159539	false	false	false	304	v4l2request-copy	true	"{""aspect"":0.5625,""dh"":640,""dw"":360,""h"":640,""par"":1.0,""pixelformat"":""nv12"",""rotate"":0,""stereo-in"":""mono"",""w"":360}"	"{""duration"":""success"",""eof-reached"":""success"",""estimated-frame-number"":""success"",""filename"":""success"",""hwdec-current"":""success"",""idle-active"":""success"",""path"":""success"",""pause"":""success"",""percent-pos"":""success"",""time-pos"":""success"",""video-params"":""success"",""vo-configured"":""success""}"	true	playing	media-907addee8b	<media-path:c58db4e1cc>	30800	3	true	"{""black_screen_risk_reason"":""null"",""blocked_media_count"":0,""consecutive_failures"":0,""current_index"":3,""current_item"":{""alias"":""media-907addee8b"",""duration_ms"":30800,""offset_ms"":0,""path_alias"":""<media-path:c58db4e1cc>"",""started_at_present"":true},""last_poll_error"":""null"",""last_render_error"":""null"",""mpv_running"":true,""next_item"":{""alias"":""media-8e4d41f6c2"",""duration_ms"":7200,""path_alias"":""<media-path:3662a4e886>""},""playback_state"":""playing"",""playlist_size"":9,""present"":true,""uptime_sec"":588}"
532	567.908	2026-07-10T20:05:30+0000	success		2	<media-path:c58db4e1cc>	<media-path:c58db4e1cc>	<filename:9b95323d7d>	13.680333	30.805333	44.408977	false	false	false	328	v4l2request-copy	true	"{""aspect"":0.5625,""dh"":640,""dw"":360,""h"":640,""par"":1.0,""pixelformat"":""nv12"",""rotate"":0,""stereo-in"":""mono"",""w"":360}"	"{""duration"":""success"",""eof-reached"":""success"",""estimated-frame-number"":""success"",""filename"":""success"",""hwdec-current"":""success"",""idle-active"":""success"",""path"":""success"",""pause"":""success"",""percent-pos"":""success"",""time-pos"":""success"",""video-params"":""success"",""vo-configured"":""success""}"	true	playing	media-907addee8b	<media-path:c58db4e1cc>	30800	3	true	"{""black_screen_risk_reason"":""null"",""blocked_media_count"":0,""consecutive_failures"":0,""current_index"":3,""current_item"":{""alias"":""media-907addee8b"",""duration_ms"":30800,""offset_ms"":0,""path_alias"":""<media-path:c58db4e1cc>"",""started_at_present"":true},""last_poll_error"":""null"",""last_render_error"":""null"",""mpv_running"":true,""next_item"":{""alias"":""media-8e4d41f6c2"",""duration_ms"":7200,""path_alias"":""<media-path:3662a4e886>""},""playback_state"":""playing"",""playlist_size"":9,""present"":true,""uptime_sec"":588}"
533	568.911	2026-07-10T20:05:31+0000	success		2	<media-path:c58db4e1cc>	<media-path:c58db4e1cc>	<filename:9b95323d7d>	14.723042	30.805333	47.793807	false	false	false	353	v4l2request-copy	true	"{""aspect"":0.5625,""dh"":640,""dw"":360,""h"":640,""par"":1.0,""pixelformat"":""nv12"",""rotate"":0,""stereo-in"":""mono"",""w"":360}"	"{""duration"":""success"",""eof-reached"":""success"",""estimated-frame-number"":""success"",""filename"":""success"",""hwdec-current"":""success"",""idle-active"":""success"",""path"":""success"",""pause"":""success"",""percent-pos"":""success"",""time-pos"":""success"",""video-params"":""success"",""vo-configured"":""success""}"	true	playing	media-907addee8b	<media-path:c58db4e1cc>	30800	3	true	"{""black_screen_risk_reason"":""null"",""blocked_media_count"":0,""consecutive_failures"":0,""current_index"":3,""current_item"":{""alias"":""media-907addee8b"",""duration_ms"":30800,""offset_ms"":0,""path_alias"":""<media-path:c58db4e1cc>"",""started_at_present"":true},""last_poll_error"":""null"",""last_render_error"":""null"",""mpv_running"":true,""next_item"":{""alias"":""media-8e4d41f6c2"",""duration_ms"":7200,""path_alias"":""<media-path:3662a4e886>""},""playback_state"":""playing"",""playlist_size"":9,""present"":true,""uptime_sec"":588}"
534	569.915	2026-07-10T20:05:32+0000	success		3	<media-path:c58db4e1cc>	<media-path:c58db4e1cc>	<filename:9b95323d7d>	15.724042	30.805333	51.043245	false	false	false	377	v4l2request-copy	true	"{""aspect"":0.5625,""dh"":640,""dw"":360,""h"":640,""par"":1.0,""pixelformat"":""nv12"",""rotate"":0,""stereo-in"":""mono"",""w"":360}"	"{""duration"":""success"",""eof-reached"":""success"",""estimated-frame-number"":""success"",""filename"":""success"",""hwdec-current"":""success"",""idle-active"":""success"",""path"":""success"",""pause"":""success"",""percent-pos"":""success"",""time-pos"":""success"",""video-params"":""success"",""vo-configured"":""success""}"	true	playing	media-907addee8b	<media-path:c58db4e1cc>	30800	3	true	"{""black_screen_risk_reason"":""null"",""blocked_media_count"":0,""consecutive_failures"":0,""current_index"":3,""current_item"":{""alias"":""media-907addee8b"",""duration_ms"":30800,""offset_ms"":0,""path_alias"":""<media-path:c58db4e1cc>"",""started_at_present"":true},""last_poll_error"":""null"",""last_render_error"":""null"",""mpv_running"":true,""next_item"":{""alias"":""media-8e4d41f6c2"",""duration_ms"":7200,""path_alias"":""<media-path:3662a4e886>""},""playback_state"":""playing"",""playlist_size"":9,""present"":true,""uptime_sec"":588}"
535	570.921	2026-07-10T20:05:33+0000	success		8	<media-path:c58db4e1cc>	<media-path:c58db4e1cc>	<filename:9b95323d7d>	16.725042	30.805333	54.292682	false	false	false	401	v4l2request-copy	true	"{""aspect"":0.5625,""dh"":640,""dw"":360,""h"":640,""par"":1.0,""pixelformat"":""nv12"",""rotate"":0,""stereo-in"":""mono"",""w"":360}"	"{""duration"":""success"",""eof-reached"":""success"",""estimated-frame-number"":""success"",""filename"":""success"",""hwdec-current"":""success"",""idle-active"":""success"",""path"":""success"",""pause"":""success"",""percent-pos"":""success"",""time-pos"":""success"",""video-params"":""success"",""vo-configured"":""success""}"	true	playing	media-907addee8b	<media-path:c58db4e1cc>	30800	3	true	"{""black_screen_risk_reason"":""null"",""blocked_media_count"":0,""consecutive_failures"":0,""current_index"":3,""current_item"":{""alias"":""media-907addee8b"",""duration_ms"":30800,""offset_ms"":0,""path_alias"":""<media-path:c58db4e1cc>"",""started_at_present"":true},""last_poll_error"":""null"",""last_render_error"":""null"",""mpv_running"":true,""next_item"":{""alias"":""media-8e4d41f6c2"",""duration_ms"":7200,""path_alias"":""<media-path:3662a4e886>""},""playback_state"":""playing"",""playlist_size"":9,""present"":true,""uptime_sec"":593}"
536	571.933	2026-07-10T20:05:35+0000	success		3	<media-path:c58db4e1cc>	<media-path:c58db4e1cc>	<filename:9b95323d7d>	17.726042	30.805333	57.542119	false	false	false	425	v4l2request-copy	true	"{""aspect"":0.5625,""dh"":640,""dw"":360,""h"":640,""par"":1.0,""pixelformat"":""nv12"",""rotate"":0,""stereo-in"":""mono"",""w"":360}"	"{""duration"":""success"",""eof-reached"":""success"",""estimated-frame-number"":""success"",""filename"":""success"",""hwdec-current"":""success"",""idle-active"":""success"",""path"":""success"",""pause"":""success"",""percent-pos"":""success"",""time-pos"":""success"",""video-params"":""success"",""vo-configured"":""success""}"	true	playing	media-907addee8b	<media-path:c58db4e1cc>	30800	3	true	"{""black_screen_risk_reason"":""null"",""blocked_media_count"":0,""consecutive_failures"":0,""current_index"":3,""current_item"":{""alias"":""media-907addee8b"",""duration_ms"":30800,""offset_ms"":0,""path_alias"":""<media-path:c58db4e1cc>"",""started_at_present"":true},""last_poll_error"":""null"",""last_render_error"":""null"",""mpv_running"":true,""next_item"":{""alias"":""media-8e4d41f6c2"",""duration_ms"":7200,""path_alias"":""<media-path:3662a4e886>""},""playback_state"":""playing"",""playlist_size"":9,""present"":true,""uptime_sec"":593}"
537	572.939	2026-07-10T20:05:36+0000	success		2	<media-path:c58db4e1cc>	<media-path:c58db4e1cc>	<filename:9b95323d7d>	18.727042	30.805333	60.791557	false	false	false	449	v4l2request-copy	true	"{""aspect"":0.5625,""dh"":640,""dw"":360,""h"":640,""par"":1.0,""pixelformat"":""nv12"",""rotate"":0,""stereo-in"":""mono"",""w"":360}"	"{""duration"":""success"",""eof-reached"":""success"",""estimated-frame-number"":""success"",""filename"":""success"",""hwdec-current"":""success"",""idle-active"":""success"",""path"":""success"",""pause"":""success"",""percent-pos"":""success"",""time-pos"":""success"",""video-params"":""success"",""vo-configured"":""success""}"	true	playing	media-907addee8b	<media-path:c58db4e1cc>	30800	3	true	"{""black_screen_risk_reason"":""null"",""blocked_media_count"":0,""consecutive_failures"":0,""current_index"":3,""current_item"":{""alias"":""media-907addee8b"",""duration_ms"":30800,""offset_ms"":0,""path_alias"":""<media-path:c58db4e1cc>"",""started_at_present"":true},""last_poll_error"":""null"",""last_render_error"":""null"",""mpv_running"":true,""next_item"":{""alias"":""media-8e4d41f6c2"",""duration_ms"":7200,""path_alias"":""<media-path:3662a4e886>""},""playback_state"":""playing"",""playlist_size"":9,""present"":true,""uptime_sec"":593}"
538	573.943	2026-07-10T20:05:37+0000	success		2	<media-path:c58db4e1cc>	<media-path:c58db4e1cc>	<filename:9b95323d7d>	19.728042	30.805333	64.040994	false	false	false	473	v4l2request-copy	true	"{""aspect"":0.5625,""dh"":640,""dw"":360,""h"":640,""par"":1.0,""pixelformat"":""nv12"",""rotate"":0,""stereo-in"":""mono"",""w"":360}"	"{""duration"":""success"",""eof-reached"":""success"",""estimated-frame-number"":""success"",""filename"":""success"",""hwdec-current"":""success"",""idle-active"":""success"",""path"":""success"",""pause"":""success"",""percent-pos"":""success"",""time-pos"":""success"",""video-params"":""success"",""vo-configured"":""success""}"	true	playing	media-907addee8b	<media-path:c58db4e1cc>	30800	3	true	"{""black_screen_risk_reason"":""null"",""blocked_media_count"":0,""consecutive_failures"":0,""current_index"":3,""current_item"":{""alias"":""media-907addee8b"",""duration_ms"":30800,""offset_ms"":0,""path_alias"":""<media-path:c58db4e1cc>"",""started_at_present"":true},""last_poll_error"":""null"",""last_render_error"":""null"",""mpv_running"":true,""next_item"":{""alias"":""media-8e4d41f6c2"",""duration_ms"":7200,""path_alias"":""<media-path:3662a4e886>""},""playback_state"":""playing"",""playlist_size"":9,""present"":true,""uptime_sec"":593}"
539	574.947	2026-07-10T20:05:38+0000	success		2	<media-path:c58db4e1cc>	<media-path:c58db4e1cc>	<filename:9b95323d7d>	20.729042	30.805333	67.290431	false	false	false	497	v4l2request-copy	true	"{""aspect"":0.5625,""dh"":640,""dw"":360,""h"":640,""par"":1.0,""pixelformat"":""nv12"",""rotate"":0,""stereo-in"":""mono"",""w"":360}"	"{""duration"":""success"",""eof-reached"":""success"",""estimated-frame-number"":""success"",""filename"":""success"",""hwdec-current"":""success"",""idle-active"":""success"",""path"":""success"",""pause"":""success"",""percent-pos"":""success"",""time-pos"":""success"",""video-params"":""success"",""vo-configured"":""success""}"	true	playing	media-907addee8b	<media-path:c58db4e1cc>	30800	3	true	"{""black_screen_risk_reason"":""null"",""blocked_media_count"":0,""consecutive_failures"":0,""current_index"":3,""current_item"":{""alias"":""media-907addee8b"",""duration_ms"":30800,""offset_ms"":0,""path_alias"":""<media-path:c58db4e1cc>"",""started_at_present"":true},""last_poll_error"":""null"",""last_render_error"":""null"",""mpv_running"":true,""next_item"":{""alias"":""media-8e4d41f6c2"",""duration_ms"":7200,""path_alias"":""<media-path:3662a4e886>""},""playback_state"":""playing"",""playlist_size"":9,""present"":true,""uptime_sec"":593}"
540	575.953	2026-07-10T20:05:39+0000	success		2	<media-path:c58db4e1cc>	<media-path:c58db4e1cc>	<filename:9b95323d7d>	21.730042	30.805333	70.539869	false	false	false	521	v4l2request-copy	true	"{""aspect"":0.5625,""dh"":640,""dw"":360,""h"":640,""par"":1.0,""pixelformat"":""nv12"",""rotate"":0,""stereo-in"":""mono"",""w"":360}"	"{""duration"":""success"",""eof-reached"":""success"",""estimated-frame-number"":""success"",""filename"":""success"",""hwdec-current"":""success"",""idle-active"":""success"",""path"":""success"",""pause"":""success"",""percent-pos"":""success"",""time-pos"":""success"",""video-params"":""success"",""vo-configured"":""success""}"	true	playing	media-907addee8b	<media-path:c58db4e1cc>	30800	3	true	"{""black_screen_risk_reason"":""null"",""blocked_media_count"":0,""consecutive_failures"":0,""current_index"":3,""current_item"":{""alias"":""media-907addee8b"",""duration_ms"":30800,""offset_ms"":0,""path_alias"":""<media-path:c58db4e1cc>"",""started_at_present"":true},""last_poll_error"":""null"",""last_render_error"":""null"",""mpv_running"":true,""next_item"":{""alias"":""media-8e4d41f6c2"",""duration_ms"":7200,""path_alias"":""<media-path:3662a4e886>""},""playback_state"":""playing"",""playlist_size"":9,""present"":true,""uptime_sec"":598}"
541	576.959	2026-07-10T20:05:40+0000	success		2	<media-path:c58db4e1cc>	<media-path:c58db4e1cc>	<filename:9b95323d7d>	22.731042	30.805333	73.789306	false	false	false	545	v4l2request-copy	true	"{""aspect"":0.5625,""dh"":640,""dw"":360,""h"":640,""par"":1.0,""pixelformat"":""nv12"",""rotate"":0,""stereo-in"":""mono"",""w"":360}"	"{""duration"":""success"",""eof-reached"":""success"",""estimated-frame-number"":""success"",""filename"":""success"",""hwdec-current"":""success"",""idle-active"":""success"",""path"":""success"",""pause"":""success"",""percent-pos"":""success"",""time-pos"":""success"",""video-params"":""success"",""vo-configured"":""success""}"	true	playing	media-907addee8b	<media-path:c58db4e1cc>	30800	3	true	"{""black_screen_risk_reason"":""null"",""blocked_media_count"":0,""consecutive_failures"":0,""current_index"":3,""current_item"":{""alias"":""media-907addee8b"",""duration_ms"":30800,""offset_ms"":0,""path_alias"":""<media-path:c58db4e1cc>"",""started_at_present"":true},""last_poll_error"":""null"",""last_render_error"":""null"",""mpv_running"":true,""next_item"":{""alias"":""media-8e4d41f6c2"",""duration_ms"":7200,""path_alias"":""<media-path:3662a4e886>""},""playback_state"":""playing"",""playlist_size"":9,""present"":true,""uptime_sec"":598}"
542	577.964	2026-07-10T20:05:41+0000	success		3	<media-path:c58db4e1cc>	<media-path:c58db4e1cc>	<filename:9b95323d7d>	23.77375	30.805333	77.174137	false	false	false	570	v4l2request-copy	true	"{""aspect"":0.5625,""dh"":640,""dw"":360,""h"":640,""par"":1.0,""pixelformat"":""nv12"",""rotate"":0,""stereo-in"":""mono"",""w"":360}"	"{""duration"":""success"",""eof-reached"":""success"",""estimated-frame-number"":""success"",""filename"":""success"",""hwdec-current"":""success"",""idle-active"":""success"",""path"":""success"",""pause"":""success"",""percent-pos"":""success"",""time-pos"":""success"",""video-params"":""success"",""vo-configured"":""success""}"	true	playing	media-907addee8b	<media-path:c58db4e1cc>	30800	3	true	"{""black_screen_risk_reason"":""null"",""blocked_media_count"":0,""consecutive_failures"":0,""current_index"":3,""current_item"":{""alias"":""media-907addee8b"",""duration_ms"":30800,""offset_ms"":0,""path_alias"":""<media-path:c58db4e1cc>"",""started_at_present"":true},""last_poll_error"":""null"",""last_render_error"":""null"",""mpv_running"":true,""next_item"":{""alias"":""media-8e4d41f6c2"",""duration_ms"":7200,""path_alias"":""<media-path:3662a4e886>""},""playback_state"":""playing"",""playlist_size"":9,""present"":true,""uptime_sec"":598}"
543	578.970	2026-07-10T20:05:42+0000	success		7	<media-path:c58db4e1cc>	<media-path:c58db4e1cc>	<filename:9b95323d7d>	24.77475	30.805333	80.423574	false	false	false	594	v4l2request-copy	true	"{""aspect"":0.5625,""dh"":640,""dw"":360,""h"":640,""par"":1.0,""pixelformat"":""nv12"",""rotate"":0,""stereo-in"":""mono"",""w"":360}"	"{""duration"":""success"",""eof-reached"":""success"",""estimated-frame-number"":""success"",""filename"":""success"",""hwdec-current"":""success"",""idle-active"":""success"",""path"":""success"",""pause"":""success"",""percent-pos"":""success"",""time-pos"":""success"",""video-params"":""success"",""vo-configured"":""success""}"	true	playing	media-907addee8b	<media-path:c58db4e1cc>	30800	3	true	"{""black_screen_risk_reason"":""null"",""blocked_media_count"":0,""consecutive_failures"":0,""current_index"":3,""current_item"":{""alias"":""media-907addee8b"",""duration_ms"":30800,""offset_ms"":0,""path_alias"":""<media-path:c58db4e1cc>"",""started_at_present"":true},""last_poll_error"":""null"",""last_render_error"":""null"",""mpv_running"":true,""next_item"":{""alias"":""media-8e4d41f6c2"",""duration_ms"":7200,""path_alias"":""<media-path:3662a4e886>""},""playback_state"":""playing"",""playlist_size"":9,""present"":true,""uptime_sec"":598}"
544	579.979	2026-07-10T20:05:43+0000	success		2	<media-path:c58db4e1cc>	<media-path:c58db4e1cc>	<filename:9b95323d7d>	25.77575	30.805333	83.673011	false	false	false	618	v4l2request-copy	true	"{""aspect"":0.5625,""dh"":640,""dw"":360,""h"":640,""par"":1.0,""pixelformat"":""nv12"",""rotate"":0,""stereo-in"":""mono"",""w"":360}"	"{""duration"":""success"",""eof-reached"":""success"",""estimated-frame-number"":""success"",""filename"":""success"",""hwdec-current"":""success"",""idle-active"":""success"",""path"":""success"",""pause"":""success"",""percent-pos"":""success"",""time-pos"":""success"",""video-params"":""success"",""vo-configured"":""success""}"	true	playing	media-907addee8b	<media-path:c58db4e1cc>	30800	3	true	"{""black_screen_risk_reason"":""null"",""blocked_media_count"":0,""consecutive_failures"":0,""current_index"":3,""current_item"":{""alias"":""media-907addee8b"",""duration_ms"":30800,""offset_ms"":0,""path_alias"":""<media-path:c58db4e1cc>"",""started_at_present"":true},""last_poll_error"":""null"",""last_render_error"":""null"",""mpv_running"":true,""next_item"":{""alias"":""media-8e4d41f6c2"",""duration_ms"":7200,""path_alias"":""<media-path:3662a4e886>""},""playback_state"":""playing"",""playlist_size"":9,""present"":true,""uptime_sec"":598}"
545	580.983	2026-07-10T20:05:44+0000	success		3	<media-path:c58db4e1cc>	<media-path:c58db4e1cc>	<filename:9b95323d7d>	26.77675	30.805333	86.922448	false	false	false	641	v4l2request-copy	true	"{""aspect"":0.5625,""dh"":640,""dw"":360,""h"":640,""par"":1.0,""pixelformat"":""nv12"",""rotate"":0,""stereo-in"":""mono"",""w"":360}"	"{""duration"":""success"",""eof-reached"":""success"",""estimated-frame-number"":""success"",""filename"":""success"",""hwdec-current"":""success"",""idle-active"":""success"",""path"":""success"",""pause"":""success"",""percent-pos"":""success"",""time-pos"":""success"",""video-params"":""success"",""vo-configured"":""success""}"	true	playing	media-907addee8b	<media-path:c58db4e1cc>	30800	3	true	"{""black_screen_risk_reason"":""null"",""blocked_media_count"":0,""consecutive_failures"":0,""current_index"":3,""current_item"":{""alias"":""media-907addee8b"",""duration_ms"":30800,""offset_ms"":0,""path_alias"":""<media-path:c58db4e1cc>"",""started_at_present"":true},""last_poll_error"":""null"",""last_render_error"":""null"",""mpv_running"":true,""next_item"":{""alias"":""media-8e4d41f6c2"",""duration_ms"":7200,""path_alias"":""<media-path:3662a4e886>""},""playback_state"":""playing"",""playlist_size"":9,""present"":true,""uptime_sec"":603}"
546	581.989	2026-07-10T20:05:45+0000	success		3	<media-path:c58db4e1cc>	<media-path:c58db4e1cc>	<filename:9b95323d7d>	27.77775	30.805333	90.171886	false	false	false	665	v4l2request-copy	true	"{""aspect"":0.5625,""dh"":640,""dw"":360,""h"":640,""par"":1.0,""pixelformat"":""nv12"",""rotate"":0,""stereo-in"":""mono"",""w"":360}"	"{""duration"":""success"",""eof-reached"":""success"",""estimated-frame-number"":""success"",""filename"":""success"",""hwdec-current"":""success"",""idle-active"":""success"",""path"":""success"",""pause"":""success"",""percent-pos"":""success"",""time-pos"":""success"",""video-params"":""success"",""vo-configured"":""success""}"	true	playing	media-907addee8b	<media-path:c58db4e1cc>	30800	3	true	"{""black_screen_risk_reason"":""null"",""blocked_media_count"":0,""consecutive_failures"":0,""current_index"":3,""current_item"":{""alias"":""media-907addee8b"",""duration_ms"":30800,""offset_ms"":0,""path_alias"":""<media-path:c58db4e1cc>"",""started_at_present"":true},""last_poll_error"":""null"",""last_render_error"":""null"",""mpv_running"":true,""next_item"":{""alias"":""media-8e4d41f6c2"",""duration_ms"":7200,""path_alias"":""<media-path:3662a4e886>""},""playback_state"":""playing"",""playlist_size"":9,""present"":true,""uptime_sec"":603}"
547	582.997	2026-07-10T20:05:46+0000	success		2	<media-path:c58db4e1cc>	<media-path:c58db4e1cc>	<filename:9b95323d7d>	28.77875	30.805333	93.421323	false	false	false	689	v4l2request-copy	true	"{""aspect"":0.5625,""dh"":640,""dw"":360,""h"":640,""par"":1.0,""pixelformat"":""nv12"",""rotate"":0,""stereo-in"":""mono"",""w"":360}"	"{""duration"":""success"",""eof-reached"":""success"",""estimated-frame-number"":""success"",""filename"":""success"",""hwdec-current"":""success"",""idle-active"":""success"",""path"":""success"",""pause"":""success"",""percent-pos"":""success"",""time-pos"":""success"",""video-params"":""success"",""vo-configured"":""success""}"	true	playing	media-907addee8b	<media-path:c58db4e1cc>	30800	3	true	"{""black_screen_risk_reason"":""null"",""blocked_media_count"":0,""consecutive_failures"":0,""current_index"":3,""current_item"":{""alias"":""media-907addee8b"",""duration_ms"":30800,""offset_ms"":0,""path_alias"":""<media-path:c58db4e1cc>"",""started_at_present"":true},""last_poll_error"":""null"",""last_render_error"":""null"",""mpv_running"":true,""next_item"":{""alias"":""media-8e4d41f6c2"",""duration_ms"":7200,""path_alias"":""<media-path:3662a4e886>""},""playback_state"":""playing"",""playlist_size"":9,""present"":true,""uptime_sec"":603}"
548	584.003	2026-07-10T20:05:47+0000	success		2	<media-path:c58db4e1cc>	<media-path:c58db4e1cc>	<filename:9b95323d7d>	29.77975	30.805333	96.67076	false	false	false	713	v4l2request-copy	true	"{""aspect"":0.5625,""dh"":640,""dw"":360,""h"":640,""par"":1.0,""pixelformat"":""nv12"",""rotate"":0,""stereo-in"":""mono"",""w"":360}"	"{""duration"":""success"",""eof-reached"":""success"",""estimated-frame-number"":""success"",""filename"":""success"",""hwdec-current"":""success"",""idle-active"":""success"",""path"":""success"",""pause"":""success"",""percent-pos"":""success"",""time-pos"":""success"",""video-params"":""success"",""vo-configured"":""success""}"	true	playing	media-907addee8b	<media-path:c58db4e1cc>	30800	3	true	"{""black_screen_risk_reason"":""null"",""blocked_media_count"":0,""consecutive_failures"":0,""current_index"":3,""current_item"":{""alias"":""media-907addee8b"",""duration_ms"":30800,""offset_ms"":0,""path_alias"":""<media-path:c58db4e1cc>"",""started_at_present"":true},""last_poll_error"":""null"",""last_render_error"":""null"",""mpv_running"":true,""next_item"":{""alias"":""media-8e4d41f6c2"",""duration_ms"":7200,""path_alias"":""<media-path:3662a4e886>""},""playback_state"":""playing"",""playlist_size"":9,""present"":true,""uptime_sec"":603}"
549	585.007	2026-07-10T20:05:48+0000	success		1	<media-path:c58db4e1cc>	<media-path:c58db4e1cc>	<filename:9b95323d7d>	0	30.805333	0	false	false	false	0	v4l2request-copy	true	"{""aspect"":0.5625,""dh"":640,""dw"":360,""h"":640,""par"":1.0,""pixelformat"":""nv12"",""rotate"":0,""stereo-in"":""mono"",""w"":360}"	"{""duration"":""success"",""eof-reached"":""success"",""estimated-frame-number"":""success"",""filename"":""success"",""hwdec-current"":""success"",""idle-active"":""success"",""path"":""success"",""pause"":""success"",""percent-pos"":""success"",""time-pos"":""success"",""video-params"":""success"",""vo-configured"":""success""}"	true	playing	media-907addee8b	<media-path:c58db4e1cc>	30800	3	true	"{""black_screen_risk_reason"":""null"",""blocked_media_count"":0,""consecutive_failures"":0,""current_index"":3,""current_item"":{""alias"":""media-907addee8b"",""duration_ms"":30800,""offset_ms"":0,""path_alias"":""<media-path:c58db4e1cc>"",""started_at_present"":true},""last_poll_error"":""null"",""last_render_error"":""null"",""mpv_running"":true,""next_item"":{""alias"":""media-8e4d41f6c2"",""duration_ms"":7200,""path_alias"":""<media-path:3662a4e886>""},""playback_state"":""playing"",""playlist_size"":9,""present"":true,""uptime_sec"":603}"
550	586.010	2026-07-10T20:05:49+0000	success		2	<media-path:3662a4e886>	<media-path:3662a4e886>	<filename:0a2aeee29a>	0.866667	7.221406	12.001357	false	false	false	26	v4l2request-copy	true	"{""aspect"":0.5625,""dh"":1024,""dw"":576,""h"":1024,""par"":1.0,""pixelformat"":""nv12"",""rotate"":0,""stereo-in"":""mono"",""w"":576}"	"{""duration"":""success"",""eof-reached"":""success"",""estimated-frame-number"":""success"",""filename"":""success"",""hwdec-current"":""success"",""idle-active"":""success"",""path"":""success"",""pause"":""success"",""percent-pos"":""success"",""time-pos"":""success"",""video-params"":""success"",""vo-configured"":""success""}"	true	playing	media-8e4d41f6c2	<media-path:3662a4e886>	7200	4	true	"{""black_screen_risk_reason"":""null"",""blocked_media_count"":0,""consecutive_failures"":0,""current_index"":4,""current_item"":{""alias"":""media-8e4d41f6c2"",""duration_ms"":7200,""offset_ms"":0,""path_alias"":""<media-path:3662a4e886>"",""started_at_present"":true},""last_poll_error"":""null"",""last_render_error"":""null"",""mpv_running"":true,""next_item"":{""alias"":""media-fba32b0055"",""duration_ms"":5100,""path_alias"":""<media-path:97100fcdae>""},""playback_state"":""playing"",""playlist_size"":9,""present"":true,""uptime_sec"":608}"
551	587.014	2026-07-10T20:05:50+0000	success		14	<media-path:3662a4e886>	<media-path:3662a4e886>	<filename:0a2aeee29a>	1.866667	7.221406	25.849076	false	false	false	56	v4l2request-copy	true	"{""aspect"":0.5625,""dh"":1024,""dw"":576,""h"":1024,""par"":1.0,""pixelformat"":""nv12"",""rotate"":0,""stereo-in"":""mono"",""w"":576}"	"{""duration"":""success"",""eof-reached"":""success"",""estimated-frame-number"":""success"",""filename"":""success"",""hwdec-current"":""success"",""idle-active"":""success"",""path"":""success"",""pause"":""success"",""percent-pos"":""success"",""time-pos"":""success"",""video-params"":""success"",""vo-configured"":""success""}"	true	playing	media-8e4d41f6c2	<media-path:3662a4e886>	7200	4	true	"{""black_screen_risk_reason"":""null"",""blocked_media_count"":0,""consecutive_failures"":0,""current_index"":4,""current_item"":{""alias"":""media-8e4d41f6c2"",""duration_ms"":7200,""offset_ms"":0,""path_alias"":""<media-path:3662a4e886>"",""started_at_present"":true},""last_poll_error"":""null"",""last_render_error"":""null"",""mpv_running"":true,""next_item"":{""alias"":""media-fba32b0055"",""duration_ms"":5100,""path_alias"":""<media-path:97100fcdae>""},""playback_state"":""playing"",""playlist_size"":9,""present"":true,""uptime_sec"":608}"
552	588.031	2026-07-10T20:05:51+0000	success		2	<media-path:3662a4e886>	<media-path:3662a4e886>	<filename:0a2aeee29a>	2.9	7.221406	40.158385	false	false	false	86	v4l2request-copy	true	"{""aspect"":0.5625,""dh"":1024,""dw"":576,""h"":1024,""par"":1.0,""pixelformat"":""nv12"",""rotate"":0,""stereo-in"":""mono"",""w"":576}"	"{""duration"":""success"",""eof-reached"":""success"",""estimated-frame-number"":""success"",""filename"":""success"",""hwdec-current"":""success"",""idle-active"":""success"",""path"":""success"",""pause"":""success"",""percent-pos"":""success"",""time-pos"":""success"",""video-params"":""success"",""vo-configured"":""success""}"	true	playing	media-8e4d41f6c2	<media-path:3662a4e886>	7200	4	true	"{""black_screen_risk_reason"":""null"",""blocked_media_count"":0,""consecutive_failures"":0,""current_index"":4,""current_item"":{""alias"":""media-8e4d41f6c2"",""duration_ms"":7200,""offset_ms"":0,""path_alias"":""<media-path:3662a4e886>"",""started_at_present"":true},""last_poll_error"":""null"",""last_render_error"":""null"",""mpv_running"":true,""next_item"":{""alias"":""media-fba32b0055"",""duration_ms"":5100,""path_alias"":""<media-path:97100fcdae>""},""playback_state"":""playing"",""playlist_size"":9,""present"":true,""uptime_sec"":608}"
553	589.036	2026-07-10T20:05:52+0000	success		2	<media-path:3662a4e886>	<media-path:3662a4e886>	<filename:0a2aeee29a>	3.9	7.221406	54.006104	false	false	false	116	v4l2request-copy	true	"{""aspect"":0.5625,""dh"":1024,""dw"":576,""h"":1024,""par"":1.0,""pixelformat"":""nv12"",""rotate"":0,""stereo-in"":""mono"",""w"":576}"	"{""duration"":""success"",""eof-reached"":""success"",""estimated-frame-number"":""success"",""filename"":""success"",""hwdec-current"":""success"",""idle-active"":""success"",""path"":""success"",""pause"":""success"",""percent-pos"":""success"",""time-pos"":""success"",""video-params"":""success"",""vo-configured"":""success""}"	true	playing	media-8e4d41f6c2	<media-path:3662a4e886>	7200	4	true	"{""black_screen_risk_reason"":""null"",""blocked_media_count"":0,""consecutive_failures"":0,""current_index"":4,""current_item"":{""alias"":""media-8e4d41f6c2"",""duration_ms"":7200,""offset_ms"":0,""path_alias"":""<media-path:3662a4e886>"",""started_at_present"":true},""last_poll_error"":""null"",""last_render_error"":""null"",""mpv_running"":true,""next_item"":{""alias"":""media-fba32b0055"",""duration_ms"":5100,""path_alias"":""<media-path:97100fcdae>""},""playback_state"":""playing"",""playlist_size"":9,""present"":true,""uptime_sec"":608}"
554	590.041	2026-07-10T20:05:53+0000	success		2	<media-path:3662a4e886>	<media-path:3662a4e886>	<filename:0a2aeee29a>	4.9	7.221406	67.853823	false	false	false	146	v4l2request-copy	true	"{""aspect"":0.5625,""dh"":1024,""dw"":576,""h"":1024,""par"":1.0,""pixelformat"":""nv12"",""rotate"":0,""stereo-in"":""mono"",""w"":576}"	"{""duration"":""success"",""eof-reached"":""success"",""estimated-frame-number"":""success"",""filename"":""success"",""hwdec-current"":""success"",""idle-active"":""success"",""path"":""success"",""pause"":""success"",""percent-pos"":""success"",""time-pos"":""success"",""video-params"":""success"",""vo-configured"":""success""}"	true	playing	media-8e4d41f6c2	<media-path:3662a4e886>	7200	4	true	"{""black_screen_risk_reason"":""null"",""blocked_media_count"":0,""consecutive_failures"":0,""current_index"":4,""current_item"":{""alias"":""media-8e4d41f6c2"",""duration_ms"":7200,""offset_ms"":0,""path_alias"":""<media-path:3662a4e886>"",""started_at_present"":true},""last_poll_error"":""null"",""last_render_error"":""null"",""mpv_running"":true,""next_item"":{""alias"":""media-fba32b0055"",""duration_ms"":5100,""path_alias"":""<media-path:97100fcdae>""},""playback_state"":""playing"",""playlist_size"":9,""present"":true,""uptime_sec"":608}"
555	591.045	2026-07-10T20:05:54+0000	success		13	<media-path:3662a4e886>	<media-path:3662a4e886>	<filename:0a2aeee29a>	5.9	7.221406	81.701542	false	false	false	176	v4l2request-copy	true	"{""aspect"":0.5625,""dh"":1024,""dw"":576,""h"":1024,""par"":1.0,""pixelformat"":""nv12"",""rotate"":0,""stereo-in"":""mono"",""w"":576}"	"{""duration"":""success"",""eof-reached"":""success"",""estimated-frame-number"":""success"",""filename"":""success"",""hwdec-current"":""success"",""idle-active"":""success"",""path"":""success"",""pause"":""success"",""percent-pos"":""success"",""time-pos"":""success"",""video-params"":""success"",""vo-configured"":""success""}"	true	playing	media-8e4d41f6c2	<media-path:3662a4e886>	7200	4	true	"{""black_screen_risk_reason"":""null"",""blocked_media_count"":0,""consecutive_failures"":0,""current_index"":4,""current_item"":{""alias"":""media-8e4d41f6c2"",""duration_ms"":7200,""offset_ms"":0,""path_alias"":""<media-path:3662a4e886>"",""started_at_present"":true},""last_poll_error"":""null"",""last_render_error"":""null"",""mpv_running"":true,""next_item"":{""alias"":""media-fba32b0055"",""duration_ms"":5100,""path_alias"":""<media-path:97100fcdae>""},""playback_state"":""playing"",""playlist_size"":9,""present"":true,""uptime_sec"":613}"
556	592.060	2026-07-10T20:05:55+0000	success		2	<media-path:3662a4e886>	<media-path:3662a4e886>	<filename:0a2aeee29a>	6.9	7.221406	95.549261	false	false	false	205	v4l2request-copy	true	"{""aspect"":0.5625,""dh"":1024,""dw"":576,""h"":1024,""par"":1.0,""pixelformat"":""nv12"",""rotate"":0,""stereo-in"":""mono"",""w"":576}"	"{""duration"":""success"",""eof-reached"":""success"",""estimated-frame-number"":""success"",""filename"":""success"",""hwdec-current"":""success"",""idle-active"":""success"",""path"":""success"",""pause"":""success"",""percent-pos"":""success"",""time-pos"":""success"",""video-params"":""success"",""vo-configured"":""success""}"	true	playing	media-8e4d41f6c2	<media-path:3662a4e886>	7200	4	true	"{""black_screen_risk_reason"":""null"",""blocked_media_count"":0,""consecutive_failures"":0,""current_index"":4,""current_item"":{""alias"":""media-8e4d41f6c2"",""duration_ms"":7200,""offset_ms"":0,""path_alias"":""<media-path:3662a4e886>"",""started_at_present"":true},""last_poll_error"":""null"",""last_render_error"":""null"",""mpv_running"":true,""next_item"":{""alias"":""media-fba32b0055"",""duration_ms"":5100,""path_alias"":""<media-path:97100fcdae>""},""playback_state"":""playing"",""playlist_size"":9,""present"":true,""uptime_sec"":613}"
557	593.064	2026-07-10T20:05:56+0000	success		2	<media-path:97100fcdae>	<media-path:97100fcdae>	<filename:a4bfef2b1b>	0.633333	5.06195	12.511647	false	false	false	19	v4l2request-copy	true	"{""aspect"":0.697674,""dh"":688,""dw"":480,""h"":688,""par"":1.0,""pixelformat"":""nv12"",""rotate"":0,""stereo-in"":""mono"",""w"":480}"	"{""duration"":""success"",""eof-reached"":""success"",""estimated-frame-number"":""success"",""filename"":""success"",""hwdec-current"":""success"",""idle-active"":""success"",""path"":""success"",""pause"":""success"",""percent-pos"":""success"",""time-pos"":""success"",""video-params"":""success"",""vo-configured"":""success""}"	true	playing	media-8e4d41f6c2	<media-path:3662a4e886>	7200	4	true	"{""black_screen_risk_reason"":""null"",""blocked_media_count"":0,""consecutive_failures"":0,""current_index"":4,""current_item"":{""alias"":""media-8e4d41f6c2"",""duration_ms"":7200,""offset_ms"":0,""path_alias"":""<media-path:3662a4e886>"",""started_at_present"":true},""last_poll_error"":""null"",""last_render_error"":""null"",""mpv_running"":true,""next_item"":{""alias"":""media-fba32b0055"",""duration_ms"":5100,""path_alias"":""<media-path:97100fcdae>""},""playback_state"":""playing"",""playlist_size"":9,""present"":true,""uptime_sec"":613}"
558	594.069	2026-07-10T20:05:57+0000	success		3	<media-path:97100fcdae>	<media-path:97100fcdae>	<filename:a4bfef2b1b>	1.633333	5.06195	32.266879	false	false	false	49	v4l2request-copy	true	"{""aspect"":0.697674,""dh"":688,""dw"":480,""h"":688,""par"":1.0,""pixelformat"":""nv12"",""rotate"":0,""stereo-in"":""mono"",""w"":480}"	"{""duration"":""success"",""eof-reached"":""success"",""estimated-frame-number"":""success"",""filename"":""success"",""hwdec-current"":""success"",""idle-active"":""success"",""path"":""success"",""pause"":""success"",""percent-pos"":""success"",""time-pos"":""success"",""video-params"":""success"",""vo-configured"":""success""}"	true	playing	media-8e4d41f6c2	<media-path:3662a4e886>	7200	4	true	"{""black_screen_risk_reason"":""null"",""blocked_media_count"":0,""consecutive_failures"":0,""current_index"":4,""current_item"":{""alias"":""media-8e4d41f6c2"",""duration_ms"":7200,""offset_ms"":0,""path_alias"":""<media-path:3662a4e886>"",""started_at_present"":true},""last_poll_error"":""null"",""last_render_error"":""null"",""mpv_running"":true,""next_item"":{""alias"":""media-fba32b0055"",""duration_ms"":5100,""path_alias"":""<media-path:97100fcdae>""},""playback_state"":""playing"",""playlist_size"":9,""present"":true,""uptime_sec"":613}"
559	595.075	2026-07-10T20:05:58+0000	success		12	<media-path:97100fcdae>	<media-path:97100fcdae>	<filename:a4bfef2b1b>	2.666667	5.06195	52.680619	false	false	false	80	v4l2request-copy	true	"{""aspect"":0.697674,""dh"":688,""dw"":480,""h"":688,""par"":1.0,""pixelformat"":""nv12"",""rotate"":0,""stereo-in"":""mono"",""w"":480}"	"{""duration"":""success"",""eof-reached"":""success"",""estimated-frame-number"":""success"",""filename"":""success"",""hwdec-current"":""success"",""idle-active"":""success"",""path"":""success"",""pause"":""success"",""percent-pos"":""success"",""time-pos"":""success"",""video-params"":""success"",""vo-configured"":""success""}"	true	playing	media-8e4d41f6c2	<media-path:3662a4e886>	7200	4	true	"{""black_screen_risk_reason"":""null"",""blocked_media_count"":0,""consecutive_failures"":0,""current_index"":4,""current_item"":{""alias"":""media-8e4d41f6c2"",""duration_ms"":7200,""offset_ms"":0,""path_alias"":""<media-path:3662a4e886>"",""started_at_present"":true},""last_poll_error"":""null"",""last_render_error"":""null"",""mpv_running"":true,""next_item"":{""alias"":""media-fba32b0055"",""duration_ms"":5100,""path_alias"":""<media-path:97100fcdae>""},""playback_state"":""playing"",""playlist_size"":9,""present"":true,""uptime_sec"":613}"
560	596.090	2026-07-10T20:05:59+0000	success		9	<media-path:97100fcdae>	<media-path:97100fcdae>	<filename:a4bfef2b1b>	3.666667	5.06195	72.435851	false	false	false	109	v4l2request-copy	true	"{""aspect"":0.697674,""dh"":688,""dw"":480,""h"":688,""par"":1.0,""pixelformat"":""nv12"",""rotate"":0,""stereo-in"":""mono"",""w"":480}"	"{""duration"":""success"",""eof-reached"":""success"",""estimated-frame-number"":""success"",""filename"":""success"",""hwdec-current"":""success"",""idle-active"":""success"",""path"":""success"",""pause"":""success"",""percent-pos"":""success"",""time-pos"":""success"",""video-params"":""success"",""vo-configured"":""success""}"	true	playing	media-fba32b0055	<media-path:97100fcdae>	5100	5	true	"{""black_screen_risk_reason"":""null"",""blocked_media_count"":0,""consecutive_failures"":0,""current_index"":5,""current_item"":{""alias"":""media-fba32b0055"",""duration_ms"":5100,""offset_ms"":0,""path_alias"":""<media-path:97100fcdae>"",""started_at_present"":true},""last_poll_error"":""null"",""last_render_error"":""null"",""mpv_running"":true,""next_item"":{""alias"":""media-749f1db21b"",""duration_ms"":3900,""path_alias"":""<media-path:31af3d58a2>""},""playback_state"":""playing"",""playlist_size"":9,""present"":true,""uptime_sec"":618}"
561	597.101	2026-07-10T20:06:00+0000	success		2	<media-path:97100fcdae>	<media-path:97100fcdae>	<filename:a4bfef2b1b>	4.666667	5.06195	92.191084	false	false	false	139	v4l2request-copy	true	"{""aspect"":0.697674,""dh"":688,""dw"":480,""h"":688,""par"":1.0,""pixelformat"":""nv12"",""rotate"":0,""stereo-in"":""mono"",""w"":480}"	"{""duration"":""success"",""eof-reached"":""success"",""estimated-frame-number"":""success"",""filename"":""success"",""hwdec-current"":""success"",""idle-active"":""success"",""path"":""success"",""pause"":""success"",""percent-pos"":""success"",""time-pos"":""success"",""video-params"":""success"",""vo-configured"":""success""}"	true	playing	media-fba32b0055	<media-path:97100fcdae>	5100	5	true	"{""black_screen_risk_reason"":""null"",""blocked_media_count"":0,""consecutive_failures"":0,""current_index"":5,""current_item"":{""alias"":""media-fba32b0055"",""duration_ms"":5100,""offset_ms"":0,""path_alias"":""<media-path:97100fcdae>"",""started_at_present"":true},""last_poll_error"":""null"",""last_render_error"":""null"",""mpv_running"":true,""next_item"":{""alias"":""media-749f1db21b"",""duration_ms"":3900,""path_alias"":""<media-path:31af3d58a2>""},""playback_state"":""playing"",""playlist_size"":9,""present"":true,""uptime_sec"":618}"
562	598.105	2026-07-10T20:06:01+0000	success		2	<media-path:31af3d58a2>	<media-path:31af3d58a2>	<filename:92829f14a9>	0.4	3.9	10.25641	false	false	false	12	v4l2request-copy	true	"{""aspect"":0.566038,""dh"":848,""dw"":480,""h"":848,""par"":1.0,""pixelformat"":""nv12"",""rotate"":0,""stereo-in"":""mono"",""w"":480}"	"{""duration"":""success"",""eof-reached"":""success"",""estimated-frame-number"":""success"",""filename"":""success"",""hwdec-current"":""success"",""idle-active"":""success"",""path"":""success"",""pause"":""success"",""percent-pos"":""success"",""time-pos"":""success"",""video-params"":""success"",""vo-configured"":""success""}"	true	playing	media-fba32b0055	<media-path:97100fcdae>	5100	5	true	"{""black_screen_risk_reason"":""null"",""blocked_media_count"":0,""consecutive_failures"":0,""current_index"":5,""current_item"":{""alias"":""media-fba32b0055"",""duration_ms"":5100,""offset_ms"":0,""path_alias"":""<media-path:97100fcdae>"",""started_at_present"":true},""last_poll_error"":""null"",""last_render_error"":""null"",""mpv_running"":true,""next_item"":{""alias"":""media-749f1db21b"",""duration_ms"":3900,""path_alias"":""<media-path:31af3d58a2>""},""playback_state"":""playing"",""playlist_size"":9,""present"":true,""uptime_sec"":618}"
563	599.109	2026-07-10T20:06:02+0000	success		2	<media-path:31af3d58a2>	<media-path:31af3d58a2>	<filename:92829f14a9>	1.4	3.9	35.897436	false	false	false	42	v4l2request-copy	true	"{""aspect"":0.566038,""dh"":848,""dw"":480,""h"":848,""par"":1.0,""pixelformat"":""nv12"",""rotate"":0,""stereo-in"":""mono"",""w"":480}"	"{""duration"":""success"",""eof-reached"":""success"",""estimated-frame-number"":""success"",""filename"":""success"",""hwdec-current"":""success"",""idle-active"":""success"",""path"":""success"",""pause"":""success"",""percent-pos"":""success"",""time-pos"":""success"",""video-params"":""success"",""vo-configured"":""success""}"	true	playing	media-fba32b0055	<media-path:97100fcdae>	5100	5	true	"{""black_screen_risk_reason"":""null"",""blocked_media_count"":0,""consecutive_failures"":0,""current_index"":5,""current_item"":{""alias"":""media-fba32b0055"",""duration_ms"":5100,""offset_ms"":0,""path_alias"":""<media-path:97100fcdae>"",""started_at_present"":true},""last_poll_error"":""null"",""last_render_error"":""null"",""mpv_running"":true,""next_item"":{""alias"":""media-749f1db21b"",""duration_ms"":3900,""path_alias"":""<media-path:31af3d58a2>""},""playback_state"":""playing"",""playlist_size"":9,""present"":true,""uptime_sec"":618}"
