seq	rel_sec	wall_time	ipc_result	ipc_error	ipc_elapsed_ms	current_alias	path_alias	filename_alias	time_pos	duration	percent_pos	idle_active	pause	eof_reached	estimated_frame_number	hwdec_current	vo_configured	video_params_json	property_errors_json	status_present	status_playback_state	status_current_alias	status_path_alias	status_duration_ms	status_current_index	status_mpv_running	status_snapshot_json
1	0.001	2026-07-10T20:19:13+0000	success		2	<media-path:c406539999>	<media-path:c406539999>	<filename:aaf3979e21>	9.2	15.069751	61.049451	false	false	false	276	v4l2request-copy	true	"{""aspect"":0.566038,""dh"":848,""dw"":480,""h"":848,""par"":1.0,""pixelformat"":""nv12"",""rotate"":0,""stereo-in"":""mono"",""w"":480}"	"{""duration"":""success"",""eof-reached"":""success"",""estimated-frame-number"":""success"",""filename"":""success"",""hwdec-current"":""success"",""idle-active"":""success"",""path"":""success"",""pause"":""success"",""percent-pos"":""success"",""time-pos"":""success"",""video-params"":""success"",""vo-configured"":""success""}"	true	playing	media-63e22e276f	<media-path:c406539999>	15100	0	true	"{""black_screen_risk_reason"":""null"",""blocked_media_count"":0,""consecutive_failures"":0,""current_index"":0,""current_item"":{""alias"":""media-63e22e276f"",""duration_ms"":15100,""offset_ms"":0,""path_alias"":""<media-path:c406539999>"",""started_at_present"":true},""last_poll_error"":""null"",""last_render_error"":""null"",""mpv_running"":true,""next_item"":{""alias"":""media-b04db49d99"",""duration_ms"":15100,""path_alias"":""<media-path:2b030c3c41>""},""playback_state"":""playing"",""playlist_size"":9,""present"":true,""uptime_sec"":648}"
2	1.005	2026-07-10T20:19:14+0000	success		2	<media-path:c406539999>	<media-path:c406539999>	<filename:aaf3979e21>	10.233333	15.069751	67.906455	false	false	false	307	v4l2request-copy	true	"{""aspect"":0.566038,""dh"":848,""dw"":480,""h"":848,""par"":1.0,""pixelformat"":""nv12"",""rotate"":0,""stereo-in"":""mono"",""w"":480}"	"{""duration"":""success"",""eof-reached"":""success"",""estimated-frame-number"":""success"",""filename"":""success"",""hwdec-current"":""success"",""idle-active"":""success"",""path"":""success"",""pause"":""success"",""percent-pos"":""success"",""time-pos"":""success"",""video-params"":""success"",""vo-configured"":""success""}"	true	playing	media-63e22e276f	<media-path:c406539999>	15100	0	true	"{""black_screen_risk_reason"":""null"",""blocked_media_count"":0,""consecutive_failures"":0,""current_index"":0,""current_item"":{""alias"":""media-63e22e276f"",""duration_ms"":15100,""offset_ms"":0,""path_alias"":""<media-path:c406539999>"",""started_at_present"":true},""last_poll_error"":""null"",""last_render_error"":""null"",""mpv_running"":true,""next_item"":{""alias"":""media-b04db49d99"",""duration_ms"":15100,""path_alias"":""<media-path:2b030c3c41>""},""playback_state"":""playing"",""playlist_size"":9,""present"":true,""uptime_sec"":653}"
3	2.010	2026-07-10T20:19:15+0000	success		2	<media-path:c406539999>	<media-path:c406539999>	<filename:aaf3979e21>	11.233333	15.069751	74.542265	false	false	false	337	v4l2request-copy	true	"{""aspect"":0.566038,""dh"":848,""dw"":480,""h"":848,""par"":1.0,""pixelformat"":""nv12"",""rotate"":0,""stereo-in"":""mono"",""w"":480}"	"{""duration"":""success"",""eof-reached"":""success"",""estimated-frame-number"":""success"",""filename"":""success"",""hwdec-current"":""success"",""idle-active"":""success"",""path"":""success"",""pause"":""success"",""percent-pos"":""success"",""time-pos"":""success"",""video-params"":""success"",""vo-configured"":""success""}"	true	playing	media-63e22e276f	<media-path:c406539999>	15100	0	true	"{""black_screen_risk_reason"":""null"",""blocked_media_count"":0,""consecutive_failures"":0,""current_index"":0,""current_item"":{""alias"":""media-63e22e276f"",""duration_ms"":15100,""offset_ms"":0,""path_alias"":""<media-path:c406539999>"",""started_at_present"":true},""last_poll_error"":""null"",""last_render_error"":""null"",""mpv_running"":true,""next_item"":{""alias"":""media-b04db49d99"",""duration_ms"":15100,""path_alias"":""<media-path:2b030c3c41>""},""playback_state"":""playing"",""playlist_size"":9,""present"":true,""uptime_sec"":653}"
4	3.014	2026-07-10T20:19:16+0000	success		2	<media-path:c406539999>	<media-path:c406539999>	<filename:aaf3979e21>	12.233333	15.069751	81.178074	false	false	false	367	v4l2request-copy	true	"{""aspect"":0.566038,""dh"":848,""dw"":480,""h"":848,""par"":1.0,""pixelformat"":""nv12"",""rotate"":0,""stereo-in"":""mono"",""w"":480}"	"{""duration"":""success"",""eof-reached"":""success"",""estimated-frame-number"":""success"",""filename"":""success"",""hwdec-current"":""success"",""idle-active"":""success"",""path"":""success"",""pause"":""success"",""percent-pos"":""success"",""time-pos"":""success"",""video-params"":""success"",""vo-configured"":""success""}"	true	playing	media-63e22e276f	<media-path:c406539999>	15100	0	true	"{""black_screen_risk_reason"":""null"",""blocked_media_count"":0,""consecutive_failures"":0,""current_index"":0,""current_item"":{""alias"":""media-63e22e276f"",""duration_ms"":15100,""offset_ms"":0,""path_alias"":""<media-path:c406539999>"",""started_at_present"":true},""last_poll_error"":""null"",""last_render_error"":""null"",""mpv_running"":true,""next_item"":{""alias"":""media-b04db49d99"",""duration_ms"":15100,""path_alias"":""<media-path:2b030c3c41>""},""playback_state"":""playing"",""playlist_size"":9,""present"":true,""uptime_sec"":653}"
5	4.018	2026-07-10T20:19:17+0000	success		2	<media-path:c406539999>	<media-path:c406539999>	<filename:aaf3979e21>	13.233333	15.069751	87.813884	false	false	false	397	v4l2request-copy	true	"{""aspect"":0.566038,""dh"":848,""dw"":480,""h"":848,""par"":1.0,""pixelformat"":""nv12"",""rotate"":0,""stereo-in"":""mono"",""w"":480}"	"{""duration"":""success"",""eof-reached"":""success"",""estimated-frame-number"":""success"",""filename"":""success"",""hwdec-current"":""success"",""idle-active"":""success"",""path"":""success"",""pause"":""success"",""percent-pos"":""success"",""time-pos"":""success"",""video-params"":""success"",""vo-configured"":""success""}"	true	playing	media-63e22e276f	<media-path:c406539999>	15100	0	true	"{""black_screen_risk_reason"":""null"",""blocked_media_count"":0,""consecutive_failures"":0,""current_index"":0,""current_item"":{""alias"":""media-63e22e276f"",""duration_ms"":15100,""offset_ms"":0,""path_alias"":""<media-path:c406539999>"",""started_at_present"":true},""last_poll_error"":""null"",""last_render_error"":""null"",""mpv_running"":true,""next_item"":{""alias"":""media-b04db49d99"",""duration_ms"":15100,""path_alias"":""<media-path:2b030c3c41>""},""playback_state"":""playing"",""playlist_size"":9,""present"":true,""uptime_sec"":653}"
6	5.022	2026-07-10T20:19:18+0000	success		9	<media-path:c406539999>	<media-path:c406539999>	<filename:aaf3979e21>	14.233333	15.069751	94.449694	false	false	false	427	v4l2request-copy	true	"{""aspect"":0.566038,""dh"":848,""dw"":480,""h"":848,""par"":1.0,""pixelformat"":""nv12"",""rotate"":0,""stereo-in"":""mono"",""w"":480}"	"{""duration"":""success"",""eof-reached"":""success"",""estimated-frame-number"":""success"",""filename"":""success"",""hwdec-current"":""success"",""idle-active"":""success"",""path"":""success"",""pause"":""success"",""percent-pos"":""success"",""time-pos"":""success"",""video-params"":""success"",""vo-configured"":""success""}"	true	playing	media-63e22e276f	<media-path:c406539999>	15100	0	true	"{""black_screen_risk_reason"":""null"",""blocked_media_count"":0,""consecutive_failures"":0,""current_index"":0,""current_item"":{""alias"":""media-63e22e276f"",""duration_ms"":15100,""offset_ms"":0,""path_alias"":""<media-path:c406539999>"",""started_at_present"":true},""last_poll_error"":""null"",""last_render_error"":""null"",""mpv_running"":true,""next_item"":{""alias"":""media-b04db49d99"",""duration_ms"":15100,""path_alias"":""<media-path:2b030c3c41>""},""playback_state"":""playing"",""playlist_size"":9,""present"":true,""uptime_sec"":653}"
7	6.034	2026-07-10T20:19:19+0000	success		6	<media-path:c406539999>	<media-path:c406539999>	<filename:aaf3979e21>	0.133333	15.069751	0.884775	false	false	false	4	v4l2request-copy	true	"{""aspect"":0.566038,""dh"":848,""dw"":480,""h"":848,""par"":1.0,""pixelformat"":""nv12"",""rotate"":0,""stereo-in"":""mono"",""w"":480}"	"{""duration"":""success"",""eof-reached"":""success"",""estimated-frame-number"":""success"",""filename"":""success"",""hwdec-current"":""success"",""idle-active"":""success"",""path"":""success"",""pause"":""success"",""percent-pos"":""success"",""time-pos"":""success"",""video-params"":""success"",""vo-configured"":""success""}"	true	playing	media-63e22e276f	<media-path:c406539999>	15100	0	true	"{""black_screen_risk_reason"":""null"",""blocked_media_count"":0,""consecutive_failures"":0,""current_index"":0,""current_item"":{""alias"":""media-63e22e276f"",""duration_ms"":15100,""offset_ms"":0,""path_alias"":""<media-path:c406539999>"",""started_at_present"":true},""last_poll_error"":""null"",""last_render_error"":""null"",""mpv_running"":true,""next_item"":{""alias"":""media-b04db49d99"",""duration_ms"":15100,""path_alias"":""<media-path:2b030c3c41>""},""playback_state"":""playing"",""playlist_size"":9,""present"":true,""uptime_sec"":658}"
8	7.043	2026-07-10T20:19:20+0000	success		8	<media-path:2b030c3c41>	<media-path:2b030c3c41>	<filename:c617160627>	0.966667	15.1	6.401766	false	false	false	29	v4l2request-copy	true	"{""aspect"":0.566038,""dh"":848,""dw"":480,""h"":848,""par"":1.0,""pixelformat"":""nv12"",""rotate"":0,""stereo-in"":""mono"",""w"":480}"	"{""duration"":""success"",""eof-reached"":""success"",""estimated-frame-number"":""success"",""filename"":""success"",""hwdec-current"":""success"",""idle-active"":""success"",""path"":""success"",""pause"":""success"",""percent-pos"":""success"",""time-pos"":""success"",""video-params"":""success"",""vo-configured"":""success""}"	true	playing	media-63e22e276f	<media-path:c406539999>	15100	0	true	"{""black_screen_risk_reason"":""null"",""blocked_media_count"":0,""consecutive_failures"":0,""current_index"":0,""current_item"":{""alias"":""media-63e22e276f"",""duration_ms"":15100,""offset_ms"":0,""path_alias"":""<media-path:c406539999>"",""started_at_present"":true},""last_poll_error"":""null"",""last_render_error"":""null"",""mpv_running"":true,""next_item"":{""alias"":""media-b04db49d99"",""duration_ms"":15100,""path_alias"":""<media-path:2b030c3c41>""},""playback_state"":""playing"",""playlist_size"":9,""present"":true,""uptime_sec"":658}"
9	8.053	2026-07-10T20:19:21+0000	success		2	<media-path:2b030c3c41>	<media-path:2b030c3c41>	<filename:c617160627>	1.966667	15.1	13.024283	false	false	false	59	v4l2request-copy	true	"{""aspect"":0.566038,""dh"":848,""dw"":480,""h"":848,""par"":1.0,""pixelformat"":""nv12"",""rotate"":0,""stereo-in"":""mono"",""w"":480}"	"{""duration"":""success"",""eof-reached"":""success"",""estimated-frame-number"":""success"",""filename"":""success"",""hwdec-current"":""success"",""idle-active"":""success"",""path"":""success"",""pause"":""success"",""percent-pos"":""success"",""time-pos"":""success"",""video-params"":""success"",""vo-configured"":""success""}"	true	playing	media-63e22e276f	<media-path:c406539999>	15100	0	true	"{""black_screen_risk_reason"":""null"",""blocked_media_count"":0,""consecutive_failures"":0,""current_index"":0,""current_item"":{""alias"":""media-63e22e276f"",""duration_ms"":15100,""offset_ms"":0,""path_alias"":""<media-path:c406539999>"",""started_at_present"":true},""last_poll_error"":""null"",""last_render_error"":""null"",""mpv_running"":true,""next_item"":{""alias"":""media-b04db49d99"",""duration_ms"":15100,""path_alias"":""<media-path:2b030c3c41>""},""playback_state"":""playing"",""playlist_size"":9,""present"":true,""uptime_sec"":658}"
10	9.058	2026-07-10T20:19:22+0000	success		2	<media-path:2b030c3c41>	<media-path:2b030c3c41>	<filename:c617160627>	3	15.1	19.86755	false	false	false	90	v4l2request-copy	true	"{""aspect"":0.566038,""dh"":848,""dw"":480,""h"":848,""par"":1.0,""pixelformat"":""nv12"",""rotate"":0,""stereo-in"":""mono"",""w"":480}"	"{""duration"":""success"",""eof-reached"":""success"",""estimated-frame-number"":""success"",""filename"":""success"",""hwdec-current"":""success"",""idle-active"":""success"",""path"":""success"",""pause"":""success"",""percent-pos"":""success"",""time-pos"":""success"",""video-params"":""success"",""vo-configured"":""success""}"	true	playing	media-63e22e276f	<media-path:c406539999>	15100	0	true	"{""black_screen_risk_reason"":""null"",""blocked_media_count"":0,""consecutive_failures"":0,""current_index"":0,""current_item"":{""alias"":""media-63e22e276f"",""duration_ms"":15100,""offset_ms"":0,""path_alias"":""<media-path:c406539999>"",""started_at_present"":true},""last_poll_error"":""null"",""last_render_error"":""null"",""mpv_running"":true,""next_item"":{""alias"":""media-b04db49d99"",""duration_ms"":15100,""path_alias"":""<media-path:2b030c3c41>""},""playback_state"":""playing"",""playlist_size"":9,""present"":true,""uptime_sec"":658}"
11	10.063	2026-07-10T20:19:23+0000	success		2	<media-path:2b030c3c41>	<media-path:2b030c3c41>	<filename:c617160627>	4	15.1	26.490066	false	false	false	120	v4l2request-copy	true	"{""aspect"":0.566038,""dh"":848,""dw"":480,""h"":848,""par"":1.0,""pixelformat"":""nv12"",""rotate"":0,""stereo-in"":""mono"",""w"":480}"	"{""duration"":""success"",""eof-reached"":""success"",""estimated-frame-number"":""success"",""filename"":""success"",""hwdec-current"":""success"",""idle-active"":""success"",""path"":""success"",""pause"":""success"",""percent-pos"":""success"",""time-pos"":""success"",""video-params"":""success"",""vo-configured"":""success""}"	true	playing	media-63e22e276f	<media-path:c406539999>	15100	0	true	"{""black_screen_risk_reason"":""null"",""blocked_media_count"":0,""consecutive_failures"":0,""current_index"":0,""current_item"":{""alias"":""media-63e22e276f"",""duration_ms"":15100,""offset_ms"":0,""path_alias"":""<media-path:c406539999>"",""started_at_present"":true},""last_poll_error"":""null"",""last_render_error"":""null"",""mpv_running"":true,""next_item"":{""alias"":""media-b04db49d99"",""duration_ms"":15100,""path_alias"":""<media-path:2b030c3c41>""},""playback_state"":""playing"",""playlist_size"":9,""present"":true,""uptime_sec"":658}"
12	11.067	2026-07-10T20:19:24+0000	success		2	<media-path:2b030c3c41>	<media-path:2b030c3c41>	<filename:c617160627>	5	15.1	33.112583	false	false	false	150	v4l2request-copy	true	"{""aspect"":0.566038,""dh"":848,""dw"":480,""h"":848,""par"":1.0,""pixelformat"":""nv12"",""rotate"":0,""stereo-in"":""mono"",""w"":480}"	"{""duration"":""success"",""eof-reached"":""success"",""estimated-frame-number"":""success"",""filename"":""success"",""hwdec-current"":""success"",""idle-active"":""success"",""path"":""success"",""pause"":""success"",""percent-pos"":""success"",""time-pos"":""success"",""video-params"":""success"",""vo-configured"":""success""}"	true	playing	media-b04db49d99	<media-path:2b030c3c41>	15100	1	true	"{""black_screen_risk_reason"":""null"",""blocked_media_count"":0,""consecutive_failures"":0,""current_index"":1,""current_item"":{""alias"":""media-b04db49d99"",""duration_ms"":15100,""offset_ms"":0,""path_alias"":""<media-path:2b030c3c41>"",""started_at_present"":true},""last_poll_error"":""null"",""last_render_error"":""null"",""mpv_running"":true,""next_item"":{""alias"":""media-8ffdc1f445"",""duration_ms"":14000,""path_alias"":""<media-path:fee4d36eb4>""},""playback_state"":""playing"",""playlist_size"":9,""present"":true,""uptime_sec"":663}"
13	12.072	2026-07-10T20:19:25+0000	success		3	<media-path:2b030c3c41>	<media-path:2b030c3c41>	<filename:c617160627>	6	15.1	39.735099	false	false	false	180	v4l2request-copy	true	"{""aspect"":0.566038,""dh"":848,""dw"":480,""h"":848,""par"":1.0,""pixelformat"":""nv12"",""rotate"":0,""stereo-in"":""mono"",""w"":480}"	"{""duration"":""success"",""eof-reached"":""success"",""estimated-frame-number"":""success"",""filename"":""success"",""hwdec-current"":""success"",""idle-active"":""success"",""path"":""success"",""pause"":""success"",""percent-pos"":""success"",""time-pos"":""success"",""video-params"":""success"",""vo-configured"":""success""}"	true	playing	media-b04db49d99	<media-path:2b030c3c41>	15100	1	true	"{""black_screen_risk_reason"":""null"",""blocked_media_count"":0,""consecutive_failures"":0,""current_index"":1,""current_item"":{""alias"":""media-b04db49d99"",""duration_ms"":15100,""offset_ms"":0,""path_alias"":""<media-path:2b030c3c41>"",""started_at_present"":true},""last_poll_error"":""null"",""last_render_error"":""null"",""mpv_running"":true,""next_item"":{""alias"":""media-8ffdc1f445"",""duration_ms"":14000,""path_alias"":""<media-path:fee4d36eb4>""},""playback_state"":""playing"",""playlist_size"":9,""present"":true,""uptime_sec"":663}"
14	13.079	2026-07-10T20:19:26+0000	success		5	<media-path:2b030c3c41>	<media-path:2b030c3c41>	<filename:c617160627>	7	15.1	46.357616	false	false	false	210	v4l2request-copy	true	"{""aspect"":0.566038,""dh"":848,""dw"":480,""h"":848,""par"":1.0,""pixelformat"":""nv12"",""rotate"":0,""stereo-in"":""mono"",""w"":480}"	"{""duration"":""success"",""eof-reached"":""success"",""estimated-frame-number"":""success"",""filename"":""success"",""hwdec-current"":""success"",""idle-active"":""success"",""path"":""success"",""pause"":""success"",""percent-pos"":""success"",""time-pos"":""success"",""video-params"":""success"",""vo-configured"":""success""}"	true	playing	media-b04db49d99	<media-path:2b030c3c41>	15100	1	true	"{""black_screen_risk_reason"":""null"",""blocked_media_count"":0,""consecutive_failures"":0,""current_index"":1,""current_item"":{""alias"":""media-b04db49d99"",""duration_ms"":15100,""offset_ms"":0,""path_alias"":""<media-path:2b030c3c41>"",""started_at_present"":true},""last_poll_error"":""null"",""last_render_error"":""null"",""mpv_running"":true,""next_item"":{""alias"":""media-8ffdc1f445"",""duration_ms"":14000,""path_alias"":""<media-path:fee4d36eb4>""},""playback_state"":""playing"",""playlist_size"":9,""present"":true,""uptime_sec"":663}"
15	14.086	2026-07-10T20:19:27+0000	success		2	<media-path:2b030c3c41>	<media-path:2b030c3c41>	<filename:c617160627>	8	15.1	52.980132	false	false	false	240	v4l2request-copy	true	"{""aspect"":0.566038,""dh"":848,""dw"":480,""h"":848,""par"":1.0,""pixelformat"":""nv12"",""rotate"":0,""stereo-in"":""mono"",""w"":480}"	"{""duration"":""success"",""eof-reached"":""success"",""estimated-frame-number"":""success"",""filename"":""success"",""hwdec-current"":""success"",""idle-active"":""success"",""path"":""success"",""pause"":""success"",""percent-pos"":""success"",""time-pos"":""success"",""video-params"":""success"",""vo-configured"":""success""}"	true	playing	media-b04db49d99	<media-path:2b030c3c41>	15100	1	true	"{""black_screen_risk_reason"":""null"",""blocked_media_count"":0,""consecutive_failures"":0,""current_index"":1,""current_item"":{""alias"":""media-b04db49d99"",""duration_ms"":15100,""offset_ms"":0,""path_alias"":""<media-path:2b030c3c41>"",""started_at_present"":true},""last_poll_error"":""null"",""last_render_error"":""null"",""mpv_running"":true,""next_item"":{""alias"":""media-8ffdc1f445"",""duration_ms"":14000,""path_alias"":""<media-path:fee4d36eb4>""},""playback_state"":""playing"",""playlist_size"":9,""present"":true,""uptime_sec"":663}"
16	15.091	2026-07-10T20:19:28+0000	success		2	<media-path:2b030c3c41>	<media-path:2b030c3c41>	<filename:c617160627>	9.033333	15.1	59.8234	false	false	false	271	v4l2request-copy	true	"{""aspect"":0.566038,""dh"":848,""dw"":480,""h"":848,""par"":1.0,""pixelformat"":""nv12"",""rotate"":0,""stereo-in"":""mono"",""w"":480}"	"{""duration"":""success"",""eof-reached"":""success"",""estimated-frame-number"":""success"",""filename"":""success"",""hwdec-current"":""success"",""idle-active"":""success"",""path"":""success"",""pause"":""success"",""percent-pos"":""success"",""time-pos"":""success"",""video-params"":""success"",""vo-configured"":""success""}"	true	playing	media-b04db49d99	<media-path:2b030c3c41>	15100	1	true	"{""black_screen_risk_reason"":""null"",""blocked_media_count"":0,""consecutive_failures"":0,""current_index"":1,""current_item"":{""alias"":""media-b04db49d99"",""duration_ms"":15100,""offset_ms"":0,""path_alias"":""<media-path:2b030c3c41>"",""started_at_present"":true},""last_poll_error"":""null"",""last_render_error"":""null"",""mpv_running"":true,""next_item"":{""alias"":""media-8ffdc1f445"",""duration_ms"":14000,""path_alias"":""<media-path:fee4d36eb4>""},""playback_state"":""playing"",""playlist_size"":9,""present"":true,""uptime_sec"":663}"
17	16.095	2026-07-10T20:19:29+0000	success		2	<media-path:2b030c3c41>	<media-path:2b030c3c41>	<filename:c617160627>	10.033333	15.1	66.445916	false	false	false	301	v4l2request-copy	true	"{""aspect"":0.566038,""dh"":848,""dw"":480,""h"":848,""par"":1.0,""pixelformat"":""nv12"",""rotate"":0,""stereo-in"":""mono"",""w"":480}"	"{""duration"":""success"",""eof-reached"":""success"",""estimated-frame-number"":""success"",""filename"":""success"",""hwdec-current"":""success"",""idle-active"":""success"",""path"":""success"",""pause"":""success"",""percent-pos"":""success"",""time-pos"":""success"",""video-params"":""success"",""vo-configured"":""success""}"	true	playing	media-b04db49d99	<media-path:2b030c3c41>	15100	1	true	"{""black_screen_risk_reason"":""null"",""blocked_media_count"":0,""consecutive_failures"":0,""current_index"":1,""current_item"":{""alias"":""media-b04db49d99"",""duration_ms"":15100,""offset_ms"":0,""path_alias"":""<media-path:2b030c3c41>"",""started_at_present"":true},""last_poll_error"":""null"",""last_render_error"":""null"",""mpv_running"":true,""next_item"":{""alias"":""media-8ffdc1f445"",""duration_ms"":14000,""path_alias"":""<media-path:fee4d36eb4>""},""playback_state"":""playing"",""playlist_size"":9,""present"":true,""uptime_sec"":668}"
18	17.100	2026-07-10T20:19:30+0000	success		2	<media-path:2b030c3c41>	<media-path:2b030c3c41>	<filename:c617160627>	11.033333	15.1	73.068433	false	false	false	331	v4l2request-copy	true	"{""aspect"":0.566038,""dh"":848,""dw"":480,""h"":848,""par"":1.0,""pixelformat"":""nv12"",""rotate"":0,""stereo-in"":""mono"",""w"":480}"	"{""duration"":""success"",""eof-reached"":""success"",""estimated-frame-number"":""success"",""filename"":""success"",""hwdec-current"":""success"",""idle-active"":""success"",""path"":""success"",""pause"":""success"",""percent-pos"":""success"",""time-pos"":""success"",""video-params"":""success"",""vo-configured"":""success""}"	true	playing	media-b04db49d99	<media-path:2b030c3c41>	15100	1	true	"{""black_screen_risk_reason"":""null"",""blocked_media_count"":0,""consecutive_failures"":0,""current_index"":1,""current_item"":{""alias"":""media-b04db49d99"",""duration_ms"":15100,""offset_ms"":0,""path_alias"":""<media-path:2b030c3c41>"",""started_at_present"":true},""last_poll_error"":""null"",""last_render_error"":""null"",""mpv_running"":true,""next_item"":{""alias"":""media-8ffdc1f445"",""duration_ms"":14000,""path_alias"":""<media-path:fee4d36eb4>""},""playback_state"":""playing"",""playlist_size"":9,""present"":true,""uptime_sec"":668}"
19	18.104	2026-07-10T20:19:31+0000	success		2	<media-path:2b030c3c41>	<media-path:2b030c3c41>	<filename:c617160627>	12.033333	15.1	79.690949	false	false	false	361	v4l2request-copy	true	"{""aspect"":0.566038,""dh"":848,""dw"":480,""h"":848,""par"":1.0,""pixelformat"":""nv12"",""rotate"":0,""stereo-in"":""mono"",""w"":480}"	"{""duration"":""success"",""eof-reached"":""success"",""estimated-frame-number"":""success"",""filename"":""success"",""hwdec-current"":""success"",""idle-active"":""success"",""path"":""success"",""pause"":""success"",""percent-pos"":""success"",""time-pos"":""success"",""video-params"":""success"",""vo-configured"":""success""}"	true	playing	media-b04db49d99	<media-path:2b030c3c41>	15100	1	true	"{""black_screen_risk_reason"":""null"",""blocked_media_count"":0,""consecutive_failures"":0,""current_index"":1,""current_item"":{""alias"":""media-b04db49d99"",""duration_ms"":15100,""offset_ms"":0,""path_alias"":""<media-path:2b030c3c41>"",""started_at_present"":true},""last_poll_error"":""null"",""last_render_error"":""null"",""mpv_running"":true,""next_item"":{""alias"":""media-8ffdc1f445"",""duration_ms"":14000,""path_alias"":""<media-path:fee4d36eb4>""},""playback_state"":""playing"",""playlist_size"":9,""present"":true,""uptime_sec"":668}"
20	19.109	2026-07-10T20:19:32+0000	success		11	<media-path:2b030c3c41>	<media-path:2b030c3c41>	<filename:c617160627>	13.033333	15.1	86.313466	false	false	false	391	v4l2request-copy	true	"{""aspect"":0.566038,""dh"":848,""dw"":480,""h"":848,""par"":1.0,""pixelformat"":""nv12"",""rotate"":0,""stereo-in"":""mono"",""w"":480}"	"{""duration"":""success"",""eof-reached"":""success"",""estimated-frame-number"":""success"",""filename"":""success"",""hwdec-current"":""success"",""idle-active"":""success"",""path"":""success"",""pause"":""success"",""percent-pos"":""success"",""time-pos"":""success"",""video-params"":""success"",""vo-configured"":""success""}"	true	playing	media-b04db49d99	<media-path:2b030c3c41>	15100	1	true	"{""black_screen_risk_reason"":""null"",""blocked_media_count"":0,""consecutive_failures"":0,""current_index"":1,""current_item"":{""alias"":""media-b04db49d99"",""duration_ms"":15100,""offset_ms"":0,""path_alias"":""<media-path:2b030c3c41>"",""started_at_present"":true},""last_poll_error"":""null"",""last_render_error"":""null"",""mpv_running"":true,""next_item"":{""alias"":""media-8ffdc1f445"",""duration_ms"":14000,""path_alias"":""<media-path:fee4d36eb4>""},""playback_state"":""playing"",""playlist_size"":9,""present"":true,""uptime_sec"":668}"
21	20.123	2026-07-10T20:19:33+0000	success		2	<media-path:2b030c3c41>	<media-path:2b030c3c41>	<filename:c617160627>	14.066667	15.1	93.156733	false	false	false	422	v4l2request-copy	true	"{""aspect"":0.566038,""dh"":848,""dw"":480,""h"":848,""par"":1.0,""pixelformat"":""nv12"",""rotate"":0,""stereo-in"":""mono"",""w"":480}"	"{""duration"":""success"",""eof-reached"":""success"",""estimated-frame-number"":""success"",""filename"":""success"",""hwdec-current"":""success"",""idle-active"":""success"",""path"":""success"",""pause"":""success"",""percent-pos"":""success"",""time-pos"":""success"",""video-params"":""success"",""vo-configured"":""success""}"	true	playing	media-b04db49d99	<media-path:2b030c3c41>	15100	1	true	"{""black_screen_risk_reason"":""null"",""blocked_media_count"":0,""consecutive_failures"":0,""current_index"":1,""current_item"":{""alias"":""media-b04db49d99"",""duration_ms"":15100,""offset_ms"":0,""path_alias"":""<media-path:2b030c3c41>"",""started_at_present"":true},""last_poll_error"":""null"",""last_render_error"":""null"",""mpv_running"":true,""next_item"":{""alias"":""media-8ffdc1f445"",""duration_ms"":14000,""path_alias"":""<media-path:fee4d36eb4>""},""playback_state"":""playing"",""playlist_size"":9,""present"":true,""uptime_sec"":668}"
22	21.129	2026-07-10T20:19:34+0000	success		2	<media-path:2b030c3c41>	<media-path:2b030c3c41>	<filename:c617160627>	15.066667	15.1	99.779249	false	false	false	452	v4l2request-copy	true	"{""aspect"":0.566038,""dh"":848,""dw"":480,""h"":848,""par"":1.0,""pixelformat"":""nv12"",""rotate"":0,""stereo-in"":""mono"",""w"":480}"	"{""duration"":""success"",""eof-reached"":""success"",""estimated-frame-number"":""success"",""filename"":""success"",""hwdec-current"":""success"",""idle-active"":""success"",""path"":""success"",""pause"":""success"",""percent-pos"":""success"",""time-pos"":""success"",""video-params"":""success"",""vo-configured"":""success""}"	true	playing	media-b04db49d99	<media-path:2b030c3c41>	15100	1	true	"{""black_screen_risk_reason"":""null"",""blocked_media_count"":0,""consecutive_failures"":0,""current_index"":1,""current_item"":{""alias"":""media-b04db49d99"",""duration_ms"":15100,""offset_ms"":0,""path_alias"":""<media-path:2b030c3c41>"",""started_at_present"":true},""last_poll_error"":""null"",""last_render_error"":""null"",""mpv_running"":true,""next_item"":{""alias"":""media-8ffdc1f445"",""duration_ms"":14000,""path_alias"":""<media-path:fee4d36eb4>""},""playback_state"":""playing"",""playlist_size"":9,""present"":true,""uptime_sec"":673}"
23	22.133	2026-07-10T20:19:35+0000	success		5	<media-path:fee4d36eb4>	<media-path:fee4d36eb4>	<filename:8ba6df5956>	0.733333	14	5.238095	false	false	false	22	v4l2request-copy	true	"{""aspect"":0.557692,""dh"":832,""dw"":464,""h"":832,""par"":1.0,""pixelformat"":""nv12"",""rotate"":0,""stereo-in"":""mono"",""w"":464}"	"{""duration"":""success"",""eof-reached"":""success"",""estimated-frame-number"":""success"",""filename"":""success"",""hwdec-current"":""success"",""idle-active"":""success"",""path"":""success"",""pause"":""success"",""percent-pos"":""success"",""time-pos"":""success"",""video-params"":""success"",""vo-configured"":""success""}"	true	playing	media-b04db49d99	<media-path:2b030c3c41>	15100	1	true	"{""black_screen_risk_reason"":""null"",""blocked_media_count"":0,""consecutive_failures"":0,""current_index"":1,""current_item"":{""alias"":""media-b04db49d99"",""duration_ms"":15100,""offset_ms"":0,""path_alias"":""<media-path:2b030c3c41>"",""started_at_present"":true},""last_poll_error"":""null"",""last_render_error"":""null"",""mpv_running"":true,""next_item"":{""alias"":""media-8ffdc1f445"",""duration_ms"":14000,""path_alias"":""<media-path:fee4d36eb4>""},""playback_state"":""playing"",""playlist_size"":9,""present"":true,""uptime_sec"":673}"
24	23.140	2026-07-10T20:19:36+0000	success		3	<media-path:fee4d36eb4>	<media-path:fee4d36eb4>	<filename:8ba6df5956>	1.733333	14	12.380952	false	false	false	52	v4l2request-copy	true	"{""aspect"":0.557692,""dh"":832,""dw"":464,""h"":832,""par"":1.0,""pixelformat"":""nv12"",""rotate"":0,""stereo-in"":""mono"",""w"":464}"	"{""duration"":""success"",""eof-reached"":""success"",""estimated-frame-number"":""success"",""filename"":""success"",""hwdec-current"":""success"",""idle-active"":""success"",""path"":""success"",""pause"":""success"",""percent-pos"":""success"",""time-pos"":""success"",""video-params"":""success"",""vo-configured"":""success""}"	true	playing	media-b04db49d99	<media-path:2b030c3c41>	15100	1	true	"{""black_screen_risk_reason"":""null"",""blocked_media_count"":0,""consecutive_failures"":0,""current_index"":1,""current_item"":{""alias"":""media-b04db49d99"",""duration_ms"":15100,""offset_ms"":0,""path_alias"":""<media-path:2b030c3c41>"",""started_at_present"":true},""last_poll_error"":""null"",""last_render_error"":""null"",""mpv_running"":true,""next_item"":{""alias"":""media-8ffdc1f445"",""duration_ms"":14000,""path_alias"":""<media-path:fee4d36eb4>""},""playback_state"":""playing"",""playlist_size"":9,""present"":true,""uptime_sec"":673}"
25	24.146	2026-07-10T20:19:37+0000	success		2	<media-path:fee4d36eb4>	<media-path:fee4d36eb4>	<filename:8ba6df5956>	2.733333	14	19.52381	false	false	false	82	v4l2request-copy	true	"{""aspect"":0.557692,""dh"":832,""dw"":464,""h"":832,""par"":1.0,""pixelformat"":""nv12"",""rotate"":0,""stereo-in"":""mono"",""w"":464}"	"{""duration"":""success"",""eof-reached"":""success"",""estimated-frame-number"":""success"",""filename"":""success"",""hwdec-current"":""success"",""idle-active"":""success"",""path"":""success"",""pause"":""success"",""percent-pos"":""success"",""time-pos"":""success"",""video-params"":""success"",""vo-configured"":""success""}"	true	playing	media-b04db49d99	<media-path:2b030c3c41>	15100	1	true	"{""black_screen_risk_reason"":""null"",""blocked_media_count"":0,""consecutive_failures"":0,""current_index"":1,""current_item"":{""alias"":""media-b04db49d99"",""duration_ms"":15100,""offset_ms"":0,""path_alias"":""<media-path:2b030c3c41>"",""started_at_present"":true},""last_poll_error"":""null"",""last_render_error"":""null"",""mpv_running"":true,""next_item"":{""alias"":""media-8ffdc1f445"",""duration_ms"":14000,""path_alias"":""<media-path:fee4d36eb4>""},""playback_state"":""playing"",""playlist_size"":9,""present"":true,""uptime_sec"":673}"
26	25.150	2026-07-10T20:19:38+0000	success		2	<media-path:fee4d36eb4>	<media-path:fee4d36eb4>	<filename:8ba6df5956>	3.766667	14	26.904762	false	false	false	113	v4l2request-copy	true	"{""aspect"":0.557692,""dh"":832,""dw"":464,""h"":832,""par"":1.0,""pixelformat"":""nv12"",""rotate"":0,""stereo-in"":""mono"",""w"":464}"	"{""duration"":""success"",""eof-reached"":""success"",""estimated-frame-number"":""success"",""filename"":""success"",""hwdec-current"":""success"",""idle-active"":""success"",""path"":""success"",""pause"":""success"",""percent-pos"":""success"",""time-pos"":""success"",""video-params"":""success"",""vo-configured"":""success""}"	true	playing	media-b04db49d99	<media-path:2b030c3c41>	15100	1	true	"{""black_screen_risk_reason"":""null"",""blocked_media_count"":0,""consecutive_failures"":0,""current_index"":1,""current_item"":{""alias"":""media-b04db49d99"",""duration_ms"":15100,""offset_ms"":0,""path_alias"":""<media-path:2b030c3c41>"",""started_at_present"":true},""last_poll_error"":""null"",""last_render_error"":""null"",""mpv_running"":true,""next_item"":{""alias"":""media-8ffdc1f445"",""duration_ms"":14000,""path_alias"":""<media-path:fee4d36eb4>""},""playback_state"":""playing"",""playlist_size"":9,""present"":true,""uptime_sec"":673}"
27	26.154	2026-07-10T20:19:39+0000	success		2	<media-path:fee4d36eb4>	<media-path:fee4d36eb4>	<filename:8ba6df5956>	4.766667	14	34.047619	false	false	false	143	v4l2request-copy	true	"{""aspect"":0.557692,""dh"":832,""dw"":464,""h"":832,""par"":1.0,""pixelformat"":""nv12"",""rotate"":0,""stereo-in"":""mono"",""w"":464}"	"{""duration"":""success"",""eof-reached"":""success"",""estimated-frame-number"":""success"",""filename"":""success"",""hwdec-current"":""success"",""idle-active"":""success"",""path"":""success"",""pause"":""success"",""percent-pos"":""success"",""time-pos"":""success"",""video-params"":""success"",""vo-configured"":""success""}"	true	playing	media-8ffdc1f445	<media-path:fee4d36eb4>	14000	2	true	"{""black_screen_risk_reason"":""null"",""blocked_media_count"":0,""consecutive_failures"":0,""current_index"":2,""current_item"":{""alias"":""media-8ffdc1f445"",""duration_ms"":14000,""offset_ms"":0,""path_alias"":""<media-path:fee4d36eb4>"",""started_at_present"":true},""last_poll_error"":""null"",""last_render_error"":""null"",""mpv_running"":true,""next_item"":{""alias"":""media-907addee8b"",""duration_ms"":30800,""path_alias"":""<media-path:c58db4e1cc>""},""playback_state"":""playing"",""playlist_size"":9,""present"":true,""uptime_sec"":678}"
28	27.158	2026-07-10T20:19:40+0000	success		2	<media-path:fee4d36eb4>	<media-path:fee4d36eb4>	<filename:8ba6df5956>	5.766667	14	41.190476	false	false	false	173	v4l2request-copy	true	"{""aspect"":0.557692,""dh"":832,""dw"":464,""h"":832,""par"":1.0,""pixelformat"":""nv12"",""rotate"":0,""stereo-in"":""mono"",""w"":464}"	"{""duration"":""success"",""eof-reached"":""success"",""estimated-frame-number"":""success"",""filename"":""success"",""hwdec-current"":""success"",""idle-active"":""success"",""path"":""success"",""pause"":""success"",""percent-pos"":""success"",""time-pos"":""success"",""video-params"":""success"",""vo-configured"":""success""}"	true	playing	media-8ffdc1f445	<media-path:fee4d36eb4>	14000	2	true	"{""black_screen_risk_reason"":""null"",""blocked_media_count"":0,""consecutive_failures"":0,""current_index"":2,""current_item"":{""alias"":""media-8ffdc1f445"",""duration_ms"":14000,""offset_ms"":0,""path_alias"":""<media-path:fee4d36eb4>"",""started_at_present"":true},""last_poll_error"":""null"",""last_render_error"":""null"",""mpv_running"":true,""next_item"":{""alias"":""media-907addee8b"",""duration_ms"":30800,""path_alias"":""<media-path:c58db4e1cc>""},""playback_state"":""playing"",""playlist_size"":9,""present"":true,""uptime_sec"":678}"
29	28.162	2026-07-10T20:19:41+0000	success		2	<media-path:fee4d36eb4>	<media-path:fee4d36eb4>	<filename:8ba6df5956>	6.766667	14	48.333333	false	false	false	203	v4l2request-copy	true	"{""aspect"":0.557692,""dh"":832,""dw"":464,""h"":832,""par"":1.0,""pixelformat"":""nv12"",""rotate"":0,""stereo-in"":""mono"",""w"":464}"	"{""duration"":""success"",""eof-reached"":""success"",""estimated-frame-number"":""success"",""filename"":""success"",""hwdec-current"":""success"",""idle-active"":""success"",""path"":""success"",""pause"":""success"",""percent-pos"":""success"",""time-pos"":""success"",""video-params"":""success"",""vo-configured"":""success""}"	true	playing	media-8ffdc1f445	<media-path:fee4d36eb4>	14000	2	true	"{""black_screen_risk_reason"":""null"",""blocked_media_count"":0,""consecutive_failures"":0,""current_index"":2,""current_item"":{""alias"":""media-8ffdc1f445"",""duration_ms"":14000,""offset_ms"":0,""path_alias"":""<media-path:fee4d36eb4>"",""started_at_present"":true},""last_poll_error"":""null"",""last_render_error"":""null"",""mpv_running"":true,""next_item"":{""alias"":""media-907addee8b"",""duration_ms"":30800,""path_alias"":""<media-path:c58db4e1cc>""},""playback_state"":""playing"",""playlist_size"":9,""present"":true,""uptime_sec"":678}"
30	29.167	2026-07-10T20:19:42+0000	success		8	<media-path:fee4d36eb4>	<media-path:fee4d36eb4>	<filename:8ba6df5956>	7.766667	14	55.47619	false	false	false	233	v4l2request-copy	true	"{""aspect"":0.557692,""dh"":832,""dw"":464,""h"":832,""par"":1.0,""pixelformat"":""nv12"",""rotate"":0,""stereo-in"":""mono"",""w"":464}"	"{""duration"":""success"",""eof-reached"":""success"",""estimated-frame-number"":""success"",""filename"":""success"",""hwdec-current"":""success"",""idle-active"":""success"",""path"":""success"",""pause"":""success"",""percent-pos"":""success"",""time-pos"":""success"",""video-params"":""success"",""vo-configured"":""success""}"	true	playing	media-8ffdc1f445	<media-path:fee4d36eb4>	14000	2	true	"{""black_screen_risk_reason"":""null"",""blocked_media_count"":0,""consecutive_failures"":0,""current_index"":2,""current_item"":{""alias"":""media-8ffdc1f445"",""duration_ms"":14000,""offset_ms"":0,""path_alias"":""<media-path:fee4d36eb4>"",""started_at_present"":true},""last_poll_error"":""null"",""last_render_error"":""null"",""mpv_running"":true,""next_item"":{""alias"":""media-907addee8b"",""duration_ms"":30800,""path_alias"":""<media-path:c58db4e1cc>""},""playback_state"":""playing"",""playlist_size"":9,""present"":true,""uptime_sec"":678}"
31	30.177	2026-07-10T20:19:43+0000	success		2	<media-path:fee4d36eb4>	<media-path:fee4d36eb4>	<filename:8ba6df5956>	8.766667	14	62.619048	false	false	false	263	v4l2request-copy	true	"{""aspect"":0.557692,""dh"":832,""dw"":464,""h"":832,""par"":1.0,""pixelformat"":""nv12"",""rotate"":0,""stereo-in"":""mono"",""w"":464}"	"{""duration"":""success"",""eof-reached"":""success"",""estimated-frame-number"":""success"",""filename"":""success"",""hwdec-current"":""success"",""idle-active"":""success"",""path"":""success"",""pause"":""success"",""percent-pos"":""success"",""time-pos"":""success"",""video-params"":""success"",""vo-configured"":""success""}"	true	playing	media-8ffdc1f445	<media-path:fee4d36eb4>	14000	2	true	"{""black_screen_risk_reason"":""null"",""blocked_media_count"":0,""consecutive_failures"":0,""current_index"":2,""current_item"":{""alias"":""media-8ffdc1f445"",""duration_ms"":14000,""offset_ms"":0,""path_alias"":""<media-path:fee4d36eb4>"",""started_at_present"":true},""last_poll_error"":""null"",""last_render_error"":""null"",""mpv_running"":true,""next_item"":{""alias"":""media-907addee8b"",""duration_ms"":30800,""path_alias"":""<media-path:c58db4e1cc>""},""playback_state"":""playing"",""playlist_size"":9,""present"":true,""uptime_sec"":678}"
32	31.183	2026-07-10T20:19:44+0000	success		2	<media-path:fee4d36eb4>	<media-path:fee4d36eb4>	<filename:8ba6df5956>	9.8	14	70	false	false	false	294	v4l2request-copy	true	"{""aspect"":0.557692,""dh"":832,""dw"":464,""h"":832,""par"":1.0,""pixelformat"":""nv12"",""rotate"":0,""stereo-in"":""mono"",""w"":464}"	"{""duration"":""success"",""eof-reached"":""success"",""estimated-frame-number"":""success"",""filename"":""success"",""hwdec-current"":""success"",""idle-active"":""success"",""path"":""success"",""pause"":""success"",""percent-pos"":""success"",""time-pos"":""success"",""video-params"":""success"",""vo-configured"":""success""}"	true	playing	media-8ffdc1f445	<media-path:fee4d36eb4>	14000	2	true	"{""black_screen_risk_reason"":""null"",""blocked_media_count"":0,""consecutive_failures"":0,""current_index"":2,""current_item"":{""alias"":""media-8ffdc1f445"",""duration_ms"":14000,""offset_ms"":0,""path_alias"":""<media-path:fee4d36eb4>"",""started_at_present"":true},""last_poll_error"":""null"",""last_render_error"":""null"",""mpv_running"":true,""next_item"":{""alias"":""media-907addee8b"",""duration_ms"":30800,""path_alias"":""<media-path:c58db4e1cc>""},""playback_state"":""playing"",""playlist_size"":9,""present"":true,""uptime_sec"":683}"
33	32.187	2026-07-10T20:19:45+0000	success		2	<media-path:fee4d36eb4>	<media-path:fee4d36eb4>	<filename:8ba6df5956>	10.8	14	77.142857	false	false	false	324	v4l2request-copy	true	"{""aspect"":0.557692,""dh"":832,""dw"":464,""h"":832,""par"":1.0,""pixelformat"":""nv12"",""rotate"":0,""stereo-in"":""mono"",""w"":464}"	"{""duration"":""success"",""eof-reached"":""success"",""estimated-frame-number"":""success"",""filename"":""success"",""hwdec-current"":""success"",""idle-active"":""success"",""path"":""success"",""pause"":""success"",""percent-pos"":""success"",""time-pos"":""success"",""video-params"":""success"",""vo-configured"":""success""}"	true	playing	media-8ffdc1f445	<media-path:fee4d36eb4>	14000	2	true	"{""black_screen_risk_reason"":""null"",""blocked_media_count"":0,""consecutive_failures"":0,""current_index"":2,""current_item"":{""alias"":""media-8ffdc1f445"",""duration_ms"":14000,""offset_ms"":0,""path_alias"":""<media-path:fee4d36eb4>"",""started_at_present"":true},""last_poll_error"":""null"",""last_render_error"":""null"",""mpv_running"":true,""next_item"":{""alias"":""media-907addee8b"",""duration_ms"":30800,""path_alias"":""<media-path:c58db4e1cc>""},""playback_state"":""playing"",""playlist_size"":9,""present"":true,""uptime_sec"":683}"
34	33.193	2026-07-10T20:19:46+0000	success		3	<media-path:fee4d36eb4>	<media-path:fee4d36eb4>	<filename:8ba6df5956>	11.8	14	84.285714	false	false	false	354	v4l2request-copy	true	"{""aspect"":0.557692,""dh"":832,""dw"":464,""h"":832,""par"":1.0,""pixelformat"":""nv12"",""rotate"":0,""stereo-in"":""mono"",""w"":464}"	"{""duration"":""success"",""eof-reached"":""success"",""estimated-frame-number"":""success"",""filename"":""success"",""hwdec-current"":""success"",""idle-active"":""success"",""path"":""success"",""pause"":""success"",""percent-pos"":""success"",""time-pos"":""success"",""video-params"":""success"",""vo-configured"":""success""}"	true	playing	media-8ffdc1f445	<media-path:fee4d36eb4>	14000	2	true	"{""black_screen_risk_reason"":""null"",""blocked_media_count"":0,""consecutive_failures"":0,""current_index"":2,""current_item"":{""alias"":""media-8ffdc1f445"",""duration_ms"":14000,""offset_ms"":0,""path_alias"":""<media-path:fee4d36eb4>"",""started_at_present"":true},""last_poll_error"":""null"",""last_render_error"":""null"",""mpv_running"":true,""next_item"":{""alias"":""media-907addee8b"",""duration_ms"":30800,""path_alias"":""<media-path:c58db4e1cc>""},""playback_state"":""playing"",""playlist_size"":9,""present"":true,""uptime_sec"":683}"
35	34.199	2026-07-10T20:19:47+0000	success		4	<media-path:fee4d36eb4>	<media-path:fee4d36eb4>	<filename:8ba6df5956>	12.8	14	91.428571	false	false	false	384	v4l2request-copy	true	"{""aspect"":0.557692,""dh"":832,""dw"":464,""h"":832,""par"":1.0,""pixelformat"":""nv12"",""rotate"":0,""stereo-in"":""mono"",""w"":464}"	"{""duration"":""success"",""eof-reached"":""success"",""estimated-frame-number"":""success"",""filename"":""success"",""hwdec-current"":""success"",""idle-active"":""success"",""path"":""success"",""pause"":""success"",""percent-pos"":""success"",""time-pos"":""success"",""video-params"":""success"",""vo-configured"":""success""}"	true	playing	media-8ffdc1f445	<media-path:fee4d36eb4>	14000	2	true	"{""black_screen_risk_reason"":""null"",""blocked_media_count"":0,""consecutive_failures"":0,""current_index"":2,""current_item"":{""alias"":""media-8ffdc1f445"",""duration_ms"":14000,""offset_ms"":0,""path_alias"":""<media-path:fee4d36eb4>"",""started_at_present"":true},""last_poll_error"":""null"",""last_render_error"":""null"",""mpv_running"":true,""next_item"":{""alias"":""media-907addee8b"",""duration_ms"":30800,""path_alias"":""<media-path:c58db4e1cc>""},""playback_state"":""playing"",""playlist_size"":9,""present"":true,""uptime_sec"":683}"
36	35.207	2026-07-10T20:19:48+0000	success		3	<media-path:fee4d36eb4>	<media-path:fee4d36eb4>	<filename:8ba6df5956>	13.8	14	98.571429	false	false	false	414	v4l2request-copy	true	"{""aspect"":0.557692,""dh"":832,""dw"":464,""h"":832,""par"":1.0,""pixelformat"":""nv12"",""rotate"":0,""stereo-in"":""mono"",""w"":464}"	"{""duration"":""success"",""eof-reached"":""success"",""estimated-frame-number"":""success"",""filename"":""success"",""hwdec-current"":""success"",""idle-active"":""success"",""path"":""success"",""pause"":""success"",""percent-pos"":""success"",""time-pos"":""success"",""video-params"":""success"",""vo-configured"":""success""}"	true	playing	media-8ffdc1f445	<media-path:fee4d36eb4>	14000	2	true	"{""black_screen_risk_reason"":""null"",""blocked_media_count"":0,""consecutive_failures"":0,""current_index"":2,""current_item"":{""alias"":""media-8ffdc1f445"",""duration_ms"":14000,""offset_ms"":0,""path_alias"":""<media-path:fee4d36eb4>"",""started_at_present"":true},""last_poll_error"":""null"",""last_render_error"":""null"",""mpv_running"":true,""next_item"":{""alias"":""media-907addee8b"",""duration_ms"":30800,""path_alias"":""<media-path:c58db4e1cc>""},""playback_state"":""playing"",""playlist_size"":9,""present"":true,""uptime_sec"":683}"
37	36.213	2026-07-10T20:19:49+0000	success		2	<media-path:c58db4e1cc>	<media-path:c58db4e1cc>	<filename:9b95323d7d>	0.709042	30.805333	2.301685	false	false	false	17	v4l2request-copy	true	"{""aspect"":0.5625,""dh"":640,""dw"":360,""h"":640,""par"":1.0,""pixelformat"":""nv12"",""rotate"":0,""stereo-in"":""mono"",""w"":360}"	"{""duration"":""success"",""eof-reached"":""success"",""estimated-frame-number"":""success"",""filename"":""success"",""hwdec-current"":""success"",""idle-active"":""success"",""path"":""success"",""pause"":""success"",""percent-pos"":""success"",""time-pos"":""success"",""video-params"":""success"",""vo-configured"":""success""}"	true	preparing_first_frame	media-8ffdc1f445	<media-path:fee4d36eb4>	14000	2	true	"{""black_screen_risk_reason"":""null"",""blocked_media_count"":0,""consecutive_failures"":0,""current_index"":2,""current_item"":{""alias"":""media-8ffdc1f445"",""duration_ms"":14000,""offset_ms"":0,""path_alias"":""<media-path:fee4d36eb4>"",""started_at_present"":true},""last_poll_error"":""null"",""last_render_error"":""null"",""mpv_running"":true,""next_item"":{""alias"":""media-907addee8b"",""duration_ms"":30800,""path_alias"":""<media-path:c58db4e1cc>""},""playback_state"":""preparing_first_frame"",""playlist_size"":9,""present"":true,""uptime_sec"":688}"
38	37.217	2026-07-10T20:19:50+0000	success		5	<media-path:c58db4e1cc>	<media-path:c58db4e1cc>	<filename:9b95323d7d>	1.710042	30.805333	5.551122	false	false	false	41	v4l2request-copy	true	"{""aspect"":0.5625,""dh"":640,""dw"":360,""h"":640,""par"":1.0,""pixelformat"":""nv12"",""rotate"":0,""stereo-in"":""mono"",""w"":360}"	"{""duration"":""success"",""eof-reached"":""success"",""estimated-frame-number"":""success"",""filename"":""success"",""hwdec-current"":""success"",""idle-active"":""success"",""path"":""success"",""pause"":""success"",""percent-pos"":""success"",""time-pos"":""success"",""video-params"":""success"",""vo-configured"":""success""}"	true	preparing_first_frame	media-8ffdc1f445	<media-path:fee4d36eb4>	14000	2	true	"{""black_screen_risk_reason"":""null"",""blocked_media_count"":0,""consecutive_failures"":0,""current_index"":2,""current_item"":{""alias"":""media-8ffdc1f445"",""duration_ms"":14000,""offset_ms"":0,""path_alias"":""<media-path:fee4d36eb4>"",""started_at_present"":true},""last_poll_error"":""null"",""last_render_error"":""null"",""mpv_running"":true,""next_item"":{""alias"":""media-907addee8b"",""duration_ms"":30800,""path_alias"":""<media-path:c58db4e1cc>""},""playback_state"":""preparing_first_frame"",""playlist_size"":9,""present"":true,""uptime_sec"":688}"
39	38.224	2026-07-10T20:19:51+0000	success		6	<media-path:c58db4e1cc>	<media-path:c58db4e1cc>	<filename:9b95323d7d>	2.711042	30.805333	8.800559	false	false	false	65	v4l2request-copy	true	"{""aspect"":0.5625,""dh"":640,""dw"":360,""h"":640,""par"":1.0,""pixelformat"":""nv12"",""rotate"":0,""stereo-in"":""mono"",""w"":360}"	"{""duration"":""success"",""eof-reached"":""success"",""estimated-frame-number"":""success"",""filename"":""success"",""hwdec-current"":""success"",""idle-active"":""success"",""path"":""success"",""pause"":""success"",""percent-pos"":""success"",""time-pos"":""success"",""video-params"":""success"",""vo-configured"":""success""}"	true	preparing_first_frame	media-8ffdc1f445	<media-path:fee4d36eb4>	14000	2	true	"{""black_screen_risk_reason"":""null"",""blocked_media_count"":0,""consecutive_failures"":0,""current_index"":2,""current_item"":{""alias"":""media-8ffdc1f445"",""duration_ms"":14000,""offset_ms"":0,""path_alias"":""<media-path:fee4d36eb4>"",""started_at_present"":true},""last_poll_error"":""null"",""last_render_error"":""null"",""mpv_running"":true,""next_item"":{""alias"":""media-907addee8b"",""duration_ms"":30800,""path_alias"":""<media-path:c58db4e1cc>""},""playback_state"":""preparing_first_frame"",""playlist_size"":9,""present"":true,""uptime_sec"":688}"
40	39.233	2026-07-10T20:19:52+0000	success		3	<media-path:c58db4e1cc>	<media-path:c58db4e1cc>	<filename:9b95323d7d>	3.712042	30.805333	12.049997	false	false	false	89	v4l2request-copy	true	"{""aspect"":0.5625,""dh"":640,""dw"":360,""h"":640,""par"":1.0,""pixelformat"":""nv12"",""rotate"":0,""stereo-in"":""mono"",""w"":360}"	"{""duration"":""success"",""eof-reached"":""success"",""estimated-frame-number"":""success"",""filename"":""success"",""hwdec-current"":""success"",""idle-active"":""success"",""path"":""success"",""pause"":""success"",""percent-pos"":""success"",""time-pos"":""success"",""video-params"":""success"",""vo-configured"":""success""}"	true	preparing_first_frame	media-8ffdc1f445	<media-path:fee4d36eb4>	14000	2	true	"{""black_screen_risk_reason"":""null"",""blocked_media_count"":0,""consecutive_failures"":0,""current_index"":2,""current_item"":{""alias"":""media-8ffdc1f445"",""duration_ms"":14000,""offset_ms"":0,""path_alias"":""<media-path:fee4d36eb4>"",""started_at_present"":true},""last_poll_error"":""null"",""last_render_error"":""null"",""mpv_running"":true,""next_item"":{""alias"":""media-907addee8b"",""duration_ms"":30800,""path_alias"":""<media-path:c58db4e1cc>""},""playback_state"":""preparing_first_frame"",""playlist_size"":9,""present"":true,""uptime_sec"":688}"
41	40.239	2026-07-10T20:19:53+0000	success		4	<media-path:c58db4e1cc>	<media-path:c58db4e1cc>	<filename:9b95323d7d>	4.713042	30.805333	15.299434	false	false	false	113	v4l2request-copy	true	"{""aspect"":0.5625,""dh"":640,""dw"":360,""h"":640,""par"":1.0,""pixelformat"":""nv12"",""rotate"":0,""stereo-in"":""mono"",""w"":360}"	"{""duration"":""success"",""eof-reached"":""success"",""estimated-frame-number"":""success"",""filename"":""success"",""hwdec-current"":""success"",""idle-active"":""success"",""path"":""success"",""pause"":""success"",""percent-pos"":""success"",""time-pos"":""success"",""video-params"":""success"",""vo-configured"":""success""}"	true	preparing_first_frame	media-8ffdc1f445	<media-path:fee4d36eb4>	14000	2	true	"{""black_screen_risk_reason"":""null"",""blocked_media_count"":0,""consecutive_failures"":0,""current_index"":2,""current_item"":{""alias"":""media-8ffdc1f445"",""duration_ms"":14000,""offset_ms"":0,""path_alias"":""<media-path:fee4d36eb4>"",""started_at_present"":true},""last_poll_error"":""null"",""last_render_error"":""null"",""mpv_running"":true,""next_item"":{""alias"":""media-907addee8b"",""duration_ms"":30800,""path_alias"":""<media-path:c58db4e1cc>""},""playback_state"":""preparing_first_frame"",""playlist_size"":9,""present"":true,""uptime_sec"":688}"
42	41.246	2026-07-10T20:19:54+0000	success		2	<media-path:c58db4e1cc>	<media-path:c58db4e1cc>	<filename:9b95323d7d>	5.714042	30.805333	18.548871	false	false	false	137	v4l2request-copy	true	"{""aspect"":0.5625,""dh"":640,""dw"":360,""h"":640,""par"":1.0,""pixelformat"":""nv12"",""rotate"":0,""stereo-in"":""mono"",""w"":360}"	"{""duration"":""success"",""eof-reached"":""success"",""estimated-frame-number"":""success"",""filename"":""success"",""hwdec-current"":""success"",""idle-active"":""success"",""path"":""success"",""pause"":""success"",""percent-pos"":""success"",""time-pos"":""success"",""video-params"":""success"",""vo-configured"":""success""}"	true	playing	media-907addee8b	<media-path:c58db4e1cc>	30800	3	true	"{""black_screen_risk_reason"":""null"",""blocked_media_count"":0,""consecutive_failures"":0,""current_index"":3,""current_item"":{""alias"":""media-907addee8b"",""duration_ms"":30800,""offset_ms"":0,""path_alias"":""<media-path:c58db4e1cc>"",""started_at_present"":true},""last_poll_error"":""null"",""last_render_error"":""null"",""mpv_running"":true,""next_item"":{""alias"":""media-8e4d41f6c2"",""duration_ms"":7200,""path_alias"":""<media-path:3662a4e886>""},""playback_state"":""playing"",""playlist_size"":9,""present"":true,""uptime_sec"":693}"
43	42.251	2026-07-10T20:19:55+0000	success		2	<media-path:c58db4e1cc>	<media-path:c58db4e1cc>	<filename:9b95323d7d>	6.715042	30.805333	21.798309	false	false	false	161	v4l2request-copy	true	"{""aspect"":0.5625,""dh"":640,""dw"":360,""h"":640,""par"":1.0,""pixelformat"":""nv12"",""rotate"":0,""stereo-in"":""mono"",""w"":360}"	"{""duration"":""success"",""eof-reached"":""success"",""estimated-frame-number"":""success"",""filename"":""success"",""hwdec-current"":""success"",""idle-active"":""success"",""path"":""success"",""pause"":""success"",""percent-pos"":""success"",""time-pos"":""success"",""video-params"":""success"",""vo-configured"":""success""}"	true	playing	media-907addee8b	<media-path:c58db4e1cc>	30800	3	true	"{""black_screen_risk_reason"":""null"",""blocked_media_count"":0,""consecutive_failures"":0,""current_index"":3,""current_item"":{""alias"":""media-907addee8b"",""duration_ms"":30800,""offset_ms"":0,""path_alias"":""<media-path:c58db4e1cc>"",""started_at_present"":true},""last_poll_error"":""null"",""last_render_error"":""null"",""mpv_running"":true,""next_item"":{""alias"":""media-8e4d41f6c2"",""duration_ms"":7200,""path_alias"":""<media-path:3662a4e886>""},""playback_state"":""playing"",""playlist_size"":9,""present"":true,""uptime_sec"":693}"
44	43.254	2026-07-10T20:19:56+0000	success		2	<media-path:c58db4e1cc>	<media-path:c58db4e1cc>	<filename:9b95323d7d>	7.716042	30.805333	25.047746	false	false	false	185	v4l2request-copy	true	"{""aspect"":0.5625,""dh"":640,""dw"":360,""h"":640,""par"":1.0,""pixelformat"":""nv12"",""rotate"":0,""stereo-in"":""mono"",""w"":360}"	"{""duration"":""success"",""eof-reached"":""success"",""estimated-frame-number"":""success"",""filename"":""success"",""hwdec-current"":""success"",""idle-active"":""success"",""path"":""success"",""pause"":""success"",""percent-pos"":""success"",""time-pos"":""success"",""video-params"":""success"",""vo-configured"":""success""}"	true	playing	media-907addee8b	<media-path:c58db4e1cc>	30800	3	true	"{""black_screen_risk_reason"":""null"",""blocked_media_count"":0,""consecutive_failures"":0,""current_index"":3,""current_item"":{""alias"":""media-907addee8b"",""duration_ms"":30800,""offset_ms"":0,""path_alias"":""<media-path:c58db4e1cc>"",""started_at_present"":true},""last_poll_error"":""null"",""last_render_error"":""null"",""mpv_running"":true,""next_item"":{""alias"":""media-8e4d41f6c2"",""duration_ms"":7200,""path_alias"":""<media-path:3662a4e886>""},""playback_state"":""playing"",""playlist_size"":9,""present"":true,""uptime_sec"":693}"
45	44.258	2026-07-10T20:19:57+0000	success		2	<media-path:c58db4e1cc>	<media-path:c58db4e1cc>	<filename:9b95323d7d>	8.717042	30.805333	28.297183	false	false	false	209	v4l2request-copy	true	"{""aspect"":0.5625,""dh"":640,""dw"":360,""h"":640,""par"":1.0,""pixelformat"":""nv12"",""rotate"":0,""stereo-in"":""mono"",""w"":360}"	"{""duration"":""success"",""eof-reached"":""success"",""estimated-frame-number"":""success"",""filename"":""success"",""hwdec-current"":""success"",""idle-active"":""success"",""path"":""success"",""pause"":""success"",""percent-pos"":""success"",""time-pos"":""success"",""video-params"":""success"",""vo-configured"":""success""}"	true	playing	media-907addee8b	<media-path:c58db4e1cc>	30800	3	true	"{""black_screen_risk_reason"":""null"",""blocked_media_count"":0,""consecutive_failures"":0,""current_index"":3,""current_item"":{""alias"":""media-907addee8b"",""duration_ms"":30800,""offset_ms"":0,""path_alias"":""<media-path:c58db4e1cc>"",""started_at_present"":true},""last_poll_error"":""null"",""last_render_error"":""null"",""mpv_running"":true,""next_item"":{""alias"":""media-8e4d41f6c2"",""duration_ms"":7200,""path_alias"":""<media-path:3662a4e886>""},""playback_state"":""playing"",""playlist_size"":9,""present"":true,""uptime_sec"":693}"
46	45.261	2026-07-10T20:19:58+0000	success		3	<media-path:c58db4e1cc>	<media-path:c58db4e1cc>	<filename:9b95323d7d>	9.75975	30.805333	31.682014	false	false	false	234	v4l2request-copy	true	"{""aspect"":0.5625,""dh"":640,""dw"":360,""h"":640,""par"":1.0,""pixelformat"":""nv12"",""rotate"":0,""stereo-in"":""mono"",""w"":360}"	"{""duration"":""success"",""eof-reached"":""success"",""estimated-frame-number"":""success"",""filename"":""success"",""hwdec-current"":""success"",""idle-active"":""success"",""path"":""success"",""pause"":""success"",""percent-pos"":""success"",""time-pos"":""success"",""video-params"":""success"",""vo-configured"":""success""}"	true	playing	media-907addee8b	<media-path:c58db4e1cc>	30800	3	true	"{""black_screen_risk_reason"":""null"",""blocked_media_count"":0,""consecutive_failures"":0,""current_index"":3,""current_item"":{""alias"":""media-907addee8b"",""duration_ms"":30800,""offset_ms"":0,""path_alias"":""<media-path:c58db4e1cc>"",""started_at_present"":true},""last_poll_error"":""null"",""last_render_error"":""null"",""mpv_running"":true,""next_item"":{""alias"":""media-8e4d41f6c2"",""duration_ms"":7200,""path_alias"":""<media-path:3662a4e886>""},""playback_state"":""playing"",""playlist_size"":9,""present"":true,""uptime_sec"":693}"
47	46.267	2026-07-10T20:19:59+0000	success		2	<media-path:c58db4e1cc>	<media-path:c58db4e1cc>	<filename:9b95323d7d>	10.76075	30.805333	34.931451	false	false	false	258	v4l2request-copy	true	"{""aspect"":0.5625,""dh"":640,""dw"":360,""h"":640,""par"":1.0,""pixelformat"":""nv12"",""rotate"":0,""stereo-in"":""mono"",""w"":360}"	"{""duration"":""success"",""eof-reached"":""success"",""estimated-frame-number"":""success"",""filename"":""success"",""hwdec-current"":""success"",""idle-active"":""success"",""path"":""success"",""pause"":""success"",""percent-pos"":""success"",""time-pos"":""success"",""video-params"":""success"",""vo-configured"":""success""}"	true	playing	media-907addee8b	<media-path:c58db4e1cc>	30800	3	true	"{""black_screen_risk_reason"":""null"",""blocked_media_count"":0,""consecutive_failures"":0,""current_index"":3,""current_item"":{""alias"":""media-907addee8b"",""duration_ms"":30800,""offset_ms"":0,""path_alias"":""<media-path:c58db4e1cc>"",""started_at_present"":true},""last_poll_error"":""null"",""last_render_error"":""null"",""mpv_running"":true,""next_item"":{""alias"":""media-8e4d41f6c2"",""duration_ms"":7200,""path_alias"":""<media-path:3662a4e886>""},""playback_state"":""playing"",""playlist_size"":9,""present"":true,""uptime_sec"":698}"
48	47.272	2026-07-10T20:20:00+0000	success		6	<media-path:c58db4e1cc>	<media-path:c58db4e1cc>	<filename:9b95323d7d>	11.76175	30.805333	38.180889	false	false	false	282	v4l2request-copy	true	"{""aspect"":0.5625,""dh"":640,""dw"":360,""h"":640,""par"":1.0,""pixelformat"":""nv12"",""rotate"":0,""stereo-in"":""mono"",""w"":360}"	"{""duration"":""success"",""eof-reached"":""success"",""estimated-frame-number"":""success"",""filename"":""success"",""hwdec-current"":""success"",""idle-active"":""success"",""path"":""success"",""pause"":""success"",""percent-pos"":""success"",""time-pos"":""success"",""video-params"":""success"",""vo-configured"":""success""}"	true	playing	media-907addee8b	<media-path:c58db4e1cc>	30800	3	true	"{""black_screen_risk_reason"":""null"",""blocked_media_count"":0,""consecutive_failures"":0,""current_index"":3,""current_item"":{""alias"":""media-907addee8b"",""duration_ms"":30800,""offset_ms"":0,""path_alias"":""<media-path:c58db4e1cc>"",""started_at_present"":true},""last_poll_error"":""null"",""last_render_error"":""null"",""mpv_running"":true,""next_item"":{""alias"":""media-8e4d41f6c2"",""duration_ms"":7200,""path_alias"":""<media-path:3662a4e886>""},""playback_state"":""playing"",""playlist_size"":9,""present"":true,""uptime_sec"":698}"
49	48.281	2026-07-10T20:20:01+0000	success		3	<media-path:c58db4e1cc>	<media-path:c58db4e1cc>	<filename:9b95323d7d>	12.76275	30.805333	41.430326	false	false	false	306	v4l2request-copy	true	"{""aspect"":0.5625,""dh"":640,""dw"":360,""h"":640,""par"":1.0,""pixelformat"":""nv12"",""rotate"":0,""stereo-in"":""mono"",""w"":360}"	"{""duration"":""success"",""eof-reached"":""success"",""estimated-frame-number"":""success"",""filename"":""success"",""hwdec-current"":""success"",""idle-active"":""success"",""path"":""success"",""pause"":""success"",""percent-pos"":""success"",""time-pos"":""success"",""video-params"":""success"",""vo-configured"":""success""}"	true	playing	media-907addee8b	<media-path:c58db4e1cc>	30800	3	true	"{""black_screen_risk_reason"":""null"",""blocked_media_count"":0,""consecutive_failures"":0,""current_index"":3,""current_item"":{""alias"":""media-907addee8b"",""duration_ms"":30800,""offset_ms"":0,""path_alias"":""<media-path:c58db4e1cc>"",""started_at_present"":true},""last_poll_error"":""null"",""last_render_error"":""null"",""mpv_running"":true,""next_item"":{""alias"":""media-8e4d41f6c2"",""duration_ms"":7200,""path_alias"":""<media-path:3662a4e886>""},""playback_state"":""playing"",""playlist_size"":9,""present"":true,""uptime_sec"":698}"
50	49.287	2026-07-10T20:20:02+0000	success		6	<media-path:c58db4e1cc>	<media-path:c58db4e1cc>	<filename:9b95323d7d>	13.76375	30.805333	44.679763	false	false	false	330	v4l2request-copy	true	"{""aspect"":0.5625,""dh"":640,""dw"":360,""h"":640,""par"":1.0,""pixelformat"":""nv12"",""rotate"":0,""stereo-in"":""mono"",""w"":360}"	"{""duration"":""success"",""eof-reached"":""success"",""estimated-frame-number"":""success"",""filename"":""success"",""hwdec-current"":""success"",""idle-active"":""success"",""path"":""success"",""pause"":""success"",""percent-pos"":""success"",""time-pos"":""success"",""video-params"":""success"",""vo-configured"":""success""}"	true	playing	media-907addee8b	<media-path:c58db4e1cc>	30800	3	true	"{""black_screen_risk_reason"":""null"",""blocked_media_count"":0,""consecutive_failures"":0,""current_index"":3,""current_item"":{""alias"":""media-907addee8b"",""duration_ms"":30800,""offset_ms"":0,""path_alias"":""<media-path:c58db4e1cc>"",""started_at_present"":true},""last_poll_error"":""null"",""last_render_error"":""null"",""mpv_running"":true,""next_item"":{""alias"":""media-8e4d41f6c2"",""duration_ms"":7200,""path_alias"":""<media-path:3662a4e886>""},""playback_state"":""playing"",""playlist_size"":9,""present"":true,""uptime_sec"":698}"
51	50.297	2026-07-10T20:20:03+0000	success		2	<media-path:c58db4e1cc>	<media-path:c58db4e1cc>	<filename:9b95323d7d>	14.76475	30.805333	47.929201	false	false	false	354	v4l2request-copy	true	"{""aspect"":0.5625,""dh"":640,""dw"":360,""h"":640,""par"":1.0,""pixelformat"":""nv12"",""rotate"":0,""stereo-in"":""mono"",""w"":360}"	"{""duration"":""success"",""eof-reached"":""success"",""estimated-frame-number"":""success"",""filename"":""success"",""hwdec-current"":""success"",""idle-active"":""success"",""path"":""success"",""pause"":""success"",""percent-pos"":""success"",""time-pos"":""success"",""video-params"":""success"",""vo-configured"":""success""}"	true	playing	media-907addee8b	<media-path:c58db4e1cc>	30800	3	true	"{""black_screen_risk_reason"":""null"",""blocked_media_count"":0,""consecutive_failures"":0,""current_index"":3,""current_item"":{""alias"":""media-907addee8b"",""duration_ms"":30800,""offset_ms"":0,""path_alias"":""<media-path:c58db4e1cc>"",""started_at_present"":true},""last_poll_error"":""null"",""last_render_error"":""null"",""mpv_running"":true,""next_item"":{""alias"":""media-8e4d41f6c2"",""duration_ms"":7200,""path_alias"":""<media-path:3662a4e886>""},""playback_state"":""playing"",""playlist_size"":9,""present"":true,""uptime_sec"":698}"
52	51.303	2026-07-10T20:20:04+0000	success		2	<media-path:c58db4e1cc>	<media-path:c58db4e1cc>	<filename:9b95323d7d>	15.76575	30.805333	51.178638	false	false	false	378	v4l2request-copy	true	"{""aspect"":0.5625,""dh"":640,""dw"":360,""h"":640,""par"":1.0,""pixelformat"":""nv12"",""rotate"":0,""stereo-in"":""mono"",""w"":360}"	"{""duration"":""success"",""eof-reached"":""success"",""estimated-frame-number"":""success"",""filename"":""success"",""hwdec-current"":""success"",""idle-active"":""success"",""path"":""success"",""pause"":""success"",""percent-pos"":""success"",""time-pos"":""success"",""video-params"":""success"",""vo-configured"":""success""}"	true	playing	media-907addee8b	<media-path:c58db4e1cc>	30800	3	true	"{""black_screen_risk_reason"":""null"",""blocked_media_count"":0,""consecutive_failures"":0,""current_index"":3,""current_item"":{""alias"":""media-907addee8b"",""duration_ms"":30800,""offset_ms"":0,""path_alias"":""<media-path:c58db4e1cc>"",""started_at_present"":true},""last_poll_error"":""null"",""last_render_error"":""null"",""mpv_running"":true,""next_item"":{""alias"":""media-8e4d41f6c2"",""duration_ms"":7200,""path_alias"":""<media-path:3662a4e886>""},""playback_state"":""playing"",""playlist_size"":9,""present"":true,""uptime_sec"":703}"
53	52.307	2026-07-10T20:20:05+0000	success		2	<media-path:c58db4e1cc>	<media-path:c58db4e1cc>	<filename:9b95323d7d>	16.76675	30.805333	54.428075	false	false	false	402	v4l2request-copy	true	"{""aspect"":0.5625,""dh"":640,""dw"":360,""h"":640,""par"":1.0,""pixelformat"":""nv12"",""rotate"":0,""stereo-in"":""mono"",""w"":360}"	"{""duration"":""success"",""eof-reached"":""success"",""estimated-frame-number"":""success"",""filename"":""success"",""hwdec-current"":""success"",""idle-active"":""success"",""path"":""success"",""pause"":""success"",""percent-pos"":""success"",""time-pos"":""success"",""video-params"":""success"",""vo-configured"":""success""}"	true	playing	media-907addee8b	<media-path:c58db4e1cc>	30800	3	true	"{""black_screen_risk_reason"":""null"",""blocked_media_count"":0,""consecutive_failures"":0,""current_index"":3,""current_item"":{""alias"":""media-907addee8b"",""duration_ms"":30800,""offset_ms"":0,""path_alias"":""<media-path:c58db4e1cc>"",""started_at_present"":true},""last_poll_error"":""null"",""last_render_error"":""null"",""mpv_running"":true,""next_item"":{""alias"":""media-8e4d41f6c2"",""duration_ms"":7200,""path_alias"":""<media-path:3662a4e886>""},""playback_state"":""playing"",""playlist_size"":9,""present"":true,""uptime_sec"":703}"
54	53.310	2026-07-10T20:20:06+0000	success		2	<media-path:c58db4e1cc>	<media-path:c58db4e1cc>	<filename:9b95323d7d>	17.76775	30.805333	57.677513	false	false	false	426	v4l2request-copy	true	"{""aspect"":0.5625,""dh"":640,""dw"":360,""h"":640,""par"":1.0,""pixelformat"":""nv12"",""rotate"":0,""stereo-in"":""mono"",""w"":360}"	"{""duration"":""success"",""eof-reached"":""success"",""estimated-frame-number"":""success"",""filename"":""success"",""hwdec-current"":""success"",""idle-active"":""success"",""path"":""success"",""pause"":""success"",""percent-pos"":""success"",""time-pos"":""success"",""video-params"":""success"",""vo-configured"":""success""}"	true	playing	media-907addee8b	<media-path:c58db4e1cc>	30800	3	true	"{""black_screen_risk_reason"":""null"",""blocked_media_count"":0,""consecutive_failures"":0,""current_index"":3,""current_item"":{""alias"":""media-907addee8b"",""duration_ms"":30800,""offset_ms"":0,""path_alias"":""<media-path:c58db4e1cc>"",""started_at_present"":true},""last_poll_error"":""null"",""last_render_error"":""null"",""mpv_running"":true,""next_item"":{""alias"":""media-8e4d41f6c2"",""duration_ms"":7200,""path_alias"":""<media-path:3662a4e886>""},""playback_state"":""playing"",""playlist_size"":9,""present"":true,""uptime_sec"":703}"
55	54.314	2026-07-10T20:20:07+0000	success		2	<media-path:c58db4e1cc>	<media-path:c58db4e1cc>	<filename:9b95323d7d>	18.810458	30.805333	61.062343	false	false	false	451	v4l2request-copy	true	"{""aspect"":0.5625,""dh"":640,""dw"":360,""h"":640,""par"":1.0,""pixelformat"":""nv12"",""rotate"":0,""stereo-in"":""mono"",""w"":360}"	"{""duration"":""success"",""eof-reached"":""success"",""estimated-frame-number"":""success"",""filename"":""success"",""hwdec-current"":""success"",""idle-active"":""success"",""path"":""success"",""pause"":""success"",""percent-pos"":""success"",""time-pos"":""success"",""video-params"":""success"",""vo-configured"":""success""}"	true	playing	media-907addee8b	<media-path:c58db4e1cc>	30800	3	true	"{""black_screen_risk_reason"":""null"",""blocked_media_count"":0,""consecutive_failures"":0,""current_index"":3,""current_item"":{""alias"":""media-907addee8b"",""duration_ms"":30800,""offset_ms"":0,""path_alias"":""<media-path:c58db4e1cc>"",""started_at_present"":true},""last_poll_error"":""null"",""last_render_error"":""null"",""mpv_running"":true,""next_item"":{""alias"":""media-8e4d41f6c2"",""duration_ms"":7200,""path_alias"":""<media-path:3662a4e886>""},""playback_state"":""playing"",""playlist_size"":9,""present"":true,""uptime_sec"":703}"
56	55.318	2026-07-10T20:20:08+0000	success		11	<media-path:c58db4e1cc>	<media-path:c58db4e1cc>	<filename:9b95323d7d>	19.811458	30.805333	64.31178	false	false	false	475	v4l2request-copy	true	"{""aspect"":0.5625,""dh"":640,""dw"":360,""h"":640,""par"":1.0,""pixelformat"":""nv12"",""rotate"":0,""stereo-in"":""mono"",""w"":360}"	"{""duration"":""success"",""eof-reached"":""success"",""estimated-frame-number"":""success"",""filename"":""success"",""hwdec-current"":""success"",""idle-active"":""success"",""path"":""success"",""pause"":""success"",""percent-pos"":""success"",""time-pos"":""success"",""video-params"":""success"",""vo-configured"":""success""}"	true	playing	media-907addee8b	<media-path:c58db4e1cc>	30800	3	true	"{""black_screen_risk_reason"":""null"",""blocked_media_count"":0,""consecutive_failures"":0,""current_index"":3,""current_item"":{""alias"":""media-907addee8b"",""duration_ms"":30800,""offset_ms"":0,""path_alias"":""<media-path:c58db4e1cc>"",""started_at_present"":true},""last_poll_error"":""null"",""last_render_error"":""null"",""mpv_running"":true,""next_item"":{""alias"":""media-8e4d41f6c2"",""duration_ms"":7200,""path_alias"":""<media-path:3662a4e886>""},""playback_state"":""playing"",""playlist_size"":9,""present"":true,""uptime_sec"":703}"
57	56.334	2026-07-10T20:20:09+0000	success		4	<media-path:c58db4e1cc>	<media-path:c58db4e1cc>	<filename:9b95323d7d>	20.812458	30.805333	67.561218	false	false	false	499	v4l2request-copy	true	"{""aspect"":0.5625,""dh"":640,""dw"":360,""h"":640,""par"":1.0,""pixelformat"":""nv12"",""rotate"":0,""stereo-in"":""mono"",""w"":360}"	"{""duration"":""success"",""eof-reached"":""success"",""estimated-frame-number"":""success"",""filename"":""success"",""hwdec-current"":""success"",""idle-active"":""success"",""path"":""success"",""pause"":""success"",""percent-pos"":""success"",""time-pos"":""success"",""video-params"":""success"",""vo-configured"":""success""}"	true	playing	media-907addee8b	<media-path:c58db4e1cc>	30800	3	true	"{""black_screen_risk_reason"":""null"",""blocked_media_count"":0,""consecutive_failures"":0,""current_index"":3,""current_item"":{""alias"":""media-907addee8b"",""duration_ms"":30800,""offset_ms"":0,""path_alias"":""<media-path:c58db4e1cc>"",""started_at_present"":true},""last_poll_error"":""null"",""last_render_error"":""null"",""mpv_running"":true,""next_item"":{""alias"":""media-8e4d41f6c2"",""duration_ms"":7200,""path_alias"":""<media-path:3662a4e886>""},""playback_state"":""playing"",""playlist_size"":9,""present"":true,""uptime_sec"":708}"
58	57.342	2026-07-10T20:20:10+0000	success		2	<media-path:c58db4e1cc>	<media-path:c58db4e1cc>	<filename:9b95323d7d>	21.813458	30.805333	70.810655	false	false	false	523	v4l2request-copy	true	"{""aspect"":0.5625,""dh"":640,""dw"":360,""h"":640,""par"":1.0,""pixelformat"":""nv12"",""rotate"":0,""stereo-in"":""mono"",""w"":360}"	"{""duration"":""success"",""eof-reached"":""success"",""estimated-frame-number"":""success"",""filename"":""success"",""hwdec-current"":""success"",""idle-active"":""success"",""path"":""success"",""pause"":""success"",""percent-pos"":""success"",""time-pos"":""success"",""video-params"":""success"",""vo-configured"":""success""}"	true	playing	media-907addee8b	<media-path:c58db4e1cc>	30800	3	true	"{""black_screen_risk_reason"":""null"",""blocked_media_count"":0,""consecutive_failures"":0,""current_index"":3,""current_item"":{""alias"":""media-907addee8b"",""duration_ms"":30800,""offset_ms"":0,""path_alias"":""<media-path:c58db4e1cc>"",""started_at_present"":true},""last_poll_error"":""null"",""last_render_error"":""null"",""mpv_running"":true,""next_item"":{""alias"":""media-8e4d41f6c2"",""duration_ms"":7200,""path_alias"":""<media-path:3662a4e886>""},""playback_state"":""playing"",""playlist_size"":9,""present"":true,""uptime_sec"":708}"
59	58.346	2026-07-10T20:20:11+0000	success		2	<media-path:c58db4e1cc>	<media-path:c58db4e1cc>	<filename:9b95323d7d>	22.814458	30.805333	74.060092	false	false	false	547	v4l2request-copy	true	"{""aspect"":0.5625,""dh"":640,""dw"":360,""h"":640,""par"":1.0,""pixelformat"":""nv12"",""rotate"":0,""stereo-in"":""mono"",""w"":360}"	"{""duration"":""success"",""eof-reached"":""success"",""estimated-frame-number"":""success"",""filename"":""success"",""hwdec-current"":""success"",""idle-active"":""success"",""path"":""success"",""pause"":""success"",""percent-pos"":""success"",""time-pos"":""success"",""video-params"":""success"",""vo-configured"":""success""}"	true	playing	media-907addee8b	<media-path:c58db4e1cc>	30800	3	true	"{""black_screen_risk_reason"":""null"",""blocked_media_count"":0,""consecutive_failures"":0,""current_index"":3,""current_item"":{""alias"":""media-907addee8b"",""duration_ms"":30800,""offset_ms"":0,""path_alias"":""<media-path:c58db4e1cc>"",""started_at_present"":true},""last_poll_error"":""null"",""last_render_error"":""null"",""mpv_running"":true,""next_item"":{""alias"":""media-8e4d41f6c2"",""duration_ms"":7200,""path_alias"":""<media-path:3662a4e886>""},""playback_state"":""playing"",""playlist_size"":9,""present"":true,""uptime_sec"":708}"
60	59.350	2026-07-10T20:20:12+0000	success		3	<media-path:c58db4e1cc>	<media-path:c58db4e1cc>	<filename:9b95323d7d>	23.815458	30.805333	77.30953	false	false	false	571	v4l2request-copy	true	"{""aspect"":0.5625,""dh"":640,""dw"":360,""h"":640,""par"":1.0,""pixelformat"":""nv12"",""rotate"":0,""stereo-in"":""mono"",""w"":360}"	"{""duration"":""success"",""eof-reached"":""success"",""estimated-frame-number"":""success"",""filename"":""success"",""hwdec-current"":""success"",""idle-active"":""success"",""path"":""success"",""pause"":""success"",""percent-pos"":""success"",""time-pos"":""success"",""video-params"":""success"",""vo-configured"":""success""}"	true	playing	media-907addee8b	<media-path:c58db4e1cc>	30800	3	true	"{""black_screen_risk_reason"":""null"",""blocked_media_count"":0,""consecutive_failures"":0,""current_index"":3,""current_item"":{""alias"":""media-907addee8b"",""duration_ms"":30800,""offset_ms"":0,""path_alias"":""<media-path:c58db4e1cc>"",""started_at_present"":true},""last_poll_error"":""null"",""last_render_error"":""null"",""mpv_running"":true,""next_item"":{""alias"":""media-8e4d41f6c2"",""duration_ms"":7200,""path_alias"":""<media-path:3662a4e886>""},""playback_state"":""playing"",""playlist_size"":9,""present"":true,""uptime_sec"":708}"
61	60.358	2026-07-10T20:20:13+0000	success		4	<media-path:c58db4e1cc>	<media-path:c58db4e1cc>	<filename:9b95323d7d>	24.816458	30.805333	80.558967	false	false	false	595	v4l2request-copy	true	"{""aspect"":0.5625,""dh"":640,""dw"":360,""h"":640,""par"":1.0,""pixelformat"":""nv12"",""rotate"":0,""stereo-in"":""mono"",""w"":360}"	"{""duration"":""success"",""eof-reached"":""success"",""estimated-frame-number"":""success"",""filename"":""success"",""hwdec-current"":""success"",""idle-active"":""success"",""path"":""success"",""pause"":""success"",""percent-pos"":""success"",""time-pos"":""success"",""video-params"":""success"",""vo-configured"":""success""}"	true	playing	media-907addee8b	<media-path:c58db4e1cc>	30800	3	true	"{""black_screen_risk_reason"":""null"",""blocked_media_count"":0,""consecutive_failures"":0,""current_index"":3,""current_item"":{""alias"":""media-907addee8b"",""duration_ms"":30800,""offset_ms"":0,""path_alias"":""<media-path:c58db4e1cc>"",""started_at_present"":true},""last_poll_error"":""null"",""last_render_error"":""null"",""mpv_running"":true,""next_item"":{""alias"":""media-8e4d41f6c2"",""duration_ms"":7200,""path_alias"":""<media-path:3662a4e886>""},""playback_state"":""playing"",""playlist_size"":9,""present"":true,""uptime_sec"":708}"
62	61.365	2026-07-10T20:20:14+0000	success		3	<media-path:c58db4e1cc>	<media-path:c58db4e1cc>	<filename:9b95323d7d>	25.859167	30.805333	83.943798	false	false	false	620	v4l2request-copy	true	"{""aspect"":0.5625,""dh"":640,""dw"":360,""h"":640,""par"":1.0,""pixelformat"":""nv12"",""rotate"":0,""stereo-in"":""mono"",""w"":360}"	"{""duration"":""success"",""eof-reached"":""success"",""estimated-frame-number"":""success"",""filename"":""success"",""hwdec-current"":""success"",""idle-active"":""success"",""path"":""success"",""pause"":""success"",""percent-pos"":""success"",""time-pos"":""success"",""video-params"":""success"",""vo-configured"":""success""}"	true	playing	media-907addee8b	<media-path:c58db4e1cc>	30800	3	true	"{""black_screen_risk_reason"":""null"",""blocked_media_count"":0,""consecutive_failures"":0,""current_index"":3,""current_item"":{""alias"":""media-907addee8b"",""duration_ms"":30800,""offset_ms"":0,""path_alias"":""<media-path:c58db4e1cc>"",""started_at_present"":true},""last_poll_error"":""null"",""last_render_error"":""null"",""mpv_running"":true,""next_item"":{""alias"":""media-8e4d41f6c2"",""duration_ms"":7200,""path_alias"":""<media-path:3662a4e886>""},""playback_state"":""playing"",""playlist_size"":9,""present"":true,""uptime_sec"":713}"
63	62.371	2026-07-10T20:20:15+0000	success		5	<media-path:c58db4e1cc>	<media-path:c58db4e1cc>	<filename:9b95323d7d>	26.860167	30.805333	87.193235	false	false	false	643	v4l2request-copy	true	"{""aspect"":0.5625,""dh"":640,""dw"":360,""h"":640,""par"":1.0,""pixelformat"":""nv12"",""rotate"":0,""stereo-in"":""mono"",""w"":360}"	"{""duration"":""success"",""eof-reached"":""success"",""estimated-frame-number"":""success"",""filename"":""success"",""hwdec-current"":""success"",""idle-active"":""success"",""path"":""success"",""pause"":""success"",""percent-pos"":""success"",""time-pos"":""success"",""video-params"":""success"",""vo-configured"":""success""}"	true	playing	media-907addee8b	<media-path:c58db4e1cc>	30800	3	true	"{""black_screen_risk_reason"":""null"",""blocked_media_count"":0,""consecutive_failures"":0,""current_index"":3,""current_item"":{""alias"":""media-907addee8b"",""duration_ms"":30800,""offset_ms"":0,""path_alias"":""<media-path:c58db4e1cc>"",""started_at_present"":true},""last_poll_error"":""null"",""last_render_error"":""null"",""mpv_running"":true,""next_item"":{""alias"":""media-8e4d41f6c2"",""duration_ms"":7200,""path_alias"":""<media-path:3662a4e886>""},""playback_state"":""playing"",""playlist_size"":9,""present"":true,""uptime_sec"":713}"
64	63.379	2026-07-10T20:20:16+0000	success		2	<media-path:c58db4e1cc>	<media-path:c58db4e1cc>	<filename:9b95323d7d>	27.861167	30.805333	90.442672	false	false	false	667	v4l2request-copy	true	"{""aspect"":0.5625,""dh"":640,""dw"":360,""h"":640,""par"":1.0,""pixelformat"":""nv12"",""rotate"":0,""stereo-in"":""mono"",""w"":360}"	"{""duration"":""success"",""eof-reached"":""success"",""estimated-frame-number"":""success"",""filename"":""success"",""hwdec-current"":""success"",""idle-active"":""success"",""path"":""success"",""pause"":""success"",""percent-pos"":""success"",""time-pos"":""success"",""video-params"":""success"",""vo-configured"":""success""}"	true	playing	media-907addee8b	<media-path:c58db4e1cc>	30800	3	true	"{""black_screen_risk_reason"":""null"",""blocked_media_count"":0,""consecutive_failures"":0,""current_index"":3,""current_item"":{""alias"":""media-907addee8b"",""duration_ms"":30800,""offset_ms"":0,""path_alias"":""<media-path:c58db4e1cc>"",""started_at_present"":true},""last_poll_error"":""null"",""last_render_error"":""null"",""mpv_running"":true,""next_item"":{""alias"":""media-8e4d41f6c2"",""duration_ms"":7200,""path_alias"":""<media-path:3662a4e886>""},""playback_state"":""playing"",""playlist_size"":9,""present"":true,""uptime_sec"":713}"
65	64.383	2026-07-10T20:20:17+0000	success		3	<media-path:c58db4e1cc>	<media-path:c58db4e1cc>	<filename:9b95323d7d>	28.862167	30.805333	93.69211	false	false	false	691	v4l2request-copy	true	"{""aspect"":0.5625,""dh"":640,""dw"":360,""h"":640,""par"":1.0,""pixelformat"":""nv12"",""rotate"":0,""stereo-in"":""mono"",""w"":360}"	"{""duration"":""success"",""eof-reached"":""success"",""estimated-frame-number"":""success"",""filename"":""success"",""hwdec-current"":""success"",""idle-active"":""success"",""path"":""success"",""pause"":""success"",""percent-pos"":""success"",""time-pos"":""success"",""video-params"":""success"",""vo-configured"":""success""}"	true	playing	media-907addee8b	<media-path:c58db4e1cc>	30800	3	true	"{""black_screen_risk_reason"":""null"",""blocked_media_count"":0,""consecutive_failures"":0,""current_index"":3,""current_item"":{""alias"":""media-907addee8b"",""duration_ms"":30800,""offset_ms"":0,""path_alias"":""<media-path:c58db4e1cc>"",""started_at_present"":true},""last_poll_error"":""null"",""last_render_error"":""null"",""mpv_running"":true,""next_item"":{""alias"":""media-8e4d41f6c2"",""duration_ms"":7200,""path_alias"":""<media-path:3662a4e886>""},""playback_state"":""playing"",""playlist_size"":9,""present"":true,""uptime_sec"":713}"
66	65.389	2026-07-10T20:20:18+0000	success		4	<media-path:c58db4e1cc>	<media-path:c58db4e1cc>	<filename:9b95323d7d>	29.863167	30.805333	96.941547	false	false	false	715	v4l2request-copy	true	"{""aspect"":0.5625,""dh"":640,""dw"":360,""h"":640,""par"":1.0,""pixelformat"":""nv12"",""rotate"":0,""stereo-in"":""mono"",""w"":360}"	"{""duration"":""success"",""eof-reached"":""success"",""estimated-frame-number"":""success"",""filename"":""success"",""hwdec-current"":""success"",""idle-active"":""success"",""path"":""success"",""pause"":""success"",""percent-pos"":""success"",""time-pos"":""success"",""video-params"":""success"",""vo-configured"":""success""}"	true	playing	media-907addee8b	<media-path:c58db4e1cc>	30800	3	true	"{""black_screen_risk_reason"":""null"",""blocked_media_count"":0,""consecutive_failures"":0,""current_index"":3,""current_item"":{""alias"":""media-907addee8b"",""duration_ms"":30800,""offset_ms"":0,""path_alias"":""<media-path:c58db4e1cc>"",""started_at_present"":true},""last_poll_error"":""null"",""last_render_error"":""null"",""mpv_running"":true,""next_item"":{""alias"":""media-8e4d41f6c2"",""duration_ms"":7200,""path_alias"":""<media-path:3662a4e886>""},""playback_state"":""playing"",""playlist_size"":9,""present"":true,""uptime_sec"":713}"
67	66.396	2026-07-10T20:20:19+0000	success		3	<media-path:3662a4e886>	<media-path:3662a4e886>	<filename:0a2aeee29a>				false	false				true	{}	"{""duration"":""property unavailable"",""eof-reached"":""property unavailable"",""estimated-frame-number"":""property unavailable"",""filename"":""success"",""hwdec-current"":""property unavailable"",""idle-active"":""success"",""path"":""success"",""pause"":""success"",""percent-pos"":""property unavailable"",""time-pos"":""property unavailable"",""video-params"":""property unavailable"",""vo-configured"":""success""}"	true	playing	media-907addee8b	<media-path:c58db4e1cc>	30800	3	true	"{""black_screen_risk_reason"":""null"",""blocked_media_count"":0,""consecutive_failures"":0,""current_index"":3,""current_item"":{""alias"":""media-907addee8b"",""duration_ms"":30800,""offset_ms"":0,""path_alias"":""<media-path:c58db4e1cc>"",""started_at_present"":true},""last_poll_error"":""null"",""last_render_error"":""null"",""mpv_running"":true,""next_item"":{""alias"":""media-8e4d41f6c2"",""duration_ms"":7200,""path_alias"":""<media-path:3662a4e886>""},""playback_state"":""playing"",""playlist_size"":9,""present"":true,""uptime_sec"":718}"
68	67.402	2026-07-10T20:20:20+0000	success		9	<media-path:3662a4e886>	<media-path:3662a4e886>	<filename:0a2aeee29a>	0.933333	7.221406	12.924538	false	false	false	28	v4l2request-copy	true	"{""aspect"":0.5625,""dh"":1024,""dw"":576,""h"":1024,""par"":1.0,""pixelformat"":""nv12"",""rotate"":0,""stereo-in"":""mono"",""w"":576}"	"{""duration"":""success"",""eof-reached"":""success"",""estimated-frame-number"":""success"",""filename"":""success"",""hwdec-current"":""success"",""idle-active"":""success"",""path"":""success"",""pause"":""success"",""percent-pos"":""success"",""time-pos"":""success"",""video-params"":""success"",""vo-configured"":""success""}"	true	playing	media-907addee8b	<media-path:c58db4e1cc>	30800	3	true	"{""black_screen_risk_reason"":""null"",""blocked_media_count"":0,""consecutive_failures"":0,""current_index"":3,""current_item"":{""alias"":""media-907addee8b"",""duration_ms"":30800,""offset_ms"":0,""path_alias"":""<media-path:c58db4e1cc>"",""started_at_present"":true},""last_poll_error"":""null"",""last_render_error"":""null"",""mpv_running"":true,""next_item"":{""alias"":""media-8e4d41f6c2"",""duration_ms"":7200,""path_alias"":""<media-path:3662a4e886>""},""playback_state"":""playing"",""playlist_size"":9,""present"":true,""uptime_sec"":718}"
69	68.413	2026-07-10T20:20:21+0000	success		2	<media-path:3662a4e886>	<media-path:3662a4e886>	<filename:0a2aeee29a>	1.966667	7.221406	27.233847	false	false	false	59	v4l2request-copy	true	"{""aspect"":0.5625,""dh"":1024,""dw"":576,""h"":1024,""par"":1.0,""pixelformat"":""nv12"",""rotate"":0,""stereo-in"":""mono"",""w"":576}"	"{""duration"":""success"",""eof-reached"":""success"",""estimated-frame-number"":""success"",""filename"":""success"",""hwdec-current"":""success"",""idle-active"":""success"",""path"":""success"",""pause"":""success"",""percent-pos"":""success"",""time-pos"":""success"",""video-params"":""success"",""vo-configured"":""success""}"	true	playing	media-907addee8b	<media-path:c58db4e1cc>	30800	3	true	"{""black_screen_risk_reason"":""null"",""blocked_media_count"":0,""consecutive_failures"":0,""current_index"":3,""current_item"":{""alias"":""media-907addee8b"",""duration_ms"":30800,""offset_ms"":0,""path_alias"":""<media-path:c58db4e1cc>"",""started_at_present"":true},""last_poll_error"":""null"",""last_render_error"":""null"",""mpv_running"":true,""next_item"":{""alias"":""media-8e4d41f6c2"",""duration_ms"":7200,""path_alias"":""<media-path:3662a4e886>""},""playback_state"":""playing"",""playlist_size"":9,""present"":true,""uptime_sec"":718}"
70	69.418	2026-07-10T20:20:22+0000	success		2	<media-path:3662a4e886>	<media-path:3662a4e886>	<filename:0a2aeee29a>	2.966667	7.221406	41.081567	false	false	false	88	v4l2request-copy	true	"{""aspect"":0.5625,""dh"":1024,""dw"":576,""h"":1024,""par"":1.0,""pixelformat"":""nv12"",""rotate"":0,""stereo-in"":""mono"",""w"":576}"	"{""duration"":""success"",""eof-reached"":""success"",""estimated-frame-number"":""success"",""filename"":""success"",""hwdec-current"":""success"",""idle-active"":""success"",""path"":""success"",""pause"":""success"",""percent-pos"":""success"",""time-pos"":""success"",""video-params"":""success"",""vo-configured"":""success""}"	true	playing	media-907addee8b	<media-path:c58db4e1cc>	30800	3	true	"{""black_screen_risk_reason"":""null"",""blocked_media_count"":0,""consecutive_failures"":0,""current_index"":3,""current_item"":{""alias"":""media-907addee8b"",""duration_ms"":30800,""offset_ms"":0,""path_alias"":""<media-path:c58db4e1cc>"",""started_at_present"":true},""last_poll_error"":""null"",""last_render_error"":""null"",""mpv_running"":true,""next_item"":{""alias"":""media-8e4d41f6c2"",""duration_ms"":7200,""path_alias"":""<media-path:3662a4e886>""},""playback_state"":""playing"",""playlist_size"":9,""present"":true,""uptime_sec"":718}"
71	70.424	2026-07-10T20:20:23+0000	success		2	<media-path:3662a4e886>	<media-path:3662a4e886>	<filename:0a2aeee29a>	3.966667	7.221406	54.929286	false	false	false	118	v4l2request-copy	true	"{""aspect"":0.5625,""dh"":1024,""dw"":576,""h"":1024,""par"":1.0,""pixelformat"":""nv12"",""rotate"":0,""stereo-in"":""mono"",""w"":576}"	"{""duration"":""success"",""eof-reached"":""success"",""estimated-frame-number"":""success"",""filename"":""success"",""hwdec-current"":""success"",""idle-active"":""success"",""path"":""success"",""pause"":""success"",""percent-pos"":""success"",""time-pos"":""success"",""video-params"":""success"",""vo-configured"":""success""}"	true	playing	media-907addee8b	<media-path:c58db4e1cc>	30800	3	true	"{""black_screen_risk_reason"":""null"",""blocked_media_count"":0,""consecutive_failures"":0,""current_index"":3,""current_item"":{""alias"":""media-907addee8b"",""duration_ms"":30800,""offset_ms"":0,""path_alias"":""<media-path:c58db4e1cc>"",""started_at_present"":true},""last_poll_error"":""null"",""last_render_error"":""null"",""mpv_running"":true,""next_item"":{""alias"":""media-8e4d41f6c2"",""duration_ms"":7200,""path_alias"":""<media-path:3662a4e886>""},""playback_state"":""playing"",""playlist_size"":9,""present"":true,""uptime_sec"":718}"
72	71.428	2026-07-10T20:20:24+0000	success		2	<media-path:3662a4e886>	<media-path:3662a4e886>	<filename:0a2aeee29a>	4.966667	7.221406	68.777005	false	false	false	148	v4l2request-copy	true	"{""aspect"":0.5625,""dh"":1024,""dw"":576,""h"":1024,""par"":1.0,""pixelformat"":""nv12"",""rotate"":0,""stereo-in"":""mono"",""w"":576}"	"{""duration"":""success"",""eof-reached"":""success"",""estimated-frame-number"":""success"",""filename"":""success"",""hwdec-current"":""success"",""idle-active"":""success"",""path"":""success"",""pause"":""success"",""percent-pos"":""success"",""time-pos"":""success"",""video-params"":""success"",""vo-configured"":""success""}"	true	playing	media-8e4d41f6c2	<media-path:3662a4e886>	7200	4	true	"{""black_screen_risk_reason"":""null"",""blocked_media_count"":0,""consecutive_failures"":0,""current_index"":4,""current_item"":{""alias"":""media-8e4d41f6c2"",""duration_ms"":7200,""offset_ms"":0,""path_alias"":""<media-path:3662a4e886>"",""started_at_present"":true},""last_poll_error"":""null"",""last_render_error"":""null"",""mpv_running"":true,""next_item"":{""alias"":""media-fba32b0055"",""duration_ms"":5100,""path_alias"":""<media-path:97100fcdae>""},""playback_state"":""playing"",""playlist_size"":9,""present"":true,""uptime_sec"":723}"
73	72.433	2026-07-10T20:20:25+0000	success		12	<media-path:3662a4e886>	<media-path:3662a4e886>	<filename:0a2aeee29a>	5.966667	7.221406	82.624724	false	false	false	178	v4l2request-copy	true	"{""aspect"":0.5625,""dh"":1024,""dw"":576,""h"":1024,""par"":1.0,""pixelformat"":""nv12"",""rotate"":0,""stereo-in"":""mono"",""w"":576}"	"{""duration"":""success"",""eof-reached"":""success"",""estimated-frame-number"":""success"",""filename"":""success"",""hwdec-current"":""success"",""idle-active"":""success"",""path"":""success"",""pause"":""success"",""percent-pos"":""success"",""time-pos"":""success"",""video-params"":""success"",""vo-configured"":""success""}"	true	playing	media-8e4d41f6c2	<media-path:3662a4e886>	7200	4	true	"{""black_screen_risk_reason"":""null"",""blocked_media_count"":0,""consecutive_failures"":0,""current_index"":4,""current_item"":{""alias"":""media-8e4d41f6c2"",""duration_ms"":7200,""offset_ms"":0,""path_alias"":""<media-path:3662a4e886>"",""started_at_present"":true},""last_poll_error"":""null"",""last_render_error"":""null"",""mpv_running"":true,""next_item"":{""alias"":""media-fba32b0055"",""duration_ms"":5100,""path_alias"":""<media-path:97100fcdae>""},""playback_state"":""playing"",""playlist_size"":9,""present"":true,""uptime_sec"":723}"
74	73.448	2026-07-10T20:20:26+0000	success		15	<media-path:3662a4e886>	<media-path:3662a4e886>	<filename:0a2aeee29a>	7	7.221406	96.934033	false	false	false	208	v4l2request-copy	true	"{""aspect"":0.5625,""dh"":1024,""dw"":576,""h"":1024,""par"":1.0,""pixelformat"":""nv12"",""rotate"":0,""stereo-in"":""mono"",""w"":576}"	"{""duration"":""success"",""eof-reached"":""success"",""estimated-frame-number"":""success"",""filename"":""success"",""hwdec-current"":""success"",""idle-active"":""success"",""path"":""success"",""pause"":""success"",""percent-pos"":""success"",""time-pos"":""success"",""video-params"":""success"",""vo-configured"":""success""}"	true	playing	media-8e4d41f6c2	<media-path:3662a4e886>	7200	4	true	"{""black_screen_risk_reason"":""null"",""blocked_media_count"":0,""consecutive_failures"":0,""current_index"":4,""current_item"":{""alias"":""media-8e4d41f6c2"",""duration_ms"":7200,""offset_ms"":0,""path_alias"":""<media-path:3662a4e886>"",""started_at_present"":true},""last_poll_error"":""null"",""last_render_error"":""null"",""mpv_running"":true,""next_item"":{""alias"":""media-fba32b0055"",""duration_ms"":5100,""path_alias"":""<media-path:97100fcdae>""},""playback_state"":""playing"",""playlist_size"":9,""present"":true,""uptime_sec"":723}"
75	74.466	2026-07-10T20:20:27+0000	success		2	<media-path:97100fcdae>	<media-path:97100fcdae>	<filename:a4bfef2b1b>	0.7	5.06195	13.828663	false	false	false	21	v4l2request-copy	true	"{""aspect"":0.697674,""dh"":688,""dw"":480,""h"":688,""par"":1.0,""pixelformat"":""nv12"",""rotate"":0,""stereo-in"":""mono"",""w"":480}"	"{""duration"":""success"",""eof-reached"":""success"",""estimated-frame-number"":""success"",""filename"":""success"",""hwdec-current"":""success"",""idle-active"":""success"",""path"":""success"",""pause"":""success"",""percent-pos"":""success"",""time-pos"":""success"",""video-params"":""success"",""vo-configured"":""success""}"	true	playing	media-8e4d41f6c2	<media-path:3662a4e886>	7200	4	true	"{""black_screen_risk_reason"":""null"",""blocked_media_count"":0,""consecutive_failures"":0,""current_index"":4,""current_item"":{""alias"":""media-8e4d41f6c2"",""duration_ms"":7200,""offset_ms"":0,""path_alias"":""<media-path:3662a4e886>"",""started_at_present"":true},""last_poll_error"":""null"",""last_render_error"":""null"",""mpv_running"":true,""next_item"":{""alias"":""media-fba32b0055"",""duration_ms"":5100,""path_alias"":""<media-path:97100fcdae>""},""playback_state"":""playing"",""playlist_size"":9,""present"":true,""uptime_sec"":723}"
76	75.469	2026-07-10T20:20:28+0000	success		2	<media-path:97100fcdae>	<media-path:97100fcdae>	<filename:a4bfef2b1b>	1.7	5.06195	33.583895	false	false	false	51	v4l2request-copy	true	"{""aspect"":0.697674,""dh"":688,""dw"":480,""h"":688,""par"":1.0,""pixelformat"":""nv12"",""rotate"":0,""stereo-in"":""mono"",""w"":480}"	"{""duration"":""success"",""eof-reached"":""success"",""estimated-frame-number"":""success"",""filename"":""success"",""hwdec-current"":""success"",""idle-active"":""success"",""path"":""success"",""pause"":""success"",""percent-pos"":""success"",""time-pos"":""success"",""video-params"":""success"",""vo-configured"":""success""}"	true	playing	media-8e4d41f6c2	<media-path:3662a4e886>	7200	4	true	"{""black_screen_risk_reason"":""null"",""blocked_media_count"":0,""consecutive_failures"":0,""current_index"":4,""current_item"":{""alias"":""media-8e4d41f6c2"",""duration_ms"":7200,""offset_ms"":0,""path_alias"":""<media-path:3662a4e886>"",""started_at_present"":true},""last_poll_error"":""null"",""last_render_error"":""null"",""mpv_running"":true,""next_item"":{""alias"":""media-fba32b0055"",""duration_ms"":5100,""path_alias"":""<media-path:97100fcdae>""},""playback_state"":""playing"",""playlist_size"":9,""present"":true,""uptime_sec"":723}"
77	76.473	2026-07-10T20:20:29+0000	success		2	<media-path:97100fcdae>	<media-path:97100fcdae>	<filename:a4bfef2b1b>	2.733333	5.06195	53.997635	false	false	false	82	v4l2request-copy	true	"{""aspect"":0.697674,""dh"":688,""dw"":480,""h"":688,""par"":1.0,""pixelformat"":""nv12"",""rotate"":0,""stereo-in"":""mono"",""w"":480}"	"{""duration"":""success"",""eof-reached"":""success"",""estimated-frame-number"":""success"",""filename"":""success"",""hwdec-current"":""success"",""idle-active"":""success"",""path"":""success"",""pause"":""success"",""percent-pos"":""success"",""time-pos"":""success"",""video-params"":""success"",""vo-configured"":""success""}"	true	playing	media-fba32b0055	<media-path:97100fcdae>	5100	5	true	"{""black_screen_risk_reason"":""null"",""blocked_media_count"":0,""consecutive_failures"":0,""current_index"":5,""current_item"":{""alias"":""media-fba32b0055"",""duration_ms"":5100,""offset_ms"":0,""path_alias"":""<media-path:97100fcdae>"",""started_at_present"":true},""last_poll_error"":""null"",""last_render_error"":""null"",""mpv_running"":true,""next_item"":{""alias"":""media-749f1db21b"",""duration_ms"":3900,""path_alias"":""<media-path:31af3d58a2>""},""playback_state"":""playing"",""playlist_size"":9,""present"":true,""uptime_sec"":728}"
78	77.478	2026-07-10T20:20:30+0000	success		2	<media-path:97100fcdae>	<media-path:97100fcdae>	<filename:a4bfef2b1b>	3.733333	5.06195	73.752867	false	false	false	111	v4l2request-copy	true	"{""aspect"":0.697674,""dh"":688,""dw"":480,""h"":688,""par"":1.0,""pixelformat"":""nv12"",""rotate"":0,""stereo-in"":""mono"",""w"":480}"	"{""duration"":""success"",""eof-reached"":""success"",""estimated-frame-number"":""success"",""filename"":""success"",""hwdec-current"":""success"",""idle-active"":""success"",""path"":""success"",""pause"":""success"",""percent-pos"":""success"",""time-pos"":""success"",""video-params"":""success"",""vo-configured"":""success""}"	true	playing	media-fba32b0055	<media-path:97100fcdae>	5100	5	true	"{""black_screen_risk_reason"":""null"",""blocked_media_count"":0,""consecutive_failures"":0,""current_index"":5,""current_item"":{""alias"":""media-fba32b0055"",""duration_ms"":5100,""offset_ms"":0,""path_alias"":""<media-path:97100fcdae>"",""started_at_present"":true},""last_poll_error"":""null"",""last_render_error"":""null"",""mpv_running"":true,""next_item"":{""alias"":""media-749f1db21b"",""duration_ms"":3900,""path_alias"":""<media-path:31af3d58a2>""},""playback_state"":""playing"",""playlist_size"":9,""present"":true,""uptime_sec"":728}"
79	78.483	2026-07-10T20:20:31+0000	success		2	<media-path:97100fcdae>	<media-path:97100fcdae>	<filename:a4bfef2b1b>	4.733333	5.06195	93.508099	false	false	false	141	v4l2request-copy	true	"{""aspect"":0.697674,""dh"":688,""dw"":480,""h"":688,""par"":1.0,""pixelformat"":""nv12"",""rotate"":0,""stereo-in"":""mono"",""w"":480}"	"{""duration"":""success"",""eof-reached"":""success"",""estimated-frame-number"":""success"",""filename"":""success"",""hwdec-current"":""success"",""idle-active"":""success"",""path"":""success"",""pause"":""success"",""percent-pos"":""success"",""time-pos"":""success"",""video-params"":""success"",""vo-configured"":""success""}"	true	playing	media-fba32b0055	<media-path:97100fcdae>	5100	5	true	"{""black_screen_risk_reason"":""null"",""blocked_media_count"":0,""consecutive_failures"":0,""current_index"":5,""current_item"":{""alias"":""media-fba32b0055"",""duration_ms"":5100,""offset_ms"":0,""path_alias"":""<media-path:97100fcdae>"",""started_at_present"":true},""last_poll_error"":""null"",""last_render_error"":""null"",""mpv_running"":true,""next_item"":{""alias"":""media-749f1db21b"",""duration_ms"":3900,""path_alias"":""<media-path:31af3d58a2>""},""playback_state"":""playing"",""playlist_size"":9,""present"":true,""uptime_sec"":728}"
80	79.487	2026-07-10T20:20:33+0000	success		12	<media-path:31af3d58a2>	<media-path:31af3d58a2>	<filename:92829f14a9>	0.433333	3.9	11.111111	false	false	false	13	v4l2request-copy	true	"{""aspect"":0.566038,""dh"":848,""dw"":480,""h"":848,""par"":1.0,""pixelformat"":""nv12"",""rotate"":0,""stereo-in"":""mono"",""w"":480}"	"{""duration"":""success"",""eof-reached"":""success"",""estimated-frame-number"":""success"",""filename"":""success"",""hwdec-current"":""success"",""idle-active"":""success"",""path"":""success"",""pause"":""success"",""percent-pos"":""success"",""time-pos"":""success"",""video-params"":""success"",""vo-configured"":""success""}"	true	playing	media-fba32b0055	<media-path:97100fcdae>	5100	5	true	"{""black_screen_risk_reason"":""null"",""blocked_media_count"":0,""consecutive_failures"":0,""current_index"":5,""current_item"":{""alias"":""media-fba32b0055"",""duration_ms"":5100,""offset_ms"":0,""path_alias"":""<media-path:97100fcdae>"",""started_at_present"":true},""last_poll_error"":""null"",""last_render_error"":""null"",""mpv_running"":true,""next_item"":{""alias"":""media-749f1db21b"",""duration_ms"":3900,""path_alias"":""<media-path:31af3d58a2>""},""playback_state"":""playing"",""playlist_size"":9,""present"":true,""uptime_sec"":728}"
81	80.501	2026-07-10T20:20:34+0000	success		11	<media-path:31af3d58a2>	<media-path:31af3d58a2>	<filename:92829f14a9>	1.433333	3.9	36.752137	false	false	false	43	v4l2request-copy	true	"{""aspect"":0.566038,""dh"":848,""dw"":480,""h"":848,""par"":1.0,""pixelformat"":""nv12"",""rotate"":0,""stereo-in"":""mono"",""w"":480}"	"{""duration"":""success"",""eof-reached"":""success"",""estimated-frame-number"":""success"",""filename"":""success"",""hwdec-current"":""success"",""idle-active"":""success"",""path"":""success"",""pause"":""success"",""percent-pos"":""success"",""time-pos"":""success"",""video-params"":""success"",""vo-configured"":""success""}"	true	playing	media-749f1db21b	<media-path:31af3d58a2>	3900	6	true	"{""black_screen_risk_reason"":""null"",""blocked_media_count"":0,""consecutive_failures"":0,""current_index"":6,""current_item"":{""alias"":""media-749f1db21b"",""duration_ms"":3900,""offset_ms"":0,""path_alias"":""<media-path:31af3d58a2>"",""started_at_present"":true},""last_poll_error"":""null"",""last_render_error"":""null"",""mpv_running"":true,""next_item"":{""alias"":""media-b8c9a5f04c"",""duration_ms"":28100,""path_alias"":""<media-path:3ba49b8978>""},""playback_state"":""playing"",""playlist_size"":9,""present"":true,""uptime_sec"":733}"
82	81.515	2026-07-10T20:20:35+0000	success		3	<media-path:31af3d58a2>	<media-path:31af3d58a2>	<filename:92829f14a9>	2.433333	3.9	62.393162	false	false	false	72	v4l2request-copy	true	"{""aspect"":0.566038,""dh"":848,""dw"":480,""h"":848,""par"":1.0,""pixelformat"":""nv12"",""rotate"":0,""stereo-in"":""mono"",""w"":480}"	"{""duration"":""success"",""eof-reached"":""success"",""estimated-frame-number"":""success"",""filename"":""success"",""hwdec-current"":""success"",""idle-active"":""success"",""path"":""success"",""pause"":""success"",""percent-pos"":""success"",""time-pos"":""success"",""video-params"":""success"",""vo-configured"":""success""}"	true	playing	media-749f1db21b	<media-path:31af3d58a2>	3900	6	true	"{""black_screen_risk_reason"":""null"",""blocked_media_count"":0,""consecutive_failures"":0,""current_index"":6,""current_item"":{""alias"":""media-749f1db21b"",""duration_ms"":3900,""offset_ms"":0,""path_alias"":""<media-path:31af3d58a2>"",""started_at_present"":true},""last_poll_error"":""null"",""last_render_error"":""null"",""mpv_running"":true,""next_item"":{""alias"":""media-b8c9a5f04c"",""duration_ms"":28100,""path_alias"":""<media-path:3ba49b8978>""},""playback_state"":""playing"",""playlist_size"":9,""present"":true,""uptime_sec"":733}"
83	82.521	2026-07-10T20:20:36+0000	success		2	<media-path:31af3d58a2>	<media-path:31af3d58a2>	<filename:92829f14a9>	3.466667	3.9	88.888889	false	false	false	103	v4l2request-copy	true	"{""aspect"":0.566038,""dh"":848,""dw"":480,""h"":848,""par"":1.0,""pixelformat"":""nv12"",""rotate"":0,""stereo-in"":""mono"",""w"":480}"	"{""duration"":""success"",""eof-reached"":""success"",""estimated-frame-number"":""success"",""filename"":""success"",""hwdec-current"":""success"",""idle-active"":""success"",""path"":""success"",""pause"":""success"",""percent-pos"":""success"",""time-pos"":""success"",""video-params"":""success"",""vo-configured"":""success""}"	true	playing	media-749f1db21b	<media-path:31af3d58a2>	3900	6	true	"{""black_screen_risk_reason"":""null"",""blocked_media_count"":0,""consecutive_failures"":0,""current_index"":6,""current_item"":{""alias"":""media-749f1db21b"",""duration_ms"":3900,""offset_ms"":0,""path_alias"":""<media-path:31af3d58a2>"",""started_at_present"":true},""last_poll_error"":""null"",""last_render_error"":""null"",""mpv_running"":true,""next_item"":{""alias"":""media-b8c9a5f04c"",""duration_ms"":28100,""path_alias"":""<media-path:3ba49b8978>""},""playback_state"":""playing"",""playlist_size"":9,""present"":true,""uptime_sec"":733}"
84	83.525	2026-07-10T20:20:37+0000	success		515	<media-path:3ba49b8978>	<media-path:3ba49b8978>	<filename:e511e8bce0>	0.233567	28.061367	1.070155	false	false	false	11	v4l2request-copy	true	"{""aspect"":0.5625,""dh"":1920,""dw"":1080,""h"":1920,""par"":1.0,""pixelformat"":""nv12"",""rotate"":0,""stereo-in"":""mono"",""w"":1080}"	"{""duration"":""success"",""eof-reached"":""success"",""estimated-frame-number"":""success"",""filename"":""success"",""hwdec-current"":""success"",""idle-active"":""success"",""path"":""success"",""pause"":""success"",""percent-pos"":""success"",""time-pos"":""success"",""video-params"":""success"",""vo-configured"":""success""}"	true	playing	media-749f1db21b	<media-path:31af3d58a2>	3900	6	true	"{""black_screen_risk_reason"":""null"",""blocked_media_count"":0,""consecutive_failures"":0,""current_index"":6,""current_item"":{""alias"":""media-749f1db21b"",""duration_ms"":3900,""offset_ms"":0,""path_alias"":""<media-path:31af3d58a2>"",""started_at_present"":true},""last_poll_error"":""null"",""last_render_error"":""null"",""mpv_running"":true,""next_item"":{""alias"":""media-b8c9a5f04c"",""duration_ms"":28100,""path_alias"":""<media-path:3ba49b8978>""},""playback_state"":""playing"",""playlist_size"":9,""present"":true,""uptime_sec"":733}"
85	85.043	2026-07-10T20:20:38+0000	success		56	<media-path:3ba49b8978>	<media-path:3ba49b8978>	<filename:e511e8bce0>	1.334667	28.061367	4.756243	false	false	false	40	v4l2request-copy	true	"{""aspect"":0.5625,""dh"":1920,""dw"":1080,""h"":1920,""par"":1.0,""pixelformat"":""nv12"",""rotate"":0,""stereo-in"":""mono"",""w"":1080}"	"{""duration"":""success"",""eof-reached"":""success"",""estimated-frame-number"":""success"",""filename"":""success"",""hwdec-current"":""success"",""idle-active"":""success"",""path"":""success"",""pause"":""success"",""percent-pos"":""success"",""time-pos"":""success"",""video-params"":""success"",""vo-configured"":""success""}"	true	playing	media-749f1db21b	<media-path:31af3d58a2>	3900	6	true	"{""black_screen_risk_reason"":""null"",""blocked_media_count"":0,""consecutive_failures"":0,""current_index"":6,""current_item"":{""alias"":""media-749f1db21b"",""duration_ms"":3900,""offset_ms"":0,""path_alias"":""<media-path:31af3d58a2>"",""started_at_present"":true},""last_poll_error"":""null"",""last_render_error"":""null"",""mpv_running"":true,""next_item"":{""alias"":""media-b8c9a5f04c"",""duration_ms"":28100,""path_alias"":""<media-path:3ba49b8978>""},""playback_state"":""playing"",""playlist_size"":9,""present"":true,""uptime_sec"":733}"
86	86.103	2026-07-10T20:20:40+0000	success		466	<media-path:3ba49b8978>	<media-path:3ba49b8978>	<filename:e511e8bce0>	2.2022	28.061367	8.085612	false	false	false	70	v4l2request-copy	true	"{""aspect"":0.5625,""dh"":1920,""dw"":1080,""h"":1920,""par"":1.0,""pixelformat"":""nv12"",""rotate"":0,""stereo-in"":""mono"",""w"":1080}"	"{""duration"":""success"",""eof-reached"":""success"",""estimated-frame-number"":""success"",""filename"":""success"",""hwdec-current"":""success"",""idle-active"":""success"",""path"":""success"",""pause"":""success"",""percent-pos"":""success"",""time-pos"":""success"",""video-params"":""success"",""vo-configured"":""success""}"	true	playing	media-b8c9a5f04c	<media-path:3ba49b8978>	28100	7	true	"{""black_screen_risk_reason"":""null"",""blocked_media_count"":0,""consecutive_failures"":0,""current_index"":7,""current_item"":{""alias"":""media-b8c9a5f04c"",""duration_ms"":28100,""offset_ms"":0,""path_alias"":""<media-path:3ba49b8978>"",""started_at_present"":true},""last_poll_error"":""null"",""last_render_error"":""null"",""mpv_running"":true,""next_item"":{""alias"":""media-7eefea6ba2"",""duration_ms"":5000,""path_alias"":""<media-path:9e48f6362b>""},""playback_state"":""playing"",""playlist_size"":9,""present"":true,""uptime_sec"":738}"
87	87.573	2026-07-10T20:20:41+0000	success		449	<media-path:3ba49b8978>	<media-path:3ba49b8978>	<filename:e511e8bce0>	3.370033	28.061367	12.247325	false	false	false	105	v4l2request-copy	true	"{""aspect"":0.5625,""dh"":1920,""dw"":1080,""h"":1920,""par"":1.0,""pixelformat"":""nv12"",""rotate"":0,""stereo-in"":""mono"",""w"":1080}"	"{""duration"":""success"",""eof-reached"":""success"",""estimated-frame-number"":""success"",""filename"":""success"",""hwdec-current"":""success"",""idle-active"":""success"",""path"":""success"",""pause"":""success"",""percent-pos"":""success"",""time-pos"":""success"",""video-params"":""success"",""vo-configured"":""success""}"	true	playing	media-b8c9a5f04c	<media-path:3ba49b8978>	28100	7	true	"{""black_screen_risk_reason"":""null"",""blocked_media_count"":0,""consecutive_failures"":0,""current_index"":7,""current_item"":{""alias"":""media-b8c9a5f04c"",""duration_ms"":28100,""offset_ms"":0,""path_alias"":""<media-path:3ba49b8978>"",""started_at_present"":true},""last_poll_error"":""null"",""last_render_error"":""null"",""mpv_running"":true,""next_item"":{""alias"":""media-7eefea6ba2"",""duration_ms"":5000,""path_alias"":""<media-path:9e48f6362b>""},""playback_state"":""playing"",""playlist_size"":9,""present"":true,""uptime_sec"":738}"
88	89.026	2026-07-10T20:20:43+0000	success		477	<media-path:3ba49b8978>	<media-path:3ba49b8978>	<filename:e511e8bce0>	4.5045	28.061367	16.290131	false	false	false	139	v4l2request-copy	true	"{""aspect"":0.5625,""dh"":1920,""dw"":1080,""h"":1920,""par"":1.0,""pixelformat"":""nv12"",""rotate"":0,""stereo-in"":""mono"",""w"":1080}"	"{""duration"":""success"",""eof-reached"":""success"",""estimated-frame-number"":""success"",""filename"":""success"",""hwdec-current"":""success"",""idle-active"":""success"",""path"":""success"",""pause"":""success"",""percent-pos"":""success"",""time-pos"":""success"",""video-params"":""success"",""vo-configured"":""success""}"	true	playing	media-b8c9a5f04c	<media-path:3ba49b8978>	28100	7	true	"{""black_screen_risk_reason"":""null"",""blocked_media_count"":0,""consecutive_failures"":0,""current_index"":7,""current_item"":{""alias"":""media-b8c9a5f04c"",""duration_ms"":28100,""offset_ms"":0,""path_alias"":""<media-path:3ba49b8978>"",""started_at_present"":true},""last_poll_error"":""null"",""last_render_error"":""null"",""mpv_running"":true,""next_item"":{""alias"":""media-7eefea6ba2"",""duration_ms"":5000,""path_alias"":""<media-path:9e48f6362b>""},""playback_state"":""playing"",""playlist_size"":9,""present"":true,""uptime_sec"":738}"
89	90.507	2026-07-10T20:20:44+0000	success		265	<media-path:3ba49b8978>	<media-path:3ba49b8978>	<filename:e511e8bce0>	5.672333	28.061367	20.451843	false	false	false	173	v4l2request-copy	true	"{""aspect"":0.5625,""dh"":1920,""dw"":1080,""h"":1920,""par"":1.0,""pixelformat"":""nv12"",""rotate"":0,""stereo-in"":""mono"",""w"":1080}"	"{""duration"":""success"",""eof-reached"":""success"",""estimated-frame-number"":""success"",""filename"":""success"",""hwdec-current"":""success"",""idle-active"":""success"",""path"":""success"",""pause"":""success"",""percent-pos"":""success"",""time-pos"":""success"",""video-params"":""success"",""vo-configured"":""success""}"	true	playing	media-b8c9a5f04c	<media-path:3ba49b8978>	28100	7	true	"{""black_screen_risk_reason"":""null"",""blocked_media_count"":0,""consecutive_failures"":0,""current_index"":7,""current_item"":{""alias"":""media-b8c9a5f04c"",""duration_ms"":28100,""offset_ms"":0,""path_alias"":""<media-path:3ba49b8978>"",""started_at_present"":true},""last_poll_error"":""null"",""last_render_error"":""null"",""mpv_running"":true,""next_item"":{""alias"":""media-7eefea6ba2"",""duration_ms"":5000,""path_alias"":""<media-path:9e48f6362b>""},""playback_state"":""playing"",""playlist_size"":9,""present"":true,""uptime_sec"":743}"
90	91.775	2026-07-10T20:20:45+0000	success		469	<media-path:3ba49b8978>	<media-path:3ba49b8978>	<filename:e511e8bce0>	6.639967	28.061367	23.900119	false	false	false	203	v4l2request-copy	true	"{""aspect"":0.5625,""dh"":1920,""dw"":1080,""h"":1920,""par"":1.0,""pixelformat"":""nv12"",""rotate"":0,""stereo-in"":""mono"",""w"":1080}"	"{""duration"":""success"",""eof-reached"":""success"",""estimated-frame-number"":""success"",""filename"":""success"",""hwdec-current"":""success"",""idle-active"":""success"",""path"":""success"",""pause"":""success"",""percent-pos"":""success"",""time-pos"":""success"",""video-params"":""success"",""vo-configured"":""success""}"	true	playing	media-b8c9a5f04c	<media-path:3ba49b8978>	28100	7	true	"{""black_screen_risk_reason"":""null"",""blocked_media_count"":0,""consecutive_failures"":0,""current_index"":7,""current_item"":{""alias"":""media-b8c9a5f04c"",""duration_ms"":28100,""offset_ms"":0,""path_alias"":""<media-path:3ba49b8978>"",""started_at_present"":true},""last_poll_error"":""null"",""last_render_error"":""null"",""mpv_running"":true,""next_item"":{""alias"":""media-7eefea6ba2"",""duration_ms"":5000,""path_alias"":""<media-path:9e48f6362b>""},""playback_state"":""playing"",""playlist_size"":9,""present"":true,""uptime_sec"":743}"
91	93.249	2026-07-10T20:20:47+0000	success		365	<media-path:3ba49b8978>	<media-path:3ba49b8978>	<filename:e511e8bce0>	7.8078	28.061367	28.061831	false	false	false	238	v4l2request-copy	true	"{""aspect"":0.5625,""dh"":1920,""dw"":1080,""h"":1920,""par"":1.0,""pixelformat"":""nv12"",""rotate"":0,""stereo-in"":""mono"",""w"":1080}"	"{""duration"":""success"",""eof-reached"":""success"",""estimated-frame-number"":""success"",""filename"":""success"",""hwdec-current"":""success"",""idle-active"":""success"",""path"":""success"",""pause"":""success"",""percent-pos"":""success"",""time-pos"":""success"",""video-params"":""success"",""vo-configured"":""success""}"	true	playing	media-b8c9a5f04c	<media-path:3ba49b8978>	28100	7	true	"{""black_screen_risk_reason"":""null"",""blocked_media_count"":0,""consecutive_failures"":0,""current_index"":7,""current_item"":{""alias"":""media-b8c9a5f04c"",""duration_ms"":28100,""offset_ms"":0,""path_alias"":""<media-path:3ba49b8978>"",""started_at_present"":true},""last_poll_error"":""null"",""last_render_error"":""null"",""mpv_running"":true,""next_item"":{""alias"":""media-7eefea6ba2"",""duration_ms"":5000,""path_alias"":""<media-path:9e48f6362b>""},""playback_state"":""playing"",""playlist_size"":9,""present"":true,""uptime_sec"":743}"
92	94.618	2026-07-10T20:20:48+0000	success		473	<media-path:3ba49b8978>	<media-path:3ba49b8978>	<filename:e511e8bce0>	8.875533	28.061367	31.866825	false	false	false	270	v4l2request-copy	true	"{""aspect"":0.5625,""dh"":1920,""dw"":1080,""h"":1920,""par"":1.0,""pixelformat"":""nv12"",""rotate"":0,""stereo-in"":""mono"",""w"":1080}"	"{""duration"":""success"",""eof-reached"":""success"",""estimated-frame-number"":""success"",""filename"":""success"",""hwdec-current"":""success"",""idle-active"":""success"",""path"":""success"",""pause"":""success"",""percent-pos"":""success"",""time-pos"":""success"",""video-params"":""success"",""vo-configured"":""success""}"	true	playing	media-b8c9a5f04c	<media-path:3ba49b8978>	28100	7	true	"{""black_screen_risk_reason"":""null"",""blocked_media_count"":0,""consecutive_failures"":0,""current_index"":7,""current_item"":{""alias"":""media-b8c9a5f04c"",""duration_ms"":28100,""offset_ms"":0,""path_alias"":""<media-path:3ba49b8978>"",""started_at_present"":true},""last_poll_error"":""null"",""last_render_error"":""null"",""mpv_running"":true,""next_item"":{""alias"":""media-7eefea6ba2"",""duration_ms"":5000,""path_alias"":""<media-path:9e48f6362b>""},""playback_state"":""playing"",""playlist_size"":9,""present"":true,""uptime_sec"":743}"
93	96.095	2026-07-10T20:20:49+0000	success		380	<media-path:3ba49b8978>	<media-path:3ba49b8978>	<filename:e511e8bce0>	10.043367	28.061367	36.028537	false	false	false	305	v4l2request-copy	true	"{""aspect"":0.5625,""dh"":1920,""dw"":1080,""h"":1920,""par"":1.0,""pixelformat"":""nv12"",""rotate"":0,""stereo-in"":""mono"",""w"":1080}"	"{""duration"":""success"",""eof-reached"":""success"",""estimated-frame-number"":""success"",""filename"":""success"",""hwdec-current"":""success"",""idle-active"":""success"",""path"":""success"",""pause"":""success"",""percent-pos"":""success"",""time-pos"":""success"",""video-params"":""success"",""vo-configured"":""success""}"	true	playing	media-b8c9a5f04c	<media-path:3ba49b8978>	28100	7	true	"{""black_screen_risk_reason"":""null"",""blocked_media_count"":0,""consecutive_failures"":0,""current_index"":7,""current_item"":{""alias"":""media-b8c9a5f04c"",""duration_ms"":28100,""offset_ms"":0,""path_alias"":""<media-path:3ba49b8978>"",""started_at_present"":true},""last_poll_error"":""null"",""last_render_error"":""null"",""mpv_running"":true,""next_item"":{""alias"":""media-7eefea6ba2"",""duration_ms"":5000,""path_alias"":""<media-path:9e48f6362b>""},""playback_state"":""playing"",""playlist_size"":9,""present"":true,""uptime_sec"":748}"
94	97.479	2026-07-10T20:20:51+0000	success		469	<media-path:3ba49b8978>	<media-path:3ba49b8978>	<filename:e511e8bce0>	11.1111	28.061367	39.833532	false	false	false	337	v4l2request-copy	true	"{""aspect"":0.5625,""dh"":1920,""dw"":1080,""h"":1920,""par"":1.0,""pixelformat"":""nv12"",""rotate"":0,""stereo-in"":""mono"",""w"":1080}"	"{""duration"":""success"",""eof-reached"":""success"",""estimated-frame-number"":""success"",""filename"":""success"",""hwdec-current"":""success"",""idle-active"":""success"",""path"":""success"",""pause"":""success"",""percent-pos"":""success"",""time-pos"":""success"",""video-params"":""success"",""vo-configured"":""success""}"	true	playing	media-b8c9a5f04c	<media-path:3ba49b8978>	28100	7	true	"{""black_screen_risk_reason"":""null"",""blocked_media_count"":0,""consecutive_failures"":0,""current_index"":7,""current_item"":{""alias"":""media-b8c9a5f04c"",""duration_ms"":28100,""offset_ms"":0,""path_alias"":""<media-path:3ba49b8978>"",""started_at_present"":true},""last_poll_error"":""null"",""last_render_error"":""null"",""mpv_running"":true,""next_item"":{""alias"":""media-7eefea6ba2"",""duration_ms"":5000,""path_alias"":""<media-path:9e48f6362b>""},""playback_state"":""playing"",""playlist_size"":9,""present"":true,""uptime_sec"":748}"
95	98.952	2026-07-10T20:20:52+0000	success		449	<media-path:3ba49b8978>	<media-path:3ba49b8978>	<filename:e511e8bce0>	12.278933	28.061367	43.995244	false	false	false	372	v4l2request-copy	true	"{""aspect"":0.5625,""dh"":1920,""dw"":1080,""h"":1920,""par"":1.0,""pixelformat"":""nv12"",""rotate"":0,""stereo-in"":""mono"",""w"":1080}"	"{""duration"":""success"",""eof-reached"":""success"",""estimated-frame-number"":""success"",""filename"":""success"",""hwdec-current"":""success"",""idle-active"":""success"",""path"":""success"",""pause"":""success"",""percent-pos"":""success"",""time-pos"":""success"",""video-params"":""success"",""vo-configured"":""success""}"	true	playing	media-b8c9a5f04c	<media-path:3ba49b8978>	28100	7	true	"{""black_screen_risk_reason"":""null"",""blocked_media_count"":0,""consecutive_failures"":0,""current_index"":7,""current_item"":{""alias"":""media-b8c9a5f04c"",""duration_ms"":28100,""offset_ms"":0,""path_alias"":""<media-path:3ba49b8978>"",""started_at_present"":true},""last_poll_error"":""null"",""last_render_error"":""null"",""mpv_running"":true,""next_item"":{""alias"":""media-7eefea6ba2"",""duration_ms"":5000,""path_alias"":""<media-path:9e48f6362b>""},""playback_state"":""playing"",""playlist_size"":9,""present"":true,""uptime_sec"":748}"
96	100.405	2026-07-10T20:20:54+0000	success		479	<media-path:3ba49b8978>	<media-path:3ba49b8978>	<filename:e511e8bce0>	13.4134	28.061367	48.03805	false	false	false	406	v4l2request-copy	true	"{""aspect"":0.5625,""dh"":1920,""dw"":1080,""h"":1920,""par"":1.0,""pixelformat"":""nv12"",""rotate"":0,""stereo-in"":""mono"",""w"":1080}"	"{""duration"":""success"",""eof-reached"":""success"",""estimated-frame-number"":""success"",""filename"":""success"",""hwdec-current"":""success"",""idle-active"":""success"",""path"":""success"",""pause"":""success"",""percent-pos"":""success"",""time-pos"":""success"",""video-params"":""success"",""vo-configured"":""success""}"	true	playing	media-b8c9a5f04c	<media-path:3ba49b8978>	28100	7	true	"{""black_screen_risk_reason"":""null"",""blocked_media_count"":0,""consecutive_failures"":0,""current_index"":7,""current_item"":{""alias"":""media-b8c9a5f04c"",""duration_ms"":28100,""offset_ms"":0,""path_alias"":""<media-path:3ba49b8978>"",""started_at_present"":true},""last_poll_error"":""null"",""last_render_error"":""null"",""mpv_running"":true,""next_item"":{""alias"":""media-7eefea6ba2"",""duration_ms"":5000,""path_alias"":""<media-path:9e48f6362b>""},""playback_state"":""playing"",""playlist_size"":9,""present"":true,""uptime_sec"":753}"
97	101.887	2026-07-10T20:20:55+0000	success		287	<media-path:3ba49b8978>	<media-path:3ba49b8978>	<filename:e511e8bce0>	14.581233	28.061367	52.199762	false	false	false	441	v4l2request-copy	true	"{""aspect"":0.5625,""dh"":1920,""dw"":1080,""h"":1920,""par"":1.0,""pixelformat"":""nv12"",""rotate"":0,""stereo-in"":""mono"",""w"":1080}"	"{""duration"":""success"",""eof-reached"":""success"",""estimated-frame-number"":""success"",""filename"":""success"",""hwdec-current"":""success"",""idle-active"":""success"",""path"":""success"",""pause"":""success"",""percent-pos"":""success"",""time-pos"":""success"",""video-params"":""success"",""vo-configured"":""success""}"	true	playing	media-b8c9a5f04c	<media-path:3ba49b8978>	28100	7	true	"{""black_screen_risk_reason"":""null"",""blocked_media_count"":0,""consecutive_failures"":0,""current_index"":7,""current_item"":{""alias"":""media-b8c9a5f04c"",""duration_ms"":28100,""offset_ms"":0,""path_alias"":""<media-path:3ba49b8978>"",""started_at_present"":true},""last_poll_error"":""null"",""last_render_error"":""null"",""mpv_running"":true,""next_item"":{""alias"":""media-7eefea6ba2"",""duration_ms"":5000,""path_alias"":""<media-path:9e48f6362b>""},""playback_state"":""playing"",""playlist_size"":9,""present"":true,""uptime_sec"":753}"
98	103.178	2026-07-10T20:20:57+0000	success		469	<media-path:3ba49b8978>	<media-path:3ba49b8978>	<filename:e511e8bce0>	15.582233	28.061367	55.766944	false	false	false	471	v4l2request-copy	true	"{""aspect"":0.5625,""dh"":1920,""dw"":1080,""h"":1920,""par"":1.0,""pixelformat"":""nv12"",""rotate"":0,""stereo-in"":""mono"",""w"":1080}"	"{""duration"":""success"",""eof-reached"":""success"",""estimated-frame-number"":""success"",""filename"":""success"",""hwdec-current"":""success"",""idle-active"":""success"",""path"":""success"",""pause"":""success"",""percent-pos"":""success"",""time-pos"":""success"",""video-params"":""success"",""vo-configured"":""success""}"	true	playing	media-b8c9a5f04c	<media-path:3ba49b8978>	28100	7	true	"{""black_screen_risk_reason"":""null"",""blocked_media_count"":0,""consecutive_failures"":0,""current_index"":7,""current_item"":{""alias"":""media-b8c9a5f04c"",""duration_ms"":28100,""offset_ms"":0,""path_alias"":""<media-path:3ba49b8978>"",""started_at_present"":true},""last_poll_error"":""null"",""last_render_error"":""null"",""mpv_running"":true,""next_item"":{""alias"":""media-7eefea6ba2"",""duration_ms"":5000,""path_alias"":""<media-path:9e48f6362b>""},""playback_state"":""playing"",""playlist_size"":9,""present"":true,""uptime_sec"":753}"
99	104.649	2026-07-10T20:20:58+0000	success		454	<media-path:3ba49b8978>	<media-path:3ba49b8978>	<filename:e511e8bce0>	16.750067	28.061367	59.928656	false	false	false	506	v4l2request-copy	true	"{""aspect"":0.5625,""dh"":1920,""dw"":1080,""h"":1920,""par"":1.0,""pixelformat"":""nv12"",""rotate"":0,""stereo-in"":""mono"",""w"":1080}"	"{""duration"":""success"",""eof-reached"":""success"",""estimated-frame-number"":""success"",""filename"":""success"",""hwdec-current"":""success"",""idle-active"":""success"",""path"":""success"",""pause"":""success"",""percent-pos"":""success"",""time-pos"":""success"",""video-params"":""success"",""vo-configured"":""success""}"	true	playing	media-b8c9a5f04c	<media-path:3ba49b8978>	28100	7	true	"{""black_screen_risk_reason"":""null"",""blocked_media_count"":0,""consecutive_failures"":0,""current_index"":7,""current_item"":{""alias"":""media-b8c9a5f04c"",""duration_ms"":28100,""offset_ms"":0,""path_alias"":""<media-path:3ba49b8978>"",""started_at_present"":true},""last_poll_error"":""null"",""last_render_error"":""null"",""mpv_running"":true,""next_item"":{""alias"":""media-7eefea6ba2"",""duration_ms"":5000,""path_alias"":""<media-path:9e48f6362b>""},""playback_state"":""playing"",""playlist_size"":9,""present"":true,""uptime_sec"":753}"
100	106.109	2026-07-10T20:20:59+0000	success		93	<media-path:3ba49b8978>	<media-path:3ba49b8978>	<filename:e511e8bce0>	17.9179	28.061367	63.852556	false	false	false	537	v4l2request-copy	true	"{""aspect"":0.5625,""dh"":1920,""dw"":1080,""h"":1920,""par"":1.0,""pixelformat"":""nv12"",""rotate"":0,""stereo-in"":""mono"",""w"":1080}"	"{""duration"":""success"",""eof-reached"":""success"",""estimated-frame-number"":""success"",""filename"":""success"",""hwdec-current"":""success"",""idle-active"":""success"",""path"":""success"",""pause"":""success"",""percent-pos"":""success"",""time-pos"":""success"",""video-params"":""success"",""vo-configured"":""success""}"	true	playing	media-b8c9a5f04c	<media-path:3ba49b8978>	28100	7	true	"{""black_screen_risk_reason"":""null"",""blocked_media_count"":0,""consecutive_failures"":0,""current_index"":7,""current_item"":{""alias"":""media-b8c9a5f04c"",""duration_ms"":28100,""offset_ms"":0,""path_alias"":""<media-path:3ba49b8978>"",""started_at_present"":true},""last_poll_error"":""null"",""last_render_error"":""null"",""mpv_running"":true,""next_item"":{""alias"":""media-7eefea6ba2"",""duration_ms"":5000,""path_alias"":""<media-path:9e48f6362b>""},""playback_state"":""playing"",""playlist_size"":9,""present"":true,""uptime_sec"":758}"
101	107.206	2026-07-10T20:21:01+0000	success		488	<media-path:3ba49b8978>	<media-path:3ba49b8978>	<filename:e511e8bce0>	18.785433	28.061367	67.181926	false	false	false	567	v4l2request-copy	true	"{""aspect"":0.5625,""dh"":1920,""dw"":1080,""h"":1920,""par"":1.0,""pixelformat"":""nv12"",""rotate"":0,""stereo-in"":""mono"",""w"":1080}"	"{""duration"":""success"",""eof-reached"":""success"",""estimated-frame-number"":""success"",""filename"":""success"",""hwdec-current"":""success"",""idle-active"":""success"",""path"":""success"",""pause"":""success"",""percent-pos"":""success"",""time-pos"":""success"",""video-params"":""success"",""vo-configured"":""success""}"	true	playing	media-b8c9a5f04c	<media-path:3ba49b8978>	28100	7	true	"{""black_screen_risk_reason"":""null"",""blocked_media_count"":0,""consecutive_failures"":0,""current_index"":7,""current_item"":{""alias"":""media-b8c9a5f04c"",""duration_ms"":28100,""offset_ms"":0,""path_alias"":""<media-path:3ba49b8978>"",""started_at_present"":true},""last_poll_error"":""null"",""last_render_error"":""null"",""mpv_running"":true,""next_item"":{""alias"":""media-7eefea6ba2"",""duration_ms"":5000,""path_alias"":""<media-path:9e48f6362b>""},""playback_state"":""playing"",""playlist_size"":9,""present"":true,""uptime_sec"":758}"
102	108.698	2026-07-10T20:21:02+0000	success		413	<media-path:3ba49b8978>	<media-path:3ba49b8978>	<filename:e511e8bce0>	19.953267	28.061367	71.343639	false	false	false	602	v4l2request-copy	true	"{""aspect"":0.5625,""dh"":1920,""dw"":1080,""h"":1920,""par"":1.0,""pixelformat"":""nv12"",""rotate"":0,""stereo-in"":""mono"",""w"":1080}"	"{""duration"":""success"",""eof-reached"":""success"",""estimated-frame-number"":""success"",""filename"":""success"",""hwdec-current"":""success"",""idle-active"":""success"",""path"":""success"",""pause"":""success"",""percent-pos"":""success"",""time-pos"":""success"",""video-params"":""success"",""vo-configured"":""success""}"	true	playing	media-b8c9a5f04c	<media-path:3ba49b8978>	28100	7	true	"{""black_screen_risk_reason"":""null"",""blocked_media_count"":0,""consecutive_failures"":0,""current_index"":7,""current_item"":{""alias"":""media-b8c9a5f04c"",""duration_ms"":28100,""offset_ms"":0,""path_alias"":""<media-path:3ba49b8978>"",""started_at_present"":true},""last_poll_error"":""null"",""last_render_error"":""null"",""mpv_running"":true,""next_item"":{""alias"":""media-7eefea6ba2"",""duration_ms"":5000,""path_alias"":""<media-path:9e48f6362b>""},""playback_state"":""playing"",""playlist_size"":9,""present"":true,""uptime_sec"":758}"
103	110.114	2026-07-10T20:21:04+0000	success		483	<media-path:3ba49b8978>	<media-path:3ba49b8978>	<filename:e511e8bce0>	21.054367	28.061367	75.267539	false	false	false	635	v4l2request-copy	true	"{""aspect"":0.5625,""dh"":1920,""dw"":1080,""h"":1920,""par"":1.0,""pixelformat"":""nv12"",""rotate"":0,""stereo-in"":""mono"",""w"":1080}"	"{""duration"":""success"",""eof-reached"":""success"",""estimated-frame-number"":""success"",""filename"":""success"",""hwdec-current"":""success"",""idle-active"":""success"",""path"":""success"",""pause"":""success"",""percent-pos"":""success"",""time-pos"":""success"",""video-params"":""success"",""vo-configured"":""success""}"	true	playing	media-b8c9a5f04c	<media-path:3ba49b8978>	28100	7	true	"{""black_screen_risk_reason"":""null"",""blocked_media_count"":0,""consecutive_failures"":0,""current_index"":7,""current_item"":{""alias"":""media-b8c9a5f04c"",""duration_ms"":28100,""offset_ms"":0,""path_alias"":""<media-path:3ba49b8978>"",""started_at_present"":true},""last_poll_error"":""null"",""last_render_error"":""null"",""mpv_running"":true,""next_item"":{""alias"":""media-7eefea6ba2"",""duration_ms"":5000,""path_alias"":""<media-path:9e48f6362b>""},""playback_state"":""playing"",""playlist_size"":9,""present"":true,""uptime_sec"":763}"
104	111.600	2026-07-10T20:21:05+0000	success		135	<media-path:9e48f6362b>	<media-path:9e48f6362b>	<filename:4e569cdfc9>	0	5.041667	0.826446	false	false	false	1	v4l2request-copy	true	"{""aspect"":0.666667,""dh"":720,""dw"":480,""h"":720,""par"":1.0,""pixelformat"":""nv12"",""rotate"":0,""stereo-in"":""mono"",""w"":480}"	"{""duration"":""success"",""eof-reached"":""success"",""estimated-frame-number"":""success"",""filename"":""success"",""hwdec-current"":""success"",""idle-active"":""success"",""path"":""success"",""pause"":""success"",""percent-pos"":""success"",""time-pos"":""success"",""video-params"":""success"",""vo-configured"":""success""}"	true	playing	media-b8c9a5f04c	<media-path:3ba49b8978>	28100	7	true	"{""black_screen_risk_reason"":""null"",""blocked_media_count"":0,""consecutive_failures"":0,""current_index"":7,""current_item"":{""alias"":""media-b8c9a5f04c"",""duration_ms"":28100,""offset_ms"":0,""path_alias"":""<media-path:3ba49b8978>"",""started_at_present"":true},""last_poll_error"":""null"",""last_render_error"":""null"",""mpv_running"":true,""next_item"":{""alias"":""media-7eefea6ba2"",""duration_ms"":5000,""path_alias"":""<media-path:9e48f6362b>""},""playback_state"":""playing"",""playlist_size"":9,""present"":true,""uptime_sec"":763}"
105	112.737	2026-07-10T20:21:06+0000	success		2	<media-path:9e48f6362b>	<media-path:9e48f6362b>	<filename:4e569cdfc9>	1.041667	5.041667	20.661157	false	false	false	25	v4l2request-copy	true	"{""aspect"":0.666667,""dh"":720,""dw"":480,""h"":720,""par"":1.0,""pixelformat"":""nv12"",""rotate"":0,""stereo-in"":""mono"",""w"":480}"	"{""duration"":""success"",""eof-reached"":""success"",""estimated-frame-number"":""success"",""filename"":""success"",""hwdec-current"":""success"",""idle-active"":""success"",""path"":""success"",""pause"":""success"",""percent-pos"":""success"",""time-pos"":""success"",""video-params"":""success"",""vo-configured"":""success""}"	true	playing	media-b8c9a5f04c	<media-path:3ba49b8978>	28100	7	true	"{""black_screen_risk_reason"":""null"",""blocked_media_count"":0,""consecutive_failures"":0,""current_index"":7,""current_item"":{""alias"":""media-b8c9a5f04c"",""duration_ms"":28100,""offset_ms"":0,""path_alias"":""<media-path:3ba49b8978>"",""started_at_present"":true},""last_poll_error"":""null"",""last_render_error"":""null"",""mpv_running"":true,""next_item"":{""alias"":""media-7eefea6ba2"",""duration_ms"":5000,""path_alias"":""<media-path:9e48f6362b>""},""playback_state"":""playing"",""playlist_size"":9,""present"":true,""uptime_sec"":763}"
106	113.741	2026-07-10T20:21:07+0000	success		2	<media-path:9e48f6362b>	<media-path:9e48f6362b>	<filename:4e569cdfc9>	2.041667	5.041667	40.495868	false	false	false	49	v4l2request-copy	true	"{""aspect"":0.666667,""dh"":720,""dw"":480,""h"":720,""par"":1.0,""pixelformat"":""nv12"",""rotate"":0,""stereo-in"":""mono"",""w"":480}"	"{""duration"":""success"",""eof-reached"":""success"",""estimated-frame-number"":""success"",""filename"":""success"",""hwdec-current"":""success"",""idle-active"":""success"",""path"":""success"",""pause"":""success"",""percent-pos"":""success"",""time-pos"":""success"",""video-params"":""success"",""vo-configured"":""success""}"	true	playing	media-b8c9a5f04c	<media-path:3ba49b8978>	28100	7	true	"{""black_screen_risk_reason"":""null"",""blocked_media_count"":0,""consecutive_failures"":0,""current_index"":7,""current_item"":{""alias"":""media-b8c9a5f04c"",""duration_ms"":28100,""offset_ms"":0,""path_alias"":""<media-path:3ba49b8978>"",""started_at_present"":true},""last_poll_error"":""null"",""last_render_error"":""null"",""mpv_running"":true,""next_item"":{""alias"":""media-7eefea6ba2"",""duration_ms"":5000,""path_alias"":""<media-path:9e48f6362b>""},""playback_state"":""playing"",""playlist_size"":9,""present"":true,""uptime_sec"":763}"
107	114.745	2026-07-10T20:21:08+0000	success		2	<media-path:9e48f6362b>	<media-path:9e48f6362b>	<filename:4e569cdfc9>	3.041667	5.041667	60.330579	false	false	false	73	v4l2request-copy	true	"{""aspect"":0.666667,""dh"":720,""dw"":480,""h"":720,""par"":1.0,""pixelformat"":""nv12"",""rotate"":0,""stereo-in"":""mono"",""w"":480}"	"{""duration"":""success"",""eof-reached"":""success"",""estimated-frame-number"":""success"",""filename"":""success"",""hwdec-current"":""success"",""idle-active"":""success"",""path"":""success"",""pause"":""success"",""percent-pos"":""success"",""time-pos"":""success"",""video-params"":""success"",""vo-configured"":""success""}"	true	playing	media-b8c9a5f04c	<media-path:3ba49b8978>	28100	7	true	"{""black_screen_risk_reason"":""null"",""blocked_media_count"":0,""consecutive_failures"":0,""current_index"":7,""current_item"":{""alias"":""media-b8c9a5f04c"",""duration_ms"":28100,""offset_ms"":0,""path_alias"":""<media-path:3ba49b8978>"",""started_at_present"":true},""last_poll_error"":""null"",""last_render_error"":""null"",""mpv_running"":true,""next_item"":{""alias"":""media-7eefea6ba2"",""duration_ms"":5000,""path_alias"":""<media-path:9e48f6362b>""},""playback_state"":""playing"",""playlist_size"":9,""present"":true,""uptime_sec"":763}"
108	115.748	2026-07-10T20:21:09+0000	success		3	<media-path:9e48f6362b>	<media-path:9e48f6362b>	<filename:4e569cdfc9>	4.041667	5.041667	80.165289	false	false	false	97	v4l2request-copy	true	"{""aspect"":0.666667,""dh"":720,""dw"":480,""h"":720,""par"":1.0,""pixelformat"":""nv12"",""rotate"":0,""stereo-in"":""mono"",""w"":480}"	"{""duration"":""success"",""eof-reached"":""success"",""estimated-frame-number"":""success"",""filename"":""success"",""hwdec-current"":""success"",""idle-active"":""success"",""path"":""success"",""pause"":""success"",""percent-pos"":""success"",""time-pos"":""success"",""video-params"":""success"",""vo-configured"":""success""}"	true	playing	media-7eefea6ba2	<media-path:9e48f6362b>	5000	8	true	"{""black_screen_risk_reason"":""null"",""blocked_media_count"":0,""consecutive_failures"":0,""current_index"":8,""current_item"":{""alias"":""media-7eefea6ba2"",""duration_ms"":5000,""offset_ms"":0,""path_alias"":""<media-path:9e48f6362b>"",""started_at_present"":true},""last_poll_error"":""null"",""last_render_error"":""null"",""mpv_running"":true,""next_item"":{""alias"":""media-63e22e276f"",""duration_ms"":15100,""path_alias"":""<media-path:c406539999>""},""playback_state"":""playing"",""playlist_size"":9,""present"":true,""uptime_sec"":768}"
109	116.756	2026-07-10T20:21:10+0000	success		100	<media-path:c406539999>	<media-path:c406539999>	<filename:aaf3979e21>	0	15.069751	0.221194	false	false	false	1	v4l2request-copy	true	"{""aspect"":0.566038,""dh"":848,""dw"":480,""h"":848,""par"":1.0,""pixelformat"":""nv12"",""rotate"":0,""stereo-in"":""mono"",""w"":480}"	"{""duration"":""success"",""eof-reached"":""success"",""estimated-frame-number"":""success"",""filename"":""success"",""hwdec-current"":""success"",""idle-active"":""success"",""path"":""success"",""pause"":""success"",""percent-pos"":""success"",""time-pos"":""success"",""video-params"":""success"",""vo-configured"":""success""}"	true	playing	media-7eefea6ba2	<media-path:9e48f6362b>	5000	8	true	"{""black_screen_risk_reason"":""null"",""blocked_media_count"":0,""consecutive_failures"":0,""current_index"":8,""current_item"":{""alias"":""media-7eefea6ba2"",""duration_ms"":5000,""offset_ms"":0,""path_alias"":""<media-path:9e48f6362b>"",""started_at_present"":true},""last_poll_error"":""null"",""last_render_error"":""null"",""mpv_running"":true,""next_item"":{""alias"":""media-63e22e276f"",""duration_ms"":15100,""path_alias"":""<media-path:c406539999>""},""playback_state"":""playing"",""playlist_size"":9,""present"":true,""uptime_sec"":768}"
110	117.861	2026-07-10T20:21:11+0000	success		3	<media-path:c406539999>	<media-path:c406539999>	<filename:aaf3979e21>	1.066667	15.069751	7.078197	false	false	false	32	v4l2request-copy	true	"{""aspect"":0.566038,""dh"":848,""dw"":480,""h"":848,""par"":1.0,""pixelformat"":""nv12"",""rotate"":0,""stereo-in"":""mono"",""w"":480}"	"{""duration"":""success"",""eof-reached"":""success"",""estimated-frame-number"":""success"",""filename"":""success"",""hwdec-current"":""success"",""idle-active"":""success"",""path"":""success"",""pause"":""success"",""percent-pos"":""success"",""time-pos"":""success"",""video-params"":""success"",""vo-configured"":""success""}"	true	playing	media-7eefea6ba2	<media-path:9e48f6362b>	5000	8	true	"{""black_screen_risk_reason"":""null"",""blocked_media_count"":0,""consecutive_failures"":0,""current_index"":8,""current_item"":{""alias"":""media-7eefea6ba2"",""duration_ms"":5000,""offset_ms"":0,""path_alias"":""<media-path:9e48f6362b>"",""started_at_present"":true},""last_poll_error"":""null"",""last_render_error"":""null"",""mpv_running"":true,""next_item"":{""alias"":""media-63e22e276f"",""duration_ms"":15100,""path_alias"":""<media-path:c406539999>""},""playback_state"":""playing"",""playlist_size"":9,""present"":true,""uptime_sec"":768}"
111	118.866	2026-07-10T20:21:12+0000	success		2	<media-path:c406539999>	<media-path:c406539999>	<filename:aaf3979e21>	2.066667	15.069751	13.714007	false	false	false	62	v4l2request-copy	true	"{""aspect"":0.566038,""dh"":848,""dw"":480,""h"":848,""par"":1.0,""pixelformat"":""nv12"",""rotate"":0,""stereo-in"":""mono"",""w"":480}"	"{""duration"":""success"",""eof-reached"":""success"",""estimated-frame-number"":""success"",""filename"":""success"",""hwdec-current"":""success"",""idle-active"":""success"",""path"":""success"",""pause"":""success"",""percent-pos"":""success"",""time-pos"":""success"",""video-params"":""success"",""vo-configured"":""success""}"	true	playing	media-7eefea6ba2	<media-path:9e48f6362b>	5000	8	true	"{""black_screen_risk_reason"":""null"",""blocked_media_count"":0,""consecutive_failures"":0,""current_index"":8,""current_item"":{""alias"":""media-7eefea6ba2"",""duration_ms"":5000,""offset_ms"":0,""path_alias"":""<media-path:9e48f6362b>"",""started_at_present"":true},""last_poll_error"":""null"",""last_render_error"":""null"",""mpv_running"":true,""next_item"":{""alias"":""media-63e22e276f"",""duration_ms"":15100,""path_alias"":""<media-path:c406539999>""},""playback_state"":""playing"",""playlist_size"":9,""present"":true,""uptime_sec"":768}"
112	119.870	2026-07-10T20:21:13+0000	success		2	<media-path:c406539999>	<media-path:c406539999>	<filename:aaf3979e21>	3.066667	15.069751	20.349817	false	false	false	92	v4l2request-copy	true	"{""aspect"":0.566038,""dh"":848,""dw"":480,""h"":848,""par"":1.0,""pixelformat"":""nv12"",""rotate"":0,""stereo-in"":""mono"",""w"":480}"	"{""duration"":""success"",""eof-reached"":""success"",""estimated-frame-number"":""success"",""filename"":""success"",""hwdec-current"":""success"",""idle-active"":""success"",""path"":""success"",""pause"":""success"",""percent-pos"":""success"",""time-pos"":""success"",""video-params"":""success"",""vo-configured"":""success""}"	true	playing	media-7eefea6ba2	<media-path:9e48f6362b>	5000	8	true	"{""black_screen_risk_reason"":""null"",""blocked_media_count"":0,""consecutive_failures"":0,""current_index"":8,""current_item"":{""alias"":""media-7eefea6ba2"",""duration_ms"":5000,""offset_ms"":0,""path_alias"":""<media-path:9e48f6362b>"",""started_at_present"":true},""last_poll_error"":""null"",""last_render_error"":""null"",""mpv_running"":true,""next_item"":{""alias"":""media-63e22e276f"",""duration_ms"":15100,""path_alias"":""<media-path:c406539999>""},""playback_state"":""playing"",""playlist_size"":9,""present"":true,""uptime_sec"":768}"
113	120.874	2026-07-10T20:21:14+0000	success		2	<media-path:c406539999>	<media-path:c406539999>	<filename:aaf3979e21>	4.1	15.069751	27.206821	false	false	false	123	v4l2request-copy	true	"{""aspect"":0.566038,""dh"":848,""dw"":480,""h"":848,""par"":1.0,""pixelformat"":""nv12"",""rotate"":0,""stereo-in"":""mono"",""w"":480}"	"{""duration"":""success"",""eof-reached"":""success"",""estimated-frame-number"":""success"",""filename"":""success"",""hwdec-current"":""success"",""idle-active"":""success"",""path"":""success"",""pause"":""success"",""percent-pos"":""success"",""time-pos"":""success"",""video-params"":""success"",""vo-configured"":""success""}"	true	playing	media-63e22e276f	<media-path:c406539999>	15100	0	true	"{""black_screen_risk_reason"":""null"",""blocked_media_count"":0,""consecutive_failures"":0,""current_index"":0,""current_item"":{""alias"":""media-63e22e276f"",""duration_ms"":15100,""offset_ms"":0,""path_alias"":""<media-path:c406539999>"",""started_at_present"":true},""last_poll_error"":""null"",""last_render_error"":""null"",""mpv_running"":true,""next_item"":{""alias"":""media-b04db49d99"",""duration_ms"":15100,""path_alias"":""<media-path:2b030c3c41>""},""playback_state"":""playing"",""playlist_size"":9,""present"":true,""uptime_sec"":773}"
114	121.879	2026-07-10T20:21:15+0000	success		2	<media-path:c406539999>	<media-path:c406539999>	<filename:aaf3979e21>	5.1	15.069751	33.84263	false	false	false	153	v4l2request-copy	true	"{""aspect"":0.566038,""dh"":848,""dw"":480,""h"":848,""par"":1.0,""pixelformat"":""nv12"",""rotate"":0,""stereo-in"":""mono"",""w"":480}"	"{""duration"":""success"",""eof-reached"":""success"",""estimated-frame-number"":""success"",""filename"":""success"",""hwdec-current"":""success"",""idle-active"":""success"",""path"":""success"",""pause"":""success"",""percent-pos"":""success"",""time-pos"":""success"",""video-params"":""success"",""vo-configured"":""success""}"	true	playing	media-63e22e276f	<media-path:c406539999>	15100	0	true	"{""black_screen_risk_reason"":""null"",""blocked_media_count"":0,""consecutive_failures"":0,""current_index"":0,""current_item"":{""alias"":""media-63e22e276f"",""duration_ms"":15100,""offset_ms"":0,""path_alias"":""<media-path:c406539999>"",""started_at_present"":true},""last_poll_error"":""null"",""last_render_error"":""null"",""mpv_running"":true,""next_item"":{""alias"":""media-b04db49d99"",""duration_ms"":15100,""path_alias"":""<media-path:2b030c3c41>""},""playback_state"":""playing"",""playlist_size"":9,""present"":true,""uptime_sec"":773}"
115	122.883	2026-07-10T20:21:16+0000	success		2	<media-path:c406539999>	<media-path:c406539999>	<filename:aaf3979e21>	6.1	15.069751	40.47844	false	false	false	183	v4l2request-copy	true	"{""aspect"":0.566038,""dh"":848,""dw"":480,""h"":848,""par"":1.0,""pixelformat"":""nv12"",""rotate"":0,""stereo-in"":""mono"",""w"":480}"	"{""duration"":""success"",""eof-reached"":""success"",""estimated-frame-number"":""success"",""filename"":""success"",""hwdec-current"":""success"",""idle-active"":""success"",""path"":""success"",""pause"":""success"",""percent-pos"":""success"",""time-pos"":""success"",""video-params"":""success"",""vo-configured"":""success""}"	true	playing	media-63e22e276f	<media-path:c406539999>	15100	0	true	"{""black_screen_risk_reason"":""null"",""blocked_media_count"":0,""consecutive_failures"":0,""current_index"":0,""current_item"":{""alias"":""media-63e22e276f"",""duration_ms"":15100,""offset_ms"":0,""path_alias"":""<media-path:c406539999>"",""started_at_present"":true},""last_poll_error"":""null"",""last_render_error"":""null"",""mpv_running"":true,""next_item"":{""alias"":""media-b04db49d99"",""duration_ms"":15100,""path_alias"":""<media-path:2b030c3c41>""},""playback_state"":""playing"",""playlist_size"":9,""present"":true,""uptime_sec"":773}"
116	123.888	2026-07-10T20:21:17+0000	success		6	<media-path:c406539999>	<media-path:c406539999>	<filename:aaf3979e21>	7.1	15.069751	47.11425	false	false	false	213	v4l2request-copy	true	"{""aspect"":0.566038,""dh"":848,""dw"":480,""h"":848,""par"":1.0,""pixelformat"":""nv12"",""rotate"":0,""stereo-in"":""mono"",""w"":480}"	"{""duration"":""success"",""eof-reached"":""success"",""estimated-frame-number"":""success"",""filename"":""success"",""hwdec-current"":""success"",""idle-active"":""success"",""path"":""success"",""pause"":""success"",""percent-pos"":""success"",""time-pos"":""success"",""video-params"":""success"",""vo-configured"":""success""}"	true	playing	media-63e22e276f	<media-path:c406539999>	15100	0	true	"{""black_screen_risk_reason"":""null"",""blocked_media_count"":0,""consecutive_failures"":0,""current_index"":0,""current_item"":{""alias"":""media-63e22e276f"",""duration_ms"":15100,""offset_ms"":0,""path_alias"":""<media-path:c406539999>"",""started_at_present"":true},""last_poll_error"":""null"",""last_render_error"":""null"",""mpv_running"":true,""next_item"":{""alias"":""media-b04db49d99"",""duration_ms"":15100,""path_alias"":""<media-path:2b030c3c41>""},""playback_state"":""playing"",""playlist_size"":9,""present"":true,""uptime_sec"":773}"
117	124.897	2026-07-10T20:21:18+0000	success		2	<media-path:c406539999>	<media-path:c406539999>	<filename:aaf3979e21>	8.1	15.069751	53.75006	false	false	false	243	v4l2request-copy	true	"{""aspect"":0.566038,""dh"":848,""dw"":480,""h"":848,""par"":1.0,""pixelformat"":""nv12"",""rotate"":0,""stereo-in"":""mono"",""w"":480}"	"{""duration"":""success"",""eof-reached"":""success"",""estimated-frame-number"":""success"",""filename"":""success"",""hwdec-current"":""success"",""idle-active"":""success"",""path"":""success"",""pause"":""success"",""percent-pos"":""success"",""time-pos"":""success"",""video-params"":""success"",""vo-configured"":""success""}"	true	playing	media-63e22e276f	<media-path:c406539999>	15100	0	true	"{""black_screen_risk_reason"":""null"",""blocked_media_count"":0,""consecutive_failures"":0,""current_index"":0,""current_item"":{""alias"":""media-63e22e276f"",""duration_ms"":15100,""offset_ms"":0,""path_alias"":""<media-path:c406539999>"",""started_at_present"":true},""last_poll_error"":""null"",""last_render_error"":""null"",""mpv_running"":true,""next_item"":{""alias"":""media-b04db49d99"",""duration_ms"":15100,""path_alias"":""<media-path:2b030c3c41>""},""playback_state"":""playing"",""playlist_size"":9,""present"":true,""uptime_sec"":773}"
118	125.901	2026-07-10T20:21:19+0000	success		3	<media-path:c406539999>	<media-path:c406539999>	<filename:aaf3979e21>	9.1	15.069751	60.38587	false	false	false	273	v4l2request-copy	true	"{""aspect"":0.566038,""dh"":848,""dw"":480,""h"":848,""par"":1.0,""pixelformat"":""nv12"",""rotate"":0,""stereo-in"":""mono"",""w"":480}"	"{""duration"":""success"",""eof-reached"":""success"",""estimated-frame-number"":""success"",""filename"":""success"",""hwdec-current"":""success"",""idle-active"":""success"",""path"":""success"",""pause"":""success"",""percent-pos"":""success"",""time-pos"":""success"",""video-params"":""success"",""vo-configured"":""success""}"	true	playing	media-63e22e276f	<media-path:c406539999>	15100	0	true	"{""black_screen_risk_reason"":""null"",""blocked_media_count"":0,""consecutive_failures"":0,""current_index"":0,""current_item"":{""alias"":""media-63e22e276f"",""duration_ms"":15100,""offset_ms"":0,""path_alias"":""<media-path:c406539999>"",""started_at_present"":true},""last_poll_error"":""null"",""last_render_error"":""null"",""mpv_running"":true,""next_item"":{""alias"":""media-b04db49d99"",""duration_ms"":15100,""path_alias"":""<media-path:2b030c3c41>""},""playback_state"":""playing"",""playlist_size"":9,""present"":true,""uptime_sec"":778}"
119	126.907	2026-07-10T20:21:20+0000	success		2	<media-path:c406539999>	<media-path:c406539999>	<filename:aaf3979e21>	10.133333	15.069751	67.242874	false	false	false	304	v4l2request-copy	true	"{""aspect"":0.566038,""dh"":848,""dw"":480,""h"":848,""par"":1.0,""pixelformat"":""nv12"",""rotate"":0,""stereo-in"":""mono"",""w"":480}"	"{""duration"":""success"",""eof-reached"":""success"",""estimated-frame-number"":""success"",""filename"":""success"",""hwdec-current"":""success"",""idle-active"":""success"",""path"":""success"",""pause"":""success"",""percent-pos"":""success"",""time-pos"":""success"",""video-params"":""success"",""vo-configured"":""success""}"	true	playing	media-63e22e276f	<media-path:c406539999>	15100	0	true	"{""black_screen_risk_reason"":""null"",""blocked_media_count"":0,""consecutive_failures"":0,""current_index"":0,""current_item"":{""alias"":""media-63e22e276f"",""duration_ms"":15100,""offset_ms"":0,""path_alias"":""<media-path:c406539999>"",""started_at_present"":true},""last_poll_error"":""null"",""last_render_error"":""null"",""mpv_running"":true,""next_item"":{""alias"":""media-b04db49d99"",""duration_ms"":15100,""path_alias"":""<media-path:2b030c3c41>""},""playback_state"":""playing"",""playlist_size"":9,""present"":true,""uptime_sec"":778}"
120	127.912	2026-07-10T20:21:21+0000	success		2	<media-path:c406539999>	<media-path:c406539999>	<filename:aaf3979e21>	11.133333	15.069751	73.878684	false	false	false	334	v4l2request-copy	true	"{""aspect"":0.566038,""dh"":848,""dw"":480,""h"":848,""par"":1.0,""pixelformat"":""nv12"",""rotate"":0,""stereo-in"":""mono"",""w"":480}"	"{""duration"":""success"",""eof-reached"":""success"",""estimated-frame-number"":""success"",""filename"":""success"",""hwdec-current"":""success"",""idle-active"":""success"",""path"":""success"",""pause"":""success"",""percent-pos"":""success"",""time-pos"":""success"",""video-params"":""success"",""vo-configured"":""success""}"	true	playing	media-63e22e276f	<media-path:c406539999>	15100	0	true	"{""black_screen_risk_reason"":""null"",""blocked_media_count"":0,""consecutive_failures"":0,""current_index"":0,""current_item"":{""alias"":""media-63e22e276f"",""duration_ms"":15100,""offset_ms"":0,""path_alias"":""<media-path:c406539999>"",""started_at_present"":true},""last_poll_error"":""null"",""last_render_error"":""null"",""mpv_running"":true,""next_item"":{""alias"":""media-b04db49d99"",""duration_ms"":15100,""path_alias"":""<media-path:2b030c3c41>""},""playback_state"":""playing"",""playlist_size"":9,""present"":true,""uptime_sec"":778}"
121	128.916	2026-07-10T20:21:22+0000	success		2	<media-path:c406539999>	<media-path:c406539999>	<filename:aaf3979e21>	12.133333	15.069751	80.514493	false	false	false	364	v4l2request-copy	true	"{""aspect"":0.566038,""dh"":848,""dw"":480,""h"":848,""par"":1.0,""pixelformat"":""nv12"",""rotate"":0,""stereo-in"":""mono"",""w"":480}"	"{""duration"":""success"",""eof-reached"":""success"",""estimated-frame-number"":""success"",""filename"":""success"",""hwdec-current"":""success"",""idle-active"":""success"",""path"":""success"",""pause"":""success"",""percent-pos"":""success"",""time-pos"":""success"",""video-params"":""success"",""vo-configured"":""success""}"	true	playing	media-63e22e276f	<media-path:c406539999>	15100	0	true	"{""black_screen_risk_reason"":""null"",""blocked_media_count"":0,""consecutive_failures"":0,""current_index"":0,""current_item"":{""alias"":""media-63e22e276f"",""duration_ms"":15100,""offset_ms"":0,""path_alias"":""<media-path:c406539999>"",""started_at_present"":true},""last_poll_error"":""null"",""last_render_error"":""null"",""mpv_running"":true,""next_item"":{""alias"":""media-b04db49d99"",""duration_ms"":15100,""path_alias"":""<media-path:2b030c3c41>""},""playback_state"":""playing"",""playlist_size"":9,""present"":true,""uptime_sec"":778}"
122	129.920	2026-07-10T20:21:23+0000	success		2	<media-path:c406539999>	<media-path:c406539999>	<filename:aaf3979e21>	13.133333	15.069751	87.150303	false	false	false	394	v4l2request-copy	true	"{""aspect"":0.566038,""dh"":848,""dw"":480,""h"":848,""par"":1.0,""pixelformat"":""nv12"",""rotate"":0,""stereo-in"":""mono"",""w"":480}"	"{""duration"":""success"",""eof-reached"":""success"",""estimated-frame-number"":""success"",""filename"":""success"",""hwdec-current"":""success"",""idle-active"":""success"",""path"":""success"",""pause"":""success"",""percent-pos"":""success"",""time-pos"":""success"",""video-params"":""success"",""vo-configured"":""success""}"	true	playing	media-63e22e276f	<media-path:c406539999>	15100	0	true	"{""black_screen_risk_reason"":""null"",""blocked_media_count"":0,""consecutive_failures"":0,""current_index"":0,""current_item"":{""alias"":""media-63e22e276f"",""duration_ms"":15100,""offset_ms"":0,""path_alias"":""<media-path:c406539999>"",""started_at_present"":true},""last_poll_error"":""null"",""last_render_error"":""null"",""mpv_running"":true,""next_item"":{""alias"":""media-b04db49d99"",""duration_ms"":15100,""path_alias"":""<media-path:2b030c3c41>""},""playback_state"":""playing"",""playlist_size"":9,""present"":true,""uptime_sec"":778}"
123	130.924	2026-07-10T20:21:24+0000	success		11	<media-path:c406539999>	<media-path:c406539999>	<filename:aaf3979e21>	14.133333	15.069751	93.786113	false	false	false	424	v4l2request-copy	true	"{""aspect"":0.566038,""dh"":848,""dw"":480,""h"":848,""par"":1.0,""pixelformat"":""nv12"",""rotate"":0,""stereo-in"":""mono"",""w"":480}"	"{""duration"":""success"",""eof-reached"":""success"",""estimated-frame-number"":""success"",""filename"":""success"",""hwdec-current"":""success"",""idle-active"":""success"",""path"":""success"",""pause"":""success"",""percent-pos"":""success"",""time-pos"":""success"",""video-params"":""success"",""vo-configured"":""success""}"	true	playing	media-63e22e276f	<media-path:c406539999>	15100	0	true	"{""black_screen_risk_reason"":""null"",""blocked_media_count"":0,""consecutive_failures"":0,""current_index"":0,""current_item"":{""alias"":""media-63e22e276f"",""duration_ms"":15100,""offset_ms"":0,""path_alias"":""<media-path:c406539999>"",""started_at_present"":true},""last_poll_error"":""null"",""last_render_error"":""null"",""mpv_running"":true,""next_item"":{""alias"":""media-b04db49d99"",""duration_ms"":15100,""path_alias"":""<media-path:2b030c3c41>""},""playback_state"":""playing"",""playlist_size"":9,""present"":true,""uptime_sec"":783}"
124	131.938	2026-07-10T20:21:25+0000	success		15	<media-path:c406539999>	<media-path:c406539999>	<filename:aaf3979e21>	0.066667	15.069751	0.442387	false	false	false	2	v4l2request-copy	true	"{""aspect"":0.566038,""dh"":848,""dw"":480,""h"":848,""par"":1.0,""pixelformat"":""nv12"",""rotate"":0,""stereo-in"":""mono"",""w"":480}"	"{""duration"":""success"",""eof-reached"":""success"",""estimated-frame-number"":""success"",""filename"":""success"",""hwdec-current"":""success"",""idle-active"":""success"",""path"":""success"",""pause"":""success"",""percent-pos"":""success"",""time-pos"":""success"",""video-params"":""success"",""vo-configured"":""success""}"	true	playing	media-63e22e276f	<media-path:c406539999>	15100	0	true	"{""black_screen_risk_reason"":""null"",""blocked_media_count"":0,""consecutive_failures"":0,""current_index"":0,""current_item"":{""alias"":""media-63e22e276f"",""duration_ms"":15100,""offset_ms"":0,""path_alias"":""<media-path:c406539999>"",""started_at_present"":true},""last_poll_error"":""null"",""last_render_error"":""null"",""mpv_running"":true,""next_item"":{""alias"":""media-b04db49d99"",""duration_ms"":15100,""path_alias"":""<media-path:2b030c3c41>""},""playback_state"":""playing"",""playlist_size"":9,""present"":true,""uptime_sec"":783}"
125	132.956	2026-07-10T20:21:26+0000	success		2	<media-path:2b030c3c41>	<media-path:2b030c3c41>	<filename:c617160627>	0.9	15.1	5.960265	false	false	false	27	v4l2request-copy	true	"{""aspect"":0.566038,""dh"":848,""dw"":480,""h"":848,""par"":1.0,""pixelformat"":""nv12"",""rotate"":0,""stereo-in"":""mono"",""w"":480}"	"{""duration"":""success"",""eof-reached"":""success"",""estimated-frame-number"":""success"",""filename"":""success"",""hwdec-current"":""success"",""idle-active"":""success"",""path"":""success"",""pause"":""success"",""percent-pos"":""success"",""time-pos"":""success"",""video-params"":""success"",""vo-configured"":""success""}"	true	playing	media-63e22e276f	<media-path:c406539999>	15100	0	true	"{""black_screen_risk_reason"":""null"",""blocked_media_count"":0,""consecutive_failures"":0,""current_index"":0,""current_item"":{""alias"":""media-63e22e276f"",""duration_ms"":15100,""offset_ms"":0,""path_alias"":""<media-path:c406539999>"",""started_at_present"":true},""last_poll_error"":""null"",""last_render_error"":""null"",""mpv_running"":true,""next_item"":{""alias"":""media-b04db49d99"",""duration_ms"":15100,""path_alias"":""<media-path:2b030c3c41>""},""playback_state"":""playing"",""playlist_size"":9,""present"":true,""uptime_sec"":783}"
126	133.961	2026-07-10T20:21:27+0000	success		2	<media-path:2b030c3c41>	<media-path:2b030c3c41>	<filename:c617160627>	1.866667	15.1	12.362031	false	false	false	56	v4l2request-copy	true	"{""aspect"":0.566038,""dh"":848,""dw"":480,""h"":848,""par"":1.0,""pixelformat"":""nv12"",""rotate"":0,""stereo-in"":""mono"",""w"":480}"	"{""duration"":""success"",""eof-reached"":""success"",""estimated-frame-number"":""success"",""filename"":""success"",""hwdec-current"":""success"",""idle-active"":""success"",""path"":""success"",""pause"":""success"",""percent-pos"":""success"",""time-pos"":""success"",""video-params"":""success"",""vo-configured"":""success""}"	true	playing	media-63e22e276f	<media-path:c406539999>	15100	0	true	"{""black_screen_risk_reason"":""null"",""blocked_media_count"":0,""consecutive_failures"":0,""current_index"":0,""current_item"":{""alias"":""media-63e22e276f"",""duration_ms"":15100,""offset_ms"":0,""path_alias"":""<media-path:c406539999>"",""started_at_present"":true},""last_poll_error"":""null"",""last_render_error"":""null"",""mpv_running"":true,""next_item"":{""alias"":""media-b04db49d99"",""duration_ms"":15100,""path_alias"":""<media-path:2b030c3c41>""},""playback_state"":""playing"",""playlist_size"":9,""present"":true,""uptime_sec"":783}"
127	134.966	2026-07-10T20:21:28+0000	success		2	<media-path:2b030c3c41>	<media-path:2b030c3c41>	<filename:c617160627>	2.9	15.1	19.205298	false	false	false	87	v4l2request-copy	true	"{""aspect"":0.566038,""dh"":848,""dw"":480,""h"":848,""par"":1.0,""pixelformat"":""nv12"",""rotate"":0,""stereo-in"":""mono"",""w"":480}"	"{""duration"":""success"",""eof-reached"":""success"",""estimated-frame-number"":""success"",""filename"":""success"",""hwdec-current"":""success"",""idle-active"":""success"",""path"":""success"",""pause"":""success"",""percent-pos"":""success"",""time-pos"":""success"",""video-params"":""success"",""vo-configured"":""success""}"	true	playing	media-63e22e276f	<media-path:c406539999>	15100	0	true	"{""black_screen_risk_reason"":""null"",""blocked_media_count"":0,""consecutive_failures"":0,""current_index"":0,""current_item"":{""alias"":""media-63e22e276f"",""duration_ms"":15100,""offset_ms"":0,""path_alias"":""<media-path:c406539999>"",""started_at_present"":true},""last_poll_error"":""null"",""last_render_error"":""null"",""mpv_running"":true,""next_item"":{""alias"":""media-b04db49d99"",""duration_ms"":15100,""path_alias"":""<media-path:2b030c3c41>""},""playback_state"":""playing"",""playlist_size"":9,""present"":true,""uptime_sec"":783}"
128	135.970	2026-07-10T20:21:29+0000	success		12	<media-path:2b030c3c41>	<media-path:2b030c3c41>	<filename:c617160627>	3.9	15.1	25.827815	false	false	false	117	v4l2request-copy	true	"{""aspect"":0.566038,""dh"":848,""dw"":480,""h"":848,""par"":1.0,""pixelformat"":""nv12"",""rotate"":0,""stereo-in"":""mono"",""w"":480}"	"{""duration"":""success"",""eof-reached"":""success"",""estimated-frame-number"":""success"",""filename"":""success"",""hwdec-current"":""success"",""idle-active"":""success"",""path"":""success"",""pause"":""success"",""percent-pos"":""success"",""time-pos"":""success"",""video-params"":""success"",""vo-configured"":""success""}"	true	playing	media-b04db49d99	<media-path:2b030c3c41>	15100	1	true	"{""black_screen_risk_reason"":""null"",""blocked_media_count"":0,""consecutive_failures"":0,""current_index"":1,""current_item"":{""alias"":""media-b04db49d99"",""duration_ms"":15100,""offset_ms"":0,""path_alias"":""<media-path:2b030c3c41>"",""started_at_present"":true},""last_poll_error"":""null"",""last_render_error"":""null"",""mpv_running"":true,""next_item"":{""alias"":""media-8ffdc1f445"",""duration_ms"":14000,""path_alias"":""<media-path:fee4d36eb4>""},""playback_state"":""playing"",""playlist_size"":9,""present"":true,""uptime_sec"":788}"
129	136.984	2026-07-10T20:21:30+0000	success		3	<media-path:2b030c3c41>	<media-path:2b030c3c41>	<filename:c617160627>	4.9	15.1	32.450331	false	false	false	147	v4l2request-copy	true	"{""aspect"":0.566038,""dh"":848,""dw"":480,""h"":848,""par"":1.0,""pixelformat"":""nv12"",""rotate"":0,""stereo-in"":""mono"",""w"":480}"	"{""duration"":""success"",""eof-reached"":""success"",""estimated-frame-number"":""success"",""filename"":""success"",""hwdec-current"":""success"",""idle-active"":""success"",""path"":""success"",""pause"":""success"",""percent-pos"":""success"",""time-pos"":""success"",""video-params"":""success"",""vo-configured"":""success""}"	true	playing	media-b04db49d99	<media-path:2b030c3c41>	15100	1	true	"{""black_screen_risk_reason"":""null"",""blocked_media_count"":0,""consecutive_failures"":0,""current_index"":1,""current_item"":{""alias"":""media-b04db49d99"",""duration_ms"":15100,""offset_ms"":0,""path_alias"":""<media-path:2b030c3c41>"",""started_at_present"":true},""last_poll_error"":""null"",""last_render_error"":""null"",""mpv_running"":true,""next_item"":{""alias"":""media-8ffdc1f445"",""duration_ms"":14000,""path_alias"":""<media-path:fee4d36eb4>""},""playback_state"":""playing"",""playlist_size"":9,""present"":true,""uptime_sec"":788}"
130	137.990	2026-07-10T20:21:31+0000	success		2	<media-path:2b030c3c41>	<media-path:2b030c3c41>	<filename:c617160627>	5.933333	15.1	39.293598	false	false	false	178	v4l2request-copy	true	"{""aspect"":0.566038,""dh"":848,""dw"":480,""h"":848,""par"":1.0,""pixelformat"":""nv12"",""rotate"":0,""stereo-in"":""mono"",""w"":480}"	"{""duration"":""success"",""eof-reached"":""success"",""estimated-frame-number"":""success"",""filename"":""success"",""hwdec-current"":""success"",""idle-active"":""success"",""path"":""success"",""pause"":""success"",""percent-pos"":""success"",""time-pos"":""success"",""video-params"":""success"",""vo-configured"":""success""}"	true	playing	media-b04db49d99	<media-path:2b030c3c41>	15100	1	true	"{""black_screen_risk_reason"":""null"",""blocked_media_count"":0,""consecutive_failures"":0,""current_index"":1,""current_item"":{""alias"":""media-b04db49d99"",""duration_ms"":15100,""offset_ms"":0,""path_alias"":""<media-path:2b030c3c41>"",""started_at_present"":true},""last_poll_error"":""null"",""last_render_error"":""null"",""mpv_running"":true,""next_item"":{""alias"":""media-8ffdc1f445"",""duration_ms"":14000,""path_alias"":""<media-path:fee4d36eb4>""},""playback_state"":""playing"",""playlist_size"":9,""present"":true,""uptime_sec"":788}"
131	138.994	2026-07-10T20:21:32+0000	success		2	<media-path:2b030c3c41>	<media-path:2b030c3c41>	<filename:c617160627>	6.933333	15.1	45.916115	false	false	false	208	v4l2request-copy	true	"{""aspect"":0.566038,""dh"":848,""dw"":480,""h"":848,""par"":1.0,""pixelformat"":""nv12"",""rotate"":0,""stereo-in"":""mono"",""w"":480}"	"{""duration"":""success"",""eof-reached"":""success"",""estimated-frame-number"":""success"",""filename"":""success"",""hwdec-current"":""success"",""idle-active"":""success"",""path"":""success"",""pause"":""success"",""percent-pos"":""success"",""time-pos"":""success"",""video-params"":""success"",""vo-configured"":""success""}"	true	playing	media-b04db49d99	<media-path:2b030c3c41>	15100	1	true	"{""black_screen_risk_reason"":""null"",""blocked_media_count"":0,""consecutive_failures"":0,""current_index"":1,""current_item"":{""alias"":""media-b04db49d99"",""duration_ms"":15100,""offset_ms"":0,""path_alias"":""<media-path:2b030c3c41>"",""started_at_present"":true},""last_poll_error"":""null"",""last_render_error"":""null"",""mpv_running"":true,""next_item"":{""alias"":""media-8ffdc1f445"",""duration_ms"":14000,""path_alias"":""<media-path:fee4d36eb4>""},""playback_state"":""playing"",""playlist_size"":9,""present"":true,""uptime_sec"":788}"
132	139.998	2026-07-10T20:21:33+0000	success		2	<media-path:2b030c3c41>	<media-path:2b030c3c41>	<filename:c617160627>	7.933333	15.1	52.538631	false	false	false	238	v4l2request-copy	true	"{""aspect"":0.566038,""dh"":848,""dw"":480,""h"":848,""par"":1.0,""pixelformat"":""nv12"",""rotate"":0,""stereo-in"":""mono"",""w"":480}"	"{""duration"":""success"",""eof-reached"":""success"",""estimated-frame-number"":""success"",""filename"":""success"",""hwdec-current"":""success"",""idle-active"":""success"",""path"":""success"",""pause"":""success"",""percent-pos"":""success"",""time-pos"":""success"",""video-params"":""success"",""vo-configured"":""success""}"	true	playing	media-b04db49d99	<media-path:2b030c3c41>	15100	1	true	"{""black_screen_risk_reason"":""null"",""blocked_media_count"":0,""consecutive_failures"":0,""current_index"":1,""current_item"":{""alias"":""media-b04db49d99"",""duration_ms"":15100,""offset_ms"":0,""path_alias"":""<media-path:2b030c3c41>"",""started_at_present"":true},""last_poll_error"":""null"",""last_render_error"":""null"",""mpv_running"":true,""next_item"":{""alias"":""media-8ffdc1f445"",""duration_ms"":14000,""path_alias"":""<media-path:fee4d36eb4>""},""playback_state"":""playing"",""playlist_size"":9,""present"":true,""uptime_sec"":788}"
133	141.003	2026-07-10T20:21:34+0000	success		2	<media-path:2b030c3c41>	<media-path:2b030c3c41>	<filename:c617160627>	8.933333	15.1	59.161148	false	false	false	268	v4l2request-copy	true	"{""aspect"":0.566038,""dh"":848,""dw"":480,""h"":848,""par"":1.0,""pixelformat"":""nv12"",""rotate"":0,""stereo-in"":""mono"",""w"":480}"	"{""duration"":""success"",""eof-reached"":""success"",""estimated-frame-number"":""success"",""filename"":""success"",""hwdec-current"":""success"",""idle-active"":""success"",""path"":""success"",""pause"":""success"",""percent-pos"":""success"",""time-pos"":""success"",""video-params"":""success"",""vo-configured"":""success""}"	true	playing	media-b04db49d99	<media-path:2b030c3c41>	15100	1	true	"{""black_screen_risk_reason"":""null"",""blocked_media_count"":0,""consecutive_failures"":0,""current_index"":1,""current_item"":{""alias"":""media-b04db49d99"",""duration_ms"":15100,""offset_ms"":0,""path_alias"":""<media-path:2b030c3c41>"",""started_at_present"":true},""last_poll_error"":""null"",""last_render_error"":""null"",""mpv_running"":true,""next_item"":{""alias"":""media-8ffdc1f445"",""duration_ms"":14000,""path_alias"":""<media-path:fee4d36eb4>""},""playback_state"":""playing"",""playlist_size"":9,""present"":true,""uptime_sec"":793}"
134	142.008	2026-07-10T20:21:35+0000	success		7	<media-path:2b030c3c41>	<media-path:2b030c3c41>	<filename:c617160627>	9.933333	15.1	65.783664	false	false	false	298	v4l2request-copy	true	"{""aspect"":0.566038,""dh"":848,""dw"":480,""h"":848,""par"":1.0,""pixelformat"":""nv12"",""rotate"":0,""stereo-in"":""mono"",""w"":480}"	"{""duration"":""success"",""eof-reached"":""success"",""estimated-frame-number"":""success"",""filename"":""success"",""hwdec-current"":""success"",""idle-active"":""success"",""path"":""success"",""pause"":""success"",""percent-pos"":""success"",""time-pos"":""success"",""video-params"":""success"",""vo-configured"":""success""}"	true	playing	media-b04db49d99	<media-path:2b030c3c41>	15100	1	true	"{""black_screen_risk_reason"":""null"",""blocked_media_count"":0,""consecutive_failures"":0,""current_index"":1,""current_item"":{""alias"":""media-b04db49d99"",""duration_ms"":15100,""offset_ms"":0,""path_alias"":""<media-path:2b030c3c41>"",""started_at_present"":true},""last_poll_error"":""null"",""last_render_error"":""null"",""mpv_running"":true,""next_item"":{""alias"":""media-8ffdc1f445"",""duration_ms"":14000,""path_alias"":""<media-path:fee4d36eb4>""},""playback_state"":""playing"",""playlist_size"":9,""present"":true,""uptime_sec"":793}"
135	143.017	2026-07-10T20:21:36+0000	success		2	<media-path:2b030c3c41>	<media-path:2b030c3c41>	<filename:c617160627>	10.933333	15.1	72.406181	false	false	false	328	v4l2request-copy	true	"{""aspect"":0.566038,""dh"":848,""dw"":480,""h"":848,""par"":1.0,""pixelformat"":""nv12"",""rotate"":0,""stereo-in"":""mono"",""w"":480}"	"{""duration"":""success"",""eof-reached"":""success"",""estimated-frame-number"":""success"",""filename"":""success"",""hwdec-current"":""success"",""idle-active"":""success"",""path"":""success"",""pause"":""success"",""percent-pos"":""success"",""time-pos"":""success"",""video-params"":""success"",""vo-configured"":""success""}"	true	playing	media-b04db49d99	<media-path:2b030c3c41>	15100	1	true	"{""black_screen_risk_reason"":""null"",""blocked_media_count"":0,""consecutive_failures"":0,""current_index"":1,""current_item"":{""alias"":""media-b04db49d99"",""duration_ms"":15100,""offset_ms"":0,""path_alias"":""<media-path:2b030c3c41>"",""started_at_present"":true},""last_poll_error"":""null"",""last_render_error"":""null"",""mpv_running"":true,""next_item"":{""alias"":""media-8ffdc1f445"",""duration_ms"":14000,""path_alias"":""<media-path:fee4d36eb4>""},""playback_state"":""playing"",""playlist_size"":9,""present"":true,""uptime_sec"":793}"
136	144.021	2026-07-10T20:21:37+0000	success		3	<media-path:2b030c3c41>	<media-path:2b030c3c41>	<filename:c617160627>	11.966667	15.1	79.249448	false	false	false	359	v4l2request-copy	true	"{""aspect"":0.566038,""dh"":848,""dw"":480,""h"":848,""par"":1.0,""pixelformat"":""nv12"",""rotate"":0,""stereo-in"":""mono"",""w"":480}"	"{""duration"":""success"",""eof-reached"":""success"",""estimated-frame-number"":""success"",""filename"":""success"",""hwdec-current"":""success"",""idle-active"":""success"",""path"":""success"",""pause"":""success"",""percent-pos"":""success"",""time-pos"":""success"",""video-params"":""success"",""vo-configured"":""success""}"	true	playing	media-b04db49d99	<media-path:2b030c3c41>	15100	1	true	"{""black_screen_risk_reason"":""null"",""blocked_media_count"":0,""consecutive_failures"":0,""current_index"":1,""current_item"":{""alias"":""media-b04db49d99"",""duration_ms"":15100,""offset_ms"":0,""path_alias"":""<media-path:2b030c3c41>"",""started_at_present"":true},""last_poll_error"":""null"",""last_render_error"":""null"",""mpv_running"":true,""next_item"":{""alias"":""media-8ffdc1f445"",""duration_ms"":14000,""path_alias"":""<media-path:fee4d36eb4>""},""playback_state"":""playing"",""playlist_size"":9,""present"":true,""uptime_sec"":793}"
137	145.028	2026-07-10T20:21:38+0000	success		2	<media-path:2b030c3c41>	<media-path:2b030c3c41>	<filename:c617160627>	12.966667	15.1	85.871965	false	false	false	389	v4l2request-copy	true	"{""aspect"":0.566038,""dh"":848,""dw"":480,""h"":848,""par"":1.0,""pixelformat"":""nv12"",""rotate"":0,""stereo-in"":""mono"",""w"":480}"	"{""duration"":""success"",""eof-reached"":""success"",""estimated-frame-number"":""success"",""filename"":""success"",""hwdec-current"":""success"",""idle-active"":""success"",""path"":""success"",""pause"":""success"",""percent-pos"":""success"",""time-pos"":""success"",""video-params"":""success"",""vo-configured"":""success""}"	true	playing	media-b04db49d99	<media-path:2b030c3c41>	15100	1	true	"{""black_screen_risk_reason"":""null"",""blocked_media_count"":0,""consecutive_failures"":0,""current_index"":1,""current_item"":{""alias"":""media-b04db49d99"",""duration_ms"":15100,""offset_ms"":0,""path_alias"":""<media-path:2b030c3c41>"",""started_at_present"":true},""last_poll_error"":""null"",""last_render_error"":""null"",""mpv_running"":true,""next_item"":{""alias"":""media-8ffdc1f445"",""duration_ms"":14000,""path_alias"":""<media-path:fee4d36eb4>""},""playback_state"":""playing"",""playlist_size"":9,""present"":true,""uptime_sec"":793}"
138	146.033	2026-07-10T20:21:39+0000	success		2	<media-path:2b030c3c41>	<media-path:2b030c3c41>	<filename:c617160627>	13.966667	15.1	92.494481	false	false	false	419	v4l2request-copy	true	"{""aspect"":0.566038,""dh"":848,""dw"":480,""h"":848,""par"":1.0,""pixelformat"":""nv12"",""rotate"":0,""stereo-in"":""mono"",""w"":480}"	"{""duration"":""success"",""eof-reached"":""success"",""estimated-frame-number"":""success"",""filename"":""success"",""hwdec-current"":""success"",""idle-active"":""success"",""path"":""success"",""pause"":""success"",""percent-pos"":""success"",""time-pos"":""success"",""video-params"":""success"",""vo-configured"":""success""}"	true	playing	media-b04db49d99	<media-path:2b030c3c41>	15100	1	true	"{""black_screen_risk_reason"":""null"",""blocked_media_count"":0,""consecutive_failures"":0,""current_index"":1,""current_item"":{""alias"":""media-b04db49d99"",""duration_ms"":15100,""offset_ms"":0,""path_alias"":""<media-path:2b030c3c41>"",""started_at_present"":true},""last_poll_error"":""null"",""last_render_error"":""null"",""mpv_running"":true,""next_item"":{""alias"":""media-8ffdc1f445"",""duration_ms"":14000,""path_alias"":""<media-path:fee4d36eb4>""},""playback_state"":""playing"",""playlist_size"":9,""present"":true,""uptime_sec"":798}"
139	147.037	2026-07-10T20:21:40+0000	success		9	<media-path:2b030c3c41>	<media-path:2b030c3c41>	<filename:c617160627>	14.966667	15.1	99.116998	false	false	false	449	v4l2request-copy	true	"{""aspect"":0.566038,""dh"":848,""dw"":480,""h"":848,""par"":1.0,""pixelformat"":""nv12"",""rotate"":0,""stereo-in"":""mono"",""w"":480}"	"{""duration"":""success"",""eof-reached"":""success"",""estimated-frame-number"":""success"",""filename"":""success"",""hwdec-current"":""success"",""idle-active"":""success"",""path"":""success"",""pause"":""success"",""percent-pos"":""success"",""time-pos"":""success"",""video-params"":""success"",""vo-configured"":""success""}"	true	playing	media-b04db49d99	<media-path:2b030c3c41>	15100	1	true	"{""black_screen_risk_reason"":""null"",""blocked_media_count"":0,""consecutive_failures"":0,""current_index"":1,""current_item"":{""alias"":""media-b04db49d99"",""duration_ms"":15100,""offset_ms"":0,""path_alias"":""<media-path:2b030c3c41>"",""started_at_present"":true},""last_poll_error"":""null"",""last_render_error"":""null"",""mpv_running"":true,""next_item"":{""alias"":""media-8ffdc1f445"",""duration_ms"":14000,""path_alias"":""<media-path:fee4d36eb4>""},""playback_state"":""playing"",""playlist_size"":9,""present"":true,""uptime_sec"":798}"
140	148.048	2026-07-10T20:21:41+0000	success		6	<media-path:fee4d36eb4>	<media-path:fee4d36eb4>	<filename:8ba6df5956>	0.666667	14	4.761905	false	false	false	20	v4l2request-copy	true	"{""aspect"":0.557692,""dh"":832,""dw"":464,""h"":832,""par"":1.0,""pixelformat"":""nv12"",""rotate"":0,""stereo-in"":""mono"",""w"":464}"	"{""duration"":""success"",""eof-reached"":""success"",""estimated-frame-number"":""success"",""filename"":""success"",""hwdec-current"":""success"",""idle-active"":""success"",""path"":""success"",""pause"":""success"",""percent-pos"":""success"",""time-pos"":""success"",""video-params"":""success"",""vo-configured"":""success""}"	true	playing	media-b04db49d99	<media-path:2b030c3c41>	15100	1	true	"{""black_screen_risk_reason"":""null"",""blocked_media_count"":0,""consecutive_failures"":0,""current_index"":1,""current_item"":{""alias"":""media-b04db49d99"",""duration_ms"":15100,""offset_ms"":0,""path_alias"":""<media-path:2b030c3c41>"",""started_at_present"":true},""last_poll_error"":""null"",""last_render_error"":""null"",""mpv_running"":true,""next_item"":{""alias"":""media-8ffdc1f445"",""duration_ms"":14000,""path_alias"":""<media-path:fee4d36eb4>""},""playback_state"":""playing"",""playlist_size"":9,""present"":true,""uptime_sec"":798}"
141	149.057	2026-07-10T20:21:42+0000	success		8	<media-path:fee4d36eb4>	<media-path:fee4d36eb4>	<filename:8ba6df5956>	1.666667	14	11.904762	false	false	false	50	v4l2request-copy	true	"{""aspect"":0.557692,""dh"":832,""dw"":464,""h"":832,""par"":1.0,""pixelformat"":""nv12"",""rotate"":0,""stereo-in"":""mono"",""w"":464}"	"{""duration"":""success"",""eof-reached"":""success"",""estimated-frame-number"":""success"",""filename"":""success"",""hwdec-current"":""success"",""idle-active"":""success"",""path"":""success"",""pause"":""success"",""percent-pos"":""success"",""time-pos"":""success"",""video-params"":""success"",""vo-configured"":""success""}"	true	playing	media-b04db49d99	<media-path:2b030c3c41>	15100	1	true	"{""black_screen_risk_reason"":""null"",""blocked_media_count"":0,""consecutive_failures"":0,""current_index"":1,""current_item"":{""alias"":""media-b04db49d99"",""duration_ms"":15100,""offset_ms"":0,""path_alias"":""<media-path:2b030c3c41>"",""started_at_present"":true},""last_poll_error"":""null"",""last_render_error"":""null"",""mpv_running"":true,""next_item"":{""alias"":""media-8ffdc1f445"",""duration_ms"":14000,""path_alias"":""<media-path:fee4d36eb4>""},""playback_state"":""playing"",""playlist_size"":9,""present"":true,""uptime_sec"":798}"
142	150.069	2026-07-10T20:21:43+0000	success		2	<media-path:fee4d36eb4>	<media-path:fee4d36eb4>	<filename:8ba6df5956>	2.666667	14	19.047619	false	false	false	80	v4l2request-copy	true	"{""aspect"":0.557692,""dh"":832,""dw"":464,""h"":832,""par"":1.0,""pixelformat"":""nv12"",""rotate"":0,""stereo-in"":""mono"",""w"":464}"	"{""duration"":""success"",""eof-reached"":""success"",""estimated-frame-number"":""success"",""filename"":""success"",""hwdec-current"":""success"",""idle-active"":""success"",""path"":""success"",""pause"":""success"",""percent-pos"":""success"",""time-pos"":""success"",""video-params"":""success"",""vo-configured"":""success""}"	true	playing	media-b04db49d99	<media-path:2b030c3c41>	15100	1	true	"{""black_screen_risk_reason"":""null"",""blocked_media_count"":0,""consecutive_failures"":0,""current_index"":1,""current_item"":{""alias"":""media-b04db49d99"",""duration_ms"":15100,""offset_ms"":0,""path_alias"":""<media-path:2b030c3c41>"",""started_at_present"":true},""last_poll_error"":""null"",""last_render_error"":""null"",""mpv_running"":true,""next_item"":{""alias"":""media-8ffdc1f445"",""duration_ms"":14000,""path_alias"":""<media-path:fee4d36eb4>""},""playback_state"":""playing"",""playlist_size"":9,""present"":true,""uptime_sec"":798}"
143	151.073	2026-07-10T20:21:44+0000	success		2	<media-path:fee4d36eb4>	<media-path:fee4d36eb4>	<filename:8ba6df5956>	3.666667	14	26.190476	false	false	false	110	v4l2request-copy	true	"{""aspect"":0.557692,""dh"":832,""dw"":464,""h"":832,""par"":1.0,""pixelformat"":""nv12"",""rotate"":0,""stereo-in"":""mono"",""w"":464}"	"{""duration"":""success"",""eof-reached"":""success"",""estimated-frame-number"":""success"",""filename"":""success"",""hwdec-current"":""success"",""idle-active"":""success"",""path"":""success"",""pause"":""success"",""percent-pos"":""success"",""time-pos"":""success"",""video-params"":""success"",""vo-configured"":""success""}"	true	playing	media-8ffdc1f445	<media-path:fee4d36eb4>	14000	2	true	"{""black_screen_risk_reason"":""null"",""blocked_media_count"":0,""consecutive_failures"":0,""current_index"":2,""current_item"":{""alias"":""media-8ffdc1f445"",""duration_ms"":14000,""offset_ms"":0,""path_alias"":""<media-path:fee4d36eb4>"",""started_at_present"":true},""last_poll_error"":""null"",""last_render_error"":""null"",""mpv_running"":true,""next_item"":{""alias"":""media-907addee8b"",""duration_ms"":30800,""path_alias"":""<media-path:c58db4e1cc>""},""playback_state"":""playing"",""playlist_size"":9,""present"":true,""uptime_sec"":803}"
144	152.077	2026-07-10T20:21:45+0000	success		2	<media-path:fee4d36eb4>	<media-path:fee4d36eb4>	<filename:8ba6df5956>	4.666667	14	33.333333	false	false	false	140	v4l2request-copy	true	"{""aspect"":0.557692,""dh"":832,""dw"":464,""h"":832,""par"":1.0,""pixelformat"":""nv12"",""rotate"":0,""stereo-in"":""mono"",""w"":464}"	"{""duration"":""success"",""eof-reached"":""success"",""estimated-frame-number"":""success"",""filename"":""success"",""hwdec-current"":""success"",""idle-active"":""success"",""path"":""success"",""pause"":""success"",""percent-pos"":""success"",""time-pos"":""success"",""video-params"":""success"",""vo-configured"":""success""}"	true	playing	media-8ffdc1f445	<media-path:fee4d36eb4>	14000	2	true	"{""black_screen_risk_reason"":""null"",""blocked_media_count"":0,""consecutive_failures"":0,""current_index"":2,""current_item"":{""alias"":""media-8ffdc1f445"",""duration_ms"":14000,""offset_ms"":0,""path_alias"":""<media-path:fee4d36eb4>"",""started_at_present"":true},""last_poll_error"":""null"",""last_render_error"":""null"",""mpv_running"":true,""next_item"":{""alias"":""media-907addee8b"",""duration_ms"":30800,""path_alias"":""<media-path:c58db4e1cc>""},""playback_state"":""playing"",""playlist_size"":9,""present"":true,""uptime_sec"":803}"
145	153.081	2026-07-10T20:21:46+0000	success		2	<media-path:fee4d36eb4>	<media-path:fee4d36eb4>	<filename:8ba6df5956>	5.7	14	40.714286	false	false	false	171	v4l2request-copy	true	"{""aspect"":0.557692,""dh"":832,""dw"":464,""h"":832,""par"":1.0,""pixelformat"":""nv12"",""rotate"":0,""stereo-in"":""mono"",""w"":464}"	"{""duration"":""success"",""eof-reached"":""success"",""estimated-frame-number"":""success"",""filename"":""success"",""hwdec-current"":""success"",""idle-active"":""success"",""path"":""success"",""pause"":""success"",""percent-pos"":""success"",""time-pos"":""success"",""video-params"":""success"",""vo-configured"":""success""}"	true	playing	media-8ffdc1f445	<media-path:fee4d36eb4>	14000	2	true	"{""black_screen_risk_reason"":""null"",""blocked_media_count"":0,""consecutive_failures"":0,""current_index"":2,""current_item"":{""alias"":""media-8ffdc1f445"",""duration_ms"":14000,""offset_ms"":0,""path_alias"":""<media-path:fee4d36eb4>"",""started_at_present"":true},""last_poll_error"":""null"",""last_render_error"":""null"",""mpv_running"":true,""next_item"":{""alias"":""media-907addee8b"",""duration_ms"":30800,""path_alias"":""<media-path:c58db4e1cc>""},""playback_state"":""playing"",""playlist_size"":9,""present"":true,""uptime_sec"":803}"
146	154.085	2026-07-10T20:21:47+0000	success		2	<media-path:fee4d36eb4>	<media-path:fee4d36eb4>	<filename:8ba6df5956>	6.7	14	47.857143	false	false	false	201	v4l2request-copy	true	"{""aspect"":0.557692,""dh"":832,""dw"":464,""h"":832,""par"":1.0,""pixelformat"":""nv12"",""rotate"":0,""stereo-in"":""mono"",""w"":464}"	"{""duration"":""success"",""eof-reached"":""success"",""estimated-frame-number"":""success"",""filename"":""success"",""hwdec-current"":""success"",""idle-active"":""success"",""path"":""success"",""pause"":""success"",""percent-pos"":""success"",""time-pos"":""success"",""video-params"":""success"",""vo-configured"":""success""}"	true	playing	media-8ffdc1f445	<media-path:fee4d36eb4>	14000	2	true	"{""black_screen_risk_reason"":""null"",""blocked_media_count"":0,""consecutive_failures"":0,""current_index"":2,""current_item"":{""alias"":""media-8ffdc1f445"",""duration_ms"":14000,""offset_ms"":0,""path_alias"":""<media-path:fee4d36eb4>"",""started_at_present"":true},""last_poll_error"":""null"",""last_render_error"":""null"",""mpv_running"":true,""next_item"":{""alias"":""media-907addee8b"",""duration_ms"":30800,""path_alias"":""<media-path:c58db4e1cc>""},""playback_state"":""playing"",""playlist_size"":9,""present"":true,""uptime_sec"":803}"
147	155.089	2026-07-10T20:21:48+0000	success		2	<media-path:fee4d36eb4>	<media-path:fee4d36eb4>	<filename:8ba6df5956>	7.7	14	55	false	false	false	231	v4l2request-copy	true	"{""aspect"":0.557692,""dh"":832,""dw"":464,""h"":832,""par"":1.0,""pixelformat"":""nv12"",""rotate"":0,""stereo-in"":""mono"",""w"":464}"	"{""duration"":""success"",""eof-reached"":""success"",""estimated-frame-number"":""success"",""filename"":""success"",""hwdec-current"":""success"",""idle-active"":""success"",""path"":""success"",""pause"":""success"",""percent-pos"":""success"",""time-pos"":""success"",""video-params"":""success"",""vo-configured"":""success""}"	true	playing	media-8ffdc1f445	<media-path:fee4d36eb4>	14000	2	true	"{""black_screen_risk_reason"":""null"",""blocked_media_count"":0,""consecutive_failures"":0,""current_index"":2,""current_item"":{""alias"":""media-8ffdc1f445"",""duration_ms"":14000,""offset_ms"":0,""path_alias"":""<media-path:fee4d36eb4>"",""started_at_present"":true},""last_poll_error"":""null"",""last_render_error"":""null"",""mpv_running"":true,""next_item"":{""alias"":""media-907addee8b"",""duration_ms"":30800,""path_alias"":""<media-path:c58db4e1cc>""},""playback_state"":""playing"",""playlist_size"":9,""present"":true,""uptime_sec"":803}"
148	156.094	2026-07-10T20:21:49+0000	success		2	<media-path:fee4d36eb4>	<media-path:fee4d36eb4>	<filename:8ba6df5956>	8.7	14	62.142857	false	false	false	261	v4l2request-copy	true	"{""aspect"":0.557692,""dh"":832,""dw"":464,""h"":832,""par"":1.0,""pixelformat"":""nv12"",""rotate"":0,""stereo-in"":""mono"",""w"":464}"	"{""duration"":""success"",""eof-reached"":""success"",""estimated-frame-number"":""success"",""filename"":""success"",""hwdec-current"":""success"",""idle-active"":""success"",""path"":""success"",""pause"":""success"",""percent-pos"":""success"",""time-pos"":""success"",""video-params"":""success"",""vo-configured"":""success""}"	true	playing	media-8ffdc1f445	<media-path:fee4d36eb4>	14000	2	true	"{""black_screen_risk_reason"":""null"",""blocked_media_count"":0,""consecutive_failures"":0,""current_index"":2,""current_item"":{""alias"":""media-8ffdc1f445"",""duration_ms"":14000,""offset_ms"":0,""path_alias"":""<media-path:fee4d36eb4>"",""started_at_present"":true},""last_poll_error"":""null"",""last_render_error"":""null"",""mpv_running"":true,""next_item"":{""alias"":""media-907addee8b"",""duration_ms"":30800,""path_alias"":""<media-path:c58db4e1cc>""},""playback_state"":""playing"",""playlist_size"":9,""present"":true,""uptime_sec"":808}"
149	157.099	2026-07-10T20:21:50+0000	success		5	<media-path:fee4d36eb4>	<media-path:fee4d36eb4>	<filename:8ba6df5956>	9.7	14	69.285714	false	false	false	291	v4l2request-copy	true	"{""aspect"":0.557692,""dh"":832,""dw"":464,""h"":832,""par"":1.0,""pixelformat"":""nv12"",""rotate"":0,""stereo-in"":""mono"",""w"":464}"	"{""duration"":""success"",""eof-reached"":""success"",""estimated-frame-number"":""success"",""filename"":""success"",""hwdec-current"":""success"",""idle-active"":""success"",""path"":""success"",""pause"":""success"",""percent-pos"":""success"",""time-pos"":""success"",""video-params"":""success"",""vo-configured"":""success""}"	true	playing	media-8ffdc1f445	<media-path:fee4d36eb4>	14000	2	true	"{""black_screen_risk_reason"":""null"",""blocked_media_count"":0,""consecutive_failures"":0,""current_index"":2,""current_item"":{""alias"":""media-8ffdc1f445"",""duration_ms"":14000,""offset_ms"":0,""path_alias"":""<media-path:fee4d36eb4>"",""started_at_present"":true},""last_poll_error"":""null"",""last_render_error"":""null"",""mpv_running"":true,""next_item"":{""alias"":""media-907addee8b"",""duration_ms"":30800,""path_alias"":""<media-path:c58db4e1cc>""},""playback_state"":""playing"",""playlist_size"":9,""present"":true,""uptime_sec"":808}"
150	158.107	2026-07-10T20:21:51+0000	success		3	<media-path:fee4d36eb4>	<media-path:fee4d36eb4>	<filename:8ba6df5956>	10.7	14	76.428571	false	false	false	321	v4l2request-copy	true	"{""aspect"":0.557692,""dh"":832,""dw"":464,""h"":832,""par"":1.0,""pixelformat"":""nv12"",""rotate"":0,""stereo-in"":""mono"",""w"":464}"	"{""duration"":""success"",""eof-reached"":""success"",""estimated-frame-number"":""success"",""filename"":""success"",""hwdec-current"":""success"",""idle-active"":""success"",""path"":""success"",""pause"":""success"",""percent-pos"":""success"",""time-pos"":""success"",""video-params"":""success"",""vo-configured"":""success""}"	true	playing	media-8ffdc1f445	<media-path:fee4d36eb4>	14000	2	true	"{""black_screen_risk_reason"":""null"",""blocked_media_count"":0,""consecutive_failures"":0,""current_index"":2,""current_item"":{""alias"":""media-8ffdc1f445"",""duration_ms"":14000,""offset_ms"":0,""path_alias"":""<media-path:fee4d36eb4>"",""started_at_present"":true},""last_poll_error"":""null"",""last_render_error"":""null"",""mpv_running"":true,""next_item"":{""alias"":""media-907addee8b"",""duration_ms"":30800,""path_alias"":""<media-path:c58db4e1cc>""},""playback_state"":""playing"",""playlist_size"":9,""present"":true,""uptime_sec"":808}"
151	159.113	2026-07-10T20:21:52+0000	success		3	<media-path:fee4d36eb4>	<media-path:fee4d36eb4>	<filename:8ba6df5956>	11.733333	14	83.809524	false	false	false	352	v4l2request-copy	true	"{""aspect"":0.557692,""dh"":832,""dw"":464,""h"":832,""par"":1.0,""pixelformat"":""nv12"",""rotate"":0,""stereo-in"":""mono"",""w"":464}"	"{""duration"":""success"",""eof-reached"":""success"",""estimated-frame-number"":""success"",""filename"":""success"",""hwdec-current"":""success"",""idle-active"":""success"",""path"":""success"",""pause"":""success"",""percent-pos"":""success"",""time-pos"":""success"",""video-params"":""success"",""vo-configured"":""success""}"	true	playing	media-8ffdc1f445	<media-path:fee4d36eb4>	14000	2	true	"{""black_screen_risk_reason"":""null"",""blocked_media_count"":0,""consecutive_failures"":0,""current_index"":2,""current_item"":{""alias"":""media-8ffdc1f445"",""duration_ms"":14000,""offset_ms"":0,""path_alias"":""<media-path:fee4d36eb4>"",""started_at_present"":true},""last_poll_error"":""null"",""last_render_error"":""null"",""mpv_running"":true,""next_item"":{""alias"":""media-907addee8b"",""duration_ms"":30800,""path_alias"":""<media-path:c58db4e1cc>""},""playback_state"":""playing"",""playlist_size"":9,""present"":true,""uptime_sec"":808}"
152	160.120	2026-07-10T20:21:53+0000	success		2	<media-path:fee4d36eb4>	<media-path:fee4d36eb4>	<filename:8ba6df5956>	12.733333	14	90.952381	false	false	false	382	v4l2request-copy	true	"{""aspect"":0.557692,""dh"":832,""dw"":464,""h"":832,""par"":1.0,""pixelformat"":""nv12"",""rotate"":0,""stereo-in"":""mono"",""w"":464}"	"{""duration"":""success"",""eof-reached"":""success"",""estimated-frame-number"":""success"",""filename"":""success"",""hwdec-current"":""success"",""idle-active"":""success"",""path"":""success"",""pause"":""success"",""percent-pos"":""success"",""time-pos"":""success"",""video-params"":""success"",""vo-configured"":""success""}"	true	playing	media-8ffdc1f445	<media-path:fee4d36eb4>	14000	2	true	"{""black_screen_risk_reason"":""null"",""blocked_media_count"":0,""consecutive_failures"":0,""current_index"":2,""current_item"":{""alias"":""media-8ffdc1f445"",""duration_ms"":14000,""offset_ms"":0,""path_alias"":""<media-path:fee4d36eb4>"",""started_at_present"":true},""last_poll_error"":""null"",""last_render_error"":""null"",""mpv_running"":true,""next_item"":{""alias"":""media-907addee8b"",""duration_ms"":30800,""path_alias"":""<media-path:c58db4e1cc>""},""playback_state"":""playing"",""playlist_size"":9,""present"":true,""uptime_sec"":808}"
153	161.124	2026-07-10T20:21:54+0000	success		2	<media-path:fee4d36eb4>	<media-path:fee4d36eb4>	<filename:8ba6df5956>	13.733333	14	98.095238	false	false	false	412	v4l2request-copy	true	"{""aspect"":0.557692,""dh"":832,""dw"":464,""h"":832,""par"":1.0,""pixelformat"":""nv12"",""rotate"":0,""stereo-in"":""mono"",""w"":464}"	"{""duration"":""success"",""eof-reached"":""success"",""estimated-frame-number"":""success"",""filename"":""success"",""hwdec-current"":""success"",""idle-active"":""success"",""path"":""success"",""pause"":""success"",""percent-pos"":""success"",""time-pos"":""success"",""video-params"":""success"",""vo-configured"":""success""}"	true	playing	media-8ffdc1f445	<media-path:fee4d36eb4>	14000	2	true	"{""black_screen_risk_reason"":""null"",""blocked_media_count"":0,""consecutive_failures"":0,""current_index"":2,""current_item"":{""alias"":""media-8ffdc1f445"",""duration_ms"":14000,""offset_ms"":0,""path_alias"":""<media-path:fee4d36eb4>"",""started_at_present"":true},""last_poll_error"":""null"",""last_render_error"":""null"",""mpv_running"":true,""next_item"":{""alias"":""media-907addee8b"",""duration_ms"":30800,""path_alias"":""<media-path:c58db4e1cc>""},""playback_state"":""playing"",""playlist_size"":9,""present"":true,""uptime_sec"":814}"
154	162.129	2026-07-10T20:21:55+0000	success		2	<media-path:c58db4e1cc>	<media-path:c58db4e1cc>	<filename:9b95323d7d>	0.667333	30.805333	2.166292	false	false	false	16	v4l2request-copy	true	"{""aspect"":0.5625,""dh"":640,""dw"":360,""h"":640,""par"":1.0,""pixelformat"":""nv12"",""rotate"":0,""stereo-in"":""mono"",""w"":360}"	"{""duration"":""success"",""eof-reached"":""success"",""estimated-frame-number"":""success"",""filename"":""success"",""hwdec-current"":""success"",""idle-active"":""success"",""path"":""success"",""pause"":""success"",""percent-pos"":""success"",""time-pos"":""success"",""video-params"":""success"",""vo-configured"":""success""}"	true	playing	media-8ffdc1f445	<media-path:fee4d36eb4>	14000	2	true	"{""black_screen_risk_reason"":""null"",""blocked_media_count"":0,""consecutive_failures"":0,""current_index"":2,""current_item"":{""alias"":""media-8ffdc1f445"",""duration_ms"":14000,""offset_ms"":0,""path_alias"":""<media-path:fee4d36eb4>"",""started_at_present"":true},""last_poll_error"":""null"",""last_render_error"":""null"",""mpv_running"":true,""next_item"":{""alias"":""media-907addee8b"",""duration_ms"":30800,""path_alias"":""<media-path:c58db4e1cc>""},""playback_state"":""playing"",""playlist_size"":9,""present"":true,""uptime_sec"":814}"
155	163.133	2026-07-10T20:21:56+0000	success		2	<media-path:c58db4e1cc>	<media-path:c58db4e1cc>	<filename:9b95323d7d>	1.626625	30.805333	5.280336	false	false	false	39	v4l2request-copy	true	"{""aspect"":0.5625,""dh"":640,""dw"":360,""h"":640,""par"":1.0,""pixelformat"":""nv12"",""rotate"":0,""stereo-in"":""mono"",""w"":360}"	"{""duration"":""success"",""eof-reached"":""success"",""estimated-frame-number"":""success"",""filename"":""success"",""hwdec-current"":""success"",""idle-active"":""success"",""path"":""success"",""pause"":""success"",""percent-pos"":""success"",""time-pos"":""success"",""video-params"":""success"",""vo-configured"":""success""}"	true	playing	media-8ffdc1f445	<media-path:fee4d36eb4>	14000	2	true	"{""black_screen_risk_reason"":""null"",""blocked_media_count"":0,""consecutive_failures"":0,""current_index"":2,""current_item"":{""alias"":""media-8ffdc1f445"",""duration_ms"":14000,""offset_ms"":0,""path_alias"":""<media-path:fee4d36eb4>"",""started_at_present"":true},""last_poll_error"":""null"",""last_render_error"":""null"",""mpv_running"":true,""next_item"":{""alias"":""media-907addee8b"",""duration_ms"":30800,""path_alias"":""<media-path:c58db4e1cc>""},""playback_state"":""playing"",""playlist_size"":9,""present"":true,""uptime_sec"":814}"
156	164.137	2026-07-10T20:21:57+0000	success		4	<media-path:c58db4e1cc>	<media-path:c58db4e1cc>	<filename:9b95323d7d>	2.627625	30.805333	8.529773	false	false	false	63	v4l2request-copy	true	"{""aspect"":0.5625,""dh"":640,""dw"":360,""h"":640,""par"":1.0,""pixelformat"":""nv12"",""rotate"":0,""stereo-in"":""mono"",""w"":360}"	"{""duration"":""success"",""eof-reached"":""success"",""estimated-frame-number"":""success"",""filename"":""success"",""hwdec-current"":""success"",""idle-active"":""success"",""path"":""success"",""pause"":""success"",""percent-pos"":""success"",""time-pos"":""success"",""video-params"":""success"",""vo-configured"":""success""}"	true	playing	media-8ffdc1f445	<media-path:fee4d36eb4>	14000	2	true	"{""black_screen_risk_reason"":""null"",""blocked_media_count"":0,""consecutive_failures"":0,""current_index"":2,""current_item"":{""alias"":""media-8ffdc1f445"",""duration_ms"":14000,""offset_ms"":0,""path_alias"":""<media-path:fee4d36eb4>"",""started_at_present"":true},""last_poll_error"":""null"",""last_render_error"":""null"",""mpv_running"":true,""next_item"":{""alias"":""media-907addee8b"",""duration_ms"":30800,""path_alias"":""<media-path:c58db4e1cc>""},""playback_state"":""playing"",""playlist_size"":9,""present"":true,""uptime_sec"":814}"
157	165.144	2026-07-10T20:21:58+0000	success		3	<media-path:c58db4e1cc>	<media-path:c58db4e1cc>	<filename:9b95323d7d>	3.670333	30.805333	11.914604	false	false	false	88	v4l2request-copy	true	"{""aspect"":0.5625,""dh"":640,""dw"":360,""h"":640,""par"":1.0,""pixelformat"":""nv12"",""rotate"":0,""stereo-in"":""mono"",""w"":360}"	"{""duration"":""success"",""eof-reached"":""success"",""estimated-frame-number"":""success"",""filename"":""success"",""hwdec-current"":""success"",""idle-active"":""success"",""path"":""success"",""pause"":""success"",""percent-pos"":""success"",""time-pos"":""success"",""video-params"":""success"",""vo-configured"":""success""}"	true	playing	media-8ffdc1f445	<media-path:fee4d36eb4>	14000	2	true	"{""black_screen_risk_reason"":""null"",""blocked_media_count"":0,""consecutive_failures"":0,""current_index"":2,""current_item"":{""alias"":""media-8ffdc1f445"",""duration_ms"":14000,""offset_ms"":0,""path_alias"":""<media-path:fee4d36eb4>"",""started_at_present"":true},""last_poll_error"":""null"",""last_render_error"":""null"",""mpv_running"":true,""next_item"":{""alias"":""media-907addee8b"",""duration_ms"":30800,""path_alias"":""<media-path:c58db4e1cc>""},""playback_state"":""playing"",""playlist_size"":9,""present"":true,""uptime_sec"":814}"
158	166.151	2026-07-10T20:21:59+0000	success		5	<media-path:c58db4e1cc>	<media-path:c58db4e1cc>	<filename:9b95323d7d>	4.671333	30.805333	15.164041	false	false	false	112	v4l2request-copy	true	"{""aspect"":0.5625,""dh"":640,""dw"":360,""h"":640,""par"":1.0,""pixelformat"":""nv12"",""rotate"":0,""stereo-in"":""mono"",""w"":360}"	"{""duration"":""success"",""eof-reached"":""success"",""estimated-frame-number"":""success"",""filename"":""success"",""hwdec-current"":""success"",""idle-active"":""success"",""path"":""success"",""pause"":""success"",""percent-pos"":""success"",""time-pos"":""success"",""video-params"":""success"",""vo-configured"":""success""}"	true	playing	media-907addee8b	<media-path:c58db4e1cc>	30800	3	true	"{""black_screen_risk_reason"":""null"",""blocked_media_count"":0,""consecutive_failures"":0,""current_index"":3,""current_item"":{""alias"":""media-907addee8b"",""duration_ms"":30800,""offset_ms"":0,""path_alias"":""<media-path:c58db4e1cc>"",""started_at_present"":true},""last_poll_error"":""null"",""last_render_error"":""null"",""mpv_running"":true,""next_item"":{""alias"":""media-8e4d41f6c2"",""duration_ms"":7200,""path_alias"":""<media-path:3662a4e886>""},""playback_state"":""playing"",""playlist_size"":9,""present"":true,""uptime_sec"":819}"
159	167.158	2026-07-10T20:22:00+0000	success		2	<media-path:c58db4e1cc>	<media-path:c58db4e1cc>	<filename:9b95323d7d>	5.672333	30.805333	18.413478	false	false	false	136	v4l2request-copy	true	"{""aspect"":0.5625,""dh"":640,""dw"":360,""h"":640,""par"":1.0,""pixelformat"":""nv12"",""rotate"":0,""stereo-in"":""mono"",""w"":360}"	"{""duration"":""success"",""eof-reached"":""success"",""estimated-frame-number"":""success"",""filename"":""success"",""hwdec-current"":""success"",""idle-active"":""success"",""path"":""success"",""pause"":""success"",""percent-pos"":""success"",""time-pos"":""success"",""video-params"":""success"",""vo-configured"":""success""}"	true	playing	media-907addee8b	<media-path:c58db4e1cc>	30800	3	true	"{""black_screen_risk_reason"":""null"",""blocked_media_count"":0,""consecutive_failures"":0,""current_index"":3,""current_item"":{""alias"":""media-907addee8b"",""duration_ms"":30800,""offset_ms"":0,""path_alias"":""<media-path:c58db4e1cc>"",""started_at_present"":true},""last_poll_error"":""null"",""last_render_error"":""null"",""mpv_running"":true,""next_item"":{""alias"":""media-8e4d41f6c2"",""duration_ms"":7200,""path_alias"":""<media-path:3662a4e886>""},""playback_state"":""playing"",""playlist_size"":9,""present"":true,""uptime_sec"":819}"
160	168.162	2026-07-10T20:22:01+0000	success		3	<media-path:c58db4e1cc>	<media-path:c58db4e1cc>	<filename:9b95323d7d>	6.673333	30.805333	21.662916	false	false	false	160	v4l2request-copy	true	"{""aspect"":0.5625,""dh"":640,""dw"":360,""h"":640,""par"":1.0,""pixelformat"":""nv12"",""rotate"":0,""stereo-in"":""mono"",""w"":360}"	"{""duration"":""success"",""eof-reached"":""success"",""estimated-frame-number"":""success"",""filename"":""success"",""hwdec-current"":""success"",""idle-active"":""success"",""path"":""success"",""pause"":""success"",""percent-pos"":""success"",""time-pos"":""success"",""video-params"":""success"",""vo-configured"":""success""}"	true	playing	media-907addee8b	<media-path:c58db4e1cc>	30800	3	true	"{""black_screen_risk_reason"":""null"",""blocked_media_count"":0,""consecutive_failures"":0,""current_index"":3,""current_item"":{""alias"":""media-907addee8b"",""duration_ms"":30800,""offset_ms"":0,""path_alias"":""<media-path:c58db4e1cc>"",""started_at_present"":true},""last_poll_error"":""null"",""last_render_error"":""null"",""mpv_running"":true,""next_item"":{""alias"":""media-8e4d41f6c2"",""duration_ms"":7200,""path_alias"":""<media-path:3662a4e886>""},""playback_state"":""playing"",""playlist_size"":9,""present"":true,""uptime_sec"":819}"
161	169.169	2026-07-10T20:22:02+0000	success		3	<media-path:c58db4e1cc>	<media-path:c58db4e1cc>	<filename:9b95323d7d>	7.674333	30.805333	24.912353	false	false	false	184	v4l2request-copy	true	"{""aspect"":0.5625,""dh"":640,""dw"":360,""h"":640,""par"":1.0,""pixelformat"":""nv12"",""rotate"":0,""stereo-in"":""mono"",""w"":360}"	"{""duration"":""success"",""eof-reached"":""success"",""estimated-frame-number"":""success"",""filename"":""success"",""hwdec-current"":""success"",""idle-active"":""success"",""path"":""success"",""pause"":""success"",""percent-pos"":""success"",""time-pos"":""success"",""video-params"":""success"",""vo-configured"":""success""}"	true	playing	media-907addee8b	<media-path:c58db4e1cc>	30800	3	true	"{""black_screen_risk_reason"":""null"",""blocked_media_count"":0,""consecutive_failures"":0,""current_index"":3,""current_item"":{""alias"":""media-907addee8b"",""duration_ms"":30800,""offset_ms"":0,""path_alias"":""<media-path:c58db4e1cc>"",""started_at_present"":true},""last_poll_error"":""null"",""last_render_error"":""null"",""mpv_running"":true,""next_item"":{""alias"":""media-8e4d41f6c2"",""duration_ms"":7200,""path_alias"":""<media-path:3662a4e886>""},""playback_state"":""playing"",""playlist_size"":9,""present"":true,""uptime_sec"":819}"
162	170.175	2026-07-10T20:22:03+0000	success		3	<media-path:c58db4e1cc>	<media-path:c58db4e1cc>	<filename:9b95323d7d>	8.675333	30.805333	28.16179	false	false	false	208	v4l2request-copy	true	"{""aspect"":0.5625,""dh"":640,""dw"":360,""h"":640,""par"":1.0,""pixelformat"":""nv12"",""rotate"":0,""stereo-in"":""mono"",""w"":360}"	"{""duration"":""success"",""eof-reached"":""success"",""estimated-frame-number"":""success"",""filename"":""success"",""hwdec-current"":""success"",""idle-active"":""success"",""path"":""success"",""pause"":""success"",""percent-pos"":""success"",""time-pos"":""success"",""video-params"":""success"",""vo-configured"":""success""}"	true	playing	media-907addee8b	<media-path:c58db4e1cc>	30800	3	true	"{""black_screen_risk_reason"":""null"",""blocked_media_count"":0,""consecutive_failures"":0,""current_index"":3,""current_item"":{""alias"":""media-907addee8b"",""duration_ms"":30800,""offset_ms"":0,""path_alias"":""<media-path:c58db4e1cc>"",""started_at_present"":true},""last_poll_error"":""null"",""last_render_error"":""null"",""mpv_running"":true,""next_item"":{""alias"":""media-8e4d41f6c2"",""duration_ms"":7200,""path_alias"":""<media-path:3662a4e886>""},""playback_state"":""playing"",""playlist_size"":9,""present"":true,""uptime_sec"":819}"
163	171.181	2026-07-10T20:22:04+0000	success		2	<media-path:c58db4e1cc>	<media-path:c58db4e1cc>	<filename:9b95323d7d>	9.676333	30.805333	31.411227	false	false	false	232	v4l2request-copy	true	"{""aspect"":0.5625,""dh"":640,""dw"":360,""h"":640,""par"":1.0,""pixelformat"":""nv12"",""rotate"":0,""stereo-in"":""mono"",""w"":360}"	"{""duration"":""success"",""eof-reached"":""success"",""estimated-frame-number"":""success"",""filename"":""success"",""hwdec-current"":""success"",""idle-active"":""success"",""path"":""success"",""pause"":""success"",""percent-pos"":""success"",""time-pos"":""success"",""video-params"":""success"",""vo-configured"":""success""}"	true	playing	media-907addee8b	<media-path:c58db4e1cc>	30800	3	true	"{""black_screen_risk_reason"":""null"",""blocked_media_count"":0,""consecutive_failures"":0,""current_index"":3,""current_item"":{""alias"":""media-907addee8b"",""duration_ms"":30800,""offset_ms"":0,""path_alias"":""<media-path:c58db4e1cc>"",""started_at_present"":true},""last_poll_error"":""null"",""last_render_error"":""null"",""mpv_running"":true,""next_item"":{""alias"":""media-8e4d41f6c2"",""duration_ms"":7200,""path_alias"":""<media-path:3662a4e886>""},""playback_state"":""playing"",""playlist_size"":9,""present"":true,""uptime_sec"":824}"
164	172.185	2026-07-10T20:22:05+0000	success		2	<media-path:c58db4e1cc>	<media-path:c58db4e1cc>	<filename:9b95323d7d>	10.677333	30.805333	34.660665	false	false	false	256	v4l2request-copy	true	"{""aspect"":0.5625,""dh"":640,""dw"":360,""h"":640,""par"":1.0,""pixelformat"":""nv12"",""rotate"":0,""stereo-in"":""mono"",""w"":360}"	"{""duration"":""success"",""eof-reached"":""success"",""estimated-frame-number"":""success"",""filename"":""success"",""hwdec-current"":""success"",""idle-active"":""success"",""path"":""success"",""pause"":""success"",""percent-pos"":""success"",""time-pos"":""success"",""video-params"":""success"",""vo-configured"":""success""}"	true	playing	media-907addee8b	<media-path:c58db4e1cc>	30800	3	true	"{""black_screen_risk_reason"":""null"",""blocked_media_count"":0,""consecutive_failures"":0,""current_index"":3,""current_item"":{""alias"":""media-907addee8b"",""duration_ms"":30800,""offset_ms"":0,""path_alias"":""<media-path:c58db4e1cc>"",""started_at_present"":true},""last_poll_error"":""null"",""last_render_error"":""null"",""mpv_running"":true,""next_item"":{""alias"":""media-8e4d41f6c2"",""duration_ms"":7200,""path_alias"":""<media-path:3662a4e886>""},""playback_state"":""playing"",""playlist_size"":9,""present"":true,""uptime_sec"":824}"
165	173.189	2026-07-10T20:22:06+0000	success		3	<media-path:c58db4e1cc>	<media-path:c58db4e1cc>	<filename:9b95323d7d>	11.720042	30.805333	38.045495	false	false	false	281	v4l2request-copy	true	"{""aspect"":0.5625,""dh"":640,""dw"":360,""h"":640,""par"":1.0,""pixelformat"":""nv12"",""rotate"":0,""stereo-in"":""mono"",""w"":360}"	"{""duration"":""success"",""eof-reached"":""success"",""estimated-frame-number"":""success"",""filename"":""success"",""hwdec-current"":""success"",""idle-active"":""success"",""path"":""success"",""pause"":""success"",""percent-pos"":""success"",""time-pos"":""success"",""video-params"":""success"",""vo-configured"":""success""}"	true	playing	media-907addee8b	<media-path:c58db4e1cc>	30800	3	true	"{""black_screen_risk_reason"":""null"",""blocked_media_count"":0,""consecutive_failures"":0,""current_index"":3,""current_item"":{""alias"":""media-907addee8b"",""duration_ms"":30800,""offset_ms"":0,""path_alias"":""<media-path:c58db4e1cc>"",""started_at_present"":true},""last_poll_error"":""null"",""last_render_error"":""null"",""mpv_running"":true,""next_item"":{""alias"":""media-8e4d41f6c2"",""duration_ms"":7200,""path_alias"":""<media-path:3662a4e886>""},""playback_state"":""playing"",""playlist_size"":9,""present"":true,""uptime_sec"":824}"
166	174.195	2026-07-10T20:22:07+0000	success		2	<media-path:c58db4e1cc>	<media-path:c58db4e1cc>	<filename:9b95323d7d>	12.721042	30.805333	41.294933	false	false	false	305	v4l2request-copy	true	"{""aspect"":0.5625,""dh"":640,""dw"":360,""h"":640,""par"":1.0,""pixelformat"":""nv12"",""rotate"":0,""stereo-in"":""mono"",""w"":360}"	"{""duration"":""success"",""eof-reached"":""success"",""estimated-frame-number"":""success"",""filename"":""success"",""hwdec-current"":""success"",""idle-active"":""success"",""path"":""success"",""pause"":""success"",""percent-pos"":""success"",""time-pos"":""success"",""video-params"":""success"",""vo-configured"":""success""}"	true	playing	media-907addee8b	<media-path:c58db4e1cc>	30800	3	true	"{""black_screen_risk_reason"":""null"",""blocked_media_count"":0,""consecutive_failures"":0,""current_index"":3,""current_item"":{""alias"":""media-907addee8b"",""duration_ms"":30800,""offset_ms"":0,""path_alias"":""<media-path:c58db4e1cc>"",""started_at_present"":true},""last_poll_error"":""null"",""last_render_error"":""null"",""mpv_running"":true,""next_item"":{""alias"":""media-8e4d41f6c2"",""duration_ms"":7200,""path_alias"":""<media-path:3662a4e886>""},""playback_state"":""playing"",""playlist_size"":9,""present"":true,""uptime_sec"":824}"
167	175.201	2026-07-10T20:22:08+0000	success		7	<media-path:c58db4e1cc>	<media-path:c58db4e1cc>	<filename:9b95323d7d>	13.722042	30.805333	44.54437	false	false	false	329	v4l2request-copy	true	"{""aspect"":0.5625,""dh"":640,""dw"":360,""h"":640,""par"":1.0,""pixelformat"":""nv12"",""rotate"":0,""stereo-in"":""mono"",""w"":360}"	"{""duration"":""success"",""eof-reached"":""success"",""estimated-frame-number"":""success"",""filename"":""success"",""hwdec-current"":""success"",""idle-active"":""success"",""path"":""success"",""pause"":""success"",""percent-pos"":""success"",""time-pos"":""success"",""video-params"":""success"",""vo-configured"":""success""}"	true	playing	media-907addee8b	<media-path:c58db4e1cc>	30800	3	true	"{""black_screen_risk_reason"":""null"",""blocked_media_count"":0,""consecutive_failures"":0,""current_index"":3,""current_item"":{""alias"":""media-907addee8b"",""duration_ms"":30800,""offset_ms"":0,""path_alias"":""<media-path:c58db4e1cc>"",""started_at_present"":true},""last_poll_error"":""null"",""last_render_error"":""null"",""mpv_running"":true,""next_item"":{""alias"":""media-8e4d41f6c2"",""duration_ms"":7200,""path_alias"":""<media-path:3662a4e886>""},""playback_state"":""playing"",""playlist_size"":9,""present"":true,""uptime_sec"":824}"
168	176.212	2026-07-10T20:22:09+0000	success		2	<media-path:c58db4e1cc>	<media-path:c58db4e1cc>	<filename:9b95323d7d>	14.723042	30.805333	47.793807	false	false	false	353	v4l2request-copy	true	"{""aspect"":0.5625,""dh"":640,""dw"":360,""h"":640,""par"":1.0,""pixelformat"":""nv12"",""rotate"":0,""stereo-in"":""mono"",""w"":360}"	"{""duration"":""success"",""eof-reached"":""success"",""estimated-frame-number"":""success"",""filename"":""success"",""hwdec-current"":""success"",""idle-active"":""success"",""path"":""success"",""pause"":""success"",""percent-pos"":""success"",""time-pos"":""success"",""video-params"":""success"",""vo-configured"":""success""}"	true	playing	media-907addee8b	<media-path:c58db4e1cc>	30800	3	true	"{""black_screen_risk_reason"":""null"",""blocked_media_count"":0,""consecutive_failures"":0,""current_index"":3,""current_item"":{""alias"":""media-907addee8b"",""duration_ms"":30800,""offset_ms"":0,""path_alias"":""<media-path:c58db4e1cc>"",""started_at_present"":true},""last_poll_error"":""null"",""last_render_error"":""null"",""mpv_running"":true,""next_item"":{""alias"":""media-8e4d41f6c2"",""duration_ms"":7200,""path_alias"":""<media-path:3662a4e886>""},""playback_state"":""playing"",""playlist_size"":9,""present"":true,""uptime_sec"":829}"
169	177.216	2026-07-10T20:22:10+0000	success		2	<media-path:c58db4e1cc>	<media-path:c58db4e1cc>	<filename:9b95323d7d>	15.724042	30.805333	51.043245	false	false	false	377	v4l2request-copy	true	"{""aspect"":0.5625,""dh"":640,""dw"":360,""h"":640,""par"":1.0,""pixelformat"":""nv12"",""rotate"":0,""stereo-in"":""mono"",""w"":360}"	"{""duration"":""success"",""eof-reached"":""success"",""estimated-frame-number"":""success"",""filename"":""success"",""hwdec-current"":""success"",""idle-active"":""success"",""path"":""success"",""pause"":""success"",""percent-pos"":""success"",""time-pos"":""success"",""video-params"":""success"",""vo-configured"":""success""}"	true	playing	media-907addee8b	<media-path:c58db4e1cc>	30800	3	true	"{""black_screen_risk_reason"":""null"",""blocked_media_count"":0,""consecutive_failures"":0,""current_index"":3,""current_item"":{""alias"":""media-907addee8b"",""duration_ms"":30800,""offset_ms"":0,""path_alias"":""<media-path:c58db4e1cc>"",""started_at_present"":true},""last_poll_error"":""null"",""last_render_error"":""null"",""mpv_running"":true,""next_item"":{""alias"":""media-8e4d41f6c2"",""duration_ms"":7200,""path_alias"":""<media-path:3662a4e886>""},""playback_state"":""playing"",""playlist_size"":9,""present"":true,""uptime_sec"":829}"
170	178.220	2026-07-10T20:22:11+0000	success		2	<media-path:c58db4e1cc>	<media-path:c58db4e1cc>	<filename:9b95323d7d>	16.725042	30.805333	54.292682	false	false	false	401	v4l2request-copy	true	"{""aspect"":0.5625,""dh"":640,""dw"":360,""h"":640,""par"":1.0,""pixelformat"":""nv12"",""rotate"":0,""stereo-in"":""mono"",""w"":360}"	"{""duration"":""success"",""eof-reached"":""success"",""estimated-frame-number"":""success"",""filename"":""success"",""hwdec-current"":""success"",""idle-active"":""success"",""path"":""success"",""pause"":""success"",""percent-pos"":""success"",""time-pos"":""success"",""video-params"":""success"",""vo-configured"":""success""}"	true	playing	media-907addee8b	<media-path:c58db4e1cc>	30800	3	true	"{""black_screen_risk_reason"":""null"",""blocked_media_count"":0,""consecutive_failures"":0,""current_index"":3,""current_item"":{""alias"":""media-907addee8b"",""duration_ms"":30800,""offset_ms"":0,""path_alias"":""<media-path:c58db4e1cc>"",""started_at_present"":true},""last_poll_error"":""null"",""last_render_error"":""null"",""mpv_running"":true,""next_item"":{""alias"":""media-8e4d41f6c2"",""duration_ms"":7200,""path_alias"":""<media-path:3662a4e886>""},""playback_state"":""playing"",""playlist_size"":9,""present"":true,""uptime_sec"":829}"
171	179.224	2026-07-10T20:22:12+0000	success		2	<media-path:c58db4e1cc>	<media-path:c58db4e1cc>	<filename:9b95323d7d>	17.726042	30.805333	57.542119	false	false	false	425	v4l2request-copy	true	"{""aspect"":0.5625,""dh"":640,""dw"":360,""h"":640,""par"":1.0,""pixelformat"":""nv12"",""rotate"":0,""stereo-in"":""mono"",""w"":360}"	"{""duration"":""success"",""eof-reached"":""success"",""estimated-frame-number"":""success"",""filename"":""success"",""hwdec-current"":""success"",""idle-active"":""success"",""path"":""success"",""pause"":""success"",""percent-pos"":""success"",""time-pos"":""success"",""video-params"":""success"",""vo-configured"":""success""}"	true	playing	media-907addee8b	<media-path:c58db4e1cc>	30800	3	true	"{""black_screen_risk_reason"":""null"",""blocked_media_count"":0,""consecutive_failures"":0,""current_index"":3,""current_item"":{""alias"":""media-907addee8b"",""duration_ms"":30800,""offset_ms"":0,""path_alias"":""<media-path:c58db4e1cc>"",""started_at_present"":true},""last_poll_error"":""null"",""last_render_error"":""null"",""mpv_running"":true,""next_item"":{""alias"":""media-8e4d41f6c2"",""duration_ms"":7200,""path_alias"":""<media-path:3662a4e886>""},""playback_state"":""playing"",""playlist_size"":9,""present"":true,""uptime_sec"":829}"
172	180.228	2026-07-10T20:22:13+0000	success		2	<media-path:c58db4e1cc>	<media-path:c58db4e1cc>	<filename:9b95323d7d>	18.727042	30.805333	60.791557	false	false	false	449	v4l2request-copy	true	"{""aspect"":0.5625,""dh"":640,""dw"":360,""h"":640,""par"":1.0,""pixelformat"":""nv12"",""rotate"":0,""stereo-in"":""mono"",""w"":360}"	"{""duration"":""success"",""eof-reached"":""success"",""estimated-frame-number"":""success"",""filename"":""success"",""hwdec-current"":""success"",""idle-active"":""success"",""path"":""success"",""pause"":""success"",""percent-pos"":""success"",""time-pos"":""success"",""video-params"":""success"",""vo-configured"":""success""}"	true	playing	media-907addee8b	<media-path:c58db4e1cc>	30800	3	true	"{""black_screen_risk_reason"":""null"",""blocked_media_count"":0,""consecutive_failures"":0,""current_index"":3,""current_item"":{""alias"":""media-907addee8b"",""duration_ms"":30800,""offset_ms"":0,""path_alias"":""<media-path:c58db4e1cc>"",""started_at_present"":true},""last_poll_error"":""null"",""last_render_error"":""null"",""mpv_running"":true,""next_item"":{""alias"":""media-8e4d41f6c2"",""duration_ms"":7200,""path_alias"":""<media-path:3662a4e886>""},""playback_state"":""playing"",""playlist_size"":9,""present"":true,""uptime_sec"":829}"
173	181.233	2026-07-10T20:22:14+0000	success		2	<media-path:c58db4e1cc>	<media-path:c58db4e1cc>	<filename:9b95323d7d>	19.728042	30.805333	64.040994	false	false	false	473	v4l2request-copy	true	"{""aspect"":0.5625,""dh"":640,""dw"":360,""h"":640,""par"":1.0,""pixelformat"":""nv12"",""rotate"":0,""stereo-in"":""mono"",""w"":360}"	"{""duration"":""success"",""eof-reached"":""success"",""estimated-frame-number"":""success"",""filename"":""success"",""hwdec-current"":""success"",""idle-active"":""success"",""path"":""success"",""pause"":""success"",""percent-pos"":""success"",""time-pos"":""success"",""video-params"":""success"",""vo-configured"":""success""}"	true	playing	media-907addee8b	<media-path:c58db4e1cc>	30800	3	true	"{""black_screen_risk_reason"":""null"",""blocked_media_count"":0,""consecutive_failures"":0,""current_index"":3,""current_item"":{""alias"":""media-907addee8b"",""duration_ms"":30800,""offset_ms"":0,""path_alias"":""<media-path:c58db4e1cc>"",""started_at_present"":true},""last_poll_error"":""null"",""last_render_error"":""null"",""mpv_running"":true,""next_item"":{""alias"":""media-8e4d41f6c2"",""duration_ms"":7200,""path_alias"":""<media-path:3662a4e886>""},""playback_state"":""playing"",""playlist_size"":9,""present"":true,""uptime_sec"":834}"
174	182.237	2026-07-10T20:22:15+0000	success		2	<media-path:c58db4e1cc>	<media-path:c58db4e1cc>	<filename:9b95323d7d>	20.729042	30.805333	67.290431	false	false	false	497	v4l2request-copy	true	"{""aspect"":0.5625,""dh"":640,""dw"":360,""h"":640,""par"":1.0,""pixelformat"":""nv12"",""rotate"":0,""stereo-in"":""mono"",""w"":360}"	"{""duration"":""success"",""eof-reached"":""success"",""estimated-frame-number"":""success"",""filename"":""success"",""hwdec-current"":""success"",""idle-active"":""success"",""path"":""success"",""pause"":""success"",""percent-pos"":""success"",""time-pos"":""success"",""video-params"":""success"",""vo-configured"":""success""}"	true	playing	media-907addee8b	<media-path:c58db4e1cc>	30800	3	true	"{""black_screen_risk_reason"":""null"",""blocked_media_count"":0,""consecutive_failures"":0,""current_index"":3,""current_item"":{""alias"":""media-907addee8b"",""duration_ms"":30800,""offset_ms"":0,""path_alias"":""<media-path:c58db4e1cc>"",""started_at_present"":true},""last_poll_error"":""null"",""last_render_error"":""null"",""mpv_running"":true,""next_item"":{""alias"":""media-8e4d41f6c2"",""duration_ms"":7200,""path_alias"":""<media-path:3662a4e886>""},""playback_state"":""playing"",""playlist_size"":9,""present"":true,""uptime_sec"":834}"
175	183.240	2026-07-10T20:22:16+0000	success		2	<media-path:c58db4e1cc>	<media-path:c58db4e1cc>	<filename:9b95323d7d>	21.730042	30.805333	70.539869	false	false	false	521	v4l2request-copy	true	"{""aspect"":0.5625,""dh"":640,""dw"":360,""h"":640,""par"":1.0,""pixelformat"":""nv12"",""rotate"":0,""stereo-in"":""mono"",""w"":360}"	"{""duration"":""success"",""eof-reached"":""success"",""estimated-frame-number"":""success"",""filename"":""success"",""hwdec-current"":""success"",""idle-active"":""success"",""path"":""success"",""pause"":""success"",""percent-pos"":""success"",""time-pos"":""success"",""video-params"":""success"",""vo-configured"":""success""}"	true	playing	media-907addee8b	<media-path:c58db4e1cc>	30800	3	true	"{""black_screen_risk_reason"":""null"",""blocked_media_count"":0,""consecutive_failures"":0,""current_index"":3,""current_item"":{""alias"":""media-907addee8b"",""duration_ms"":30800,""offset_ms"":0,""path_alias"":""<media-path:c58db4e1cc>"",""started_at_present"":true},""last_poll_error"":""null"",""last_render_error"":""null"",""mpv_running"":true,""next_item"":{""alias"":""media-8e4d41f6c2"",""duration_ms"":7200,""path_alias"":""<media-path:3662a4e886>""},""playback_state"":""playing"",""playlist_size"":9,""present"":true,""uptime_sec"":834}"
176	184.244	2026-07-10T20:22:17+0000	success		2	<media-path:c58db4e1cc>	<media-path:c58db4e1cc>	<filename:9b95323d7d>	22.77275	30.805333	73.924699	false	false	false	546	v4l2request-copy	true	"{""aspect"":0.5625,""dh"":640,""dw"":360,""h"":640,""par"":1.0,""pixelformat"":""nv12"",""rotate"":0,""stereo-in"":""mono"",""w"":360}"	"{""duration"":""success"",""eof-reached"":""success"",""estimated-frame-number"":""success"",""filename"":""success"",""hwdec-current"":""success"",""idle-active"":""success"",""path"":""success"",""pause"":""success"",""percent-pos"":""success"",""time-pos"":""success"",""video-params"":""success"",""vo-configured"":""success""}"	true	playing	media-907addee8b	<media-path:c58db4e1cc>	30800	3	true	"{""black_screen_risk_reason"":""null"",""blocked_media_count"":0,""consecutive_failures"":0,""current_index"":3,""current_item"":{""alias"":""media-907addee8b"",""duration_ms"":30800,""offset_ms"":0,""path_alias"":""<media-path:c58db4e1cc>"",""started_at_present"":true},""last_poll_error"":""null"",""last_render_error"":""null"",""mpv_running"":true,""next_item"":{""alias"":""media-8e4d41f6c2"",""duration_ms"":7200,""path_alias"":""<media-path:3662a4e886>""},""playback_state"":""playing"",""playlist_size"":9,""present"":true,""uptime_sec"":834}"
177	185.248	2026-07-10T20:22:18+0000	success		4	<media-path:c58db4e1cc>	<media-path:c58db4e1cc>	<filename:9b95323d7d>	23.77375	30.805333	77.174137	false	false	false	570	v4l2request-copy	true	"{""aspect"":0.5625,""dh"":640,""dw"":360,""h"":640,""par"":1.0,""pixelformat"":""nv12"",""rotate"":0,""stereo-in"":""mono"",""w"":360}"	"{""duration"":""success"",""eof-reached"":""success"",""estimated-frame-number"":""success"",""filename"":""success"",""hwdec-current"":""success"",""idle-active"":""success"",""path"":""success"",""pause"":""success"",""percent-pos"":""success"",""time-pos"":""success"",""video-params"":""success"",""vo-configured"":""success""}"	true	playing	media-907addee8b	<media-path:c58db4e1cc>	30800	3	true	"{""black_screen_risk_reason"":""null"",""blocked_media_count"":0,""consecutive_failures"":0,""current_index"":3,""current_item"":{""alias"":""media-907addee8b"",""duration_ms"":30800,""offset_ms"":0,""path_alias"":""<media-path:c58db4e1cc>"",""started_at_present"":true},""last_poll_error"":""null"",""last_render_error"":""null"",""mpv_running"":true,""next_item"":{""alias"":""media-8e4d41f6c2"",""duration_ms"":7200,""path_alias"":""<media-path:3662a4e886>""},""playback_state"":""playing"",""playlist_size"":9,""present"":true,""uptime_sec"":834}"
178	186.256	2026-07-10T20:22:19+0000	success		3	<media-path:c58db4e1cc>	<media-path:c58db4e1cc>	<filename:9b95323d7d>	24.77475	30.805333	80.423574	false	false	false	594	v4l2request-copy	true	"{""aspect"":0.5625,""dh"":640,""dw"":360,""h"":640,""par"":1.0,""pixelformat"":""nv12"",""rotate"":0,""stereo-in"":""mono"",""w"":360}"	"{""duration"":""success"",""eof-reached"":""success"",""estimated-frame-number"":""success"",""filename"":""success"",""hwdec-current"":""success"",""idle-active"":""success"",""path"":""success"",""pause"":""success"",""percent-pos"":""success"",""time-pos"":""success"",""video-params"":""success"",""vo-configured"":""success""}"	true	playing	media-907addee8b	<media-path:c58db4e1cc>	30800	3	true	"{""black_screen_risk_reason"":""null"",""blocked_media_count"":0,""consecutive_failures"":0,""current_index"":3,""current_item"":{""alias"":""media-907addee8b"",""duration_ms"":30800,""offset_ms"":0,""path_alias"":""<media-path:c58db4e1cc>"",""started_at_present"":true},""last_poll_error"":""null"",""last_render_error"":""null"",""mpv_running"":true,""next_item"":{""alias"":""media-8e4d41f6c2"",""duration_ms"":7200,""path_alias"":""<media-path:3662a4e886>""},""playback_state"":""playing"",""playlist_size"":9,""present"":true,""uptime_sec"":839}"
179	187.261	2026-07-10T20:22:20+0000	success		2	<media-path:c58db4e1cc>	<media-path:c58db4e1cc>	<filename:9b95323d7d>	25.77575	30.805333	83.673011	false	false	false	618	v4l2request-copy	true	"{""aspect"":0.5625,""dh"":640,""dw"":360,""h"":640,""par"":1.0,""pixelformat"":""nv12"",""rotate"":0,""stereo-in"":""mono"",""w"":360}"	"{""duration"":""success"",""eof-reached"":""success"",""estimated-frame-number"":""success"",""filename"":""success"",""hwdec-current"":""success"",""idle-active"":""success"",""path"":""success"",""pause"":""success"",""percent-pos"":""success"",""time-pos"":""success"",""video-params"":""success"",""vo-configured"":""success""}"	true	playing	media-907addee8b	<media-path:c58db4e1cc>	30800	3	true	"{""black_screen_risk_reason"":""null"",""blocked_media_count"":0,""consecutive_failures"":0,""current_index"":3,""current_item"":{""alias"":""media-907addee8b"",""duration_ms"":30800,""offset_ms"":0,""path_alias"":""<media-path:c58db4e1cc>"",""started_at_present"":true},""last_poll_error"":""null"",""last_render_error"":""null"",""mpv_running"":true,""next_item"":{""alias"":""media-8e4d41f6c2"",""duration_ms"":7200,""path_alias"":""<media-path:3662a4e886>""},""playback_state"":""playing"",""playlist_size"":9,""present"":true,""uptime_sec"":839}"
180	188.265	2026-07-10T20:22:21+0000	success		4	<media-path:c58db4e1cc>	<media-path:c58db4e1cc>	<filename:9b95323d7d>	26.77675	30.805333	86.922448	false	false	false	641	v4l2request-copy	true	"{""aspect"":0.5625,""dh"":640,""dw"":360,""h"":640,""par"":1.0,""pixelformat"":""nv12"",""rotate"":0,""stereo-in"":""mono"",""w"":360}"	"{""duration"":""success"",""eof-reached"":""success"",""estimated-frame-number"":""success"",""filename"":""success"",""hwdec-current"":""success"",""idle-active"":""success"",""path"":""success"",""pause"":""success"",""percent-pos"":""success"",""time-pos"":""success"",""video-params"":""success"",""vo-configured"":""success""}"	true	playing	media-907addee8b	<media-path:c58db4e1cc>	30800	3	true	"{""black_screen_risk_reason"":""null"",""blocked_media_count"":0,""consecutive_failures"":0,""current_index"":3,""current_item"":{""alias"":""media-907addee8b"",""duration_ms"":30800,""offset_ms"":0,""path_alias"":""<media-path:c58db4e1cc>"",""started_at_present"":true},""last_poll_error"":""null"",""last_render_error"":""null"",""mpv_running"":true,""next_item"":{""alias"":""media-8e4d41f6c2"",""duration_ms"":7200,""path_alias"":""<media-path:3662a4e886>""},""playback_state"":""playing"",""playlist_size"":9,""present"":true,""uptime_sec"":839}"
181	189.273	2026-07-10T20:22:22+0000	success		2	<media-path:c58db4e1cc>	<media-path:c58db4e1cc>	<filename:9b95323d7d>	27.77775	30.805333	90.171886	false	false	false	665	v4l2request-copy	true	"{""aspect"":0.5625,""dh"":640,""dw"":360,""h"":640,""par"":1.0,""pixelformat"":""nv12"",""rotate"":0,""stereo-in"":""mono"",""w"":360}"	"{""duration"":""success"",""eof-reached"":""success"",""estimated-frame-number"":""success"",""filename"":""success"",""hwdec-current"":""success"",""idle-active"":""success"",""path"":""success"",""pause"":""success"",""percent-pos"":""success"",""time-pos"":""success"",""video-params"":""success"",""vo-configured"":""success""}"	true	playing	media-907addee8b	<media-path:c58db4e1cc>	30800	3	true	"{""black_screen_risk_reason"":""null"",""blocked_media_count"":0,""consecutive_failures"":0,""current_index"":3,""current_item"":{""alias"":""media-907addee8b"",""duration_ms"":30800,""offset_ms"":0,""path_alias"":""<media-path:c58db4e1cc>"",""started_at_present"":true},""last_poll_error"":""null"",""last_render_error"":""null"",""mpv_running"":true,""next_item"":{""alias"":""media-8e4d41f6c2"",""duration_ms"":7200,""path_alias"":""<media-path:3662a4e886>""},""playback_state"":""playing"",""playlist_size"":9,""present"":true,""uptime_sec"":839}"
182	190.277	2026-07-10T20:22:23+0000	success		2	<media-path:c58db4e1cc>	<media-path:c58db4e1cc>	<filename:9b95323d7d>	28.77875	30.805333	93.421323	false	false	false	689	v4l2request-copy	true	"{""aspect"":0.5625,""dh"":640,""dw"":360,""h"":640,""par"":1.0,""pixelformat"":""nv12"",""rotate"":0,""stereo-in"":""mono"",""w"":360}"	"{""duration"":""success"",""eof-reached"":""success"",""estimated-frame-number"":""success"",""filename"":""success"",""hwdec-current"":""success"",""idle-active"":""success"",""path"":""success"",""pause"":""success"",""percent-pos"":""success"",""time-pos"":""success"",""video-params"":""success"",""vo-configured"":""success""}"	true	playing	media-907addee8b	<media-path:c58db4e1cc>	30800	3	true	"{""black_screen_risk_reason"":""null"",""blocked_media_count"":0,""consecutive_failures"":0,""current_index"":3,""current_item"":{""alias"":""media-907addee8b"",""duration_ms"":30800,""offset_ms"":0,""path_alias"":""<media-path:c58db4e1cc>"",""started_at_present"":true},""last_poll_error"":""null"",""last_render_error"":""null"",""mpv_running"":true,""next_item"":{""alias"":""media-8e4d41f6c2"",""duration_ms"":7200,""path_alias"":""<media-path:3662a4e886>""},""playback_state"":""playing"",""playlist_size"":9,""present"":true,""uptime_sec"":839}"
183	191.281	2026-07-10T20:22:24+0000	success		2	<media-path:c58db4e1cc>	<media-path:c58db4e1cc>	<filename:9b95323d7d>	29.77975	30.805333	96.67076	false	false	false	713	v4l2request-copy	true	"{""aspect"":0.5625,""dh"":640,""dw"":360,""h"":640,""par"":1.0,""pixelformat"":""nv12"",""rotate"":0,""stereo-in"":""mono"",""w"":360}"	"{""duration"":""success"",""eof-reached"":""success"",""estimated-frame-number"":""success"",""filename"":""success"",""hwdec-current"":""success"",""idle-active"":""success"",""path"":""success"",""pause"":""success"",""percent-pos"":""success"",""time-pos"":""success"",""video-params"":""success"",""vo-configured"":""success""}"	true	playing	media-907addee8b	<media-path:c58db4e1cc>	30800	3	true	"{""black_screen_risk_reason"":""null"",""blocked_media_count"":0,""consecutive_failures"":0,""current_index"":3,""current_item"":{""alias"":""media-907addee8b"",""duration_ms"":30800,""offset_ms"":0,""path_alias"":""<media-path:c58db4e1cc>"",""started_at_present"":true},""last_poll_error"":""null"",""last_render_error"":""null"",""mpv_running"":true,""next_item"":{""alias"":""media-8e4d41f6c2"",""duration_ms"":7200,""path_alias"":""<media-path:3662a4e886>""},""playback_state"":""playing"",""playlist_size"":9,""present"":true,""uptime_sec"":844}"
184	192.284	2026-07-10T20:22:25+0000	success		1	<media-path:c58db4e1cc>	<media-path:c58db4e1cc>	<filename:9b95323d7d>	0	30.805333	0	false	false	false	0	v4l2request-copy	true	"{""aspect"":0.5625,""dh"":640,""dw"":360,""h"":640,""par"":1.0,""pixelformat"":""nv12"",""rotate"":0,""stereo-in"":""mono"",""w"":360}"	"{""duration"":""success"",""eof-reached"":""success"",""estimated-frame-number"":""success"",""filename"":""success"",""hwdec-current"":""success"",""idle-active"":""success"",""path"":""success"",""pause"":""success"",""percent-pos"":""success"",""time-pos"":""success"",""video-params"":""success"",""vo-configured"":""success""}"	true	playing	media-907addee8b	<media-path:c58db4e1cc>	30800	3	true	"{""black_screen_risk_reason"":""null"",""blocked_media_count"":0,""consecutive_failures"":0,""current_index"":3,""current_item"":{""alias"":""media-907addee8b"",""duration_ms"":30800,""offset_ms"":0,""path_alias"":""<media-path:c58db4e1cc>"",""started_at_present"":true},""last_poll_error"":""null"",""last_render_error"":""null"",""mpv_running"":true,""next_item"":{""alias"":""media-8e4d41f6c2"",""duration_ms"":7200,""path_alias"":""<media-path:3662a4e886>""},""playback_state"":""playing"",""playlist_size"":9,""present"":true,""uptime_sec"":844}"
185	193.288	2026-07-10T20:22:26+0000	success		16	<media-path:3662a4e886>	<media-path:3662a4e886>	<filename:0a2aeee29a>	0.866667	7.221406	12.001357	false	false	false	26	v4l2request-copy	true	"{""aspect"":0.5625,""dh"":1024,""dw"":576,""h"":1024,""par"":1.0,""pixelformat"":""nv12"",""rotate"":0,""stereo-in"":""mono"",""w"":576}"	"{""duration"":""success"",""eof-reached"":""success"",""estimated-frame-number"":""success"",""filename"":""success"",""hwdec-current"":""success"",""idle-active"":""success"",""path"":""success"",""pause"":""success"",""percent-pos"":""success"",""time-pos"":""success"",""video-params"":""success"",""vo-configured"":""success""}"	true	playing	media-907addee8b	<media-path:c58db4e1cc>	30800	3	true	"{""black_screen_risk_reason"":""null"",""blocked_media_count"":0,""consecutive_failures"":0,""current_index"":3,""current_item"":{""alias"":""media-907addee8b"",""duration_ms"":30800,""offset_ms"":0,""path_alias"":""<media-path:c58db4e1cc>"",""started_at_present"":true},""last_poll_error"":""null"",""last_render_error"":""null"",""mpv_running"":true,""next_item"":{""alias"":""media-8e4d41f6c2"",""duration_ms"":7200,""path_alias"":""<media-path:3662a4e886>""},""playback_state"":""playing"",""playlist_size"":9,""present"":true,""uptime_sec"":844}"
186	194.308	2026-07-10T20:22:27+0000	success		2	<media-path:3662a4e886>	<media-path:3662a4e886>	<filename:0a2aeee29a>	1.9	7.221406	26.310666	false	false	false	57	v4l2request-copy	true	"{""aspect"":0.5625,""dh"":1024,""dw"":576,""h"":1024,""par"":1.0,""pixelformat"":""nv12"",""rotate"":0,""stereo-in"":""mono"",""w"":576}"	"{""duration"":""success"",""eof-reached"":""success"",""estimated-frame-number"":""success"",""filename"":""success"",""hwdec-current"":""success"",""idle-active"":""success"",""path"":""success"",""pause"":""success"",""percent-pos"":""success"",""time-pos"":""success"",""video-params"":""success"",""vo-configured"":""success""}"	true	playing	media-907addee8b	<media-path:c58db4e1cc>	30800	3	true	"{""black_screen_risk_reason"":""null"",""blocked_media_count"":0,""consecutive_failures"":0,""current_index"":3,""current_item"":{""alias"":""media-907addee8b"",""duration_ms"":30800,""offset_ms"":0,""path_alias"":""<media-path:c58db4e1cc>"",""started_at_present"":true},""last_poll_error"":""null"",""last_render_error"":""null"",""mpv_running"":true,""next_item"":{""alias"":""media-8e4d41f6c2"",""duration_ms"":7200,""path_alias"":""<media-path:3662a4e886>""},""playback_state"":""playing"",""playlist_size"":9,""present"":true,""uptime_sec"":844}"
187	195.314	2026-07-10T20:22:28+0000	success		2	<media-path:3662a4e886>	<media-path:3662a4e886>	<filename:0a2aeee29a>	2.9	7.221406	40.158385	false	false	false	86	v4l2request-copy	true	"{""aspect"":0.5625,""dh"":1024,""dw"":576,""h"":1024,""par"":1.0,""pixelformat"":""nv12"",""rotate"":0,""stereo-in"":""mono"",""w"":576}"	"{""duration"":""success"",""eof-reached"":""success"",""estimated-frame-number"":""success"",""filename"":""success"",""hwdec-current"":""success"",""idle-active"":""success"",""path"":""success"",""pause"":""success"",""percent-pos"":""success"",""time-pos"":""success"",""video-params"":""success"",""vo-configured"":""success""}"	true	playing	media-907addee8b	<media-path:c58db4e1cc>	30800	3	true	"{""black_screen_risk_reason"":""null"",""blocked_media_count"":0,""consecutive_failures"":0,""current_index"":3,""current_item"":{""alias"":""media-907addee8b"",""duration_ms"":30800,""offset_ms"":0,""path_alias"":""<media-path:c58db4e1cc>"",""started_at_present"":true},""last_poll_error"":""null"",""last_render_error"":""null"",""mpv_running"":true,""next_item"":{""alias"":""media-8e4d41f6c2"",""duration_ms"":7200,""path_alias"":""<media-path:3662a4e886>""},""playback_state"":""playing"",""playlist_size"":9,""present"":true,""uptime_sec"":844}"
188	196.318	2026-07-10T20:22:29+0000	success		2	<media-path:3662a4e886>	<media-path:3662a4e886>	<filename:0a2aeee29a>	3.9	7.221406	54.006104	false	false	false	116	v4l2request-copy	true	"{""aspect"":0.5625,""dh"":1024,""dw"":576,""h"":1024,""par"":1.0,""pixelformat"":""nv12"",""rotate"":0,""stereo-in"":""mono"",""w"":576}"	"{""duration"":""success"",""eof-reached"":""success"",""estimated-frame-number"":""success"",""filename"":""success"",""hwdec-current"":""success"",""idle-active"":""success"",""path"":""success"",""pause"":""success"",""percent-pos"":""success"",""time-pos"":""success"",""video-params"":""success"",""vo-configured"":""success""}"	true	playing	media-8e4d41f6c2	<media-path:3662a4e886>	7200	4	true	"{""black_screen_risk_reason"":""null"",""blocked_media_count"":0,""consecutive_failures"":0,""current_index"":4,""current_item"":{""alias"":""media-8e4d41f6c2"",""duration_ms"":7200,""offset_ms"":0,""path_alias"":""<media-path:3662a4e886>"",""started_at_present"":true},""last_poll_error"":""null"",""last_render_error"":""null"",""mpv_running"":true,""next_item"":{""alias"":""media-fba32b0055"",""duration_ms"":5100,""path_alias"":""<media-path:97100fcdae>""},""playback_state"":""playing"",""playlist_size"":9,""present"":true,""uptime_sec"":849}"
189	197.323	2026-07-10T20:22:30+0000	success		10	<media-path:3662a4e886>	<media-path:3662a4e886>	<filename:0a2aeee29a>	4.9	7.221406	67.853823	false	false	false	146	v4l2request-copy	true	"{""aspect"":0.5625,""dh"":1024,""dw"":576,""h"":1024,""par"":1.0,""pixelformat"":""nv12"",""rotate"":0,""stereo-in"":""mono"",""w"":576}"	"{""duration"":""success"",""eof-reached"":""success"",""estimated-frame-number"":""success"",""filename"":""success"",""hwdec-current"":""success"",""idle-active"":""success"",""path"":""success"",""pause"":""success"",""percent-pos"":""success"",""time-pos"":""success"",""video-params"":""success"",""vo-configured"":""success""}"	true	playing	media-8e4d41f6c2	<media-path:3662a4e886>	7200	4	true	"{""black_screen_risk_reason"":""null"",""blocked_media_count"":0,""consecutive_failures"":0,""current_index"":4,""current_item"":{""alias"":""media-8e4d41f6c2"",""duration_ms"":7200,""offset_ms"":0,""path_alias"":""<media-path:3662a4e886>"",""started_at_present"":true},""last_poll_error"":""null"",""last_render_error"":""null"",""mpv_running"":true,""next_item"":{""alias"":""media-fba32b0055"",""duration_ms"":5100,""path_alias"":""<media-path:97100fcdae>""},""playback_state"":""playing"",""playlist_size"":9,""present"":true,""uptime_sec"":849}"
190	198.336	2026-07-10T20:22:31+0000	success		2	<media-path:3662a4e886>	<media-path:3662a4e886>	<filename:0a2aeee29a>	5.9	7.221406	81.701542	false	false	false	176	v4l2request-copy	true	"{""aspect"":0.5625,""dh"":1024,""dw"":576,""h"":1024,""par"":1.0,""pixelformat"":""nv12"",""rotate"":0,""stereo-in"":""mono"",""w"":576}"	"{""duration"":""success"",""eof-reached"":""success"",""estimated-frame-number"":""success"",""filename"":""success"",""hwdec-current"":""success"",""idle-active"":""success"",""path"":""success"",""pause"":""success"",""percent-pos"":""success"",""time-pos"":""success"",""video-params"":""success"",""vo-configured"":""success""}"	true	playing	media-8e4d41f6c2	<media-path:3662a4e886>	7200	4	true	"{""black_screen_risk_reason"":""null"",""blocked_media_count"":0,""consecutive_failures"":0,""current_index"":4,""current_item"":{""alias"":""media-8e4d41f6c2"",""duration_ms"":7200,""offset_ms"":0,""path_alias"":""<media-path:3662a4e886>"",""started_at_present"":true},""last_poll_error"":""null"",""last_render_error"":""null"",""mpv_running"":true,""next_item"":{""alias"":""media-fba32b0055"",""duration_ms"":5100,""path_alias"":""<media-path:97100fcdae>""},""playback_state"":""playing"",""playlist_size"":9,""present"":true,""uptime_sec"":849}"
191	199.340	2026-07-10T20:22:32+0000	success		2	<media-path:3662a4e886>	<media-path:3662a4e886>	<filename:0a2aeee29a>	6.933333	7.221406	96.010852	false	false	false	206	v4l2request-copy	true	"{""aspect"":0.5625,""dh"":1024,""dw"":576,""h"":1024,""par"":1.0,""pixelformat"":""nv12"",""rotate"":0,""stereo-in"":""mono"",""w"":576}"	"{""duration"":""success"",""eof-reached"":""success"",""estimated-frame-number"":""success"",""filename"":""success"",""hwdec-current"":""success"",""idle-active"":""success"",""path"":""success"",""pause"":""success"",""percent-pos"":""success"",""time-pos"":""success"",""video-params"":""success"",""vo-configured"":""success""}"	true	playing	media-8e4d41f6c2	<media-path:3662a4e886>	7200	4	true	"{""black_screen_risk_reason"":""null"",""blocked_media_count"":0,""consecutive_failures"":0,""current_index"":4,""current_item"":{""alias"":""media-8e4d41f6c2"",""duration_ms"":7200,""offset_ms"":0,""path_alias"":""<media-path:3662a4e886>"",""started_at_present"":true},""last_poll_error"":""null"",""last_render_error"":""null"",""mpv_running"":true,""next_item"":{""alias"":""media-fba32b0055"",""duration_ms"":5100,""path_alias"":""<media-path:97100fcdae>""},""playback_state"":""playing"",""playlist_size"":9,""present"":true,""uptime_sec"":849}"
192	200.345	2026-07-10T20:22:33+0000	success		2	<media-path:97100fcdae>	<media-path:97100fcdae>	<filename:a4bfef2b1b>	0.633333	5.06195	12.511647	false	false	false	19	v4l2request-copy	true	"{""aspect"":0.697674,""dh"":688,""dw"":480,""h"":688,""par"":1.0,""pixelformat"":""nv12"",""rotate"":0,""stereo-in"":""mono"",""w"":480}"	"{""duration"":""success"",""eof-reached"":""success"",""estimated-frame-number"":""success"",""filename"":""success"",""hwdec-current"":""success"",""idle-active"":""success"",""path"":""success"",""pause"":""success"",""percent-pos"":""success"",""time-pos"":""success"",""video-params"":""success"",""vo-configured"":""success""}"	true	playing	media-8e4d41f6c2	<media-path:3662a4e886>	7200	4	true	"{""black_screen_risk_reason"":""null"",""blocked_media_count"":0,""consecutive_failures"":0,""current_index"":4,""current_item"":{""alias"":""media-8e4d41f6c2"",""duration_ms"":7200,""offset_ms"":0,""path_alias"":""<media-path:3662a4e886>"",""started_at_present"":true},""last_poll_error"":""null"",""last_render_error"":""null"",""mpv_running"":true,""next_item"":{""alias"":""media-fba32b0055"",""duration_ms"":5100,""path_alias"":""<media-path:97100fcdae>""},""playback_state"":""playing"",""playlist_size"":9,""present"":true,""uptime_sec"":849}"
193	201.350	2026-07-10T20:22:34+0000	success		6	<media-path:97100fcdae>	<media-path:97100fcdae>	<filename:a4bfef2b1b>	1.633333	5.06195	32.266879	false	false	false	49	v4l2request-copy	true	"{""aspect"":0.697674,""dh"":688,""dw"":480,""h"":688,""par"":1.0,""pixelformat"":""nv12"",""rotate"":0,""stereo-in"":""mono"",""w"":480}"	"{""duration"":""success"",""eof-reached"":""success"",""estimated-frame-number"":""success"",""filename"":""success"",""hwdec-current"":""success"",""idle-active"":""success"",""path"":""success"",""pause"":""success"",""percent-pos"":""success"",""time-pos"":""success"",""video-params"":""success"",""vo-configured"":""success""}"	true	playing	media-fba32b0055	<media-path:97100fcdae>	5100	5	true	"{""black_screen_risk_reason"":""null"",""blocked_media_count"":0,""consecutive_failures"":0,""current_index"":5,""current_item"":{""alias"":""media-fba32b0055"",""duration_ms"":5100,""offset_ms"":0,""path_alias"":""<media-path:97100fcdae>"",""started_at_present"":true},""last_poll_error"":""null"",""last_render_error"":""null"",""mpv_running"":true,""next_item"":{""alias"":""media-749f1db21b"",""duration_ms"":3900,""path_alias"":""<media-path:31af3d58a2>""},""playback_state"":""playing"",""playlist_size"":9,""present"":true,""uptime_sec"":854}"
194	202.358	2026-07-10T20:22:35+0000	success		2	<media-path:97100fcdae>	<media-path:97100fcdae>	<filename:a4bfef2b1b>	2.633333	5.06195	52.022112	false	false	false	79	v4l2request-copy	true	"{""aspect"":0.697674,""dh"":688,""dw"":480,""h"":688,""par"":1.0,""pixelformat"":""nv12"",""rotate"":0,""stereo-in"":""mono"",""w"":480}"	"{""duration"":""success"",""eof-reached"":""success"",""estimated-frame-number"":""success"",""filename"":""success"",""hwdec-current"":""success"",""idle-active"":""success"",""path"":""success"",""pause"":""success"",""percent-pos"":""success"",""time-pos"":""success"",""video-params"":""success"",""vo-configured"":""success""}"	true	playing	media-fba32b0055	<media-path:97100fcdae>	5100	5	true	"{""black_screen_risk_reason"":""null"",""blocked_media_count"":0,""consecutive_failures"":0,""current_index"":5,""current_item"":{""alias"":""media-fba32b0055"",""duration_ms"":5100,""offset_ms"":0,""path_alias"":""<media-path:97100fcdae>"",""started_at_present"":true},""last_poll_error"":""null"",""last_render_error"":""null"",""mpv_running"":true,""next_item"":{""alias"":""media-749f1db21b"",""duration_ms"":3900,""path_alias"":""<media-path:31af3d58a2>""},""playback_state"":""playing"",""playlist_size"":9,""present"":true,""uptime_sec"":854}"
195	203.362	2026-07-10T20:22:36+0000	success		2	<media-path:97100fcdae>	<media-path:97100fcdae>	<filename:a4bfef2b1b>	3.633333	5.06195	71.777344	false	false	false	108	v4l2request-copy	true	"{""aspect"":0.697674,""dh"":688,""dw"":480,""h"":688,""par"":1.0,""pixelformat"":""nv12"",""rotate"":0,""stereo-in"":""mono"",""w"":480}"	"{""duration"":""success"",""eof-reached"":""success"",""estimated-frame-number"":""success"",""filename"":""success"",""hwdec-current"":""success"",""idle-active"":""success"",""path"":""success"",""pause"":""success"",""percent-pos"":""success"",""time-pos"":""success"",""video-params"":""success"",""vo-configured"":""success""}"	true	playing	media-fba32b0055	<media-path:97100fcdae>	5100	5	true	"{""black_screen_risk_reason"":""null"",""blocked_media_count"":0,""consecutive_failures"":0,""current_index"":5,""current_item"":{""alias"":""media-fba32b0055"",""duration_ms"":5100,""offset_ms"":0,""path_alias"":""<media-path:97100fcdae>"",""started_at_present"":true},""last_poll_error"":""null"",""last_render_error"":""null"",""mpv_running"":true,""next_item"":{""alias"":""media-749f1db21b"",""duration_ms"":3900,""path_alias"":""<media-path:31af3d58a2>""},""playback_state"":""playing"",""playlist_size"":9,""present"":true,""uptime_sec"":854}"
196	204.367	2026-07-10T20:22:37+0000	success		3	<media-path:97100fcdae>	<media-path:97100fcdae>	<filename:a4bfef2b1b>	4.666667	5.06195	92.191084	false	false	false	139	v4l2request-copy	true	"{""aspect"":0.697674,""dh"":688,""dw"":480,""h"":688,""par"":1.0,""pixelformat"":""nv12"",""rotate"":0,""stereo-in"":""mono"",""w"":480}"	"{""duration"":""success"",""eof-reached"":""success"",""estimated-frame-number"":""success"",""filename"":""success"",""hwdec-current"":""success"",""idle-active"":""success"",""path"":""success"",""pause"":""success"",""percent-pos"":""success"",""time-pos"":""success"",""video-params"":""success"",""vo-configured"":""success""}"	true	playing	media-fba32b0055	<media-path:97100fcdae>	5100	5	true	"{""black_screen_risk_reason"":""null"",""blocked_media_count"":0,""consecutive_failures"":0,""current_index"":5,""current_item"":{""alias"":""media-fba32b0055"",""duration_ms"":5100,""offset_ms"":0,""path_alias"":""<media-path:97100fcdae>"",""started_at_present"":true},""last_poll_error"":""null"",""last_render_error"":""null"",""mpv_running"":true,""next_item"":{""alias"":""media-749f1db21b"",""duration_ms"":3900,""path_alias"":""<media-path:31af3d58a2>""},""playback_state"":""playing"",""playlist_size"":9,""present"":true,""uptime_sec"":854}"
197	205.373	2026-07-10T20:22:38+0000	success		3	<media-path:31af3d58a2>	<media-path:31af3d58a2>	<filename:92829f14a9>	0.333333	3.9	8.547009	false	false	false	10	v4l2request-copy	true	"{""aspect"":0.566038,""dh"":848,""dw"":480,""h"":848,""par"":1.0,""pixelformat"":""nv12"",""rotate"":0,""stereo-in"":""mono"",""w"":480}"	"{""duration"":""success"",""eof-reached"":""success"",""estimated-frame-number"":""success"",""filename"":""success"",""hwdec-current"":""success"",""idle-active"":""success"",""path"":""success"",""pause"":""success"",""percent-pos"":""success"",""time-pos"":""success"",""video-params"":""success"",""vo-configured"":""success""}"	true	playing	media-fba32b0055	<media-path:97100fcdae>	5100	5	true	"{""black_screen_risk_reason"":""null"",""blocked_media_count"":0,""consecutive_failures"":0,""current_index"":5,""current_item"":{""alias"":""media-fba32b0055"",""duration_ms"":5100,""offset_ms"":0,""path_alias"":""<media-path:97100fcdae>"",""started_at_present"":true},""last_poll_error"":""null"",""last_render_error"":""null"",""mpv_running"":true,""next_item"":{""alias"":""media-749f1db21b"",""duration_ms"":3900,""path_alias"":""<media-path:31af3d58a2>""},""playback_state"":""playing"",""playlist_size"":9,""present"":true,""uptime_sec"":854}"
198	206.379	2026-07-10T20:22:39+0000	success		2	<media-path:31af3d58a2>	<media-path:31af3d58a2>	<filename:92829f14a9>	1.366667	3.9	35.042735	false	false	false	41	v4l2request-copy	true	"{""aspect"":0.566038,""dh"":848,""dw"":480,""h"":848,""par"":1.0,""pixelformat"":""nv12"",""rotate"":0,""stereo-in"":""mono"",""w"":480}"	"{""duration"":""success"",""eof-reached"":""success"",""estimated-frame-number"":""success"",""filename"":""success"",""hwdec-current"":""success"",""idle-active"":""success"",""path"":""success"",""pause"":""success"",""percent-pos"":""success"",""time-pos"":""success"",""video-params"":""success"",""vo-configured"":""success""}"	true	playing	media-749f1db21b	<media-path:31af3d58a2>	3900	6	true	"{""black_screen_risk_reason"":""null"",""blocked_media_count"":0,""consecutive_failures"":0,""current_index"":6,""current_item"":{""alias"":""media-749f1db21b"",""duration_ms"":3900,""offset_ms"":0,""path_alias"":""<media-path:31af3d58a2>"",""started_at_present"":true},""last_poll_error"":""null"",""last_render_error"":""null"",""mpv_running"":true,""next_item"":{""alias"":""media-b8c9a5f04c"",""duration_ms"":28100,""path_alias"":""<media-path:3ba49b8978>""},""playback_state"":""playing"",""playlist_size"":9,""present"":true,""uptime_sec"":859}"
199	207.384	2026-07-10T20:22:40+0000	success		2	<media-path:31af3d58a2>	<media-path:31af3d58a2>	<filename:92829f14a9>	2.366667	3.9	60.683761	false	false	false	70	v4l2request-copy	true	"{""aspect"":0.566038,""dh"":848,""dw"":480,""h"":848,""par"":1.0,""pixelformat"":""nv12"",""rotate"":0,""stereo-in"":""mono"",""w"":480}"	"{""duration"":""success"",""eof-reached"":""success"",""estimated-frame-number"":""success"",""filename"":""success"",""hwdec-current"":""success"",""idle-active"":""success"",""path"":""success"",""pause"":""success"",""percent-pos"":""success"",""time-pos"":""success"",""video-params"":""success"",""vo-configured"":""success""}"	true	playing	media-749f1db21b	<media-path:31af3d58a2>	3900	6	true	"{""black_screen_risk_reason"":""null"",""blocked_media_count"":0,""consecutive_failures"":0,""current_index"":6,""current_item"":{""alias"":""media-749f1db21b"",""duration_ms"":3900,""offset_ms"":0,""path_alias"":""<media-path:31af3d58a2>"",""started_at_present"":true},""last_poll_error"":""null"",""last_render_error"":""null"",""mpv_running"":true,""next_item"":{""alias"":""media-b8c9a5f04c"",""duration_ms"":28100,""path_alias"":""<media-path:3ba49b8978>""},""playback_state"":""playing"",""playlist_size"":9,""present"":true,""uptime_sec"":859}"
200	208.388	2026-07-10T20:22:41+0000	success		2	<media-path:31af3d58a2>	<media-path:31af3d58a2>	<filename:92829f14a9>	3.366667	3.9	86.324786	false	false	false	100	v4l2request-copy	true	"{""aspect"":0.566038,""dh"":848,""dw"":480,""h"":848,""par"":1.0,""pixelformat"":""nv12"",""rotate"":0,""stereo-in"":""mono"",""w"":480}"	"{""duration"":""success"",""eof-reached"":""success"",""estimated-frame-number"":""success"",""filename"":""success"",""hwdec-current"":""success"",""idle-active"":""success"",""path"":""success"",""pause"":""success"",""percent-pos"":""success"",""time-pos"":""success"",""video-params"":""success"",""vo-configured"":""success""}"	true	playing	media-749f1db21b	<media-path:31af3d58a2>	3900	6	true	"{""black_screen_risk_reason"":""null"",""blocked_media_count"":0,""consecutive_failures"":0,""current_index"":6,""current_item"":{""alias"":""media-749f1db21b"",""duration_ms"":3900,""offset_ms"":0,""path_alias"":""<media-path:31af3d58a2>"",""started_at_present"":true},""last_poll_error"":""null"",""last_render_error"":""null"",""mpv_running"":true,""next_item"":{""alias"":""media-b8c9a5f04c"",""duration_ms"":28100,""path_alias"":""<media-path:3ba49b8978>""},""playback_state"":""playing"",""playlist_size"":9,""present"":true,""uptime_sec"":859}"
201	209.392	2026-07-10T20:22:43+0000	success		530	<media-path:3ba49b8978>	<media-path:3ba49b8978>	<filename:e511e8bce0>	0.166833	28.061367	0.832342	false	false	false	9	v4l2request-copy	true	"{""aspect"":0.5625,""dh"":1920,""dw"":1080,""h"":1920,""par"":1.0,""pixelformat"":""nv12"",""rotate"":0,""stereo-in"":""mono"",""w"":1080}"	"{""duration"":""success"",""eof-reached"":""success"",""estimated-frame-number"":""success"",""filename"":""success"",""hwdec-current"":""success"",""idle-active"":""success"",""path"":""success"",""pause"":""success"",""percent-pos"":""success"",""time-pos"":""success"",""video-params"":""success"",""vo-configured"":""success""}"	true	playing	media-749f1db21b	<media-path:31af3d58a2>	3900	6	true	"{""black_screen_risk_reason"":""null"",""blocked_media_count"":0,""consecutive_failures"":0,""current_index"":6,""current_item"":{""alias"":""media-749f1db21b"",""duration_ms"":3900,""offset_ms"":0,""path_alias"":""<media-path:31af3d58a2>"",""started_at_present"":true},""last_poll_error"":""null"",""last_render_error"":""null"",""mpv_running"":true,""next_item"":{""alias"":""media-b8c9a5f04c"",""duration_ms"":28100,""path_alias"":""<media-path:3ba49b8978>""},""playback_state"":""playing"",""playlist_size"":9,""present"":true,""uptime_sec"":859}"
202	210.926	2026-07-10T20:22:44+0000	success		522	<media-path:3ba49b8978>	<media-path:3ba49b8978>	<filename:e511e8bce0>	1.334667	28.061367	4.994055	false	false	false	44	v4l2request-copy	true	"{""aspect"":0.5625,""dh"":1920,""dw"":1080,""h"":1920,""par"":1.0,""pixelformat"":""nv12"",""rotate"":0,""stereo-in"":""mono"",""w"":1080}"	"{""duration"":""success"",""eof-reached"":""success"",""estimated-frame-number"":""success"",""filename"":""success"",""hwdec-current"":""success"",""idle-active"":""success"",""path"":""success"",""pause"":""success"",""percent-pos"":""success"",""time-pos"":""success"",""video-params"":""success"",""vo-configured"":""success""}"	true	playing	media-b8c9a5f04c	<media-path:3ba49b8978>	28100	7	true	"{""black_screen_risk_reason"":""null"",""blocked_media_count"":0,""consecutive_failures"":0,""current_index"":7,""current_item"":{""alias"":""media-b8c9a5f04c"",""duration_ms"":28100,""offset_ms"":0,""path_alias"":""<media-path:3ba49b8978>"",""started_at_present"":true},""last_poll_error"":""null"",""last_render_error"":""null"",""mpv_running"":true,""next_item"":{""alias"":""media-7eefea6ba2"",""duration_ms"":5000,""path_alias"":""<media-path:9e48f6362b>""},""playback_state"":""playing"",""playlist_size"":9,""present"":true,""uptime_sec"":864}"
203	212.451	2026-07-10T20:22:46+0000	success		461	<media-path:3ba49b8978>	<media-path:3ba49b8978>	<filename:e511e8bce0>	2.5025	28.061367	9.155767	false	false	false	79	v4l2request-copy	true	"{""aspect"":0.5625,""dh"":1920,""dw"":1080,""h"":1920,""par"":1.0,""pixelformat"":""nv12"",""rotate"":0,""stereo-in"":""mono"",""w"":1080}"	"{""duration"":""success"",""eof-reached"":""success"",""estimated-frame-number"":""success"",""filename"":""success"",""hwdec-current"":""success"",""idle-active"":""success"",""path"":""success"",""pause"":""success"",""percent-pos"":""success"",""time-pos"":""success"",""video-params"":""success"",""vo-configured"":""success""}"	true	playing	media-b8c9a5f04c	<media-path:3ba49b8978>	28100	7	true	"{""black_screen_risk_reason"":""null"",""blocked_media_count"":0,""consecutive_failures"":0,""current_index"":7,""current_item"":{""alias"":""media-b8c9a5f04c"",""duration_ms"":28100,""offset_ms"":0,""path_alias"":""<media-path:3ba49b8978>"",""started_at_present"":true},""last_poll_error"":""null"",""last_render_error"":""null"",""mpv_running"":true,""next_item"":{""alias"":""media-7eefea6ba2"",""duration_ms"":5000,""path_alias"":""<media-path:9e48f6362b>""},""playback_state"":""playing"",""playlist_size"":9,""present"":true,""uptime_sec"":864}"
204	213.917	2026-07-10T20:22:47+0000	success		96	<media-path:3ba49b8978>	<media-path:3ba49b8978>	<filename:e511e8bce0>	3.670333	28.061367	13.079667	false	false	false	110	v4l2request-copy	true	"{""aspect"":0.5625,""dh"":1920,""dw"":1080,""h"":1920,""par"":1.0,""pixelformat"":""nv12"",""rotate"":0,""stereo-in"":""mono"",""w"":1080}"	"{""duration"":""success"",""eof-reached"":""success"",""estimated-frame-number"":""success"",""filename"":""success"",""hwdec-current"":""success"",""idle-active"":""success"",""path"":""success"",""pause"":""success"",""percent-pos"":""success"",""time-pos"":""success"",""video-params"":""success"",""vo-configured"":""success""}"	true	playing	media-b8c9a5f04c	<media-path:3ba49b8978>	28100	7	true	"{""black_screen_risk_reason"":""null"",""blocked_media_count"":0,""consecutive_failures"":0,""current_index"":7,""current_item"":{""alias"":""media-b8c9a5f04c"",""duration_ms"":28100,""offset_ms"":0,""path_alias"":""<media-path:3ba49b8978>"",""started_at_present"":true},""last_poll_error"":""null"",""last_render_error"":""null"",""mpv_running"":true,""next_item"":{""alias"":""media-7eefea6ba2"",""duration_ms"":5000,""path_alias"":""<media-path:9e48f6362b>""},""playback_state"":""playing"",""playlist_size"":9,""present"":true,""uptime_sec"":864}"
205	215.017	2026-07-10T20:22:48+0000	success		474	<media-path:3ba49b8978>	<media-path:3ba49b8978>	<filename:e511e8bce0>	4.537867	28.061367	16.409037	false	false	false	140	v4l2request-copy	true	"{""aspect"":0.5625,""dh"":1920,""dw"":1080,""h"":1920,""par"":1.0,""pixelformat"":""nv12"",""rotate"":0,""stereo-in"":""mono"",""w"":1080}"	"{""duration"":""success"",""eof-reached"":""success"",""estimated-frame-number"":""success"",""filename"":""success"",""hwdec-current"":""success"",""idle-active"":""success"",""path"":""success"",""pause"":""success"",""percent-pos"":""success"",""time-pos"":""success"",""video-params"":""success"",""vo-configured"":""success""}"	true	playing	media-b8c9a5f04c	<media-path:3ba49b8978>	28100	7	true	"{""black_screen_risk_reason"":""null"",""blocked_media_count"":0,""consecutive_failures"":0,""current_index"":7,""current_item"":{""alias"":""media-b8c9a5f04c"",""duration_ms"":28100,""offset_ms"":0,""path_alias"":""<media-path:3ba49b8978>"",""started_at_present"":true},""last_poll_error"":""null"",""last_render_error"":""null"",""mpv_running"":true,""next_item"":{""alias"":""media-7eefea6ba2"",""duration_ms"":5000,""path_alias"":""<media-path:9e48f6362b>""},""playback_state"":""playing"",""playlist_size"":9,""present"":true,""uptime_sec"":864}"
206	216.495	2026-07-10T20:22:50+0000	success		388	<media-path:3ba49b8978>	<media-path:3ba49b8978>	<filename:e511e8bce0>	5.7057	28.061367	20.570749	false	false	false	175	v4l2request-copy	true	"{""aspect"":0.5625,""dh"":1920,""dw"":1080,""h"":1920,""par"":1.0,""pixelformat"":""nv12"",""rotate"":0,""stereo-in"":""mono"",""w"":1080}"	"{""duration"":""success"",""eof-reached"":""success"",""estimated-frame-number"":""success"",""filename"":""success"",""hwdec-current"":""success"",""idle-active"":""success"",""path"":""success"",""pause"":""success"",""percent-pos"":""success"",""time-pos"":""success"",""video-params"":""success"",""vo-configured"":""success""}"	true	playing	media-b8c9a5f04c	<media-path:3ba49b8978>	28100	7	true	"{""black_screen_risk_reason"":""null"",""blocked_media_count"":0,""consecutive_failures"":0,""current_index"":7,""current_item"":{""alias"":""media-b8c9a5f04c"",""duration_ms"":28100,""offset_ms"":0,""path_alias"":""<media-path:3ba49b8978>"",""started_at_present"":true},""last_poll_error"":""null"",""last_render_error"":""null"",""mpv_running"":true,""next_item"":{""alias"":""media-7eefea6ba2"",""duration_ms"":5000,""path_alias"":""<media-path:9e48f6362b>""},""playback_state"":""playing"",""playlist_size"":9,""present"":true,""uptime_sec"":869}"
207	217.888	2026-07-10T20:22:51+0000	success		473	<media-path:3ba49b8978>	<media-path:3ba49b8978>	<filename:e511e8bce0>	6.773433	28.061367	24.375743	false	false	false	207	v4l2request-copy	true	"{""aspect"":0.5625,""dh"":1920,""dw"":1080,""h"":1920,""par"":1.0,""pixelformat"":""nv12"",""rotate"":0,""stereo-in"":""mono"",""w"":1080}"	"{""duration"":""success"",""eof-reached"":""success"",""estimated-frame-number"":""success"",""filename"":""success"",""hwdec-current"":""success"",""idle-active"":""success"",""path"":""success"",""pause"":""success"",""percent-pos"":""success"",""time-pos"":""success"",""video-params"":""success"",""vo-configured"":""success""}"	true	playing	media-b8c9a5f04c	<media-path:3ba49b8978>	28100	7	true	"{""black_screen_risk_reason"":""null"",""blocked_media_count"":0,""consecutive_failures"":0,""current_index"":7,""current_item"":{""alias"":""media-b8c9a5f04c"",""duration_ms"":28100,""offset_ms"":0,""path_alias"":""<media-path:3ba49b8978>"",""started_at_present"":true},""last_poll_error"":""null"",""last_render_error"":""null"",""mpv_running"":true,""next_item"":{""alias"":""media-7eefea6ba2"",""duration_ms"":5000,""path_alias"":""<media-path:9e48f6362b>""},""playback_state"":""playing"",""playlist_size"":9,""present"":true,""uptime_sec"":869}"
208	219.364	2026-07-10T20:22:53+0000	success		427	<media-path:3ba49b8978>	<media-path:3ba49b8978>	<filename:e511e8bce0>	7.941267	28.061367	28.537455	false	false	false	242	v4l2request-copy	true	"{""aspect"":0.5625,""dh"":1920,""dw"":1080,""h"":1920,""par"":1.0,""pixelformat"":""nv12"",""rotate"":0,""stereo-in"":""mono"",""w"":1080}"	"{""duration"":""success"",""eof-reached"":""success"",""estimated-frame-number"":""success"",""filename"":""success"",""hwdec-current"":""success"",""idle-active"":""success"",""path"":""success"",""pause"":""success"",""percent-pos"":""success"",""time-pos"":""success"",""video-params"":""success"",""vo-configured"":""success""}"	true	playing	media-b8c9a5f04c	<media-path:3ba49b8978>	28100	7	true	"{""black_screen_risk_reason"":""null"",""blocked_media_count"":0,""consecutive_failures"":0,""current_index"":7,""current_item"":{""alias"":""media-b8c9a5f04c"",""duration_ms"":28100,""offset_ms"":0,""path_alias"":""<media-path:3ba49b8978>"",""started_at_present"":true},""last_poll_error"":""null"",""last_render_error"":""null"",""mpv_running"":true,""next_item"":{""alias"":""media-7eefea6ba2"",""duration_ms"":5000,""path_alias"":""<media-path:9e48f6362b>""},""playback_state"":""playing"",""playlist_size"":9,""present"":true,""uptime_sec"":869}"
209	220.796	2026-07-10T20:22:54+0000	success		466	<media-path:3ba49b8978>	<media-path:3ba49b8978>	<filename:e511e8bce0>	9.075733	28.061367	32.580262	false	false	false	276	v4l2request-copy	true	"{""aspect"":0.5625,""dh"":1920,""dw"":1080,""h"":1920,""par"":1.0,""pixelformat"":""nv12"",""rotate"":0,""stereo-in"":""mono"",""w"":1080}"	"{""duration"":""success"",""eof-reached"":""success"",""estimated-frame-number"":""success"",""filename"":""success"",""hwdec-current"":""success"",""idle-active"":""success"",""path"":""success"",""pause"":""success"",""percent-pos"":""success"",""time-pos"":""success"",""video-params"":""success"",""vo-configured"":""success""}"	true	playing	media-b8c9a5f04c	<media-path:3ba49b8978>	28100	7	true	"{""black_screen_risk_reason"":""null"",""blocked_media_count"":0,""consecutive_failures"":0,""current_index"":7,""current_item"":{""alias"":""media-b8c9a5f04c"",""duration_ms"":28100,""offset_ms"":0,""path_alias"":""<media-path:3ba49b8978>"",""started_at_present"":true},""last_poll_error"":""null"",""last_render_error"":""null"",""mpv_running"":true,""next_item"":{""alias"":""media-7eefea6ba2"",""duration_ms"":5000,""path_alias"":""<media-path:9e48f6362b>""},""playback_state"":""playing"",""playlist_size"":9,""present"":true,""uptime_sec"":874}"
210	222.265	2026-07-10T20:22:56+0000	success		334	<media-path:3ba49b8978>	<media-path:3ba49b8978>	<filename:e511e8bce0>	10.243567	28.061367	36.741974	false	false	false	311	v4l2request-copy	true	"{""aspect"":0.5625,""dh"":1920,""dw"":1080,""h"":1920,""par"":1.0,""pixelformat"":""nv12"",""rotate"":0,""stereo-in"":""mono"",""w"":1080}"	"{""duration"":""success"",""eof-reached"":""success"",""estimated-frame-number"":""success"",""filename"":""success"",""hwdec-current"":""success"",""idle-active"":""success"",""path"":""success"",""pause"":""success"",""percent-pos"":""success"",""time-pos"":""success"",""video-params"":""success"",""vo-configured"":""success""}"	true	playing	media-b8c9a5f04c	<media-path:3ba49b8978>	28100	7	true	"{""black_screen_risk_reason"":""null"",""blocked_media_count"":0,""consecutive_failures"":0,""current_index"":7,""current_item"":{""alias"":""media-b8c9a5f04c"",""duration_ms"":28100,""offset_ms"":0,""path_alias"":""<media-path:3ba49b8978>"",""started_at_present"":true},""last_poll_error"":""null"",""last_render_error"":""null"",""mpv_running"":true,""next_item"":{""alias"":""media-7eefea6ba2"",""duration_ms"":5000,""path_alias"":""<media-path:9e48f6362b>""},""playback_state"":""playing"",""playlist_size"":9,""present"":true,""uptime_sec"":874}"
211	223.603	2026-07-10T20:22:57+0000	success		466	<media-path:3ba49b8978>	<media-path:3ba49b8978>	<filename:e511e8bce0>	11.277933	28.061367	40.428062	false	false	false	342	v4l2request-copy	true	"{""aspect"":0.5625,""dh"":1920,""dw"":1080,""h"":1920,""par"":1.0,""pixelformat"":""nv12"",""rotate"":0,""stereo-in"":""mono"",""w"":1080}"	"{""duration"":""success"",""eof-reached"":""success"",""estimated-frame-number"":""success"",""filename"":""success"",""hwdec-current"":""success"",""idle-active"":""success"",""path"":""success"",""pause"":""success"",""percent-pos"":""success"",""time-pos"":""success"",""video-params"":""success"",""vo-configured"":""success""}"	true	playing	media-b8c9a5f04c	<media-path:3ba49b8978>	28100	7	true	"{""black_screen_risk_reason"":""null"",""blocked_media_count"":0,""consecutive_failures"":0,""current_index"":7,""current_item"":{""alias"":""media-b8c9a5f04c"",""duration_ms"":28100,""offset_ms"":0,""path_alias"":""<media-path:3ba49b8978>"",""started_at_present"":true},""last_poll_error"":""null"",""last_render_error"":""null"",""mpv_running"":true,""next_item"":{""alias"":""media-7eefea6ba2"",""duration_ms"":5000,""path_alias"":""<media-path:9e48f6362b>""},""playback_state"":""playing"",""playlist_size"":9,""present"":true,""uptime_sec"":874}"
212	225.072	2026-07-10T20:22:59+0000	success		478	<media-path:3ba49b8978>	<media-path:3ba49b8978>	<filename:e511e8bce0>	12.445767	28.061367	44.589774	false	false	false	377	v4l2request-copy	true	"{""aspect"":0.5625,""dh"":1920,""dw"":1080,""h"":1920,""par"":1.0,""pixelformat"":""nv12"",""rotate"":0,""stereo-in"":""mono"",""w"":1080}"	"{""duration"":""success"",""eof-reached"":""success"",""estimated-frame-number"":""success"",""filename"":""success"",""hwdec-current"":""success"",""idle-active"":""success"",""path"":""success"",""pause"":""success"",""percent-pos"":""success"",""time-pos"":""success"",""video-params"":""success"",""vo-configured"":""success""}"	true	playing	media-b8c9a5f04c	<media-path:3ba49b8978>	28100	7	true	"{""black_screen_risk_reason"":""null"",""blocked_media_count"":0,""consecutive_failures"":0,""current_index"":7,""current_item"":{""alias"":""media-b8c9a5f04c"",""duration_ms"":28100,""offset_ms"":0,""path_alias"":""<media-path:3ba49b8978>"",""started_at_present"":true},""last_poll_error"":""null"",""last_render_error"":""null"",""mpv_running"":true,""next_item"":{""alias"":""media-7eefea6ba2"",""duration_ms"":5000,""path_alias"":""<media-path:9e48f6362b>""},""playback_state"":""playing"",""playlist_size"":9,""present"":true,""uptime_sec"":874}"
213	226.554	2026-07-10T20:23:00+0000	success		485	<media-path:3ba49b8978>	<media-path:3ba49b8978>	<filename:e511e8bce0>	13.6136	28.061367	48.751486	false	false	false	412	v4l2request-copy	true	"{""aspect"":0.5625,""dh"":1920,""dw"":1080,""h"":1920,""par"":1.0,""pixelformat"":""nv12"",""rotate"":0,""stereo-in"":""mono"",""w"":1080}"	"{""duration"":""success"",""eof-reached"":""success"",""estimated-frame-number"":""success"",""filename"":""success"",""hwdec-current"":""success"",""idle-active"":""success"",""path"":""success"",""pause"":""success"",""percent-pos"":""success"",""time-pos"":""success"",""video-params"":""success"",""vo-configured"":""success""}"	true	playing	media-b8c9a5f04c	<media-path:3ba49b8978>	28100	7	true	"{""black_screen_risk_reason"":""null"",""blocked_media_count"":0,""consecutive_failures"":0,""current_index"":7,""current_item"":{""alias"":""media-b8c9a5f04c"",""duration_ms"":28100,""offset_ms"":0,""path_alias"":""<media-path:3ba49b8978>"",""started_at_present"":true},""last_poll_error"":""null"",""last_render_error"":""null"",""mpv_running"":true,""next_item"":{""alias"":""media-7eefea6ba2"",""duration_ms"":5000,""path_alias"":""<media-path:9e48f6362b>""},""playback_state"":""playing"",""playlist_size"":9,""present"":true,""uptime_sec"":879}"
214	228.044	2026-07-10T20:23:01+0000	success		367	<media-path:3ba49b8978>	<media-path:3ba49b8978>	<filename:e511e8bce0>	14.781433	28.061367	52.913199	false	false	false	447	v4l2request-copy	true	"{""aspect"":0.5625,""dh"":1920,""dw"":1080,""h"":1920,""par"":1.0,""pixelformat"":""nv12"",""rotate"":0,""stereo-in"":""mono"",""w"":1080}"	"{""duration"":""success"",""eof-reached"":""success"",""estimated-frame-number"":""success"",""filename"":""success"",""hwdec-current"":""success"",""idle-active"":""success"",""path"":""success"",""pause"":""success"",""percent-pos"":""success"",""time-pos"":""success"",""video-params"":""success"",""vo-configured"":""success""}"	true	playing	media-b8c9a5f04c	<media-path:3ba49b8978>	28100	7	true	"{""black_screen_risk_reason"":""null"",""blocked_media_count"":0,""consecutive_failures"":0,""current_index"":7,""current_item"":{""alias"":""media-b8c9a5f04c"",""duration_ms"":28100,""offset_ms"":0,""path_alias"":""<media-path:3ba49b8978>"",""started_at_present"":true},""last_poll_error"":""null"",""last_render_error"":""null"",""mpv_running"":true,""next_item"":{""alias"":""media-7eefea6ba2"",""duration_ms"":5000,""path_alias"":""<media-path:9e48f6362b>""},""playback_state"":""playing"",""playlist_size"":9,""present"":true,""uptime_sec"":879}"
215	229.415	2026-07-10T20:23:03+0000	success		497	<media-path:3ba49b8978>	<media-path:3ba49b8978>	<filename:e511e8bce0>	15.882533	28.061367	56.837099	false	false	false	480	v4l2request-copy	true	"{""aspect"":0.5625,""dh"":1920,""dw"":1080,""h"":1920,""par"":1.0,""pixelformat"":""nv12"",""rotate"":0,""stereo-in"":""mono"",""w"":1080}"	"{""duration"":""success"",""eof-reached"":""success"",""estimated-frame-number"":""success"",""filename"":""success"",""hwdec-current"":""success"",""idle-active"":""success"",""path"":""success"",""pause"":""success"",""percent-pos"":""success"",""time-pos"":""success"",""video-params"":""success"",""vo-configured"":""success""}"	true	playing	media-b8c9a5f04c	<media-path:3ba49b8978>	28100	7	true	"{""black_screen_risk_reason"":""null"",""blocked_media_count"":0,""consecutive_failures"":0,""current_index"":7,""current_item"":{""alias"":""media-b8c9a5f04c"",""duration_ms"":28100,""offset_ms"":0,""path_alias"":""<media-path:3ba49b8978>"",""started_at_present"":true},""last_poll_error"":""null"",""last_render_error"":""null"",""mpv_running"":true,""next_item"":{""alias"":""media-7eefea6ba2"",""duration_ms"":5000,""path_alias"":""<media-path:9e48f6362b>""},""playback_state"":""playing"",""playlist_size"":9,""present"":true,""uptime_sec"":879}"
216	230.916	2026-07-10T20:23:04+0000	success		511	<media-path:3ba49b8978>	<media-path:3ba49b8978>	<filename:e511e8bce0>	17.083733	28.061367	61.117717	false	false	false	516	v4l2request-copy	true	"{""aspect"":0.5625,""dh"":1920,""dw"":1080,""h"":1920,""par"":1.0,""pixelformat"":""nv12"",""rotate"":0,""stereo-in"":""mono"",""w"":1080}"	"{""duration"":""success"",""eof-reached"":""success"",""estimated-frame-number"":""success"",""filename"":""success"",""hwdec-current"":""success"",""idle-active"":""success"",""path"":""success"",""pause"":""success"",""percent-pos"":""success"",""time-pos"":""success"",""video-params"":""success"",""vo-configured"":""success""}"	true	playing	media-b8c9a5f04c	<media-path:3ba49b8978>	28100	7	true	"{""black_screen_risk_reason"":""null"",""blocked_media_count"":0,""consecutive_failures"":0,""current_index"":7,""current_item"":{""alias"":""media-b8c9a5f04c"",""duration_ms"":28100,""offset_ms"":0,""path_alias"":""<media-path:3ba49b8978>"",""started_at_present"":true},""last_poll_error"":""null"",""last_render_error"":""null"",""mpv_running"":true,""next_item"":{""alias"":""media-7eefea6ba2"",""duration_ms"":5000,""path_alias"":""<media-path:9e48f6362b>""},""playback_state"":""playing"",""playlist_size"":9,""present"":true,""uptime_sec"":884}"
217	232.431	2026-07-10T20:23:06+0000	success		499	<media-path:3ba49b8978>	<media-path:3ba49b8978>	<filename:e511e8bce0>	18.251567	28.061367	65.279429	false	false	false	551	v4l2request-copy	true	"{""aspect"":0.5625,""dh"":1920,""dw"":1080,""h"":1920,""par"":1.0,""pixelformat"":""nv12"",""rotate"":0,""stereo-in"":""mono"",""w"":1080}"	"{""duration"":""success"",""eof-reached"":""success"",""estimated-frame-number"":""success"",""filename"":""success"",""hwdec-current"":""success"",""idle-active"":""success"",""path"":""success"",""pause"":""success"",""percent-pos"":""success"",""time-pos"":""success"",""video-params"":""success"",""vo-configured"":""success""}"	true	playing	media-b8c9a5f04c	<media-path:3ba49b8978>	28100	7	true	"{""black_screen_risk_reason"":""null"",""blocked_media_count"":0,""consecutive_failures"":0,""current_index"":7,""current_item"":{""alias"":""media-b8c9a5f04c"",""duration_ms"":28100,""offset_ms"":0,""path_alias"":""<media-path:3ba49b8978>"",""started_at_present"":true},""last_poll_error"":""null"",""last_render_error"":""null"",""mpv_running"":true,""next_item"":{""alias"":""media-7eefea6ba2"",""duration_ms"":5000,""path_alias"":""<media-path:9e48f6362b>""},""playback_state"":""playing"",""playlist_size"":9,""present"":true,""uptime_sec"":884}"
218	233.934	2026-07-10T20:23:07+0000	success		277	<media-path:3ba49b8978>	<media-path:3ba49b8978>	<filename:e511e8bce0>	19.4194	28.061367	69.441141	false	false	false	586	v4l2request-copy	true	"{""aspect"":0.5625,""dh"":1920,""dw"":1080,""h"":1920,""par"":1.0,""pixelformat"":""nv12"",""rotate"":0,""stereo-in"":""mono"",""w"":1080}"	"{""duration"":""success"",""eof-reached"":""success"",""estimated-frame-number"":""success"",""filename"":""success"",""hwdec-current"":""success"",""idle-active"":""success"",""path"":""success"",""pause"":""success"",""percent-pos"":""success"",""time-pos"":""success"",""video-params"":""success"",""vo-configured"":""success""}"	true	playing	media-b8c9a5f04c	<media-path:3ba49b8978>	28100	7	true	"{""black_screen_risk_reason"":""null"",""blocked_media_count"":0,""consecutive_failures"":0,""current_index"":7,""current_item"":{""alias"":""media-b8c9a5f04c"",""duration_ms"":28100,""offset_ms"":0,""path_alias"":""<media-path:3ba49b8978>"",""started_at_present"":true},""last_poll_error"":""null"",""last_render_error"":""null"",""mpv_running"":true,""next_item"":{""alias"":""media-7eefea6ba2"",""duration_ms"":5000,""path_alias"":""<media-path:9e48f6362b>""},""playback_state"":""playing"",""playlist_size"":9,""present"":true,""uptime_sec"":884}"
219	235.214	2026-07-10T20:23:09+0000	success		482	<media-path:3ba49b8978>	<media-path:3ba49b8978>	<filename:e511e8bce0>	20.4204	28.061367	73.008323	false	false	false	616	v4l2request-copy	true	"{""aspect"":0.5625,""dh"":1920,""dw"":1080,""h"":1920,""par"":1.0,""pixelformat"":""nv12"",""rotate"":0,""stereo-in"":""mono"",""w"":1080}"	"{""duration"":""success"",""eof-reached"":""success"",""estimated-frame-number"":""success"",""filename"":""success"",""hwdec-current"":""success"",""idle-active"":""success"",""path"":""success"",""pause"":""success"",""percent-pos"":""success"",""time-pos"":""success"",""video-params"":""success"",""vo-configured"":""success""}"	true	playing	media-b8c9a5f04c	<media-path:3ba49b8978>	28100	7	true	"{""black_screen_risk_reason"":""null"",""blocked_media_count"":0,""consecutive_failures"":0,""current_index"":7,""current_item"":{""alias"":""media-b8c9a5f04c"",""duration_ms"":28100,""offset_ms"":0,""path_alias"":""<media-path:3ba49b8978>"",""started_at_present"":true},""last_poll_error"":""null"",""last_render_error"":""null"",""mpv_running"":true,""next_item"":{""alias"":""media-7eefea6ba2"",""duration_ms"":5000,""path_alias"":""<media-path:9e48f6362b>""},""playback_state"":""playing"",""playlist_size"":9,""present"":true,""uptime_sec"":889}"
220	236.700	2026-07-10T20:23:10+0000	success		399	<media-path:3ba49b8978>	<media-path:3ba49b8978>	<filename:e511e8bce0>	21.588233	28.061367	77.170036	false	false	false	651	v4l2request-copy	true	"{""aspect"":0.5625,""dh"":1920,""dw"":1080,""h"":1920,""par"":1.0,""pixelformat"":""nv12"",""rotate"":0,""stereo-in"":""mono"",""w"":1080}"	"{""duration"":""success"",""eof-reached"":""success"",""estimated-frame-number"":""success"",""filename"":""success"",""hwdec-current"":""success"",""idle-active"":""success"",""path"":""success"",""pause"":""success"",""percent-pos"":""success"",""time-pos"":""success"",""video-params"":""success"",""vo-configured"":""success""}"	true	playing	media-b8c9a5f04c	<media-path:3ba49b8978>	28100	7	true	"{""black_screen_risk_reason"":""null"",""blocked_media_count"":0,""consecutive_failures"":0,""current_index"":7,""current_item"":{""alias"":""media-b8c9a5f04c"",""duration_ms"":28100,""offset_ms"":0,""path_alias"":""<media-path:3ba49b8978>"",""started_at_present"":true},""last_poll_error"":""null"",""last_render_error"":""null"",""mpv_running"":true,""next_item"":{""alias"":""media-7eefea6ba2"",""duration_ms"":5000,""path_alias"":""<media-path:9e48f6362b>""},""playback_state"":""playing"",""playlist_size"":9,""present"":true,""uptime_sec"":889}"
221	238.103	2026-07-10T20:23:11+0000	success		2	<media-path:9e48f6362b>	<media-path:9e48f6362b>	<filename:4e569cdfc9>	0.416667	5.041667	8.264463	false	false	false	10	v4l2request-copy	true	"{""aspect"":0.666667,""dh"":720,""dw"":480,""h"":720,""par"":1.0,""pixelformat"":""nv12"",""rotate"":0,""stereo-in"":""mono"",""w"":480}"	"{""duration"":""success"",""eof-reached"":""success"",""estimated-frame-number"":""success"",""filename"":""success"",""hwdec-current"":""success"",""idle-active"":""success"",""path"":""success"",""pause"":""success"",""percent-pos"":""success"",""time-pos"":""success"",""video-params"":""success"",""vo-configured"":""success""}"	true	playing	media-b8c9a5f04c	<media-path:3ba49b8978>	28100	7	true	"{""black_screen_risk_reason"":""null"",""blocked_media_count"":0,""consecutive_failures"":0,""current_index"":7,""current_item"":{""alias"":""media-b8c9a5f04c"",""duration_ms"":28100,""offset_ms"":0,""path_alias"":""<media-path:3ba49b8978>"",""started_at_present"":true},""last_poll_error"":""null"",""last_render_error"":""null"",""mpv_running"":true,""next_item"":{""alias"":""media-7eefea6ba2"",""duration_ms"":5000,""path_alias"":""<media-path:9e48f6362b>""},""playback_state"":""playing"",""playlist_size"":9,""present"":true,""uptime_sec"":889}"
222	239.107	2026-07-10T20:23:12+0000	success		2	<media-path:9e48f6362b>	<media-path:9e48f6362b>	<filename:4e569cdfc9>	1.416667	5.041667	28.099174	false	false	false	34	v4l2request-copy	true	"{""aspect"":0.666667,""dh"":720,""dw"":480,""h"":720,""par"":1.0,""pixelformat"":""nv12"",""rotate"":0,""stereo-in"":""mono"",""w"":480}"	"{""duration"":""success"",""eof-reached"":""success"",""estimated-frame-number"":""success"",""filename"":""success"",""hwdec-current"":""success"",""idle-active"":""success"",""path"":""success"",""pause"":""success"",""percent-pos"":""success"",""time-pos"":""success"",""video-params"":""success"",""vo-configured"":""success""}"	true	playing	media-b8c9a5f04c	<media-path:3ba49b8978>	28100	7	true	"{""black_screen_risk_reason"":""null"",""blocked_media_count"":0,""consecutive_failures"":0,""current_index"":7,""current_item"":{""alias"":""media-b8c9a5f04c"",""duration_ms"":28100,""offset_ms"":0,""path_alias"":""<media-path:3ba49b8978>"",""started_at_present"":true},""last_poll_error"":""null"",""last_render_error"":""null"",""mpv_running"":true,""next_item"":{""alias"":""media-7eefea6ba2"",""duration_ms"":5000,""path_alias"":""<media-path:9e48f6362b>""},""playback_state"":""playing"",""playlist_size"":9,""present"":true,""uptime_sec"":889}"
223	240.111	2026-07-10T20:23:13+0000	success		2	<media-path:9e48f6362b>	<media-path:9e48f6362b>	<filename:4e569cdfc9>	2.416667	5.041667	47.933884	false	false	false	58	v4l2request-copy	true	"{""aspect"":0.666667,""dh"":720,""dw"":480,""h"":720,""par"":1.0,""pixelformat"":""nv12"",""rotate"":0,""stereo-in"":""mono"",""w"":480}"	"{""duration"":""success"",""eof-reached"":""success"",""estimated-frame-number"":""success"",""filename"":""success"",""hwdec-current"":""success"",""idle-active"":""success"",""path"":""success"",""pause"":""success"",""percent-pos"":""success"",""time-pos"":""success"",""video-params"":""success"",""vo-configured"":""success""}"	true	playing	media-b8c9a5f04c	<media-path:3ba49b8978>	28100	7	true	"{""black_screen_risk_reason"":""null"",""blocked_media_count"":0,""consecutive_failures"":0,""current_index"":7,""current_item"":{""alias"":""media-b8c9a5f04c"",""duration_ms"":28100,""offset_ms"":0,""path_alias"":""<media-path:3ba49b8978>"",""started_at_present"":true},""last_poll_error"":""null"",""last_render_error"":""null"",""mpv_running"":true,""next_item"":{""alias"":""media-7eefea6ba2"",""duration_ms"":5000,""path_alias"":""<media-path:9e48f6362b>""},""playback_state"":""playing"",""playlist_size"":9,""present"":true,""uptime_sec"":889}"
224	241.115	2026-07-10T20:23:14+0000	success		2	<media-path:9e48f6362b>	<media-path:9e48f6362b>	<filename:4e569cdfc9>	3.416667	5.041667	67.768595	false	false	false	82	v4l2request-copy	true	"{""aspect"":0.666667,""dh"":720,""dw"":480,""h"":720,""par"":1.0,""pixelformat"":""nv12"",""rotate"":0,""stereo-in"":""mono"",""w"":480}"	"{""duration"":""success"",""eof-reached"":""success"",""estimated-frame-number"":""success"",""filename"":""success"",""hwdec-current"":""success"",""idle-active"":""success"",""path"":""success"",""pause"":""success"",""percent-pos"":""success"",""time-pos"":""success"",""video-params"":""success"",""vo-configured"":""success""}"	true	playing	media-7eefea6ba2	<media-path:9e48f6362b>	5000	8	true	"{""black_screen_risk_reason"":""null"",""blocked_media_count"":0,""consecutive_failures"":0,""current_index"":8,""current_item"":{""alias"":""media-7eefea6ba2"",""duration_ms"":5000,""offset_ms"":0,""path_alias"":""<media-path:9e48f6362b>"",""started_at_present"":true},""last_poll_error"":""null"",""last_render_error"":""null"",""mpv_running"":true,""next_item"":{""alias"":""media-63e22e276f"",""duration_ms"":15100,""path_alias"":""<media-path:c406539999>""},""playback_state"":""playing"",""playlist_size"":9,""present"":true,""uptime_sec"":894}"
225	242.119	2026-07-10T20:23:15+0000	success		2	<media-path:9e48f6362b>	<media-path:9e48f6362b>	<filename:4e569cdfc9>	4.416667	5.041667	87.603306	false	false	false	106	v4l2request-copy	true	"{""aspect"":0.666667,""dh"":720,""dw"":480,""h"":720,""par"":1.0,""pixelformat"":""nv12"",""rotate"":0,""stereo-in"":""mono"",""w"":480}"	"{""duration"":""success"",""eof-reached"":""success"",""estimated-frame-number"":""success"",""filename"":""success"",""hwdec-current"":""success"",""idle-active"":""success"",""path"":""success"",""pause"":""success"",""percent-pos"":""success"",""time-pos"":""success"",""video-params"":""success"",""vo-configured"":""success""}"	true	playing	media-7eefea6ba2	<media-path:9e48f6362b>	5000	8	true	"{""black_screen_risk_reason"":""null"",""blocked_media_count"":0,""consecutive_failures"":0,""current_index"":8,""current_item"":{""alias"":""media-7eefea6ba2"",""duration_ms"":5000,""offset_ms"":0,""path_alias"":""<media-path:9e48f6362b>"",""started_at_present"":true},""last_poll_error"":""null"",""last_render_error"":""null"",""mpv_running"":true,""next_item"":{""alias"":""media-63e22e276f"",""duration_ms"":15100,""path_alias"":""<media-path:c406539999>""},""playback_state"":""playing"",""playlist_size"":9,""present"":true,""uptime_sec"":894}"
226	243.124	2026-07-10T20:23:16+0000	success		2	<media-path:c406539999>	<media-path:c406539999>	<filename:aaf3979e21>	0.366667	15.069751	2.43313	false	false	false	11	v4l2request-copy	true	"{""aspect"":0.566038,""dh"":848,""dw"":480,""h"":848,""par"":1.0,""pixelformat"":""nv12"",""rotate"":0,""stereo-in"":""mono"",""w"":480}"	"{""duration"":""success"",""eof-reached"":""success"",""estimated-frame-number"":""success"",""filename"":""success"",""hwdec-current"":""success"",""idle-active"":""success"",""path"":""success"",""pause"":""success"",""percent-pos"":""success"",""time-pos"":""success"",""video-params"":""success"",""vo-configured"":""success""}"	true	playing	media-7eefea6ba2	<media-path:9e48f6362b>	5000	8	true	"{""black_screen_risk_reason"":""null"",""blocked_media_count"":0,""consecutive_failures"":0,""current_index"":8,""current_item"":{""alias"":""media-7eefea6ba2"",""duration_ms"":5000,""offset_ms"":0,""path_alias"":""<media-path:9e48f6362b>"",""started_at_present"":true},""last_poll_error"":""null"",""last_render_error"":""null"",""mpv_running"":true,""next_item"":{""alias"":""media-63e22e276f"",""duration_ms"":15100,""path_alias"":""<media-path:c406539999>""},""playback_state"":""playing"",""playlist_size"":9,""present"":true,""uptime_sec"":894}"
227	244.129	2026-07-10T20:23:17+0000	success		2	<media-path:c406539999>	<media-path:c406539999>	<filename:aaf3979e21>	1.366667	15.069751	9.06894	false	false	false	41	v4l2request-copy	true	"{""aspect"":0.566038,""dh"":848,""dw"":480,""h"":848,""par"":1.0,""pixelformat"":""nv12"",""rotate"":0,""stereo-in"":""mono"",""w"":480}"	"{""duration"":""success"",""eof-reached"":""success"",""estimated-frame-number"":""success"",""filename"":""success"",""hwdec-current"":""success"",""idle-active"":""success"",""path"":""success"",""pause"":""success"",""percent-pos"":""success"",""time-pos"":""success"",""video-params"":""success"",""vo-configured"":""success""}"	true	playing	media-7eefea6ba2	<media-path:9e48f6362b>	5000	8	true	"{""black_screen_risk_reason"":""null"",""blocked_media_count"":0,""consecutive_failures"":0,""current_index"":8,""current_item"":{""alias"":""media-7eefea6ba2"",""duration_ms"":5000,""offset_ms"":0,""path_alias"":""<media-path:9e48f6362b>"",""started_at_present"":true},""last_poll_error"":""null"",""last_render_error"":""null"",""mpv_running"":true,""next_item"":{""alias"":""media-63e22e276f"",""duration_ms"":15100,""path_alias"":""<media-path:c406539999>""},""playback_state"":""playing"",""playlist_size"":9,""present"":true,""uptime_sec"":894}"
228	245.133	2026-07-10T20:23:18+0000	success		2	<media-path:c406539999>	<media-path:c406539999>	<filename:aaf3979e21>	2.366667	15.069751	15.70475	false	false	false	71	v4l2request-copy	true	"{""aspect"":0.566038,""dh"":848,""dw"":480,""h"":848,""par"":1.0,""pixelformat"":""nv12"",""rotate"":0,""stereo-in"":""mono"",""w"":480}"	"{""duration"":""success"",""eof-reached"":""success"",""estimated-frame-number"":""success"",""filename"":""success"",""hwdec-current"":""success"",""idle-active"":""success"",""path"":""success"",""pause"":""success"",""percent-pos"":""success"",""time-pos"":""success"",""video-params"":""success"",""vo-configured"":""success""}"	true	playing	media-7eefea6ba2	<media-path:9e48f6362b>	5000	8	true	"{""black_screen_risk_reason"":""null"",""blocked_media_count"":0,""consecutive_failures"":0,""current_index"":8,""current_item"":{""alias"":""media-7eefea6ba2"",""duration_ms"":5000,""offset_ms"":0,""path_alias"":""<media-path:9e48f6362b>"",""started_at_present"":true},""last_poll_error"":""null"",""last_render_error"":""null"",""mpv_running"":true,""next_item"":{""alias"":""media-63e22e276f"",""duration_ms"":15100,""path_alias"":""<media-path:c406539999>""},""playback_state"":""playing"",""playlist_size"":9,""present"":true,""uptime_sec"":894}"
229	246.137	2026-07-10T20:23:19+0000	success		2	<media-path:c406539999>	<media-path:c406539999>	<filename:aaf3979e21>	3.366667	15.069751	22.34056	false	false	false	101	v4l2request-copy	true	"{""aspect"":0.566038,""dh"":848,""dw"":480,""h"":848,""par"":1.0,""pixelformat"":""nv12"",""rotate"":0,""stereo-in"":""mono"",""w"":480}"	"{""duration"":""success"",""eof-reached"":""success"",""estimated-frame-number"":""success"",""filename"":""success"",""hwdec-current"":""success"",""idle-active"":""success"",""path"":""success"",""pause"":""success"",""percent-pos"":""success"",""time-pos"":""success"",""video-params"":""success"",""vo-configured"":""success""}"	true	playing	media-63e22e276f	<media-path:c406539999>	15100	0	true	"{""black_screen_risk_reason"":""null"",""blocked_media_count"":0,""consecutive_failures"":0,""current_index"":0,""current_item"":{""alias"":""media-63e22e276f"",""duration_ms"":15100,""offset_ms"":0,""path_alias"":""<media-path:c406539999>"",""started_at_present"":true},""last_poll_error"":""null"",""last_render_error"":""null"",""mpv_running"":true,""next_item"":{""alias"":""media-b04db49d99"",""duration_ms"":15100,""path_alias"":""<media-path:2b030c3c41>""},""playback_state"":""playing"",""playlist_size"":9,""present"":true,""uptime_sec"":899}"
230	247.142	2026-07-10T20:23:20+0000	success		11	<media-path:c406539999>	<media-path:c406539999>	<filename:aaf3979e21>	4.366667	15.069751	28.97637	false	false	false	131	v4l2request-copy	true	"{""aspect"":0.566038,""dh"":848,""dw"":480,""h"":848,""par"":1.0,""pixelformat"":""nv12"",""rotate"":0,""stereo-in"":""mono"",""w"":480}"	"{""duration"":""success"",""eof-reached"":""success"",""estimated-frame-number"":""success"",""filename"":""success"",""hwdec-current"":""success"",""idle-active"":""success"",""path"":""success"",""pause"":""success"",""percent-pos"":""success"",""time-pos"":""success"",""video-params"":""success"",""vo-configured"":""success""}"	true	playing	media-63e22e276f	<media-path:c406539999>	15100	0	true	"{""black_screen_risk_reason"":""null"",""blocked_media_count"":0,""consecutive_failures"":0,""current_index"":0,""current_item"":{""alias"":""media-63e22e276f"",""duration_ms"":15100,""offset_ms"":0,""path_alias"":""<media-path:c406539999>"",""started_at_present"":true},""last_poll_error"":""null"",""last_render_error"":""null"",""mpv_running"":true,""next_item"":{""alias"":""media-b04db49d99"",""duration_ms"":15100,""path_alias"":""<media-path:2b030c3c41>""},""playback_state"":""playing"",""playlist_size"":9,""present"":true,""uptime_sec"":899}"
231	248.156	2026-07-10T20:23:21+0000	success		2	<media-path:c406539999>	<media-path:c406539999>	<filename:aaf3979e21>	5.4	15.069751	35.833373	false	false	false	162	v4l2request-copy	true	"{""aspect"":0.566038,""dh"":848,""dw"":480,""h"":848,""par"":1.0,""pixelformat"":""nv12"",""rotate"":0,""stereo-in"":""mono"",""w"":480}"	"{""duration"":""success"",""eof-reached"":""success"",""estimated-frame-number"":""success"",""filename"":""success"",""hwdec-current"":""success"",""idle-active"":""success"",""path"":""success"",""pause"":""success"",""percent-pos"":""success"",""time-pos"":""success"",""video-params"":""success"",""vo-configured"":""success""}"	true	playing	media-63e22e276f	<media-path:c406539999>	15100	0	true	"{""black_screen_risk_reason"":""null"",""blocked_media_count"":0,""consecutive_failures"":0,""current_index"":0,""current_item"":{""alias"":""media-63e22e276f"",""duration_ms"":15100,""offset_ms"":0,""path_alias"":""<media-path:c406539999>"",""started_at_present"":true},""last_poll_error"":""null"",""last_render_error"":""null"",""mpv_running"":true,""next_item"":{""alias"":""media-b04db49d99"",""duration_ms"":15100,""path_alias"":""<media-path:2b030c3c41>""},""playback_state"":""playing"",""playlist_size"":9,""present"":true,""uptime_sec"":899}"
232	249.162	2026-07-10T20:23:22+0000	success		2	<media-path:c406539999>	<media-path:c406539999>	<filename:aaf3979e21>	6.4	15.069751	42.469183	false	false	false	192	v4l2request-copy	true	"{""aspect"":0.566038,""dh"":848,""dw"":480,""h"":848,""par"":1.0,""pixelformat"":""nv12"",""rotate"":0,""stereo-in"":""mono"",""w"":480}"	"{""duration"":""success"",""eof-reached"":""success"",""estimated-frame-number"":""success"",""filename"":""success"",""hwdec-current"":""success"",""idle-active"":""success"",""path"":""success"",""pause"":""success"",""percent-pos"":""success"",""time-pos"":""success"",""video-params"":""success"",""vo-configured"":""success""}"	true	playing	media-63e22e276f	<media-path:c406539999>	15100	0	true	"{""black_screen_risk_reason"":""null"",""blocked_media_count"":0,""consecutive_failures"":0,""current_index"":0,""current_item"":{""alias"":""media-63e22e276f"",""duration_ms"":15100,""offset_ms"":0,""path_alias"":""<media-path:c406539999>"",""started_at_present"":true},""last_poll_error"":""null"",""last_render_error"":""null"",""mpv_running"":true,""next_item"":{""alias"":""media-b04db49d99"",""duration_ms"":15100,""path_alias"":""<media-path:2b030c3c41>""},""playback_state"":""playing"",""playlist_size"":9,""present"":true,""uptime_sec"":899}"
233	250.167	2026-07-10T20:23:23+0000	success		2	<media-path:c406539999>	<media-path:c406539999>	<filename:aaf3979e21>	7.4	15.069751	49.104993	false	false	false	222	v4l2request-copy	true	"{""aspect"":0.566038,""dh"":848,""dw"":480,""h"":848,""par"":1.0,""pixelformat"":""nv12"",""rotate"":0,""stereo-in"":""mono"",""w"":480}"	"{""duration"":""success"",""eof-reached"":""success"",""estimated-frame-number"":""success"",""filename"":""success"",""hwdec-current"":""success"",""idle-active"":""success"",""path"":""success"",""pause"":""success"",""percent-pos"":""success"",""time-pos"":""success"",""video-params"":""success"",""vo-configured"":""success""}"	true	playing	media-63e22e276f	<media-path:c406539999>	15100	0	true	"{""black_screen_risk_reason"":""null"",""blocked_media_count"":0,""consecutive_failures"":0,""current_index"":0,""current_item"":{""alias"":""media-63e22e276f"",""duration_ms"":15100,""offset_ms"":0,""path_alias"":""<media-path:c406539999>"",""started_at_present"":true},""last_poll_error"":""null"",""last_render_error"":""null"",""mpv_running"":true,""next_item"":{""alias"":""media-b04db49d99"",""duration_ms"":15100,""path_alias"":""<media-path:2b030c3c41>""},""playback_state"":""playing"",""playlist_size"":9,""present"":true,""uptime_sec"":899}"
234	251.171	2026-07-10T20:23:24+0000	success		2	<media-path:c406539999>	<media-path:c406539999>	<filename:aaf3979e21>	8.4	15.069751	55.740803	false	false	false	252	v4l2request-copy	true	"{""aspect"":0.566038,""dh"":848,""dw"":480,""h"":848,""par"":1.0,""pixelformat"":""nv12"",""rotate"":0,""stereo-in"":""mono"",""w"":480}"	"{""duration"":""success"",""eof-reached"":""success"",""estimated-frame-number"":""success"",""filename"":""success"",""hwdec-current"":""success"",""idle-active"":""success"",""path"":""success"",""pause"":""success"",""percent-pos"":""success"",""time-pos"":""success"",""video-params"":""success"",""vo-configured"":""success""}"	true	playing	media-63e22e276f	<media-path:c406539999>	15100	0	true	"{""black_screen_risk_reason"":""null"",""blocked_media_count"":0,""consecutive_failures"":0,""current_index"":0,""current_item"":{""alias"":""media-63e22e276f"",""duration_ms"":15100,""offset_ms"":0,""path_alias"":""<media-path:c406539999>"",""started_at_present"":true},""last_poll_error"":""null"",""last_render_error"":""null"",""mpv_running"":true,""next_item"":{""alias"":""media-b04db49d99"",""duration_ms"":15100,""path_alias"":""<media-path:2b030c3c41>""},""playback_state"":""playing"",""playlist_size"":9,""present"":true,""uptime_sec"":904}"
235	252.175	2026-07-10T20:23:25+0000	success		9	<media-path:c406539999>	<media-path:c406539999>	<filename:aaf3979e21>	9.4	15.069751	62.376613	false	false	false	282	v4l2request-copy	true	"{""aspect"":0.566038,""dh"":848,""dw"":480,""h"":848,""par"":1.0,""pixelformat"":""nv12"",""rotate"":0,""stereo-in"":""mono"",""w"":480}"	"{""duration"":""success"",""eof-reached"":""success"",""estimated-frame-number"":""success"",""filename"":""success"",""hwdec-current"":""success"",""idle-active"":""success"",""path"":""success"",""pause"":""success"",""percent-pos"":""success"",""time-pos"":""success"",""video-params"":""success"",""vo-configured"":""success""}"	true	playing	media-63e22e276f	<media-path:c406539999>	15100	0	true	"{""black_screen_risk_reason"":""null"",""blocked_media_count"":0,""consecutive_failures"":0,""current_index"":0,""current_item"":{""alias"":""media-63e22e276f"",""duration_ms"":15100,""offset_ms"":0,""path_alias"":""<media-path:c406539999>"",""started_at_present"":true},""last_poll_error"":""null"",""last_render_error"":""null"",""mpv_running"":true,""next_item"":{""alias"":""media-b04db49d99"",""duration_ms"":15100,""path_alias"":""<media-path:2b030c3c41>""},""playback_state"":""playing"",""playlist_size"":9,""present"":true,""uptime_sec"":904}"
236	253.187	2026-07-10T20:23:26+0000	success		2	<media-path:c406539999>	<media-path:c406539999>	<filename:aaf3979e21>	10.4	15.069751	69.012423	false	false	false	312	v4l2request-copy	true	"{""aspect"":0.566038,""dh"":848,""dw"":480,""h"":848,""par"":1.0,""pixelformat"":""nv12"",""rotate"":0,""stereo-in"":""mono"",""w"":480}"	"{""duration"":""success"",""eof-reached"":""success"",""estimated-frame-number"":""success"",""filename"":""success"",""hwdec-current"":""success"",""idle-active"":""success"",""path"":""success"",""pause"":""success"",""percent-pos"":""success"",""time-pos"":""success"",""video-params"":""success"",""vo-configured"":""success""}"	true	playing	media-63e22e276f	<media-path:c406539999>	15100	0	true	"{""black_screen_risk_reason"":""null"",""blocked_media_count"":0,""consecutive_failures"":0,""current_index"":0,""current_item"":{""alias"":""media-63e22e276f"",""duration_ms"":15100,""offset_ms"":0,""path_alias"":""<media-path:c406539999>"",""started_at_present"":true},""last_poll_error"":""null"",""last_render_error"":""null"",""mpv_running"":true,""next_item"":{""alias"":""media-b04db49d99"",""duration_ms"":15100,""path_alias"":""<media-path:2b030c3c41>""},""playback_state"":""playing"",""playlist_size"":9,""present"":true,""uptime_sec"":904}"
237	254.192	2026-07-10T20:23:27+0000	success		2	<media-path:c406539999>	<media-path:c406539999>	<filename:aaf3979e21>	11.433333	15.069751	75.869427	false	false	false	343	v4l2request-copy	true	"{""aspect"":0.566038,""dh"":848,""dw"":480,""h"":848,""par"":1.0,""pixelformat"":""nv12"",""rotate"":0,""stereo-in"":""mono"",""w"":480}"	"{""duration"":""success"",""eof-reached"":""success"",""estimated-frame-number"":""success"",""filename"":""success"",""hwdec-current"":""success"",""idle-active"":""success"",""path"":""success"",""pause"":""success"",""percent-pos"":""success"",""time-pos"":""success"",""video-params"":""success"",""vo-configured"":""success""}"	true	playing	media-63e22e276f	<media-path:c406539999>	15100	0	true	"{""black_screen_risk_reason"":""null"",""blocked_media_count"":0,""consecutive_failures"":0,""current_index"":0,""current_item"":{""alias"":""media-63e22e276f"",""duration_ms"":15100,""offset_ms"":0,""path_alias"":""<media-path:c406539999>"",""started_at_present"":true},""last_poll_error"":""null"",""last_render_error"":""null"",""mpv_running"":true,""next_item"":{""alias"":""media-b04db49d99"",""duration_ms"":15100,""path_alias"":""<media-path:2b030c3c41>""},""playback_state"":""playing"",""playlist_size"":9,""present"":true,""uptime_sec"":904}"
238	255.197	2026-07-10T20:23:28+0000	success		2	<media-path:c406539999>	<media-path:c406539999>	<filename:aaf3979e21>	12.433333	15.069751	82.505236	false	false	false	373	v4l2request-copy	true	"{""aspect"":0.566038,""dh"":848,""dw"":480,""h"":848,""par"":1.0,""pixelformat"":""nv12"",""rotate"":0,""stereo-in"":""mono"",""w"":480}"	"{""duration"":""success"",""eof-reached"":""success"",""estimated-frame-number"":""success"",""filename"":""success"",""hwdec-current"":""success"",""idle-active"":""success"",""path"":""success"",""pause"":""success"",""percent-pos"":""success"",""time-pos"":""success"",""video-params"":""success"",""vo-configured"":""success""}"	true	playing	media-63e22e276f	<media-path:c406539999>	15100	0	true	"{""black_screen_risk_reason"":""null"",""blocked_media_count"":0,""consecutive_failures"":0,""current_index"":0,""current_item"":{""alias"":""media-63e22e276f"",""duration_ms"":15100,""offset_ms"":0,""path_alias"":""<media-path:c406539999>"",""started_at_present"":true},""last_poll_error"":""null"",""last_render_error"":""null"",""mpv_running"":true,""next_item"":{""alias"":""media-b04db49d99"",""duration_ms"":15100,""path_alias"":""<media-path:2b030c3c41>""},""playback_state"":""playing"",""playlist_size"":9,""present"":true,""uptime_sec"":904}"
239	256.201	2026-07-10T20:23:29+0000	success		2	<media-path:c406539999>	<media-path:c406539999>	<filename:aaf3979e21>	13.433333	15.069751	89.141046	false	false	false	403	v4l2request-copy	true	"{""aspect"":0.566038,""dh"":848,""dw"":480,""h"":848,""par"":1.0,""pixelformat"":""nv12"",""rotate"":0,""stereo-in"":""mono"",""w"":480}"	"{""duration"":""success"",""eof-reached"":""success"",""estimated-frame-number"":""success"",""filename"":""success"",""hwdec-current"":""success"",""idle-active"":""success"",""path"":""success"",""pause"":""success"",""percent-pos"":""success"",""time-pos"":""success"",""video-params"":""success"",""vo-configured"":""success""}"	true	playing	media-63e22e276f	<media-path:c406539999>	15100	0	true	"{""black_screen_risk_reason"":""null"",""blocked_media_count"":0,""consecutive_failures"":0,""current_index"":0,""current_item"":{""alias"":""media-63e22e276f"",""duration_ms"":15100,""offset_ms"":0,""path_alias"":""<media-path:c406539999>"",""started_at_present"":true},""last_poll_error"":""null"",""last_render_error"":""null"",""mpv_running"":true,""next_item"":{""alias"":""media-b04db49d99"",""duration_ms"":15100,""path_alias"":""<media-path:2b030c3c41>""},""playback_state"":""playing"",""playlist_size"":9,""present"":true,""uptime_sec"":909}"
240	257.205	2026-07-10T20:23:30+0000	success		2	<media-path:c406539999>	<media-path:c406539999>	<filename:aaf3979e21>	14.433333	15.069751	95.776856	false	false	false	433	v4l2request-copy	true	"{""aspect"":0.566038,""dh"":848,""dw"":480,""h"":848,""par"":1.0,""pixelformat"":""nv12"",""rotate"":0,""stereo-in"":""mono"",""w"":480}"	"{""duration"":""success"",""eof-reached"":""success"",""estimated-frame-number"":""success"",""filename"":""success"",""hwdec-current"":""success"",""idle-active"":""success"",""path"":""success"",""pause"":""success"",""percent-pos"":""success"",""time-pos"":""success"",""video-params"":""success"",""vo-configured"":""success""}"	true	playing	media-63e22e276f	<media-path:c406539999>	15100	0	true	"{""black_screen_risk_reason"":""null"",""blocked_media_count"":0,""consecutive_failures"":0,""current_index"":0,""current_item"":{""alias"":""media-63e22e276f"",""duration_ms"":15100,""offset_ms"":0,""path_alias"":""<media-path:c406539999>"",""started_at_present"":true},""last_poll_error"":""null"",""last_render_error"":""null"",""mpv_running"":true,""next_item"":{""alias"":""media-b04db49d99"",""duration_ms"":15100,""path_alias"":""<media-path:2b030c3c41>""},""playback_state"":""playing"",""playlist_size"":9,""present"":true,""uptime_sec"":909}"
241	258.210	2026-07-10T20:23:31+0000	success		2	<media-path:2b030c3c41>	<media-path:2b030c3c41>	<filename:c617160627>	0.133333	15.1	0.883002	false	false	false	4	v4l2request-copy	true	"{""aspect"":0.566038,""dh"":848,""dw"":480,""h"":848,""par"":1.0,""pixelformat"":""nv12"",""rotate"":0,""stereo-in"":""mono"",""w"":480}"	"{""duration"":""success"",""eof-reached"":""success"",""estimated-frame-number"":""success"",""filename"":""success"",""hwdec-current"":""success"",""idle-active"":""success"",""path"":""success"",""pause"":""success"",""percent-pos"":""success"",""time-pos"":""success"",""video-params"":""success"",""vo-configured"":""success""}"	true	playing	media-63e22e276f	<media-path:c406539999>	15100	0	true	"{""black_screen_risk_reason"":""null"",""blocked_media_count"":0,""consecutive_failures"":0,""current_index"":0,""current_item"":{""alias"":""media-63e22e276f"",""duration_ms"":15100,""offset_ms"":0,""path_alias"":""<media-path:c406539999>"",""started_at_present"":true},""last_poll_error"":""null"",""last_render_error"":""null"",""mpv_running"":true,""next_item"":{""alias"":""media-b04db49d99"",""duration_ms"":15100,""path_alias"":""<media-path:2b030c3c41>""},""playback_state"":""playing"",""playlist_size"":9,""present"":true,""uptime_sec"":909}"
242	259.215	2026-07-10T20:23:32+0000	success		2	<media-path:2b030c3c41>	<media-path:2b030c3c41>	<filename:c617160627>	1.166667	15.1	7.726269	false	false	false	35	v4l2request-copy	true	"{""aspect"":0.566038,""dh"":848,""dw"":480,""h"":848,""par"":1.0,""pixelformat"":""nv12"",""rotate"":0,""stereo-in"":""mono"",""w"":480}"	"{""duration"":""success"",""eof-reached"":""success"",""estimated-frame-number"":""success"",""filename"":""success"",""hwdec-current"":""success"",""idle-active"":""success"",""path"":""success"",""pause"":""success"",""percent-pos"":""success"",""time-pos"":""success"",""video-params"":""success"",""vo-configured"":""success""}"	true	playing	media-63e22e276f	<media-path:c406539999>	15100	0	true	"{""black_screen_risk_reason"":""null"",""blocked_media_count"":0,""consecutive_failures"":0,""current_index"":0,""current_item"":{""alias"":""media-63e22e276f"",""duration_ms"":15100,""offset_ms"":0,""path_alias"":""<media-path:c406539999>"",""started_at_present"":true},""last_poll_error"":""null"",""last_render_error"":""null"",""mpv_running"":true,""next_item"":{""alias"":""media-b04db49d99"",""duration_ms"":15100,""path_alias"":""<media-path:2b030c3c41>""},""playback_state"":""playing"",""playlist_size"":9,""present"":true,""uptime_sec"":909}"
243	260.219	2026-07-10T20:23:33+0000	success		2	<media-path:2b030c3c41>	<media-path:2b030c3c41>	<filename:c617160627>	2.166667	15.1	14.348786	false	false	false	65	v4l2request-copy	true	"{""aspect"":0.566038,""dh"":848,""dw"":480,""h"":848,""par"":1.0,""pixelformat"":""nv12"",""rotate"":0,""stereo-in"":""mono"",""w"":480}"	"{""duration"":""success"",""eof-reached"":""success"",""estimated-frame-number"":""success"",""filename"":""success"",""hwdec-current"":""success"",""idle-active"":""success"",""path"":""success"",""pause"":""success"",""percent-pos"":""success"",""time-pos"":""success"",""video-params"":""success"",""vo-configured"":""success""}"	true	playing	media-63e22e276f	<media-path:c406539999>	15100	0	true	"{""black_screen_risk_reason"":""null"",""blocked_media_count"":0,""consecutive_failures"":0,""current_index"":0,""current_item"":{""alias"":""media-63e22e276f"",""duration_ms"":15100,""offset_ms"":0,""path_alias"":""<media-path:c406539999>"",""started_at_present"":true},""last_poll_error"":""null"",""last_render_error"":""null"",""mpv_running"":true,""next_item"":{""alias"":""media-b04db49d99"",""duration_ms"":15100,""path_alias"":""<media-path:2b030c3c41>""},""playback_state"":""playing"",""playlist_size"":9,""present"":true,""uptime_sec"":909}"
244	261.224	2026-07-10T20:23:34+0000	success		2	<media-path:2b030c3c41>	<media-path:2b030c3c41>	<filename:c617160627>	3.166667	15.1	20.971302	false	false	false	95	v4l2request-copy	true	"{""aspect"":0.566038,""dh"":848,""dw"":480,""h"":848,""par"":1.0,""pixelformat"":""nv12"",""rotate"":0,""stereo-in"":""mono"",""w"":480}"	"{""duration"":""success"",""eof-reached"":""success"",""estimated-frame-number"":""success"",""filename"":""success"",""hwdec-current"":""success"",""idle-active"":""success"",""path"":""success"",""pause"":""success"",""percent-pos"":""success"",""time-pos"":""success"",""video-params"":""success"",""vo-configured"":""success""}"	true	playing	media-b04db49d99	<media-path:2b030c3c41>	15100	1	true	"{""black_screen_risk_reason"":""null"",""blocked_media_count"":0,""consecutive_failures"":0,""current_index"":1,""current_item"":{""alias"":""media-b04db49d99"",""duration_ms"":15100,""offset_ms"":0,""path_alias"":""<media-path:2b030c3c41>"",""started_at_present"":true},""last_poll_error"":""null"",""last_render_error"":""null"",""mpv_running"":true,""next_item"":{""alias"":""media-8ffdc1f445"",""duration_ms"":14000,""path_alias"":""<media-path:fee4d36eb4>""},""playback_state"":""playing"",""playlist_size"":9,""present"":true,""uptime_sec"":914}"
245	262.228	2026-07-10T20:23:35+0000	success		13	<media-path:2b030c3c41>	<media-path:2b030c3c41>	<filename:c617160627>	4.166667	15.1	27.593819	false	false	false	125	v4l2request-copy	true	"{""aspect"":0.566038,""dh"":848,""dw"":480,""h"":848,""par"":1.0,""pixelformat"":""nv12"",""rotate"":0,""stereo-in"":""mono"",""w"":480}"	"{""duration"":""success"",""eof-reached"":""success"",""estimated-frame-number"":""success"",""filename"":""success"",""hwdec-current"":""success"",""idle-active"":""success"",""path"":""success"",""pause"":""success"",""percent-pos"":""success"",""time-pos"":""success"",""video-params"":""success"",""vo-configured"":""success""}"	true	playing	media-b04db49d99	<media-path:2b030c3c41>	15100	1	true	"{""black_screen_risk_reason"":""null"",""blocked_media_count"":0,""consecutive_failures"":0,""current_index"":1,""current_item"":{""alias"":""media-b04db49d99"",""duration_ms"":15100,""offset_ms"":0,""path_alias"":""<media-path:2b030c3c41>"",""started_at_present"":true},""last_poll_error"":""null"",""last_render_error"":""null"",""mpv_running"":true,""next_item"":{""alias"":""media-8ffdc1f445"",""duration_ms"":14000,""path_alias"":""<media-path:fee4d36eb4>""},""playback_state"":""playing"",""playlist_size"":9,""present"":true,""uptime_sec"":914}"
246	263.244	2026-07-10T20:23:36+0000	success		2	<media-path:2b030c3c41>	<media-path:2b030c3c41>	<filename:c617160627>	5.166667	15.1	34.216336	false	false	false	155	v4l2request-copy	true	"{""aspect"":0.566038,""dh"":848,""dw"":480,""h"":848,""par"":1.0,""pixelformat"":""nv12"",""rotate"":0,""stereo-in"":""mono"",""w"":480}"	"{""duration"":""success"",""eof-reached"":""success"",""estimated-frame-number"":""success"",""filename"":""success"",""hwdec-current"":""success"",""idle-active"":""success"",""path"":""success"",""pause"":""success"",""percent-pos"":""success"",""time-pos"":""success"",""video-params"":""success"",""vo-configured"":""success""}"	true	playing	media-b04db49d99	<media-path:2b030c3c41>	15100	1	true	"{""black_screen_risk_reason"":""null"",""blocked_media_count"":0,""consecutive_failures"":0,""current_index"":1,""current_item"":{""alias"":""media-b04db49d99"",""duration_ms"":15100,""offset_ms"":0,""path_alias"":""<media-path:2b030c3c41>"",""started_at_present"":true},""last_poll_error"":""null"",""last_render_error"":""null"",""mpv_running"":true,""next_item"":{""alias"":""media-8ffdc1f445"",""duration_ms"":14000,""path_alias"":""<media-path:fee4d36eb4>""},""playback_state"":""playing"",""playlist_size"":9,""present"":true,""uptime_sec"":914}"
247	264.248	2026-07-10T20:23:37+0000	success		2	<media-path:2b030c3c41>	<media-path:2b030c3c41>	<filename:c617160627>	6.2	15.1	41.059603	false	false	false	186	v4l2request-copy	true	"{""aspect"":0.566038,""dh"":848,""dw"":480,""h"":848,""par"":1.0,""pixelformat"":""nv12"",""rotate"":0,""stereo-in"":""mono"",""w"":480}"	"{""duration"":""success"",""eof-reached"":""success"",""estimated-frame-number"":""success"",""filename"":""success"",""hwdec-current"":""success"",""idle-active"":""success"",""path"":""success"",""pause"":""success"",""percent-pos"":""success"",""time-pos"":""success"",""video-params"":""success"",""vo-configured"":""success""}"	true	playing	media-b04db49d99	<media-path:2b030c3c41>	15100	1	true	"{""black_screen_risk_reason"":""null"",""blocked_media_count"":0,""consecutive_failures"":0,""current_index"":1,""current_item"":{""alias"":""media-b04db49d99"",""duration_ms"":15100,""offset_ms"":0,""path_alias"":""<media-path:2b030c3c41>"",""started_at_present"":true},""last_poll_error"":""null"",""last_render_error"":""null"",""mpv_running"":true,""next_item"":{""alias"":""media-8ffdc1f445"",""duration_ms"":14000,""path_alias"":""<media-path:fee4d36eb4>""},""playback_state"":""playing"",""playlist_size"":9,""present"":true,""uptime_sec"":914}"
248	265.253	2026-07-10T20:23:38+0000	success		2	<media-path:2b030c3c41>	<media-path:2b030c3c41>	<filename:c617160627>	7.2	15.1	47.682119	false	false	false	216	v4l2request-copy	true	"{""aspect"":0.566038,""dh"":848,""dw"":480,""h"":848,""par"":1.0,""pixelformat"":""nv12"",""rotate"":0,""stereo-in"":""mono"",""w"":480}"	"{""duration"":""success"",""eof-reached"":""success"",""estimated-frame-number"":""success"",""filename"":""success"",""hwdec-current"":""success"",""idle-active"":""success"",""path"":""success"",""pause"":""success"",""percent-pos"":""success"",""time-pos"":""success"",""video-params"":""success"",""vo-configured"":""success""}"	true	playing	media-b04db49d99	<media-path:2b030c3c41>	15100	1	true	"{""black_screen_risk_reason"":""null"",""blocked_media_count"":0,""consecutive_failures"":0,""current_index"":1,""current_item"":{""alias"":""media-b04db49d99"",""duration_ms"":15100,""offset_ms"":0,""path_alias"":""<media-path:2b030c3c41>"",""started_at_present"":true},""last_poll_error"":""null"",""last_render_error"":""null"",""mpv_running"":true,""next_item"":{""alias"":""media-8ffdc1f445"",""duration_ms"":14000,""path_alias"":""<media-path:fee4d36eb4>""},""playback_state"":""playing"",""playlist_size"":9,""present"":true,""uptime_sec"":914}"
249	266.258	2026-07-10T20:23:39+0000	success		2	<media-path:2b030c3c41>	<media-path:2b030c3c41>	<filename:c617160627>	8.2	15.1	54.304636	false	false	false	246	v4l2request-copy	true	"{""aspect"":0.566038,""dh"":848,""dw"":480,""h"":848,""par"":1.0,""pixelformat"":""nv12"",""rotate"":0,""stereo-in"":""mono"",""w"":480}"	"{""duration"":""success"",""eof-reached"":""success"",""estimated-frame-number"":""success"",""filename"":""success"",""hwdec-current"":""success"",""idle-active"":""success"",""path"":""success"",""pause"":""success"",""percent-pos"":""success"",""time-pos"":""success"",""video-params"":""success"",""vo-configured"":""success""}"	true	playing	media-b04db49d99	<media-path:2b030c3c41>	15100	1	true	"{""black_screen_risk_reason"":""null"",""blocked_media_count"":0,""consecutive_failures"":0,""current_index"":1,""current_item"":{""alias"":""media-b04db49d99"",""duration_ms"":15100,""offset_ms"":0,""path_alias"":""<media-path:2b030c3c41>"",""started_at_present"":true},""last_poll_error"":""null"",""last_render_error"":""null"",""mpv_running"":true,""next_item"":{""alias"":""media-8ffdc1f445"",""duration_ms"":14000,""path_alias"":""<media-path:fee4d36eb4>""},""playback_state"":""playing"",""playlist_size"":9,""present"":true,""uptime_sec"":919}"
250	267.262	2026-07-10T20:23:40+0000	success		2	<media-path:2b030c3c41>	<media-path:2b030c3c41>	<filename:c617160627>	9.2	15.1	60.927152	false	false	false	276	v4l2request-copy	true	"{""aspect"":0.566038,""dh"":848,""dw"":480,""h"":848,""par"":1.0,""pixelformat"":""nv12"",""rotate"":0,""stereo-in"":""mono"",""w"":480}"	"{""duration"":""success"",""eof-reached"":""success"",""estimated-frame-number"":""success"",""filename"":""success"",""hwdec-current"":""success"",""idle-active"":""success"",""path"":""success"",""pause"":""success"",""percent-pos"":""success"",""time-pos"":""success"",""video-params"":""success"",""vo-configured"":""success""}"	true	playing	media-b04db49d99	<media-path:2b030c3c41>	15100	1	true	"{""black_screen_risk_reason"":""null"",""blocked_media_count"":0,""consecutive_failures"":0,""current_index"":1,""current_item"":{""alias"":""media-b04db49d99"",""duration_ms"":15100,""offset_ms"":0,""path_alias"":""<media-path:2b030c3c41>"",""started_at_present"":true},""last_poll_error"":""null"",""last_render_error"":""null"",""mpv_running"":true,""next_item"":{""alias"":""media-8ffdc1f445"",""duration_ms"":14000,""path_alias"":""<media-path:fee4d36eb4>""},""playback_state"":""playing"",""playlist_size"":9,""present"":true,""uptime_sec"":919}"
251	268.267	2026-07-10T20:23:41+0000	success		7	<media-path:2b030c3c41>	<media-path:2b030c3c41>	<filename:c617160627>	10.2	15.1	67.549669	false	false	false	306	v4l2request-copy	true	"{""aspect"":0.566038,""dh"":848,""dw"":480,""h"":848,""par"":1.0,""pixelformat"":""nv12"",""rotate"":0,""stereo-in"":""mono"",""w"":480}"	"{""duration"":""success"",""eof-reached"":""success"",""estimated-frame-number"":""success"",""filename"":""success"",""hwdec-current"":""success"",""idle-active"":""success"",""path"":""success"",""pause"":""success"",""percent-pos"":""success"",""time-pos"":""success"",""video-params"":""success"",""vo-configured"":""success""}"	true	playing	media-b04db49d99	<media-path:2b030c3c41>	15100	1	true	"{""black_screen_risk_reason"":""null"",""blocked_media_count"":0,""consecutive_failures"":0,""current_index"":1,""current_item"":{""alias"":""media-b04db49d99"",""duration_ms"":15100,""offset_ms"":0,""path_alias"":""<media-path:2b030c3c41>"",""started_at_present"":true},""last_poll_error"":""null"",""last_render_error"":""null"",""mpv_running"":true,""next_item"":{""alias"":""media-8ffdc1f445"",""duration_ms"":14000,""path_alias"":""<media-path:fee4d36eb4>""},""playback_state"":""playing"",""playlist_size"":9,""present"":true,""uptime_sec"":919}"
252	269.277	2026-07-10T20:23:42+0000	success		2	<media-path:2b030c3c41>	<media-path:2b030c3c41>	<filename:c617160627>	11.2	15.1	74.172185	false	false	false	336	v4l2request-copy	true	"{""aspect"":0.566038,""dh"":848,""dw"":480,""h"":848,""par"":1.0,""pixelformat"":""nv12"",""rotate"":0,""stereo-in"":""mono"",""w"":480}"	"{""duration"":""success"",""eof-reached"":""success"",""estimated-frame-number"":""success"",""filename"":""success"",""hwdec-current"":""success"",""idle-active"":""success"",""path"":""success"",""pause"":""success"",""percent-pos"":""success"",""time-pos"":""success"",""video-params"":""success"",""vo-configured"":""success""}"	true	playing	media-b04db49d99	<media-path:2b030c3c41>	15100	1	true	"{""black_screen_risk_reason"":""null"",""blocked_media_count"":0,""consecutive_failures"":0,""current_index"":1,""current_item"":{""alias"":""media-b04db49d99"",""duration_ms"":15100,""offset_ms"":0,""path_alias"":""<media-path:2b030c3c41>"",""started_at_present"":true},""last_poll_error"":""null"",""last_render_error"":""null"",""mpv_running"":true,""next_item"":{""alias"":""media-8ffdc1f445"",""duration_ms"":14000,""path_alias"":""<media-path:fee4d36eb4>""},""playback_state"":""playing"",""playlist_size"":9,""present"":true,""uptime_sec"":919}"
253	270.281	2026-07-10T20:23:43+0000	success		2	<media-path:2b030c3c41>	<media-path:2b030c3c41>	<filename:c617160627>	12.233333	15.1	81.015453	false	false	false	367	v4l2request-copy	true	"{""aspect"":0.566038,""dh"":848,""dw"":480,""h"":848,""par"":1.0,""pixelformat"":""nv12"",""rotate"":0,""stereo-in"":""mono"",""w"":480}"	"{""duration"":""success"",""eof-reached"":""success"",""estimated-frame-number"":""success"",""filename"":""success"",""hwdec-current"":""success"",""idle-active"":""success"",""path"":""success"",""pause"":""success"",""percent-pos"":""success"",""time-pos"":""success"",""video-params"":""success"",""vo-configured"":""success""}"	true	playing	media-b04db49d99	<media-path:2b030c3c41>	15100	1	true	"{""black_screen_risk_reason"":""null"",""blocked_media_count"":0,""consecutive_failures"":0,""current_index"":1,""current_item"":{""alias"":""media-b04db49d99"",""duration_ms"":15100,""offset_ms"":0,""path_alias"":""<media-path:2b030c3c41>"",""started_at_present"":true},""last_poll_error"":""null"",""last_render_error"":""null"",""mpv_running"":true,""next_item"":{""alias"":""media-8ffdc1f445"",""duration_ms"":14000,""path_alias"":""<media-path:fee4d36eb4>""},""playback_state"":""playing"",""playlist_size"":9,""present"":true,""uptime_sec"":919}"
254	271.286	2026-07-10T20:23:44+0000	success		2	<media-path:2b030c3c41>	<media-path:2b030c3c41>	<filename:c617160627>	13.233333	15.1	87.637969	false	false	false	397	v4l2request-copy	true	"{""aspect"":0.566038,""dh"":848,""dw"":480,""h"":848,""par"":1.0,""pixelformat"":""nv12"",""rotate"":0,""stereo-in"":""mono"",""w"":480}"	"{""duration"":""success"",""eof-reached"":""success"",""estimated-frame-number"":""success"",""filename"":""success"",""hwdec-current"":""success"",""idle-active"":""success"",""path"":""success"",""pause"":""success"",""percent-pos"":""success"",""time-pos"":""success"",""video-params"":""success"",""vo-configured"":""success""}"	true	playing	media-b04db49d99	<media-path:2b030c3c41>	15100	1	true	"{""black_screen_risk_reason"":""null"",""blocked_media_count"":0,""consecutive_failures"":0,""current_index"":1,""current_item"":{""alias"":""media-b04db49d99"",""duration_ms"":15100,""offset_ms"":0,""path_alias"":""<media-path:2b030c3c41>"",""started_at_present"":true},""last_poll_error"":""null"",""last_render_error"":""null"",""mpv_running"":true,""next_item"":{""alias"":""media-8ffdc1f445"",""duration_ms"":14000,""path_alias"":""<media-path:fee4d36eb4>""},""playback_state"":""playing"",""playlist_size"":9,""present"":true,""uptime_sec"":924}"
255	272.290	2026-07-10T20:23:45+0000	success		2	<media-path:2b030c3c41>	<media-path:2b030c3c41>	<filename:c617160627>	14.233333	15.1	94.260486	false	false	false	427	v4l2request-copy	true	"{""aspect"":0.566038,""dh"":848,""dw"":480,""h"":848,""par"":1.0,""pixelformat"":""nv12"",""rotate"":0,""stereo-in"":""mono"",""w"":480}"	"{""duration"":""success"",""eof-reached"":""success"",""estimated-frame-number"":""success"",""filename"":""success"",""hwdec-current"":""success"",""idle-active"":""success"",""path"":""success"",""pause"":""success"",""percent-pos"":""success"",""time-pos"":""success"",""video-params"":""success"",""vo-configured"":""success""}"	true	playing	media-b04db49d99	<media-path:2b030c3c41>	15100	1	true	"{""black_screen_risk_reason"":""null"",""blocked_media_count"":0,""consecutive_failures"":0,""current_index"":1,""current_item"":{""alias"":""media-b04db49d99"",""duration_ms"":15100,""offset_ms"":0,""path_alias"":""<media-path:2b030c3c41>"",""started_at_present"":true},""last_poll_error"":""null"",""last_render_error"":""null"",""mpv_running"":true,""next_item"":{""alias"":""media-8ffdc1f445"",""duration_ms"":14000,""path_alias"":""<media-path:fee4d36eb4>""},""playback_state"":""playing"",""playlist_size"":9,""present"":true,""uptime_sec"":924}"
256	273.294	2026-07-10T20:23:46+0000	success		2	<media-path:2b030c3c41>	<media-path:2b030c3c41>	<filename:c617160627>	0.066667	15.1	0.441501	false	false	false	2	v4l2request-copy	true	"{""aspect"":0.566038,""dh"":848,""dw"":480,""h"":848,""par"":1.0,""pixelformat"":""nv12"",""rotate"":0,""stereo-in"":""mono"",""w"":480}"	"{""duration"":""success"",""eof-reached"":""success"",""estimated-frame-number"":""success"",""filename"":""success"",""hwdec-current"":""success"",""idle-active"":""success"",""path"":""success"",""pause"":""success"",""percent-pos"":""success"",""time-pos"":""success"",""video-params"":""success"",""vo-configured"":""success""}"	true	playing	media-b04db49d99	<media-path:2b030c3c41>	15100	1	true	"{""black_screen_risk_reason"":""null"",""blocked_media_count"":0,""consecutive_failures"":0,""current_index"":1,""current_item"":{""alias"":""media-b04db49d99"",""duration_ms"":15100,""offset_ms"":0,""path_alias"":""<media-path:2b030c3c41>"",""started_at_present"":true},""last_poll_error"":""null"",""last_render_error"":""null"",""mpv_running"":true,""next_item"":{""alias"":""media-8ffdc1f445"",""duration_ms"":14000,""path_alias"":""<media-path:fee4d36eb4>""},""playback_state"":""playing"",""playlist_size"":9,""present"":true,""uptime_sec"":924}"
257	274.299	2026-07-10T20:23:47+0000	success		9	<media-path:fee4d36eb4>	<media-path:fee4d36eb4>	<filename:8ba6df5956>	0.933333	14	6.666667	false	false	false	28	v4l2request-copy	true	"{""aspect"":0.557692,""dh"":832,""dw"":464,""h"":832,""par"":1.0,""pixelformat"":""nv12"",""rotate"":0,""stereo-in"":""mono"",""w"":464}"	"{""duration"":""success"",""eof-reached"":""success"",""estimated-frame-number"":""success"",""filename"":""success"",""hwdec-current"":""success"",""idle-active"":""success"",""path"":""success"",""pause"":""success"",""percent-pos"":""success"",""time-pos"":""success"",""video-params"":""success"",""vo-configured"":""success""}"	true	playing	media-b04db49d99	<media-path:2b030c3c41>	15100	1	true	"{""black_screen_risk_reason"":""null"",""blocked_media_count"":0,""consecutive_failures"":0,""current_index"":1,""current_item"":{""alias"":""media-b04db49d99"",""duration_ms"":15100,""offset_ms"":0,""path_alias"":""<media-path:2b030c3c41>"",""started_at_present"":true},""last_poll_error"":""null"",""last_render_error"":""null"",""mpv_running"":true,""next_item"":{""alias"":""media-8ffdc1f445"",""duration_ms"":14000,""path_alias"":""<media-path:fee4d36eb4>""},""playback_state"":""playing"",""playlist_size"":9,""present"":true,""uptime_sec"":924}"
258	275.310	2026-07-10T20:23:48+0000	success		3	<media-path:fee4d36eb4>	<media-path:fee4d36eb4>	<filename:8ba6df5956>	1.933333	14	13.809524	false	false	false	58	v4l2request-copy	true	"{""aspect"":0.557692,""dh"":832,""dw"":464,""h"":832,""par"":1.0,""pixelformat"":""nv12"",""rotate"":0,""stereo-in"":""mono"",""w"":464}"	"{""duration"":""success"",""eof-reached"":""success"",""estimated-frame-number"":""success"",""filename"":""success"",""hwdec-current"":""success"",""idle-active"":""success"",""path"":""success"",""pause"":""success"",""percent-pos"":""success"",""time-pos"":""success"",""video-params"":""success"",""vo-configured"":""success""}"	true	playing	media-b04db49d99	<media-path:2b030c3c41>	15100	1	true	"{""black_screen_risk_reason"":""null"",""blocked_media_count"":0,""consecutive_failures"":0,""current_index"":1,""current_item"":{""alias"":""media-b04db49d99"",""duration_ms"":15100,""offset_ms"":0,""path_alias"":""<media-path:2b030c3c41>"",""started_at_present"":true},""last_poll_error"":""null"",""last_render_error"":""null"",""mpv_running"":true,""next_item"":{""alias"":""media-8ffdc1f445"",""duration_ms"":14000,""path_alias"":""<media-path:fee4d36eb4>""},""playback_state"":""playing"",""playlist_size"":9,""present"":true,""uptime_sec"":924}"
259	276.316	2026-07-10T20:23:49+0000	success		2	<media-path:fee4d36eb4>	<media-path:fee4d36eb4>	<filename:8ba6df5956>	2.966667	14	21.190476	false	false	false	89	v4l2request-copy	true	"{""aspect"":0.557692,""dh"":832,""dw"":464,""h"":832,""par"":1.0,""pixelformat"":""nv12"",""rotate"":0,""stereo-in"":""mono"",""w"":464}"	"{""duration"":""success"",""eof-reached"":""success"",""estimated-frame-number"":""success"",""filename"":""success"",""hwdec-current"":""success"",""idle-active"":""success"",""path"":""success"",""pause"":""success"",""percent-pos"":""success"",""time-pos"":""success"",""video-params"":""success"",""vo-configured"":""success""}"	true	playing	media-8ffdc1f445	<media-path:fee4d36eb4>	14000	2	true	"{""black_screen_risk_reason"":""null"",""blocked_media_count"":0,""consecutive_failures"":0,""current_index"":2,""current_item"":{""alias"":""media-8ffdc1f445"",""duration_ms"":14000,""offset_ms"":0,""path_alias"":""<media-path:fee4d36eb4>"",""started_at_present"":true},""last_poll_error"":""null"",""last_render_error"":""null"",""mpv_running"":true,""next_item"":{""alias"":""media-907addee8b"",""duration_ms"":30800,""path_alias"":""<media-path:c58db4e1cc>""},""playback_state"":""playing"",""playlist_size"":9,""present"":true,""uptime_sec"":929}"
260	277.321	2026-07-10T20:23:50+0000	success		3	<media-path:fee4d36eb4>	<media-path:fee4d36eb4>	<filename:8ba6df5956>	3.933333	14	28.095238	false	false	false	118	v4l2request-copy	true	"{""aspect"":0.557692,""dh"":832,""dw"":464,""h"":832,""par"":1.0,""pixelformat"":""nv12"",""rotate"":0,""stereo-in"":""mono"",""w"":464}"	"{""duration"":""success"",""eof-reached"":""success"",""estimated-frame-number"":""success"",""filename"":""success"",""hwdec-current"":""success"",""idle-active"":""success"",""path"":""success"",""pause"":""success"",""percent-pos"":""success"",""time-pos"":""success"",""video-params"":""success"",""vo-configured"":""success""}"	true	playing	media-8ffdc1f445	<media-path:fee4d36eb4>	14000	2	true	"{""black_screen_risk_reason"":""null"",""blocked_media_count"":0,""consecutive_failures"":0,""current_index"":2,""current_item"":{""alias"":""media-8ffdc1f445"",""duration_ms"":14000,""offset_ms"":0,""path_alias"":""<media-path:fee4d36eb4>"",""started_at_present"":true},""last_poll_error"":""null"",""last_render_error"":""null"",""mpv_running"":true,""next_item"":{""alias"":""media-907addee8b"",""duration_ms"":30800,""path_alias"":""<media-path:c58db4e1cc>""},""playback_state"":""playing"",""playlist_size"":9,""present"":true,""uptime_sec"":929}"
261	278.327	2026-07-10T20:23:51+0000	success		2	<media-path:fee4d36eb4>	<media-path:fee4d36eb4>	<filename:8ba6df5956>	4.966667	14	35.47619	false	false	false	149	v4l2request-copy	true	"{""aspect"":0.557692,""dh"":832,""dw"":464,""h"":832,""par"":1.0,""pixelformat"":""nv12"",""rotate"":0,""stereo-in"":""mono"",""w"":464}"	"{""duration"":""success"",""eof-reached"":""success"",""estimated-frame-number"":""success"",""filename"":""success"",""hwdec-current"":""success"",""idle-active"":""success"",""path"":""success"",""pause"":""success"",""percent-pos"":""success"",""time-pos"":""success"",""video-params"":""success"",""vo-configured"":""success""}"	true	playing	media-8ffdc1f445	<media-path:fee4d36eb4>	14000	2	true	"{""black_screen_risk_reason"":""null"",""blocked_media_count"":0,""consecutive_failures"":0,""current_index"":2,""current_item"":{""alias"":""media-8ffdc1f445"",""duration_ms"":14000,""offset_ms"":0,""path_alias"":""<media-path:fee4d36eb4>"",""started_at_present"":true},""last_poll_error"":""null"",""last_render_error"":""null"",""mpv_running"":true,""next_item"":{""alias"":""media-907addee8b"",""duration_ms"":30800,""path_alias"":""<media-path:c58db4e1cc>""},""playback_state"":""playing"",""playlist_size"":9,""present"":true,""uptime_sec"":929}"
262	279.331	2026-07-10T20:23:52+0000	success		2	<media-path:fee4d36eb4>	<media-path:fee4d36eb4>	<filename:8ba6df5956>	5.966667	14	42.619048	false	false	false	179	v4l2request-copy	true	"{""aspect"":0.557692,""dh"":832,""dw"":464,""h"":832,""par"":1.0,""pixelformat"":""nv12"",""rotate"":0,""stereo-in"":""mono"",""w"":464}"	"{""duration"":""success"",""eof-reached"":""success"",""estimated-frame-number"":""success"",""filename"":""success"",""hwdec-current"":""success"",""idle-active"":""success"",""path"":""success"",""pause"":""success"",""percent-pos"":""success"",""time-pos"":""success"",""video-params"":""success"",""vo-configured"":""success""}"	true	playing	media-8ffdc1f445	<media-path:fee4d36eb4>	14000	2	true	"{""black_screen_risk_reason"":""null"",""blocked_media_count"":0,""consecutive_failures"":0,""current_index"":2,""current_item"":{""alias"":""media-8ffdc1f445"",""duration_ms"":14000,""offset_ms"":0,""path_alias"":""<media-path:fee4d36eb4>"",""started_at_present"":true},""last_poll_error"":""null"",""last_render_error"":""null"",""mpv_running"":true,""next_item"":{""alias"":""media-907addee8b"",""duration_ms"":30800,""path_alias"":""<media-path:c58db4e1cc>""},""playback_state"":""playing"",""playlist_size"":9,""present"":true,""uptime_sec"":929}"
263	280.336	2026-07-10T20:23:53+0000	success		10	<media-path:fee4d36eb4>	<media-path:fee4d36eb4>	<filename:8ba6df5956>	6.966667	14	49.761905	false	false	false	209	v4l2request-copy	true	"{""aspect"":0.557692,""dh"":832,""dw"":464,""h"":832,""par"":1.0,""pixelformat"":""nv12"",""rotate"":0,""stereo-in"":""mono"",""w"":464}"	"{""duration"":""success"",""eof-reached"":""success"",""estimated-frame-number"":""success"",""filename"":""success"",""hwdec-current"":""success"",""idle-active"":""success"",""path"":""success"",""pause"":""success"",""percent-pos"":""success"",""time-pos"":""success"",""video-params"":""success"",""vo-configured"":""success""}"	true	playing	media-8ffdc1f445	<media-path:fee4d36eb4>	14000	2	true	"{""black_screen_risk_reason"":""null"",""blocked_media_count"":0,""consecutive_failures"":0,""current_index"":2,""current_item"":{""alias"":""media-8ffdc1f445"",""duration_ms"":14000,""offset_ms"":0,""path_alias"":""<media-path:fee4d36eb4>"",""started_at_present"":true},""last_poll_error"":""null"",""last_render_error"":""null"",""mpv_running"":true,""next_item"":{""alias"":""media-907addee8b"",""duration_ms"":30800,""path_alias"":""<media-path:c58db4e1cc>""},""playback_state"":""playing"",""playlist_size"":9,""present"":true,""uptime_sec"":929}"
264	281.349	2026-07-10T20:23:54+0000	success		3	<media-path:fee4d36eb4>	<media-path:fee4d36eb4>	<filename:8ba6df5956>	8	14	57.142857	false	false	false	240	v4l2request-copy	true	"{""aspect"":0.557692,""dh"":832,""dw"":464,""h"":832,""par"":1.0,""pixelformat"":""nv12"",""rotate"":0,""stereo-in"":""mono"",""w"":464}"	"{""duration"":""success"",""eof-reached"":""success"",""estimated-frame-number"":""success"",""filename"":""success"",""hwdec-current"":""success"",""idle-active"":""success"",""path"":""success"",""pause"":""success"",""percent-pos"":""success"",""time-pos"":""success"",""video-params"":""success"",""vo-configured"":""success""}"	true	playing	media-8ffdc1f445	<media-path:fee4d36eb4>	14000	2	true	"{""black_screen_risk_reason"":""null"",""blocked_media_count"":0,""consecutive_failures"":0,""current_index"":2,""current_item"":{""alias"":""media-8ffdc1f445"",""duration_ms"":14000,""offset_ms"":0,""path_alias"":""<media-path:fee4d36eb4>"",""started_at_present"":true},""last_poll_error"":""null"",""last_render_error"":""null"",""mpv_running"":true,""next_item"":{""alias"":""media-907addee8b"",""duration_ms"":30800,""path_alias"":""<media-path:c58db4e1cc>""},""playback_state"":""playing"",""playlist_size"":9,""present"":true,""uptime_sec"":934}"
265	282.356	2026-07-10T20:23:55+0000	success		2	<media-path:fee4d36eb4>	<media-path:fee4d36eb4>	<filename:8ba6df5956>	9	14	64.285714	false	false	false	270	v4l2request-copy	true	"{""aspect"":0.557692,""dh"":832,""dw"":464,""h"":832,""par"":1.0,""pixelformat"":""nv12"",""rotate"":0,""stereo-in"":""mono"",""w"":464}"	"{""duration"":""success"",""eof-reached"":""success"",""estimated-frame-number"":""success"",""filename"":""success"",""hwdec-current"":""success"",""idle-active"":""success"",""path"":""success"",""pause"":""success"",""percent-pos"":""success"",""time-pos"":""success"",""video-params"":""success"",""vo-configured"":""success""}"	true	playing	media-8ffdc1f445	<media-path:fee4d36eb4>	14000	2	true	"{""black_screen_risk_reason"":""null"",""blocked_media_count"":0,""consecutive_failures"":0,""current_index"":2,""current_item"":{""alias"":""media-8ffdc1f445"",""duration_ms"":14000,""offset_ms"":0,""path_alias"":""<media-path:fee4d36eb4>"",""started_at_present"":true},""last_poll_error"":""null"",""last_render_error"":""null"",""mpv_running"":true,""next_item"":{""alias"":""media-907addee8b"",""duration_ms"":30800,""path_alias"":""<media-path:c58db4e1cc>""},""playback_state"":""playing"",""playlist_size"":9,""present"":true,""uptime_sec"":934}"
266	283.360	2026-07-10T20:23:56+0000	success		2	<media-path:fee4d36eb4>	<media-path:fee4d36eb4>	<filename:8ba6df5956>	10	14	71.428571	false	false	false	300	v4l2request-copy	true	"{""aspect"":0.557692,""dh"":832,""dw"":464,""h"":832,""par"":1.0,""pixelformat"":""nv12"",""rotate"":0,""stereo-in"":""mono"",""w"":464}"	"{""duration"":""success"",""eof-reached"":""success"",""estimated-frame-number"":""success"",""filename"":""success"",""hwdec-current"":""success"",""idle-active"":""success"",""path"":""success"",""pause"":""success"",""percent-pos"":""success"",""time-pos"":""success"",""video-params"":""success"",""vo-configured"":""success""}"	true	playing	media-8ffdc1f445	<media-path:fee4d36eb4>	14000	2	true	"{""black_screen_risk_reason"":""null"",""blocked_media_count"":0,""consecutive_failures"":0,""current_index"":2,""current_item"":{""alias"":""media-8ffdc1f445"",""duration_ms"":14000,""offset_ms"":0,""path_alias"":""<media-path:fee4d36eb4>"",""started_at_present"":true},""last_poll_error"":""null"",""last_render_error"":""null"",""mpv_running"":true,""next_item"":{""alias"":""media-907addee8b"",""duration_ms"":30800,""path_alias"":""<media-path:c58db4e1cc>""},""playback_state"":""playing"",""playlist_size"":9,""present"":true,""uptime_sec"":934}"
267	284.365	2026-07-10T20:23:57+0000	success		2	<media-path:fee4d36eb4>	<media-path:fee4d36eb4>	<filename:8ba6df5956>	11	14	78.571429	false	false	false	330	v4l2request-copy	true	"{""aspect"":0.557692,""dh"":832,""dw"":464,""h"":832,""par"":1.0,""pixelformat"":""nv12"",""rotate"":0,""stereo-in"":""mono"",""w"":464}"	"{""duration"":""success"",""eof-reached"":""success"",""estimated-frame-number"":""success"",""filename"":""success"",""hwdec-current"":""success"",""idle-active"":""success"",""path"":""success"",""pause"":""success"",""percent-pos"":""success"",""time-pos"":""success"",""video-params"":""success"",""vo-configured"":""success""}"	true	playing	media-8ffdc1f445	<media-path:fee4d36eb4>	14000	2	true	"{""black_screen_risk_reason"":""null"",""blocked_media_count"":0,""consecutive_failures"":0,""current_index"":2,""current_item"":{""alias"":""media-8ffdc1f445"",""duration_ms"":14000,""offset_ms"":0,""path_alias"":""<media-path:fee4d36eb4>"",""started_at_present"":true},""last_poll_error"":""null"",""last_render_error"":""null"",""mpv_running"":true,""next_item"":{""alias"":""media-907addee8b"",""duration_ms"":30800,""path_alias"":""<media-path:c58db4e1cc>""},""playback_state"":""playing"",""playlist_size"":9,""present"":true,""uptime_sec"":934}"
268	285.370	2026-07-10T20:23:58+0000	success		7	<media-path:fee4d36eb4>	<media-path:fee4d36eb4>	<filename:8ba6df5956>	12	14	85.714286	false	false	false	360	v4l2request-copy	true	"{""aspect"":0.557692,""dh"":832,""dw"":464,""h"":832,""par"":1.0,""pixelformat"":""nv12"",""rotate"":0,""stereo-in"":""mono"",""w"":464}"	"{""duration"":""success"",""eof-reached"":""success"",""estimated-frame-number"":""success"",""filename"":""success"",""hwdec-current"":""success"",""idle-active"":""success"",""path"":""success"",""pause"":""success"",""percent-pos"":""success"",""time-pos"":""success"",""video-params"":""success"",""vo-configured"":""success""}"	true	playing	media-8ffdc1f445	<media-path:fee4d36eb4>	14000	2	true	"{""black_screen_risk_reason"":""null"",""blocked_media_count"":0,""consecutive_failures"":0,""current_index"":2,""current_item"":{""alias"":""media-8ffdc1f445"",""duration_ms"":14000,""offset_ms"":0,""path_alias"":""<media-path:fee4d36eb4>"",""started_at_present"":true},""last_poll_error"":""null"",""last_render_error"":""null"",""mpv_running"":true,""next_item"":{""alias"":""media-907addee8b"",""duration_ms"":30800,""path_alias"":""<media-path:c58db4e1cc>""},""playback_state"":""playing"",""playlist_size"":9,""present"":true,""uptime_sec"":934}"
269	286.379	2026-07-10T20:23:59+0000	success		3	<media-path:fee4d36eb4>	<media-path:fee4d36eb4>	<filename:8ba6df5956>	13	14	92.857143	false	false	false	390	v4l2request-copy	true	"{""aspect"":0.557692,""dh"":832,""dw"":464,""h"":832,""par"":1.0,""pixelformat"":""nv12"",""rotate"":0,""stereo-in"":""mono"",""w"":464}"	"{""duration"":""success"",""eof-reached"":""success"",""estimated-frame-number"":""success"",""filename"":""success"",""hwdec-current"":""success"",""idle-active"":""success"",""path"":""success"",""pause"":""success"",""percent-pos"":""success"",""time-pos"":""success"",""video-params"":""success"",""vo-configured"":""success""}"	true	playing	media-8ffdc1f445	<media-path:fee4d36eb4>	14000	2	true	"{""black_screen_risk_reason"":""null"",""blocked_media_count"":0,""consecutive_failures"":0,""current_index"":2,""current_item"":{""alias"":""media-8ffdc1f445"",""duration_ms"":14000,""offset_ms"":0,""path_alias"":""<media-path:fee4d36eb4>"",""started_at_present"":true},""last_poll_error"":""null"",""last_render_error"":""null"",""mpv_running"":true,""next_item"":{""alias"":""media-907addee8b"",""duration_ms"":30800,""path_alias"":""<media-path:c58db4e1cc>""},""playback_state"":""playing"",""playlist_size"":9,""present"":true,""uptime_sec"":939}"
270	287.386	2026-07-10T20:24:00+0000	success		2	<media-path:fee4d36eb4>	<media-path:fee4d36eb4>	<filename:8ba6df5956>	0	14	0	false	false	false	0	v4l2request-copy	true	"{""aspect"":0.557692,""dh"":832,""dw"":464,""h"":832,""par"":1.0,""pixelformat"":""nv12"",""rotate"":0,""stereo-in"":""mono"",""w"":464}"	"{""duration"":""success"",""eof-reached"":""success"",""estimated-frame-number"":""success"",""filename"":""success"",""hwdec-current"":""success"",""idle-active"":""success"",""path"":""success"",""pause"":""success"",""percent-pos"":""success"",""time-pos"":""success"",""video-params"":""success"",""vo-configured"":""success""}"	true	playing	media-8ffdc1f445	<media-path:fee4d36eb4>	14000	2	true	"{""black_screen_risk_reason"":""null"",""blocked_media_count"":0,""consecutive_failures"":0,""current_index"":2,""current_item"":{""alias"":""media-8ffdc1f445"",""duration_ms"":14000,""offset_ms"":0,""path_alias"":""<media-path:fee4d36eb4>"",""started_at_present"":true},""last_poll_error"":""null"",""last_render_error"":""null"",""mpv_running"":true,""next_item"":{""alias"":""media-907addee8b"",""duration_ms"":30800,""path_alias"":""<media-path:c58db4e1cc>""},""playback_state"":""playing"",""playlist_size"":9,""present"":true,""uptime_sec"":939}"
271	288.390	2026-07-10T20:24:01+0000	success		2	<media-path:c58db4e1cc>	<media-path:c58db4e1cc>	<filename:9b95323d7d>	0.917583	30.805333	2.978651	false	false	false	22	v4l2request-copy	true	"{""aspect"":0.5625,""dh"":640,""dw"":360,""h"":640,""par"":1.0,""pixelformat"":""nv12"",""rotate"":0,""stereo-in"":""mono"",""w"":360}"	"{""duration"":""success"",""eof-reached"":""success"",""estimated-frame-number"":""success"",""filename"":""success"",""hwdec-current"":""success"",""idle-active"":""success"",""path"":""success"",""pause"":""success"",""percent-pos"":""success"",""time-pos"":""success"",""video-params"":""success"",""vo-configured"":""success""}"	true	playing	media-8ffdc1f445	<media-path:fee4d36eb4>	14000	2	true	"{""black_screen_risk_reason"":""null"",""blocked_media_count"":0,""consecutive_failures"":0,""current_index"":2,""current_item"":{""alias"":""media-8ffdc1f445"",""duration_ms"":14000,""offset_ms"":0,""path_alias"":""<media-path:fee4d36eb4>"",""started_at_present"":true},""last_poll_error"":""null"",""last_render_error"":""null"",""mpv_running"":true,""next_item"":{""alias"":""media-907addee8b"",""duration_ms"":30800,""path_alias"":""<media-path:c58db4e1cc>""},""playback_state"":""playing"",""playlist_size"":9,""present"":true,""uptime_sec"":939}"
272	289.394	2026-07-10T20:24:02+0000	success		2	<media-path:c58db4e1cc>	<media-path:c58db4e1cc>	<filename:9b95323d7d>	1.918583	30.805333	6.228088	false	false	false	46	v4l2request-copy	true	"{""aspect"":0.5625,""dh"":640,""dw"":360,""h"":640,""par"":1.0,""pixelformat"":""nv12"",""rotate"":0,""stereo-in"":""mono"",""w"":360}"	"{""duration"":""success"",""eof-reached"":""success"",""estimated-frame-number"":""success"",""filename"":""success"",""hwdec-current"":""success"",""idle-active"":""success"",""path"":""success"",""pause"":""success"",""percent-pos"":""success"",""time-pos"":""success"",""video-params"":""success"",""vo-configured"":""success""}"	true	playing	media-8ffdc1f445	<media-path:fee4d36eb4>	14000	2	true	"{""black_screen_risk_reason"":""null"",""blocked_media_count"":0,""consecutive_failures"":0,""current_index"":2,""current_item"":{""alias"":""media-8ffdc1f445"",""duration_ms"":14000,""offset_ms"":0,""path_alias"":""<media-path:fee4d36eb4>"",""started_at_present"":true},""last_poll_error"":""null"",""last_render_error"":""null"",""mpv_running"":true,""next_item"":{""alias"":""media-907addee8b"",""duration_ms"":30800,""path_alias"":""<media-path:c58db4e1cc>""},""playback_state"":""playing"",""playlist_size"":9,""present"":true,""uptime_sec"":939}"
273	290.398	2026-07-10T20:24:03+0000	success		2	<media-path:c58db4e1cc>	<media-path:c58db4e1cc>	<filename:9b95323d7d>	2.919583	30.805333	9.477526	false	false	false	70	v4l2request-copy	true	"{""aspect"":0.5625,""dh"":640,""dw"":360,""h"":640,""par"":1.0,""pixelformat"":""nv12"",""rotate"":0,""stereo-in"":""mono"",""w"":360}"	"{""duration"":""success"",""eof-reached"":""success"",""estimated-frame-number"":""success"",""filename"":""success"",""hwdec-current"":""success"",""idle-active"":""success"",""path"":""success"",""pause"":""success"",""percent-pos"":""success"",""time-pos"":""success"",""video-params"":""success"",""vo-configured"":""success""}"	true	playing	media-8ffdc1f445	<media-path:fee4d36eb4>	14000	2	true	"{""black_screen_risk_reason"":""null"",""blocked_media_count"":0,""consecutive_failures"":0,""current_index"":2,""current_item"":{""alias"":""media-8ffdc1f445"",""duration_ms"":14000,""offset_ms"":0,""path_alias"":""<media-path:fee4d36eb4>"",""started_at_present"":true},""last_poll_error"":""null"",""last_render_error"":""null"",""mpv_running"":true,""next_item"":{""alias"":""media-907addee8b"",""duration_ms"":30800,""path_alias"":""<media-path:c58db4e1cc>""},""playback_state"":""playing"",""playlist_size"":9,""present"":true,""uptime_sec"":939}"
274	291.401	2026-07-10T20:24:04+0000	success		4	<media-path:c58db4e1cc>	<media-path:c58db4e1cc>	<filename:9b95323d7d>	3.962292	30.805333	12.862356	false	false	false	95	v4l2request-copy	true	"{""aspect"":0.5625,""dh"":640,""dw"":360,""h"":640,""par"":1.0,""pixelformat"":""nv12"",""rotate"":0,""stereo-in"":""mono"",""w"":360}"	"{""duration"":""success"",""eof-reached"":""success"",""estimated-frame-number"":""success"",""filename"":""success"",""hwdec-current"":""success"",""idle-active"":""success"",""path"":""success"",""pause"":""success"",""percent-pos"":""success"",""time-pos"":""success"",""video-params"":""success"",""vo-configured"":""success""}"	true	playing	media-907addee8b	<media-path:c58db4e1cc>	30800	3	true	"{""black_screen_risk_reason"":""null"",""blocked_media_count"":0,""consecutive_failures"":0,""current_index"":3,""current_item"":{""alias"":""media-907addee8b"",""duration_ms"":30800,""offset_ms"":0,""path_alias"":""<media-path:c58db4e1cc>"",""started_at_present"":true},""last_poll_error"":""null"",""last_render_error"":""null"",""mpv_running"":true,""next_item"":{""alias"":""media-8e4d41f6c2"",""duration_ms"":7200,""path_alias"":""<media-path:3662a4e886>""},""playback_state"":""playing"",""playlist_size"":9,""present"":true,""uptime_sec"":944}"
275	292.409	2026-07-10T20:24:05+0000	success		9	<media-path:c58db4e1cc>	<media-path:c58db4e1cc>	<filename:9b95323d7d>	4.963292	30.805333	16.111793	false	false	false	119	v4l2request-copy	true	"{""aspect"":0.5625,""dh"":640,""dw"":360,""h"":640,""par"":1.0,""pixelformat"":""nv12"",""rotate"":0,""stereo-in"":""mono"",""w"":360}"	"{""duration"":""success"",""eof-reached"":""success"",""estimated-frame-number"":""success"",""filename"":""success"",""hwdec-current"":""success"",""idle-active"":""success"",""path"":""success"",""pause"":""success"",""percent-pos"":""success"",""time-pos"":""success"",""video-params"":""success"",""vo-configured"":""success""}"	true	playing	media-907addee8b	<media-path:c58db4e1cc>	30800	3	true	"{""black_screen_risk_reason"":""null"",""blocked_media_count"":0,""consecutive_failures"":0,""current_index"":3,""current_item"":{""alias"":""media-907addee8b"",""duration_ms"":30800,""offset_ms"":0,""path_alias"":""<media-path:c58db4e1cc>"",""started_at_present"":true},""last_poll_error"":""null"",""last_render_error"":""null"",""mpv_running"":true,""next_item"":{""alias"":""media-8e4d41f6c2"",""duration_ms"":7200,""path_alias"":""<media-path:3662a4e886>""},""playback_state"":""playing"",""playlist_size"":9,""present"":true,""uptime_sec"":944}"
276	293.422	2026-07-10T20:24:06+0000	success		2	<media-path:c58db4e1cc>	<media-path:c58db4e1cc>	<filename:9b95323d7d>	5.964292	30.805333	19.361231	false	false	false	143	v4l2request-copy	true	"{""aspect"":0.5625,""dh"":640,""dw"":360,""h"":640,""par"":1.0,""pixelformat"":""nv12"",""rotate"":0,""stereo-in"":""mono"",""w"":360}"	"{""duration"":""success"",""eof-reached"":""success"",""estimated-frame-number"":""success"",""filename"":""success"",""hwdec-current"":""success"",""idle-active"":""success"",""path"":""success"",""pause"":""success"",""percent-pos"":""success"",""time-pos"":""success"",""video-params"":""success"",""vo-configured"":""success""}"	true	playing	media-907addee8b	<media-path:c58db4e1cc>	30800	3	true	"{""black_screen_risk_reason"":""null"",""blocked_media_count"":0,""consecutive_failures"":0,""current_index"":3,""current_item"":{""alias"":""media-907addee8b"",""duration_ms"":30800,""offset_ms"":0,""path_alias"":""<media-path:c58db4e1cc>"",""started_at_present"":true},""last_poll_error"":""null"",""last_render_error"":""null"",""mpv_running"":true,""next_item"":{""alias"":""media-8e4d41f6c2"",""duration_ms"":7200,""path_alias"":""<media-path:3662a4e886>""},""playback_state"":""playing"",""playlist_size"":9,""present"":true,""uptime_sec"":944}"
277	294.426	2026-07-10T20:24:07+0000	success		3	<media-path:c58db4e1cc>	<media-path:c58db4e1cc>	<filename:9b95323d7d>	6.965292	30.805333	22.610668	false	false	false	167	v4l2request-copy	true	"{""aspect"":0.5625,""dh"":640,""dw"":360,""h"":640,""par"":1.0,""pixelformat"":""nv12"",""rotate"":0,""stereo-in"":""mono"",""w"":360}"	"{""duration"":""success"",""eof-reached"":""success"",""estimated-frame-number"":""success"",""filename"":""success"",""hwdec-current"":""success"",""idle-active"":""success"",""path"":""success"",""pause"":""success"",""percent-pos"":""success"",""time-pos"":""success"",""video-params"":""success"",""vo-configured"":""success""}"	true	playing	media-907addee8b	<media-path:c58db4e1cc>	30800	3	true	"{""black_screen_risk_reason"":""null"",""blocked_media_count"":0,""consecutive_failures"":0,""current_index"":3,""current_item"":{""alias"":""media-907addee8b"",""duration_ms"":30800,""offset_ms"":0,""path_alias"":""<media-path:c58db4e1cc>"",""started_at_present"":true},""last_poll_error"":""null"",""last_render_error"":""null"",""mpv_running"":true,""next_item"":{""alias"":""media-8e4d41f6c2"",""duration_ms"":7200,""path_alias"":""<media-path:3662a4e886>""},""playback_state"":""playing"",""playlist_size"":9,""present"":true,""uptime_sec"":944}"
278	295.431	2026-07-10T20:24:08+0000	success		3	<media-path:c58db4e1cc>	<media-path:c58db4e1cc>	<filename:9b95323d7d>	7.966292	30.805333	25.860105	false	false	false	191	v4l2request-copy	true	"{""aspect"":0.5625,""dh"":640,""dw"":360,""h"":640,""par"":1.0,""pixelformat"":""nv12"",""rotate"":0,""stereo-in"":""mono"",""w"":360}"	"{""duration"":""success"",""eof-reached"":""success"",""estimated-frame-number"":""success"",""filename"":""success"",""hwdec-current"":""success"",""idle-active"":""success"",""path"":""success"",""pause"":""success"",""percent-pos"":""success"",""time-pos"":""success"",""video-params"":""success"",""vo-configured"":""success""}"	true	playing	media-907addee8b	<media-path:c58db4e1cc>	30800	3	true	"{""black_screen_risk_reason"":""null"",""blocked_media_count"":0,""consecutive_failures"":0,""current_index"":3,""current_item"":{""alias"":""media-907addee8b"",""duration_ms"":30800,""offset_ms"":0,""path_alias"":""<media-path:c58db4e1cc>"",""started_at_present"":true},""last_poll_error"":""null"",""last_render_error"":""null"",""mpv_running"":true,""next_item"":{""alias"":""media-8e4d41f6c2"",""duration_ms"":7200,""path_alias"":""<media-path:3662a4e886>""},""playback_state"":""playing"",""playlist_size"":9,""present"":true,""uptime_sec"":944}"
279	296.437	2026-07-10T20:24:09+0000	success		2	<media-path:c58db4e1cc>	<media-path:c58db4e1cc>	<filename:9b95323d7d>	8.967292	30.805333	29.109543	false	false	false	215	v4l2request-copy	true	"{""aspect"":0.5625,""dh"":640,""dw"":360,""h"":640,""par"":1.0,""pixelformat"":""nv12"",""rotate"":0,""stereo-in"":""mono"",""w"":360}"	"{""duration"":""success"",""eof-reached"":""success"",""estimated-frame-number"":""success"",""filename"":""success"",""hwdec-current"":""success"",""idle-active"":""success"",""path"":""success"",""pause"":""success"",""percent-pos"":""success"",""time-pos"":""success"",""video-params"":""success"",""vo-configured"":""success""}"	true	playing	media-907addee8b	<media-path:c58db4e1cc>	30800	3	true	"{""black_screen_risk_reason"":""null"",""blocked_media_count"":0,""consecutive_failures"":0,""current_index"":3,""current_item"":{""alias"":""media-907addee8b"",""duration_ms"":30800,""offset_ms"":0,""path_alias"":""<media-path:c58db4e1cc>"",""started_at_present"":true},""last_poll_error"":""null"",""last_render_error"":""null"",""mpv_running"":true,""next_item"":{""alias"":""media-8e4d41f6c2"",""duration_ms"":7200,""path_alias"":""<media-path:3662a4e886>""},""playback_state"":""playing"",""playlist_size"":9,""present"":true,""uptime_sec"":949}"
280	297.442	2026-07-10T20:24:10+0000	success		2	<media-path:c58db4e1cc>	<media-path:c58db4e1cc>	<filename:9b95323d7d>	9.968292	30.805333	32.35898	false	false	false	239	v4l2request-copy	true	"{""aspect"":0.5625,""dh"":640,""dw"":360,""h"":640,""par"":1.0,""pixelformat"":""nv12"",""rotate"":0,""stereo-in"":""mono"",""w"":360}"	"{""duration"":""success"",""eof-reached"":""success"",""estimated-frame-number"":""success"",""filename"":""success"",""hwdec-current"":""success"",""idle-active"":""success"",""path"":""success"",""pause"":""success"",""percent-pos"":""success"",""time-pos"":""success"",""video-params"":""success"",""vo-configured"":""success""}"	true	playing	media-907addee8b	<media-path:c58db4e1cc>	30800	3	true	"{""black_screen_risk_reason"":""null"",""blocked_media_count"":0,""consecutive_failures"":0,""current_index"":3,""current_item"":{""alias"":""media-907addee8b"",""duration_ms"":30800,""offset_ms"":0,""path_alias"":""<media-path:c58db4e1cc>"",""started_at_present"":true},""last_poll_error"":""null"",""last_render_error"":""null"",""mpv_running"":true,""next_item"":{""alias"":""media-8e4d41f6c2"",""duration_ms"":7200,""path_alias"":""<media-path:3662a4e886>""},""playback_state"":""playing"",""playlist_size"":9,""present"":true,""uptime_sec"":949}"
281	298.448	2026-07-10T20:24:11+0000	success		2	<media-path:c58db4e1cc>	<media-path:c58db4e1cc>	<filename:9b95323d7d>	10.969292	30.805333	35.608417	false	false	false	263	v4l2request-copy	true	"{""aspect"":0.5625,""dh"":640,""dw"":360,""h"":640,""par"":1.0,""pixelformat"":""nv12"",""rotate"":0,""stereo-in"":""mono"",""w"":360}"	"{""duration"":""success"",""eof-reached"":""success"",""estimated-frame-number"":""success"",""filename"":""success"",""hwdec-current"":""success"",""idle-active"":""success"",""path"":""success"",""pause"":""success"",""percent-pos"":""success"",""time-pos"":""success"",""video-params"":""success"",""vo-configured"":""success""}"	true	playing	media-907addee8b	<media-path:c58db4e1cc>	30800	3	true	"{""black_screen_risk_reason"":""null"",""blocked_media_count"":0,""consecutive_failures"":0,""current_index"":3,""current_item"":{""alias"":""media-907addee8b"",""duration_ms"":30800,""offset_ms"":0,""path_alias"":""<media-path:c58db4e1cc>"",""started_at_present"":true},""last_poll_error"":""null"",""last_render_error"":""null"",""mpv_running"":true,""next_item"":{""alias"":""media-8e4d41f6c2"",""duration_ms"":7200,""path_alias"":""<media-path:3662a4e886>""},""playback_state"":""playing"",""playlist_size"":9,""present"":true,""uptime_sec"":949}"
282	299.452	2026-07-10T20:24:12+0000	success		2	<media-path:c58db4e1cc>	<media-path:c58db4e1cc>	<filename:9b95323d7d>	12.012	30.805333	38.993248	false	false	false	288	v4l2request-copy	true	"{""aspect"":0.5625,""dh"":640,""dw"":360,""h"":640,""par"":1.0,""pixelformat"":""nv12"",""rotate"":0,""stereo-in"":""mono"",""w"":360}"	"{""duration"":""success"",""eof-reached"":""success"",""estimated-frame-number"":""success"",""filename"":""success"",""hwdec-current"":""success"",""idle-active"":""success"",""path"":""success"",""pause"":""success"",""percent-pos"":""success"",""time-pos"":""success"",""video-params"":""success"",""vo-configured"":""success""}"	true	playing	media-907addee8b	<media-path:c58db4e1cc>	30800	3	true	"{""black_screen_risk_reason"":""null"",""blocked_media_count"":0,""consecutive_failures"":0,""current_index"":3,""current_item"":{""alias"":""media-907addee8b"",""duration_ms"":30800,""offset_ms"":0,""path_alias"":""<media-path:c58db4e1cc>"",""started_at_present"":true},""last_poll_error"":""null"",""last_render_error"":""null"",""mpv_running"":true,""next_item"":{""alias"":""media-8e4d41f6c2"",""duration_ms"":7200,""path_alias"":""<media-path:3662a4e886>""},""playback_state"":""playing"",""playlist_size"":9,""present"":true,""uptime_sec"":949}"
283	300.456	2026-07-10T20:24:13+0000	success		2	<media-path:c58db4e1cc>	<media-path:c58db4e1cc>	<filename:9b95323d7d>	13.013	30.805333	42.242685	false	false	false	312	v4l2request-copy	true	"{""aspect"":0.5625,""dh"":640,""dw"":360,""h"":640,""par"":1.0,""pixelformat"":""nv12"",""rotate"":0,""stereo-in"":""mono"",""w"":360}"	"{""duration"":""success"",""eof-reached"":""success"",""estimated-frame-number"":""success"",""filename"":""success"",""hwdec-current"":""success"",""idle-active"":""success"",""path"":""success"",""pause"":""success"",""percent-pos"":""success"",""time-pos"":""success"",""video-params"":""success"",""vo-configured"":""success""}"	true	playing	media-907addee8b	<media-path:c58db4e1cc>	30800	3	true	"{""black_screen_risk_reason"":""null"",""blocked_media_count"":0,""consecutive_failures"":0,""current_index"":3,""current_item"":{""alias"":""media-907addee8b"",""duration_ms"":30800,""offset_ms"":0,""path_alias"":""<media-path:c58db4e1cc>"",""started_at_present"":true},""last_poll_error"":""null"",""last_render_error"":""null"",""mpv_running"":true,""next_item"":{""alias"":""media-8e4d41f6c2"",""duration_ms"":7200,""path_alias"":""<media-path:3662a4e886>""},""playback_state"":""playing"",""playlist_size"":9,""present"":true,""uptime_sec"":949}"
284	301.462	2026-07-10T20:24:14+0000	success		9	<media-path:c58db4e1cc>	<media-path:c58db4e1cc>	<filename:9b95323d7d>	14.014	30.805333	45.492123	false	false	false	336	v4l2request-copy	true	"{""aspect"":0.5625,""dh"":640,""dw"":360,""h"":640,""par"":1.0,""pixelformat"":""nv12"",""rotate"":0,""stereo-in"":""mono"",""w"":360}"	"{""duration"":""success"",""eof-reached"":""success"",""estimated-frame-number"":""success"",""filename"":""success"",""hwdec-current"":""success"",""idle-active"":""success"",""path"":""success"",""pause"":""success"",""percent-pos"":""success"",""time-pos"":""success"",""video-params"":""success"",""vo-configured"":""success""}"	true	playing	media-907addee8b	<media-path:c58db4e1cc>	30800	3	true	"{""black_screen_risk_reason"":""null"",""blocked_media_count"":0,""consecutive_failures"":0,""current_index"":3,""current_item"":{""alias"":""media-907addee8b"",""duration_ms"":30800,""offset_ms"":0,""path_alias"":""<media-path:c58db4e1cc>"",""started_at_present"":true},""last_poll_error"":""null"",""last_render_error"":""null"",""mpv_running"":true,""next_item"":{""alias"":""media-8e4d41f6c2"",""duration_ms"":7200,""path_alias"":""<media-path:3662a4e886>""},""playback_state"":""playing"",""playlist_size"":9,""present"":true,""uptime_sec"":954}"
285	302.475	2026-07-10T20:24:15+0000	success		3	<media-path:c58db4e1cc>	<media-path:c58db4e1cc>	<filename:9b95323d7d>	15.015	30.805333	48.74156	false	false	false	360	v4l2request-copy	true	"{""aspect"":0.5625,""dh"":640,""dw"":360,""h"":640,""par"":1.0,""pixelformat"":""nv12"",""rotate"":0,""stereo-in"":""mono"",""w"":360}"	"{""duration"":""success"",""eof-reached"":""success"",""estimated-frame-number"":""success"",""filename"":""success"",""hwdec-current"":""success"",""idle-active"":""success"",""path"":""success"",""pause"":""success"",""percent-pos"":""success"",""time-pos"":""success"",""video-params"":""success"",""vo-configured"":""success""}"	true	playing	media-907addee8b	<media-path:c58db4e1cc>	30800	3	true	"{""black_screen_risk_reason"":""null"",""blocked_media_count"":0,""consecutive_failures"":0,""current_index"":3,""current_item"":{""alias"":""media-907addee8b"",""duration_ms"":30800,""offset_ms"":0,""path_alias"":""<media-path:c58db4e1cc>"",""started_at_present"":true},""last_poll_error"":""null"",""last_render_error"":""null"",""mpv_running"":true,""next_item"":{""alias"":""media-8e4d41f6c2"",""duration_ms"":7200,""path_alias"":""<media-path:3662a4e886>""},""playback_state"":""playing"",""playlist_size"":9,""present"":true,""uptime_sec"":954}"
286	303.481	2026-07-10T20:24:16+0000	success		3	<media-path:c58db4e1cc>	<media-path:c58db4e1cc>	<filename:9b95323d7d>	16.016	30.805333	51.990997	false	false	false	384	v4l2request-copy	true	"{""aspect"":0.5625,""dh"":640,""dw"":360,""h"":640,""par"":1.0,""pixelformat"":""nv12"",""rotate"":0,""stereo-in"":""mono"",""w"":360}"	"{""duration"":""success"",""eof-reached"":""success"",""estimated-frame-number"":""success"",""filename"":""success"",""hwdec-current"":""success"",""idle-active"":""success"",""path"":""success"",""pause"":""success"",""percent-pos"":""success"",""time-pos"":""success"",""video-params"":""success"",""vo-configured"":""success""}"	true	playing	media-907addee8b	<media-path:c58db4e1cc>	30800	3	true	"{""black_screen_risk_reason"":""null"",""blocked_media_count"":0,""consecutive_failures"":0,""current_index"":3,""current_item"":{""alias"":""media-907addee8b"",""duration_ms"":30800,""offset_ms"":0,""path_alias"":""<media-path:c58db4e1cc>"",""started_at_present"":true},""last_poll_error"":""null"",""last_render_error"":""null"",""mpv_running"":true,""next_item"":{""alias"":""media-8e4d41f6c2"",""duration_ms"":7200,""path_alias"":""<media-path:3662a4e886>""},""playback_state"":""playing"",""playlist_size"":9,""present"":true,""uptime_sec"":954}"
287	304.487	2026-07-10T20:24:17+0000	success		2	<media-path:c58db4e1cc>	<media-path:c58db4e1cc>	<filename:9b95323d7d>	17.017	30.805333	55.240435	false	false	false	408	v4l2request-copy	true	"{""aspect"":0.5625,""dh"":640,""dw"":360,""h"":640,""par"":1.0,""pixelformat"":""nv12"",""rotate"":0,""stereo-in"":""mono"",""w"":360}"	"{""duration"":""success"",""eof-reached"":""success"",""estimated-frame-number"":""success"",""filename"":""success"",""hwdec-current"":""success"",""idle-active"":""success"",""path"":""success"",""pause"":""success"",""percent-pos"":""success"",""time-pos"":""success"",""video-params"":""success"",""vo-configured"":""success""}"	true	playing	media-907addee8b	<media-path:c58db4e1cc>	30800	3	true	"{""black_screen_risk_reason"":""null"",""blocked_media_count"":0,""consecutive_failures"":0,""current_index"":3,""current_item"":{""alias"":""media-907addee8b"",""duration_ms"":30800,""offset_ms"":0,""path_alias"":""<media-path:c58db4e1cc>"",""started_at_present"":true},""last_poll_error"":""null"",""last_render_error"":""null"",""mpv_running"":true,""next_item"":{""alias"":""media-8e4d41f6c2"",""duration_ms"":7200,""path_alias"":""<media-path:3662a4e886>""},""playback_state"":""playing"",""playlist_size"":9,""present"":true,""uptime_sec"":954}"
288	305.491	2026-07-10T20:24:18+0000	success		2	<media-path:c58db4e1cc>	<media-path:c58db4e1cc>	<filename:9b95323d7d>	18.018	30.805333	58.489872	false	false	false	432	v4l2request-copy	true	"{""aspect"":0.5625,""dh"":640,""dw"":360,""h"":640,""par"":1.0,""pixelformat"":""nv12"",""rotate"":0,""stereo-in"":""mono"",""w"":360}"	"{""duration"":""success"",""eof-reached"":""success"",""estimated-frame-number"":""success"",""filename"":""success"",""hwdec-current"":""success"",""idle-active"":""success"",""path"":""success"",""pause"":""success"",""percent-pos"":""success"",""time-pos"":""success"",""video-params"":""success"",""vo-configured"":""success""}"	true	playing	media-907addee8b	<media-path:c58db4e1cc>	30800	3	true	"{""black_screen_risk_reason"":""null"",""blocked_media_count"":0,""consecutive_failures"":0,""current_index"":3,""current_item"":{""alias"":""media-907addee8b"",""duration_ms"":30800,""offset_ms"":0,""path_alias"":""<media-path:c58db4e1cc>"",""started_at_present"":true},""last_poll_error"":""null"",""last_render_error"":""null"",""mpv_running"":true,""next_item"":{""alias"":""media-8e4d41f6c2"",""duration_ms"":7200,""path_alias"":""<media-path:3662a4e886>""},""playback_state"":""playing"",""playlist_size"":9,""present"":true,""uptime_sec"":954}"
289	306.495	2026-07-10T20:24:19+0000	success		2	<media-path:c58db4e1cc>	<media-path:c58db4e1cc>	<filename:9b95323d7d>	19.019	30.805333	61.739309	false	false	false	456	v4l2request-copy	true	"{""aspect"":0.5625,""dh"":640,""dw"":360,""h"":640,""par"":1.0,""pixelformat"":""nv12"",""rotate"":0,""stereo-in"":""mono"",""w"":360}"	"{""duration"":""success"",""eof-reached"":""success"",""estimated-frame-number"":""success"",""filename"":""success"",""hwdec-current"":""success"",""idle-active"":""success"",""path"":""success"",""pause"":""success"",""percent-pos"":""success"",""time-pos"":""success"",""video-params"":""success"",""vo-configured"":""success""}"	true	playing	media-907addee8b	<media-path:c58db4e1cc>	30800	3	true	"{""black_screen_risk_reason"":""null"",""blocked_media_count"":0,""consecutive_failures"":0,""current_index"":3,""current_item"":{""alias"":""media-907addee8b"",""duration_ms"":30800,""offset_ms"":0,""path_alias"":""<media-path:c58db4e1cc>"",""started_at_present"":true},""last_poll_error"":""null"",""last_render_error"":""null"",""mpv_running"":true,""next_item"":{""alias"":""media-8e4d41f6c2"",""duration_ms"":7200,""path_alias"":""<media-path:3662a4e886>""},""playback_state"":""playing"",""playlist_size"":9,""present"":true,""uptime_sec"":959}"
290	307.500	2026-07-10T20:24:21+0000	success		3	<media-path:c58db4e1cc>	<media-path:c58db4e1cc>	<filename:9b95323d7d>	20.061708	30.805333	65.12414	false	false	false	481	v4l2request-copy	true	"{""aspect"":0.5625,""dh"":640,""dw"":360,""h"":640,""par"":1.0,""pixelformat"":""nv12"",""rotate"":0,""stereo-in"":""mono"",""w"":360}"	"{""duration"":""success"",""eof-reached"":""success"",""estimated-frame-number"":""success"",""filename"":""success"",""hwdec-current"":""success"",""idle-active"":""success"",""path"":""success"",""pause"":""success"",""percent-pos"":""success"",""time-pos"":""success"",""video-params"":""success"",""vo-configured"":""success""}"	true	playing	media-907addee8b	<media-path:c58db4e1cc>	30800	3	true	"{""black_screen_risk_reason"":""null"",""blocked_media_count"":0,""consecutive_failures"":0,""current_index"":3,""current_item"":{""alias"":""media-907addee8b"",""duration_ms"":30800,""offset_ms"":0,""path_alias"":""<media-path:c58db4e1cc>"",""started_at_present"":true},""last_poll_error"":""null"",""last_render_error"":""null"",""mpv_running"":true,""next_item"":{""alias"":""media-8e4d41f6c2"",""duration_ms"":7200,""path_alias"":""<media-path:3662a4e886>""},""playback_state"":""playing"",""playlist_size"":9,""present"":true,""uptime_sec"":959}"
291	308.506	2026-07-10T20:24:22+0000	success		3	<media-path:c58db4e1cc>	<media-path:c58db4e1cc>	<filename:9b95323d7d>	21.062708	30.805333	68.373577	false	false	false	505	v4l2request-copy	true	"{""aspect"":0.5625,""dh"":640,""dw"":360,""h"":640,""par"":1.0,""pixelformat"":""nv12"",""rotate"":0,""stereo-in"":""mono"",""w"":360}"	"{""duration"":""success"",""eof-reached"":""success"",""estimated-frame-number"":""success"",""filename"":""success"",""hwdec-current"":""success"",""idle-active"":""success"",""path"":""success"",""pause"":""success"",""percent-pos"":""success"",""time-pos"":""success"",""video-params"":""success"",""vo-configured"":""success""}"	true	playing	media-907addee8b	<media-path:c58db4e1cc>	30800	3	true	"{""black_screen_risk_reason"":""null"",""blocked_media_count"":0,""consecutive_failures"":0,""current_index"":3,""current_item"":{""alias"":""media-907addee8b"",""duration_ms"":30800,""offset_ms"":0,""path_alias"":""<media-path:c58db4e1cc>"",""started_at_present"":true},""last_poll_error"":""null"",""last_render_error"":""null"",""mpv_running"":true,""next_item"":{""alias"":""media-8e4d41f6c2"",""duration_ms"":7200,""path_alias"":""<media-path:3662a4e886>""},""playback_state"":""playing"",""playlist_size"":9,""present"":true,""uptime_sec"":959}"
292	309.513	2026-07-10T20:24:23+0000	success		2	<media-path:c58db4e1cc>	<media-path:c58db4e1cc>	<filename:9b95323d7d>	22.063708	30.805333	71.623014	false	false	false	529	v4l2request-copy	true	"{""aspect"":0.5625,""dh"":640,""dw"":360,""h"":640,""par"":1.0,""pixelformat"":""nv12"",""rotate"":0,""stereo-in"":""mono"",""w"":360}"	"{""duration"":""success"",""eof-reached"":""success"",""estimated-frame-number"":""success"",""filename"":""success"",""hwdec-current"":""success"",""idle-active"":""success"",""path"":""success"",""pause"":""success"",""percent-pos"":""success"",""time-pos"":""success"",""video-params"":""success"",""vo-configured"":""success""}"	true	playing	media-907addee8b	<media-path:c58db4e1cc>	30800	3	true	"{""black_screen_risk_reason"":""null"",""blocked_media_count"":0,""consecutive_failures"":0,""current_index"":3,""current_item"":{""alias"":""media-907addee8b"",""duration_ms"":30800,""offset_ms"":0,""path_alias"":""<media-path:c58db4e1cc>"",""started_at_present"":true},""last_poll_error"":""null"",""last_render_error"":""null"",""mpv_running"":true,""next_item"":{""alias"":""media-8e4d41f6c2"",""duration_ms"":7200,""path_alias"":""<media-path:3662a4e886>""},""playback_state"":""playing"",""playlist_size"":9,""present"":true,""uptime_sec"":959}"
293	310.516	2026-07-10T20:24:24+0000	success		2	<media-path:c58db4e1cc>	<media-path:c58db4e1cc>	<filename:9b95323d7d>	23.064708	30.805333	74.872452	false	false	false	553	v4l2request-copy	true	"{""aspect"":0.5625,""dh"":640,""dw"":360,""h"":640,""par"":1.0,""pixelformat"":""nv12"",""rotate"":0,""stereo-in"":""mono"",""w"":360}"	"{""duration"":""success"",""eof-reached"":""success"",""estimated-frame-number"":""success"",""filename"":""success"",""hwdec-current"":""success"",""idle-active"":""success"",""path"":""success"",""pause"":""success"",""percent-pos"":""success"",""time-pos"":""success"",""video-params"":""success"",""vo-configured"":""success""}"	true	playing	media-907addee8b	<media-path:c58db4e1cc>	30800	3	true	"{""black_screen_risk_reason"":""null"",""blocked_media_count"":0,""consecutive_failures"":0,""current_index"":3,""current_item"":{""alias"":""media-907addee8b"",""duration_ms"":30800,""offset_ms"":0,""path_alias"":""<media-path:c58db4e1cc>"",""started_at_present"":true},""last_poll_error"":""null"",""last_render_error"":""null"",""mpv_running"":true,""next_item"":{""alias"":""media-8e4d41f6c2"",""duration_ms"":7200,""path_alias"":""<media-path:3662a4e886>""},""playback_state"":""playing"",""playlist_size"":9,""present"":true,""uptime_sec"":959}"
294	311.520	2026-07-10T20:24:25+0000	success		3	<media-path:c58db4e1cc>	<media-path:c58db4e1cc>	<filename:9b95323d7d>	24.065708	30.805333	78.121889	false	false	false	577	v4l2request-copy	true	"{""aspect"":0.5625,""dh"":640,""dw"":360,""h"":640,""par"":1.0,""pixelformat"":""nv12"",""rotate"":0,""stereo-in"":""mono"",""w"":360}"	"{""duration"":""success"",""eof-reached"":""success"",""estimated-frame-number"":""success"",""filename"":""success"",""hwdec-current"":""success"",""idle-active"":""success"",""path"":""success"",""pause"":""success"",""percent-pos"":""success"",""time-pos"":""success"",""video-params"":""success"",""vo-configured"":""success""}"	true	playing	media-907addee8b	<media-path:c58db4e1cc>	30800	3	true	"{""black_screen_risk_reason"":""null"",""blocked_media_count"":0,""consecutive_failures"":0,""current_index"":3,""current_item"":{""alias"":""media-907addee8b"",""duration_ms"":30800,""offset_ms"":0,""path_alias"":""<media-path:c58db4e1cc>"",""started_at_present"":true},""last_poll_error"":""null"",""last_render_error"":""null"",""mpv_running"":true,""next_item"":{""alias"":""media-8e4d41f6c2"",""duration_ms"":7200,""path_alias"":""<media-path:3662a4e886>""},""playback_state"":""playing"",""playlist_size"":9,""present"":true,""uptime_sec"":964}"
295	312.526	2026-07-10T20:24:26+0000	success		3	<media-path:c58db4e1cc>	<media-path:c58db4e1cc>	<filename:9b95323d7d>	25.066708	30.805333	81.371326	false	false	false	601	v4l2request-copy	true	"{""aspect"":0.5625,""dh"":640,""dw"":360,""h"":640,""par"":1.0,""pixelformat"":""nv12"",""rotate"":0,""stereo-in"":""mono"",""w"":360}"	"{""duration"":""success"",""eof-reached"":""success"",""estimated-frame-number"":""success"",""filename"":""success"",""hwdec-current"":""success"",""idle-active"":""success"",""path"":""success"",""pause"":""success"",""percent-pos"":""success"",""time-pos"":""success"",""video-params"":""success"",""vo-configured"":""success""}"	true	playing	media-907addee8b	<media-path:c58db4e1cc>	30800	3	true	"{""black_screen_risk_reason"":""null"",""blocked_media_count"":0,""consecutive_failures"":0,""current_index"":3,""current_item"":{""alias"":""media-907addee8b"",""duration_ms"":30800,""offset_ms"":0,""path_alias"":""<media-path:c58db4e1cc>"",""started_at_present"":true},""last_poll_error"":""null"",""last_render_error"":""null"",""mpv_running"":true,""next_item"":{""alias"":""media-8e4d41f6c2"",""duration_ms"":7200,""path_alias"":""<media-path:3662a4e886>""},""playback_state"":""playing"",""playlist_size"":9,""present"":true,""uptime_sec"":964}"
296	313.532	2026-07-10T20:24:27+0000	success		3	<media-path:c58db4e1cc>	<media-path:c58db4e1cc>	<filename:9b95323d7d>	26.067708	30.805333	84.620764	false	false	false	625	v4l2request-copy	true	"{""aspect"":0.5625,""dh"":640,""dw"":360,""h"":640,""par"":1.0,""pixelformat"":""nv12"",""rotate"":0,""stereo-in"":""mono"",""w"":360}"	"{""duration"":""success"",""eof-reached"":""success"",""estimated-frame-number"":""success"",""filename"":""success"",""hwdec-current"":""success"",""idle-active"":""success"",""path"":""success"",""pause"":""success"",""percent-pos"":""success"",""time-pos"":""success"",""video-params"":""success"",""vo-configured"":""success""}"	true	playing	media-907addee8b	<media-path:c58db4e1cc>	30800	3	true	"{""black_screen_risk_reason"":""null"",""blocked_media_count"":0,""consecutive_failures"":0,""current_index"":3,""current_item"":{""alias"":""media-907addee8b"",""duration_ms"":30800,""offset_ms"":0,""path_alias"":""<media-path:c58db4e1cc>"",""started_at_present"":true},""last_poll_error"":""null"",""last_render_error"":""null"",""mpv_running"":true,""next_item"":{""alias"":""media-8e4d41f6c2"",""duration_ms"":7200,""path_alias"":""<media-path:3662a4e886>""},""playback_state"":""playing"",""playlist_size"":9,""present"":true,""uptime_sec"":964}"
297	314.538	2026-07-10T20:24:28+0000	success		4	<media-path:c58db4e1cc>	<media-path:c58db4e1cc>	<filename:9b95323d7d>	27.068708	30.805333	87.870201	false	false	false	648	v4l2request-copy	true	"{""aspect"":0.5625,""dh"":640,""dw"":360,""h"":640,""par"":1.0,""pixelformat"":""nv12"",""rotate"":0,""stereo-in"":""mono"",""w"":360}"	"{""duration"":""success"",""eof-reached"":""success"",""estimated-frame-number"":""success"",""filename"":""success"",""hwdec-current"":""success"",""idle-active"":""success"",""path"":""success"",""pause"":""success"",""percent-pos"":""success"",""time-pos"":""success"",""video-params"":""success"",""vo-configured"":""success""}"	true	playing	media-907addee8b	<media-path:c58db4e1cc>	30800	3	true	"{""black_screen_risk_reason"":""null"",""blocked_media_count"":0,""consecutive_failures"":0,""current_index"":3,""current_item"":{""alias"":""media-907addee8b"",""duration_ms"":30800,""offset_ms"":0,""path_alias"":""<media-path:c58db4e1cc>"",""started_at_present"":true},""last_poll_error"":""null"",""last_render_error"":""null"",""mpv_running"":true,""next_item"":{""alias"":""media-8e4d41f6c2"",""duration_ms"":7200,""path_alias"":""<media-path:3662a4e886>""},""playback_state"":""playing"",""playlist_size"":9,""present"":true,""uptime_sec"":964}"
298	315.546	2026-07-10T20:24:29+0000	success		2	<media-path:c58db4e1cc>	<media-path:c58db4e1cc>	<filename:9b95323d7d>	28.069708	30.805333	91.119638	false	false	false	672	v4l2request-copy	true	"{""aspect"":0.5625,""dh"":640,""dw"":360,""h"":640,""par"":1.0,""pixelformat"":""nv12"",""rotate"":0,""stereo-in"":""mono"",""w"":360}"	"{""duration"":""success"",""eof-reached"":""success"",""estimated-frame-number"":""success"",""filename"":""success"",""hwdec-current"":""success"",""idle-active"":""success"",""path"":""success"",""pause"":""success"",""percent-pos"":""success"",""time-pos"":""success"",""video-params"":""success"",""vo-configured"":""success""}"	true	playing	media-907addee8b	<media-path:c58db4e1cc>	30800	3	true	"{""black_screen_risk_reason"":""null"",""blocked_media_count"":0,""consecutive_failures"":0,""current_index"":3,""current_item"":{""alias"":""media-907addee8b"",""duration_ms"":30800,""offset_ms"":0,""path_alias"":""<media-path:c58db4e1cc>"",""started_at_present"":true},""last_poll_error"":""null"",""last_render_error"":""null"",""mpv_running"":true,""next_item"":{""alias"":""media-8e4d41f6c2"",""duration_ms"":7200,""path_alias"":""<media-path:3662a4e886>""},""playback_state"":""playing"",""playlist_size"":9,""present"":true,""uptime_sec"":964}"
299	316.549	2026-07-10T20:24:30+0000	success		2	<media-path:c58db4e1cc>	<media-path:c58db4e1cc>	<filename:9b95323d7d>	29.070708	30.805333	94.369076	false	false	false	696	v4l2request-copy	true	"{""aspect"":0.5625,""dh"":640,""dw"":360,""h"":640,""par"":1.0,""pixelformat"":""nv12"",""rotate"":0,""stereo-in"":""mono"",""w"":360}"	"{""duration"":""success"",""eof-reached"":""success"",""estimated-frame-number"":""success"",""filename"":""success"",""hwdec-current"":""success"",""idle-active"":""success"",""path"":""success"",""pause"":""success"",""percent-pos"":""success"",""time-pos"":""success"",""video-params"":""success"",""vo-configured"":""success""}"	true	playing	media-907addee8b	<media-path:c58db4e1cc>	30800	3	true	"{""black_screen_risk_reason"":""null"",""blocked_media_count"":0,""consecutive_failures"":0,""current_index"":3,""current_item"":{""alias"":""media-907addee8b"",""duration_ms"":30800,""offset_ms"":0,""path_alias"":""<media-path:c58db4e1cc>"",""started_at_present"":true},""last_poll_error"":""null"",""last_render_error"":""null"",""mpv_running"":true,""next_item"":{""alias"":""media-8e4d41f6c2"",""duration_ms"":7200,""path_alias"":""<media-path:3662a4e886>""},""playback_state"":""playing"",""playlist_size"":9,""present"":true,""uptime_sec"":969}"
300	317.553	2026-07-10T20:24:31+0000	success		4	<media-path:c58db4e1cc>	<media-path:c58db4e1cc>	<filename:9b95323d7d>	30.113417	30.805333	97.753906	false	false	false	721	v4l2request-copy	true	"{""aspect"":0.5625,""dh"":640,""dw"":360,""h"":640,""par"":1.0,""pixelformat"":""nv12"",""rotate"":0,""stereo-in"":""mono"",""w"":360}"	"{""duration"":""success"",""eof-reached"":""success"",""estimated-frame-number"":""success"",""filename"":""success"",""hwdec-current"":""success"",""idle-active"":""success"",""path"":""success"",""pause"":""success"",""percent-pos"":""success"",""time-pos"":""success"",""video-params"":""success"",""vo-configured"":""success""}"	true	playing	media-907addee8b	<media-path:c58db4e1cc>	30800	3	true	"{""black_screen_risk_reason"":""null"",""blocked_media_count"":0,""consecutive_failures"":0,""current_index"":3,""current_item"":{""alias"":""media-907addee8b"",""duration_ms"":30800,""offset_ms"":0,""path_alias"":""<media-path:c58db4e1cc>"",""started_at_present"":true},""last_poll_error"":""null"",""last_render_error"":""null"",""mpv_running"":true,""next_item"":{""alias"":""media-8e4d41f6c2"",""duration_ms"":7200,""path_alias"":""<media-path:3662a4e886>""},""playback_state"":""playing"",""playlist_size"":9,""present"":true,""uptime_sec"":969}"
301	318.561	2026-07-10T20:24:32+0000	success		12	<media-path:3662a4e886>	<media-path:3662a4e886>	<filename:0a2aeee29a>	0.166667	7.221406	2.307953	false	false	false	5	v4l2request-copy	true	"{""aspect"":0.5625,""dh"":1024,""dw"":576,""h"":1024,""par"":1.0,""pixelformat"":""nv12"",""rotate"":0,""stereo-in"":""mono"",""w"":576}"	"{""duration"":""success"",""eof-reached"":""success"",""estimated-frame-number"":""success"",""filename"":""success"",""hwdec-current"":""success"",""idle-active"":""success"",""path"":""success"",""pause"":""success"",""percent-pos"":""success"",""time-pos"":""success"",""video-params"":""success"",""vo-configured"":""success""}"	true	playing	media-907addee8b	<media-path:c58db4e1cc>	30800	3	true	"{""black_screen_risk_reason"":""null"",""blocked_media_count"":0,""consecutive_failures"":0,""current_index"":3,""current_item"":{""alias"":""media-907addee8b"",""duration_ms"":30800,""offset_ms"":0,""path_alias"":""<media-path:c58db4e1cc>"",""started_at_present"":true},""last_poll_error"":""null"",""last_render_error"":""null"",""mpv_running"":true,""next_item"":{""alias"":""media-8e4d41f6c2"",""duration_ms"":7200,""path_alias"":""<media-path:3662a4e886>""},""playback_state"":""playing"",""playlist_size"":9,""present"":true,""uptime_sec"":969}"
302	319.576	2026-07-10T20:24:33+0000	success		6	<media-path:3662a4e886>	<media-path:3662a4e886>	<filename:0a2aeee29a>	1.166667	7.221406	16.155672	false	false	false	35	v4l2request-copy	true	"{""aspect"":0.5625,""dh"":1024,""dw"":576,""h"":1024,""par"":1.0,""pixelformat"":""nv12"",""rotate"":0,""stereo-in"":""mono"",""w"":576}"	"{""duration"":""success"",""eof-reached"":""success"",""estimated-frame-number"":""success"",""filename"":""success"",""hwdec-current"":""success"",""idle-active"":""success"",""path"":""success"",""pause"":""success"",""percent-pos"":""success"",""time-pos"":""success"",""video-params"":""success"",""vo-configured"":""success""}"	true	playing	media-907addee8b	<media-path:c58db4e1cc>	30800	3	true	"{""black_screen_risk_reason"":""null"",""blocked_media_count"":0,""consecutive_failures"":0,""current_index"":3,""current_item"":{""alias"":""media-907addee8b"",""duration_ms"":30800,""offset_ms"":0,""path_alias"":""<media-path:c58db4e1cc>"",""started_at_present"":true},""last_poll_error"":""null"",""last_render_error"":""null"",""mpv_running"":true,""next_item"":{""alias"":""media-8e4d41f6c2"",""duration_ms"":7200,""path_alias"":""<media-path:3662a4e886>""},""playback_state"":""playing"",""playlist_size"":9,""present"":true,""uptime_sec"":969}"
303	320.584	2026-07-10T20:24:34+0000	success		3	<media-path:3662a4e886>	<media-path:3662a4e886>	<filename:0a2aeee29a>	2.166667	7.221406	30.003391	false	false	false	65	v4l2request-copy	true	"{""aspect"":0.5625,""dh"":1024,""dw"":576,""h"":1024,""par"":1.0,""pixelformat"":""nv12"",""rotate"":0,""stereo-in"":""mono"",""w"":576}"	"{""duration"":""success"",""eof-reached"":""success"",""estimated-frame-number"":""success"",""filename"":""success"",""hwdec-current"":""success"",""idle-active"":""success"",""path"":""success"",""pause"":""success"",""percent-pos"":""success"",""time-pos"":""success"",""video-params"":""success"",""vo-configured"":""success""}"	true	playing	media-907addee8b	<media-path:c58db4e1cc>	30800	3	true	"{""black_screen_risk_reason"":""null"",""blocked_media_count"":0,""consecutive_failures"":0,""current_index"":3,""current_item"":{""alias"":""media-907addee8b"",""duration_ms"":30800,""offset_ms"":0,""path_alias"":""<media-path:c58db4e1cc>"",""started_at_present"":true},""last_poll_error"":""null"",""last_render_error"":""null"",""mpv_running"":true,""next_item"":{""alias"":""media-8e4d41f6c2"",""duration_ms"":7200,""path_alias"":""<media-path:3662a4e886>""},""playback_state"":""playing"",""playlist_size"":9,""present"":true,""uptime_sec"":969}"
304	321.590	2026-07-10T20:24:35+0000	success		2	<media-path:3662a4e886>	<media-path:3662a4e886>	<filename:0a2aeee29a>	3.2	7.221406	44.312701	false	false	false	95	v4l2request-copy	true	"{""aspect"":0.5625,""dh"":1024,""dw"":576,""h"":1024,""par"":1.0,""pixelformat"":""nv12"",""rotate"":0,""stereo-in"":""mono"",""w"":576}"	"{""duration"":""success"",""eof-reached"":""success"",""estimated-frame-number"":""success"",""filename"":""success"",""hwdec-current"":""success"",""idle-active"":""success"",""path"":""success"",""pause"":""success"",""percent-pos"":""success"",""time-pos"":""success"",""video-params"":""success"",""vo-configured"":""success""}"	true	playing	media-8e4d41f6c2	<media-path:3662a4e886>	7200	4	true	"{""black_screen_risk_reason"":""null"",""blocked_media_count"":0,""consecutive_failures"":0,""current_index"":4,""current_item"":{""alias"":""media-8e4d41f6c2"",""duration_ms"":7200,""offset_ms"":0,""path_alias"":""<media-path:3662a4e886>"",""started_at_present"":true},""last_poll_error"":""null"",""last_render_error"":""null"",""mpv_running"":true,""next_item"":{""alias"":""media-fba32b0055"",""duration_ms"":5100,""path_alias"":""<media-path:97100fcdae>""},""playback_state"":""playing"",""playlist_size"":9,""present"":true,""uptime_sec"":974}"
305	322.595	2026-07-10T20:24:36+0000	success		3	<media-path:3662a4e886>	<media-path:3662a4e886>	<filename:0a2aeee29a>	4.2	7.221406	58.16042	false	false	false	125	v4l2request-copy	true	"{""aspect"":0.5625,""dh"":1024,""dw"":576,""h"":1024,""par"":1.0,""pixelformat"":""nv12"",""rotate"":0,""stereo-in"":""mono"",""w"":576}"	"{""duration"":""success"",""eof-reached"":""success"",""estimated-frame-number"":""success"",""filename"":""success"",""hwdec-current"":""success"",""idle-active"":""success"",""path"":""success"",""pause"":""success"",""percent-pos"":""success"",""time-pos"":""success"",""video-params"":""success"",""vo-configured"":""success""}"	true	playing	media-8e4d41f6c2	<media-path:3662a4e886>	7200	4	true	"{""black_screen_risk_reason"":""null"",""blocked_media_count"":0,""consecutive_failures"":0,""current_index"":4,""current_item"":{""alias"":""media-8e4d41f6c2"",""duration_ms"":7200,""offset_ms"":0,""path_alias"":""<media-path:3662a4e886>"",""started_at_present"":true},""last_poll_error"":""null"",""last_render_error"":""null"",""mpv_running"":true,""next_item"":{""alias"":""media-fba32b0055"",""duration_ms"":5100,""path_alias"":""<media-path:97100fcdae>""},""playback_state"":""playing"",""playlist_size"":9,""present"":true,""uptime_sec"":974}"
306	323.602	2026-07-10T20:24:37+0000	success		2	<media-path:3662a4e886>	<media-path:3662a4e886>	<filename:0a2aeee29a>	5.2	7.221406	72.008139	false	false	false	155	v4l2request-copy	true	"{""aspect"":0.5625,""dh"":1024,""dw"":576,""h"":1024,""par"":1.0,""pixelformat"":""nv12"",""rotate"":0,""stereo-in"":""mono"",""w"":576}"	"{""duration"":""success"",""eof-reached"":""success"",""estimated-frame-number"":""success"",""filename"":""success"",""hwdec-current"":""success"",""idle-active"":""success"",""path"":""success"",""pause"":""success"",""percent-pos"":""success"",""time-pos"":""success"",""video-params"":""success"",""vo-configured"":""success""}"	true	playing	media-8e4d41f6c2	<media-path:3662a4e886>	7200	4	true	"{""black_screen_risk_reason"":""null"",""blocked_media_count"":0,""consecutive_failures"":0,""current_index"":4,""current_item"":{""alias"":""media-8e4d41f6c2"",""duration_ms"":7200,""offset_ms"":0,""path_alias"":""<media-path:3662a4e886>"",""started_at_present"":true},""last_poll_error"":""null"",""last_render_error"":""null"",""mpv_running"":true,""next_item"":{""alias"":""media-fba32b0055"",""duration_ms"":5100,""path_alias"":""<media-path:97100fcdae>""},""playback_state"":""playing"",""playlist_size"":9,""present"":true,""uptime_sec"":974}"
307	324.607	2026-07-10T20:24:38+0000	success		13	<media-path:3662a4e886>	<media-path:3662a4e886>	<filename:0a2aeee29a>	6.2	7.221406	85.855858	false	false	false	185	v4l2request-copy	true	"{""aspect"":0.5625,""dh"":1024,""dw"":576,""h"":1024,""par"":1.0,""pixelformat"":""nv12"",""rotate"":0,""stereo-in"":""mono"",""w"":576}"	"{""duration"":""success"",""eof-reached"":""success"",""estimated-frame-number"":""success"",""filename"":""success"",""hwdec-current"":""success"",""idle-active"":""success"",""path"":""success"",""pause"":""success"",""percent-pos"":""success"",""time-pos"":""success"",""video-params"":""success"",""vo-configured"":""success""}"	true	playing	media-8e4d41f6c2	<media-path:3662a4e886>	7200	4	true	"{""black_screen_risk_reason"":""null"",""blocked_media_count"":0,""consecutive_failures"":0,""current_index"":4,""current_item"":{""alias"":""media-8e4d41f6c2"",""duration_ms"":7200,""offset_ms"":0,""path_alias"":""<media-path:3662a4e886>"",""started_at_present"":true},""last_poll_error"":""null"",""last_render_error"":""null"",""mpv_running"":true,""next_item"":{""alias"":""media-fba32b0055"",""duration_ms"":5100,""path_alias"":""<media-path:97100fcdae>""},""playback_state"":""playing"",""playlist_size"":9,""present"":true,""uptime_sec"":974}"
308	325.623	2026-07-10T20:24:39+0000	success		17	<media-path:3662a4e886>	<media-path:3662a4e886>	<filename:0a2aeee29a>	0	7.221406	0	false	false	false	0	v4l2request-copy	true	"{""aspect"":0.5625,""dh"":1024,""dw"":576,""h"":1024,""par"":1.0,""pixelformat"":""nv12"",""rotate"":0,""stereo-in"":""mono"",""w"":576}"	"{""duration"":""success"",""eof-reached"":""success"",""estimated-frame-number"":""success"",""filename"":""success"",""hwdec-current"":""success"",""idle-active"":""success"",""path"":""success"",""pause"":""success"",""percent-pos"":""success"",""time-pos"":""success"",""video-params"":""success"",""vo-configured"":""success""}"	true	playing	media-8e4d41f6c2	<media-path:3662a4e886>	7200	4	true	"{""black_screen_risk_reason"":""null"",""blocked_media_count"":0,""consecutive_failures"":0,""current_index"":4,""current_item"":{""alias"":""media-8e4d41f6c2"",""duration_ms"":7200,""offset_ms"":0,""path_alias"":""<media-path:3662a4e886>"",""started_at_present"":true},""last_poll_error"":""null"",""last_render_error"":""null"",""mpv_running"":true,""next_item"":{""alias"":""media-fba32b0055"",""duration_ms"":5100,""path_alias"":""<media-path:97100fcdae>""},""playback_state"":""playing"",""playlist_size"":9,""present"":true,""uptime_sec"":974}"
309	326.642	2026-07-10T20:24:40+0000	success		2	<media-path:97100fcdae>	<media-path:97100fcdae>	<filename:a4bfef2b1b>	0.933333	5.06195	18.438217	false	false	false	28	v4l2request-copy	true	"{""aspect"":0.697674,""dh"":688,""dw"":480,""h"":688,""par"":1.0,""pixelformat"":""nv12"",""rotate"":0,""stereo-in"":""mono"",""w"":480}"	"{""duration"":""success"",""eof-reached"":""success"",""estimated-frame-number"":""success"",""filename"":""success"",""hwdec-current"":""success"",""idle-active"":""success"",""path"":""success"",""pause"":""success"",""percent-pos"":""success"",""time-pos"":""success"",""video-params"":""success"",""vo-configured"":""success""}"	true	preparing_first_frame	media-8e4d41f6c2	<media-path:3662a4e886>	7200	4	true	"{""black_screen_risk_reason"":""null"",""blocked_media_count"":0,""consecutive_failures"":0,""current_index"":4,""current_item"":{""alias"":""media-8e4d41f6c2"",""duration_ms"":7200,""offset_ms"":0,""path_alias"":""<media-path:3662a4e886>"",""started_at_present"":true},""last_poll_error"":""null"",""last_render_error"":""null"",""mpv_running"":true,""next_item"":{""alias"":""media-fba32b0055"",""duration_ms"":5100,""path_alias"":""<media-path:97100fcdae>""},""playback_state"":""preparing_first_frame"",""playlist_size"":9,""present"":true,""uptime_sec"":979}"
310	327.646	2026-07-10T20:24:41+0000	success		2	<media-path:97100fcdae>	<media-path:97100fcdae>	<filename:a4bfef2b1b>	1.933333	5.06195	38.193449	false	false	false	58	v4l2request-copy	true	"{""aspect"":0.697674,""dh"":688,""dw"":480,""h"":688,""par"":1.0,""pixelformat"":""nv12"",""rotate"":0,""stereo-in"":""mono"",""w"":480}"	"{""duration"":""success"",""eof-reached"":""success"",""estimated-frame-number"":""success"",""filename"":""success"",""hwdec-current"":""success"",""idle-active"":""success"",""path"":""success"",""pause"":""success"",""percent-pos"":""success"",""time-pos"":""success"",""video-params"":""success"",""vo-configured"":""success""}"	true	preparing_first_frame	media-8e4d41f6c2	<media-path:3662a4e886>	7200	4	true	"{""black_screen_risk_reason"":""null"",""blocked_media_count"":0,""consecutive_failures"":0,""current_index"":4,""current_item"":{""alias"":""media-8e4d41f6c2"",""duration_ms"":7200,""offset_ms"":0,""path_alias"":""<media-path:3662a4e886>"",""started_at_present"":true},""last_poll_error"":""null"",""last_render_error"":""null"",""mpv_running"":true,""next_item"":{""alias"":""media-fba32b0055"",""duration_ms"":5100,""path_alias"":""<media-path:97100fcdae>""},""playback_state"":""preparing_first_frame"",""playlist_size"":9,""present"":true,""uptime_sec"":979}"
311	328.650	2026-07-10T20:24:42+0000	success		2	<media-path:97100fcdae>	<media-path:97100fcdae>	<filename:a4bfef2b1b>	2.966667	5.06195	58.607189	false	false	false	88	v4l2request-copy	true	"{""aspect"":0.697674,""dh"":688,""dw"":480,""h"":688,""par"":1.0,""pixelformat"":""nv12"",""rotate"":0,""stereo-in"":""mono"",""w"":480}"	"{""duration"":""success"",""eof-reached"":""success"",""estimated-frame-number"":""success"",""filename"":""success"",""hwdec-current"":""success"",""idle-active"":""success"",""path"":""success"",""pause"":""success"",""percent-pos"":""success"",""time-pos"":""success"",""video-params"":""success"",""vo-configured"":""success""}"	true	preparing_first_frame	media-8e4d41f6c2	<media-path:3662a4e886>	7200	4	true	"{""black_screen_risk_reason"":""null"",""blocked_media_count"":0,""consecutive_failures"":0,""current_index"":4,""current_item"":{""alias"":""media-8e4d41f6c2"",""duration_ms"":7200,""offset_ms"":0,""path_alias"":""<media-path:3662a4e886>"",""started_at_present"":true},""last_poll_error"":""null"",""last_render_error"":""null"",""mpv_running"":true,""next_item"":{""alias"":""media-fba32b0055"",""duration_ms"":5100,""path_alias"":""<media-path:97100fcdae>""},""playback_state"":""preparing_first_frame"",""playlist_size"":9,""present"":true,""uptime_sec"":979}"
312	329.655	2026-07-10T20:24:43+0000	success		3	<media-path:97100fcdae>	<media-path:97100fcdae>	<filename:a4bfef2b1b>	3.966667	5.06195	78.362421	false	false	false	118	v4l2request-copy	true	"{""aspect"":0.697674,""dh"":688,""dw"":480,""h"":688,""par"":1.0,""pixelformat"":""nv12"",""rotate"":0,""stereo-in"":""mono"",""w"":480}"	"{""duration"":""success"",""eof-reached"":""success"",""estimated-frame-number"":""success"",""filename"":""success"",""hwdec-current"":""success"",""idle-active"":""success"",""path"":""success"",""pause"":""success"",""percent-pos"":""success"",""time-pos"":""success"",""video-params"":""success"",""vo-configured"":""success""}"	true	preparing_first_frame	media-8e4d41f6c2	<media-path:3662a4e886>	7200	4	true	"{""black_screen_risk_reason"":""null"",""blocked_media_count"":0,""consecutive_failures"":0,""current_index"":4,""current_item"":{""alias"":""media-8e4d41f6c2"",""duration_ms"":7200,""offset_ms"":0,""path_alias"":""<media-path:3662a4e886>"",""started_at_present"":true},""last_poll_error"":""null"",""last_render_error"":""null"",""mpv_running"":true,""next_item"":{""alias"":""media-fba32b0055"",""duration_ms"":5100,""path_alias"":""<media-path:97100fcdae>""},""playback_state"":""preparing_first_frame"",""playlist_size"":9,""present"":true,""uptime_sec"":979}"
313	330.661	2026-07-10T20:24:44+0000	success		37	<media-path:97100fcdae>	<media-path:97100fcdae>	<filename:a4bfef2b1b>	0	5.06195	0	false	false	false	0	v4l2request-copy	true	"{""aspect"":0.697674,""dh"":688,""dw"":480,""h"":688,""par"":1.0,""pixelformat"":""nv12"",""rotate"":0,""stereo-in"":""mono"",""w"":480}"	"{""duration"":""success"",""eof-reached"":""success"",""estimated-frame-number"":""success"",""filename"":""success"",""hwdec-current"":""success"",""idle-active"":""success"",""path"":""success"",""pause"":""success"",""percent-pos"":""success"",""time-pos"":""success"",""video-params"":""success"",""vo-configured"":""success""}"	true	preparing_first_frame	media-8e4d41f6c2	<media-path:3662a4e886>	7200	4	true	"{""black_screen_risk_reason"":""null"",""blocked_media_count"":0,""consecutive_failures"":0,""current_index"":4,""current_item"":{""alias"":""media-8e4d41f6c2"",""duration_ms"":7200,""offset_ms"":0,""path_alias"":""<media-path:3662a4e886>"",""started_at_present"":true},""last_poll_error"":""null"",""last_render_error"":""null"",""mpv_running"":true,""next_item"":{""alias"":""media-fba32b0055"",""duration_ms"":5100,""path_alias"":""<media-path:97100fcdae>""},""playback_state"":""preparing_first_frame"",""playlist_size"":9,""present"":true,""uptime_sec"":979}"
314	331.701	2026-07-10T20:24:45+0000	success		2	<media-path:31af3d58a2>	<media-path:31af3d58a2>	<filename:92829f14a9>	0.7	3.9	17.948718	false	false	false	21	v4l2request-copy	true	"{""aspect"":0.566038,""dh"":848,""dw"":480,""h"":848,""par"":1.0,""pixelformat"":""nv12"",""rotate"":0,""stereo-in"":""mono"",""w"":480}"	"{""duration"":""success"",""eof-reached"":""success"",""estimated-frame-number"":""success"",""filename"":""success"",""hwdec-current"":""success"",""idle-active"":""success"",""path"":""success"",""pause"":""success"",""percent-pos"":""success"",""time-pos"":""success"",""video-params"":""success"",""vo-configured"":""success""}"	true	playing	media-fba32b0055	<media-path:97100fcdae>	5100	5	true	"{""black_screen_risk_reason"":""null"",""blocked_media_count"":0,""consecutive_failures"":0,""current_index"":5,""current_item"":{""alias"":""media-fba32b0055"",""duration_ms"":5100,""offset_ms"":0,""path_alias"":""<media-path:97100fcdae>"",""started_at_present"":true},""last_poll_error"":""null"",""last_render_error"":""null"",""mpv_running"":true,""next_item"":{""alias"":""media-749f1db21b"",""duration_ms"":3900,""path_alias"":""<media-path:31af3d58a2>""},""playback_state"":""playing"",""playlist_size"":9,""present"":true,""uptime_sec"":984}"
315	332.705	2026-07-10T20:24:46+0000	success		2	<media-path:31af3d58a2>	<media-path:31af3d58a2>	<filename:92829f14a9>	1.7	3.9	43.589744	false	false	false	51	v4l2request-copy	true	"{""aspect"":0.566038,""dh"":848,""dw"":480,""h"":848,""par"":1.0,""pixelformat"":""nv12"",""rotate"":0,""stereo-in"":""mono"",""w"":480}"	"{""duration"":""success"",""eof-reached"":""success"",""estimated-frame-number"":""success"",""filename"":""success"",""hwdec-current"":""success"",""idle-active"":""success"",""path"":""success"",""pause"":""success"",""percent-pos"":""success"",""time-pos"":""success"",""video-params"":""success"",""vo-configured"":""success""}"	true	playing	media-fba32b0055	<media-path:97100fcdae>	5100	5	true	"{""black_screen_risk_reason"":""null"",""blocked_media_count"":0,""consecutive_failures"":0,""current_index"":5,""current_item"":{""alias"":""media-fba32b0055"",""duration_ms"":5100,""offset_ms"":0,""path_alias"":""<media-path:97100fcdae>"",""started_at_present"":true},""last_poll_error"":""null"",""last_render_error"":""null"",""mpv_running"":true,""next_item"":{""alias"":""media-749f1db21b"",""duration_ms"":3900,""path_alias"":""<media-path:31af3d58a2>""},""playback_state"":""playing"",""playlist_size"":9,""present"":true,""uptime_sec"":984}"
316	333.710	2026-07-10T20:24:47+0000	success		7	<media-path:31af3d58a2>	<media-path:31af3d58a2>	<filename:92829f14a9>	2.7	3.9	69.230769	false	false	false	80	v4l2request-copy	true	"{""aspect"":0.566038,""dh"":848,""dw"":480,""h"":848,""par"":1.0,""pixelformat"":""nv12"",""rotate"":0,""stereo-in"":""mono"",""w"":480}"	"{""duration"":""success"",""eof-reached"":""success"",""estimated-frame-number"":""success"",""filename"":""success"",""hwdec-current"":""success"",""idle-active"":""success"",""path"":""success"",""pause"":""success"",""percent-pos"":""success"",""time-pos"":""success"",""video-params"":""success"",""vo-configured"":""success""}"	true	playing	media-fba32b0055	<media-path:97100fcdae>	5100	5	true	"{""black_screen_risk_reason"":""null"",""blocked_media_count"":0,""consecutive_failures"":0,""current_index"":5,""current_item"":{""alias"":""media-fba32b0055"",""duration_ms"":5100,""offset_ms"":0,""path_alias"":""<media-path:97100fcdae>"",""started_at_present"":true},""last_poll_error"":""null"",""last_render_error"":""null"",""mpv_running"":true,""next_item"":{""alias"":""media-749f1db21b"",""duration_ms"":3900,""path_alias"":""<media-path:31af3d58a2>""},""playback_state"":""playing"",""playlist_size"":9,""present"":true,""uptime_sec"":984}"
317	334.719	2026-07-10T20:24:48+0000	success		3	<media-path:31af3d58a2>	<media-path:31af3d58a2>	<filename:92829f14a9>	3.7	3.9	94.871795	false	false	false	110	v4l2request-copy	true	"{""aspect"":0.566038,""dh"":848,""dw"":480,""h"":848,""par"":1.0,""pixelformat"":""nv12"",""rotate"":0,""stereo-in"":""mono"",""w"":480}"	"{""duration"":""success"",""eof-reached"":""success"",""estimated-frame-number"":""success"",""filename"":""success"",""hwdec-current"":""success"",""idle-active"":""success"",""path"":""success"",""pause"":""success"",""percent-pos"":""success"",""time-pos"":""success"",""video-params"":""success"",""vo-configured"":""success""}"	true	playing	media-fba32b0055	<media-path:97100fcdae>	5100	5	true	"{""black_screen_risk_reason"":""null"",""blocked_media_count"":0,""consecutive_failures"":0,""current_index"":5,""current_item"":{""alias"":""media-fba32b0055"",""duration_ms"":5100,""offset_ms"":0,""path_alias"":""<media-path:97100fcdae>"",""started_at_present"":true},""last_poll_error"":""null"",""last_render_error"":""null"",""mpv_running"":true,""next_item"":{""alias"":""media-749f1db21b"",""duration_ms"":3900,""path_alias"":""<media-path:31af3d58a2>""},""playback_state"":""playing"",""playlist_size"":9,""present"":true,""uptime_sec"":984}"
318	335.727	2026-07-10T20:24:49+0000	success		434	<media-path:3ba49b8978>	<media-path:3ba49b8978>	<filename:e511e8bce0>	0.433767	28.061367	1.783591	false	false	false	17	v4l2request-copy	true	"{""aspect"":0.5625,""dh"":1920,""dw"":1080,""h"":1920,""par"":1.0,""pixelformat"":""nv12"",""rotate"":0,""stereo-in"":""mono"",""w"":1080}"	"{""duration"":""success"",""eof-reached"":""success"",""estimated-frame-number"":""success"",""filename"":""success"",""hwdec-current"":""success"",""idle-active"":""success"",""path"":""success"",""pause"":""success"",""percent-pos"":""success"",""time-pos"":""success"",""video-params"":""success"",""vo-configured"":""success""}"	true	playing	media-b8c9a5f04c	<media-path:3ba49b8978>	28100	7	true	"{""black_screen_risk_reason"":""null"",""blocked_media_count"":0,""consecutive_failures"":0,""current_index"":7,""current_item"":{""alias"":""media-b8c9a5f04c"",""duration_ms"":28100,""offset_ms"":0,""path_alias"":""<media-path:3ba49b8978>"",""started_at_present"":true},""last_poll_error"":""null"",""last_render_error"":""null"",""mpv_running"":true,""next_item"":{""alias"":""media-7eefea6ba2"",""duration_ms"":5000,""path_alias"":""<media-path:9e48f6362b>""},""playback_state"":""playing"",""playlist_size"":9,""present"":true,""uptime_sec"":989}"
319	337.165	2026-07-10T20:24:51+0000	success		497	<media-path:3ba49b8978>	<media-path:3ba49b8978>	<filename:e511e8bce0>	1.534867	28.061367	5.707491	false	false	false	50	v4l2request-copy	true	"{""aspect"":0.5625,""dh"":1920,""dw"":1080,""h"":1920,""par"":1.0,""pixelformat"":""nv12"",""rotate"":0,""stereo-in"":""mono"",""w"":1080}"	"{""duration"":""success"",""eof-reached"":""success"",""estimated-frame-number"":""success"",""filename"":""success"",""hwdec-current"":""success"",""idle-active"":""success"",""path"":""success"",""pause"":""success"",""percent-pos"":""success"",""time-pos"":""success"",""video-params"":""success"",""vo-configured"":""success""}"	true	playing	media-b8c9a5f04c	<media-path:3ba49b8978>	28100	7	true	"{""black_screen_risk_reason"":""null"",""blocked_media_count"":0,""consecutive_failures"":0,""current_index"":7,""current_item"":{""alias"":""media-b8c9a5f04c"",""duration_ms"":28100,""offset_ms"":0,""path_alias"":""<media-path:3ba49b8978>"",""started_at_present"":true},""last_poll_error"":""null"",""last_render_error"":""null"",""mpv_running"":true,""next_item"":{""alias"":""media-7eefea6ba2"",""duration_ms"":5000,""path_alias"":""<media-path:9e48f6362b>""},""playback_state"":""playing"",""playlist_size"":9,""present"":true,""uptime_sec"":989}"
320	338.666	2026-07-10T20:24:52+0000	success		269	<media-path:3ba49b8978>	<media-path:3ba49b8978>	<filename:e511e8bce0>	2.7027	28.061367	9.869203	false	false	false	85	v4l2request-copy	true	"{""aspect"":0.5625,""dh"":1920,""dw"":1080,""h"":1920,""par"":1.0,""pixelformat"":""nv12"",""rotate"":0,""stereo-in"":""mono"",""w"":1080}"	"{""duration"":""success"",""eof-reached"":""success"",""estimated-frame-number"":""success"",""filename"":""success"",""hwdec-current"":""success"",""idle-active"":""success"",""path"":""success"",""pause"":""success"",""percent-pos"":""success"",""time-pos"":""success"",""video-params"":""success"",""vo-configured"":""success""}"	true	playing	media-b8c9a5f04c	<media-path:3ba49b8978>	28100	7	true	"{""black_screen_risk_reason"":""null"",""blocked_media_count"":0,""consecutive_failures"":0,""current_index"":7,""current_item"":{""alias"":""media-b8c9a5f04c"",""duration_ms"":28100,""offset_ms"":0,""path_alias"":""<media-path:3ba49b8978>"",""started_at_present"":true},""last_poll_error"":""null"",""last_render_error"":""null"",""mpv_running"":true,""next_item"":{""alias"":""media-7eefea6ba2"",""duration_ms"":5000,""path_alias"":""<media-path:9e48f6362b>""},""playback_state"":""playing"",""playlist_size"":9,""present"":true,""uptime_sec"":989}"
321	339.939	2026-07-10T20:24:53+0000	success		466	<media-path:3ba49b8978>	<media-path:3ba49b8978>	<filename:e511e8bce0>	3.7037	28.061367	13.436385	false	false	false	115	v4l2request-copy	true	"{""aspect"":0.5625,""dh"":1920,""dw"":1080,""h"":1920,""par"":1.0,""pixelformat"":""nv12"",""rotate"":0,""stereo-in"":""mono"",""w"":1080}"	"{""duration"":""success"",""eof-reached"":""success"",""estimated-frame-number"":""success"",""filename"":""success"",""hwdec-current"":""success"",""idle-active"":""success"",""path"":""success"",""pause"":""success"",""percent-pos"":""success"",""time-pos"":""success"",""video-params"":""success"",""vo-configured"":""success""}"	true	playing	media-b8c9a5f04c	<media-path:3ba49b8978>	28100	7	true	"{""black_screen_risk_reason"":""null"",""blocked_media_count"":0,""consecutive_failures"":0,""current_index"":7,""current_item"":{""alias"":""media-b8c9a5f04c"",""duration_ms"":28100,""offset_ms"":0,""path_alias"":""<media-path:3ba49b8978>"",""started_at_present"":true},""last_poll_error"":""null"",""last_render_error"":""null"",""mpv_running"":true,""next_item"":{""alias"":""media-7eefea6ba2"",""duration_ms"":5000,""path_alias"":""<media-path:9e48f6362b>""},""playback_state"":""playing"",""playlist_size"":9,""present"":true,""uptime_sec"":989}"
322	341.409	2026-07-10T20:24:55+0000	success		367	<media-path:3ba49b8978>	<media-path:3ba49b8978>	<filename:e511e8bce0>	4.871533	28.061367	17.598098	false	false	false	150	v4l2request-copy	true	"{""aspect"":0.5625,""dh"":1920,""dw"":1080,""h"":1920,""par"":1.0,""pixelformat"":""nv12"",""rotate"":0,""stereo-in"":""mono"",""w"":1080}"	"{""duration"":""success"",""eof-reached"":""success"",""estimated-frame-number"":""success"",""filename"":""success"",""hwdec-current"":""success"",""idle-active"":""success"",""path"":""success"",""pause"":""success"",""percent-pos"":""success"",""time-pos"":""success"",""video-params"":""success"",""vo-configured"":""success""}"	true	playing	media-b8c9a5f04c	<media-path:3ba49b8978>	28100	7	true	"{""black_screen_risk_reason"":""null"",""blocked_media_count"":0,""consecutive_failures"":0,""current_index"":7,""current_item"":{""alias"":""media-b8c9a5f04c"",""duration_ms"":28100,""offset_ms"":0,""path_alias"":""<media-path:3ba49b8978>"",""started_at_present"":true},""last_poll_error"":""null"",""last_render_error"":""null"",""mpv_running"":true,""next_item"":{""alias"":""media-7eefea6ba2"",""duration_ms"":5000,""path_alias"":""<media-path:9e48f6362b>""},""playback_state"":""playing"",""playlist_size"":9,""present"":true,""uptime_sec"":994}"
323	342.780	2026-07-10T20:24:56+0000	success		498	<media-path:3ba49b8978>	<media-path:3ba49b8978>	<filename:e511e8bce0>	5.939267	28.061367	21.403092	false	false	false	182	v4l2request-copy	true	"{""aspect"":0.5625,""dh"":1920,""dw"":1080,""h"":1920,""par"":1.0,""pixelformat"":""nv12"",""rotate"":0,""stereo-in"":""mono"",""w"":1080}"	"{""duration"":""success"",""eof-reached"":""success"",""estimated-frame-number"":""success"",""filename"":""success"",""hwdec-current"":""success"",""idle-active"":""success"",""path"":""success"",""pause"":""success"",""percent-pos"":""success"",""time-pos"":""success"",""video-params"":""success"",""vo-configured"":""success""}"	true	playing	media-b8c9a5f04c	<media-path:3ba49b8978>	28100	7	true	"{""black_screen_risk_reason"":""null"",""blocked_media_count"":0,""consecutive_failures"":0,""current_index"":7,""current_item"":{""alias"":""media-b8c9a5f04c"",""duration_ms"":28100,""offset_ms"":0,""path_alias"":""<media-path:3ba49b8978>"",""started_at_present"":true},""last_poll_error"":""null"",""last_render_error"":""null"",""mpv_running"":true,""next_item"":{""alias"":""media-7eefea6ba2"",""duration_ms"":5000,""path_alias"":""<media-path:9e48f6362b>""},""playback_state"":""playing"",""playlist_size"":9,""present"":true,""uptime_sec"":994}"
324	344.281	2026-07-10T20:24:58+0000	success		354	<media-path:3ba49b8978>	<media-path:3ba49b8978>	<filename:e511e8bce0>	7.1071	28.061367	25.564804	false	false	false	217	v4l2request-copy	true	"{""aspect"":0.5625,""dh"":1920,""dw"":1080,""h"":1920,""par"":1.0,""pixelformat"":""nv12"",""rotate"":0,""stereo-in"":""mono"",""w"":1080}"	"{""duration"":""success"",""eof-reached"":""success"",""estimated-frame-number"":""success"",""filename"":""success"",""hwdec-current"":""success"",""idle-active"":""success"",""path"":""success"",""pause"":""success"",""percent-pos"":""success"",""time-pos"":""success"",""video-params"":""success"",""vo-configured"":""success""}"	true	playing	media-b8c9a5f04c	<media-path:3ba49b8978>	28100	7	true	"{""black_screen_risk_reason"":""null"",""blocked_media_count"":0,""consecutive_failures"":0,""current_index"":7,""current_item"":{""alias"":""media-b8c9a5f04c"",""duration_ms"":28100,""offset_ms"":0,""path_alias"":""<media-path:3ba49b8978>"",""started_at_present"":true},""last_poll_error"":""null"",""last_render_error"":""null"",""mpv_running"":true,""next_item"":{""alias"":""media-7eefea6ba2"",""duration_ms"":5000,""path_alias"":""<media-path:9e48f6362b>""},""playback_state"":""playing"",""playlist_size"":9,""present"":true,""uptime_sec"":994}"
325	345.640	2026-07-10T20:24:59+0000	success		474	<media-path:3ba49b8978>	<media-path:3ba49b8978>	<filename:e511e8bce0>	8.174833	28.061367	29.369798	false	false	false	249	v4l2request-copy	true	"{""aspect"":0.5625,""dh"":1920,""dw"":1080,""h"":1920,""par"":1.0,""pixelformat"":""nv12"",""rotate"":0,""stereo-in"":""mono"",""w"":1080}"	"{""duration"":""success"",""eof-reached"":""success"",""estimated-frame-number"":""success"",""filename"":""success"",""hwdec-current"":""success"",""idle-active"":""success"",""path"":""success"",""pause"":""success"",""percent-pos"":""success"",""time-pos"":""success"",""video-params"":""success"",""vo-configured"":""success""}"	true	playing	media-b8c9a5f04c	<media-path:3ba49b8978>	28100	7	true	"{""black_screen_risk_reason"":""null"",""blocked_media_count"":0,""consecutive_failures"":0,""current_index"":7,""current_item"":{""alias"":""media-b8c9a5f04c"",""duration_ms"":28100,""offset_ms"":0,""path_alias"":""<media-path:3ba49b8978>"",""started_at_present"":true},""last_poll_error"":""null"",""last_render_error"":""null"",""mpv_running"":true,""next_item"":{""alias"":""media-7eefea6ba2"",""duration_ms"":5000,""path_alias"":""<media-path:9e48f6362b>""},""playback_state"":""playing"",""playlist_size"":9,""present"":true,""uptime_sec"":999}"
326	347.119	2026-07-10T20:25:01+0000	success		403	<media-path:3ba49b8978>	<media-path:3ba49b8978>	<filename:e511e8bce0>	9.342667	28.061367	33.53151	false	false	false	284	v4l2request-copy	true	"{""aspect"":0.5625,""dh"":1920,""dw"":1080,""h"":1920,""par"":1.0,""pixelformat"":""nv12"",""rotate"":0,""stereo-in"":""mono"",""w"":1080}"	"{""duration"":""success"",""eof-reached"":""success"",""estimated-frame-number"":""success"",""filename"":""success"",""hwdec-current"":""success"",""idle-active"":""success"",""path"":""success"",""pause"":""success"",""percent-pos"":""success"",""time-pos"":""success"",""video-params"":""success"",""vo-configured"":""success""}"	true	playing	media-b8c9a5f04c	<media-path:3ba49b8978>	28100	7	true	"{""black_screen_risk_reason"":""null"",""blocked_media_count"":0,""consecutive_failures"":0,""current_index"":7,""current_item"":{""alias"":""media-b8c9a5f04c"",""duration_ms"":28100,""offset_ms"":0,""path_alias"":""<media-path:3ba49b8978>"",""started_at_present"":true},""last_poll_error"":""null"",""last_render_error"":""null"",""mpv_running"":true,""next_item"":{""alias"":""media-7eefea6ba2"",""duration_ms"":5000,""path_alias"":""<media-path:9e48f6362b>""},""playback_state"":""playing"",""playlist_size"":9,""present"":true,""uptime_sec"":999}"
327	348.526	2026-07-10T20:25:02+0000	success		472	<media-path:3ba49b8978>	<media-path:3ba49b8978>	<filename:e511e8bce0>	10.443767	28.061367	37.45541	false	false	false	317	v4l2request-copy	true	"{""aspect"":0.5625,""dh"":1920,""dw"":1080,""h"":1920,""par"":1.0,""pixelformat"":""nv12"",""rotate"":0,""stereo-in"":""mono"",""w"":1080}"	"{""duration"":""success"",""eof-reached"":""success"",""estimated-frame-number"":""success"",""filename"":""success"",""hwdec-current"":""success"",""idle-active"":""success"",""path"":""success"",""pause"":""success"",""percent-pos"":""success"",""time-pos"":""success"",""video-params"":""success"",""vo-configured"":""success""}"	true	playing	media-b8c9a5f04c	<media-path:3ba49b8978>	28100	7	true	"{""black_screen_risk_reason"":""null"",""blocked_media_count"":0,""consecutive_failures"":0,""current_index"":7,""current_item"":{""alias"":""media-b8c9a5f04c"",""duration_ms"":28100,""offset_ms"":0,""path_alias"":""<media-path:3ba49b8978>"",""started_at_present"":true},""last_poll_error"":""null"",""last_render_error"":""null"",""mpv_running"":true,""next_item"":{""alias"":""media-7eefea6ba2"",""duration_ms"":5000,""path_alias"":""<media-path:9e48f6362b>""},""playback_state"":""playing"",""playlist_size"":9,""present"":true,""uptime_sec"":999}"
328	350.001	2026-07-10T20:25:03+0000	success		354	<media-path:3ba49b8978>	<media-path:3ba49b8978>	<filename:e511e8bce0>	11.6116	28.061367	41.617122	false	false	false	352	v4l2request-copy	true	"{""aspect"":0.5625,""dh"":1920,""dw"":1080,""h"":1920,""par"":1.0,""pixelformat"":""nv12"",""rotate"":0,""stereo-in"":""mono"",""w"":1080}"	"{""duration"":""success"",""eof-reached"":""success"",""estimated-frame-number"":""success"",""filename"":""success"",""hwdec-current"":""success"",""idle-active"":""success"",""path"":""success"",""pause"":""success"",""percent-pos"":""success"",""time-pos"":""success"",""video-params"":""success"",""vo-configured"":""success""}"	true	playing	media-b8c9a5f04c	<media-path:3ba49b8978>	28100	7	true	"{""black_screen_risk_reason"":""null"",""blocked_media_count"":0,""consecutive_failures"":0,""current_index"":7,""current_item"":{""alias"":""media-b8c9a5f04c"",""duration_ms"":28100,""offset_ms"":0,""path_alias"":""<media-path:3ba49b8978>"",""started_at_present"":true},""last_poll_error"":""null"",""last_render_error"":""null"",""mpv_running"":true,""next_item"":{""alias"":""media-7eefea6ba2"",""duration_ms"":5000,""path_alias"":""<media-path:9e48f6362b>""},""playback_state"":""playing"",""playlist_size"":9,""present"":true,""uptime_sec"":999}"
329	351.359	2026-07-10T20:25:05+0000	success		488	<media-path:3ba49b8978>	<media-path:3ba49b8978>	<filename:e511e8bce0>	12.679333	28.061367	45.422117	false	false	false	384	v4l2request-copy	true	"{""aspect"":0.5625,""dh"":1920,""dw"":1080,""h"":1920,""par"":1.0,""pixelformat"":""nv12"",""rotate"":0,""stereo-in"":""mono"",""w"":1080}"	"{""duration"":""success"",""eof-reached"":""success"",""estimated-frame-number"":""success"",""filename"":""success"",""hwdec-current"":""success"",""idle-active"":""success"",""path"":""success"",""pause"":""success"",""percent-pos"":""success"",""time-pos"":""success"",""video-params"":""success"",""vo-configured"":""success""}"	true	playing	media-b8c9a5f04c	<media-path:3ba49b8978>	28100	7	true	"{""black_screen_risk_reason"":""null"",""blocked_media_count"":0,""consecutive_failures"":0,""current_index"":7,""current_item"":{""alias"":""media-b8c9a5f04c"",""duration_ms"":28100,""offset_ms"":0,""path_alias"":""<media-path:3ba49b8978>"",""started_at_present"":true},""last_poll_error"":""null"",""last_render_error"":""null"",""mpv_running"":true,""next_item"":{""alias"":""media-7eefea6ba2"",""duration_ms"":5000,""path_alias"":""<media-path:9e48f6362b>""},""playback_state"":""playing"",""playlist_size"":9,""present"":true,""uptime_sec"":1004}"
330	352.850	2026-07-10T20:25:06+0000	success		509	<media-path:3ba49b8978>	<media-path:3ba49b8978>	<filename:e511e8bce0>	13.847167	28.061367	49.583829	false	false	false	419	v4l2request-copy	true	"{""aspect"":0.5625,""dh"":1920,""dw"":1080,""h"":1920,""par"":1.0,""pixelformat"":""nv12"",""rotate"":0,""stereo-in"":""mono"",""w"":1080}"	"{""duration"":""success"",""eof-reached"":""success"",""estimated-frame-number"":""success"",""filename"":""success"",""hwdec-current"":""success"",""idle-active"":""success"",""path"":""success"",""pause"":""success"",""percent-pos"":""success"",""time-pos"":""success"",""video-params"":""success"",""vo-configured"":""success""}"	true	playing	media-b8c9a5f04c	<media-path:3ba49b8978>	28100	7	true	"{""black_screen_risk_reason"":""null"",""blocked_media_count"":0,""consecutive_failures"":0,""current_index"":7,""current_item"":{""alias"":""media-b8c9a5f04c"",""duration_ms"":28100,""offset_ms"":0,""path_alias"":""<media-path:3ba49b8978>"",""started_at_present"":true},""last_poll_error"":""null"",""last_render_error"":""null"",""mpv_running"":true,""next_item"":{""alias"":""media-7eefea6ba2"",""duration_ms"":5000,""path_alias"":""<media-path:9e48f6362b>""},""playback_state"":""playing"",""playlist_size"":9,""present"":true,""uptime_sec"":1004}"
331	354.362	2026-07-10T20:25:08+0000	success		495	<media-path:3ba49b8978>	<media-path:3ba49b8978>	<filename:e511e8bce0>	15.048367	28.061367	53.864447	false	false	false	455	v4l2request-copy	true	"{""aspect"":0.5625,""dh"":1920,""dw"":1080,""h"":1920,""par"":1.0,""pixelformat"":""nv12"",""rotate"":0,""stereo-in"":""mono"",""w"":1080}"	"{""duration"":""success"",""eof-reached"":""success"",""estimated-frame-number"":""success"",""filename"":""success"",""hwdec-current"":""success"",""idle-active"":""success"",""path"":""success"",""pause"":""success"",""percent-pos"":""success"",""time-pos"":""success"",""video-params"":""success"",""vo-configured"":""success""}"	true	playing	media-b8c9a5f04c	<media-path:3ba49b8978>	28100	7	true	"{""black_screen_risk_reason"":""null"",""blocked_media_count"":0,""consecutive_failures"":0,""current_index"":7,""current_item"":{""alias"":""media-b8c9a5f04c"",""duration_ms"":28100,""offset_ms"":0,""path_alias"":""<media-path:3ba49b8978>"",""started_at_present"":true},""last_poll_error"":""null"",""last_render_error"":""null"",""mpv_running"":true,""next_item"":{""alias"":""media-7eefea6ba2"",""duration_ms"":5000,""path_alias"":""<media-path:9e48f6362b>""},""playback_state"":""playing"",""playlist_size"":9,""present"":true,""uptime_sec"":1004}"
332	355.861	2026-07-10T20:25:09+0000	success		176	<media-path:3ba49b8978>	<media-path:3ba49b8978>	<filename:e511e8bce0>	16.249567	28.061367	58.026159	false	false	false	488	v4l2request-copy	true	"{""aspect"":0.5625,""dh"":1920,""dw"":1080,""h"":1920,""par"":1.0,""pixelformat"":""nv12"",""rotate"":0,""stereo-in"":""mono"",""w"":1080}"	"{""duration"":""success"",""eof-reached"":""success"",""estimated-frame-number"":""success"",""filename"":""success"",""hwdec-current"":""success"",""idle-active"":""success"",""path"":""success"",""pause"":""success"",""percent-pos"":""success"",""time-pos"":""success"",""video-params"":""success"",""vo-configured"":""success""}"	true	playing	media-b8c9a5f04c	<media-path:3ba49b8978>	28100	7	true	"{""black_screen_risk_reason"":""null"",""blocked_media_count"":0,""consecutive_failures"":0,""current_index"":7,""current_item"":{""alias"":""media-b8c9a5f04c"",""duration_ms"":28100,""offset_ms"":0,""path_alias"":""<media-path:3ba49b8978>"",""started_at_present"":true},""last_poll_error"":""null"",""last_render_error"":""null"",""mpv_running"":true,""next_item"":{""alias"":""media-7eefea6ba2"",""duration_ms"":5000,""path_alias"":""<media-path:9e48f6362b>""},""playback_state"":""playing"",""playlist_size"":9,""present"":true,""uptime_sec"":1009}"
333	357.041	2026-07-10T20:25:11+0000	success		466	<media-path:3ba49b8978>	<media-path:3ba49b8978>	<filename:e511e8bce0>	17.150467	28.061367	61.355529	false	false	false	518	v4l2request-copy	true	"{""aspect"":0.5625,""dh"":1920,""dw"":1080,""h"":1920,""par"":1.0,""pixelformat"":""nv12"",""rotate"":0,""stereo-in"":""mono"",""w"":1080}"	"{""duration"":""success"",""eof-reached"":""success"",""estimated-frame-number"":""success"",""filename"":""success"",""hwdec-current"":""success"",""idle-active"":""success"",""path"":""success"",""pause"":""success"",""percent-pos"":""success"",""time-pos"":""success"",""video-params"":""success"",""vo-configured"":""success""}"	true	playing	media-b8c9a5f04c	<media-path:3ba49b8978>	28100	7	true	"{""black_screen_risk_reason"":""null"",""blocked_media_count"":0,""consecutive_failures"":0,""current_index"":7,""current_item"":{""alias"":""media-b8c9a5f04c"",""duration_ms"":28100,""offset_ms"":0,""path_alias"":""<media-path:3ba49b8978>"",""started_at_present"":true},""last_poll_error"":""null"",""last_render_error"":""null"",""mpv_running"":true,""next_item"":{""alias"":""media-7eefea6ba2"",""duration_ms"":5000,""path_alias"":""<media-path:9e48f6362b>""},""playback_state"":""playing"",""playlist_size"":9,""present"":true,""uptime_sec"":1009}"
334	358.510	2026-07-10T20:25:12+0000	success		376	<media-path:3ba49b8978>	<media-path:3ba49b8978>	<filename:e511e8bce0>	18.3183	28.061367	65.517241	false	false	false	553	v4l2request-copy	true	"{""aspect"":0.5625,""dh"":1920,""dw"":1080,""h"":1920,""par"":1.0,""pixelformat"":""nv12"",""rotate"":0,""stereo-in"":""mono"",""w"":1080}"	"{""duration"":""success"",""eof-reached"":""success"",""estimated-frame-number"":""success"",""filename"":""success"",""hwdec-current"":""success"",""idle-active"":""success"",""path"":""success"",""pause"":""success"",""percent-pos"":""success"",""time-pos"":""success"",""video-params"":""success"",""vo-configured"":""success""}"	true	playing	media-b8c9a5f04c	<media-path:3ba49b8978>	28100	7	true	"{""black_screen_risk_reason"":""null"",""blocked_media_count"":0,""consecutive_failures"":0,""current_index"":7,""current_item"":{""alias"":""media-b8c9a5f04c"",""duration_ms"":28100,""offset_ms"":0,""path_alias"":""<media-path:3ba49b8978>"",""started_at_present"":true},""last_poll_error"":""null"",""last_render_error"":""null"",""mpv_running"":true,""next_item"":{""alias"":""media-7eefea6ba2"",""duration_ms"":5000,""path_alias"":""<media-path:9e48f6362b>""},""playback_state"":""playing"",""playlist_size"":9,""present"":true,""uptime_sec"":1009}"
335	359.891	2026-07-10T20:25:13+0000	success		477	<media-path:3ba49b8978>	<media-path:3ba49b8978>	<filename:e511e8bce0>	19.386033	28.061367	69.322235	false	false	false	585	v4l2request-copy	true	"{""aspect"":0.5625,""dh"":1920,""dw"":1080,""h"":1920,""par"":1.0,""pixelformat"":""nv12"",""rotate"":0,""stereo-in"":""mono"",""w"":1080}"	"{""duration"":""success"",""eof-reached"":""success"",""estimated-frame-number"":""success"",""filename"":""success"",""hwdec-current"":""success"",""idle-active"":""success"",""path"":""success"",""pause"":""success"",""percent-pos"":""success"",""time-pos"":""success"",""video-params"":""success"",""vo-configured"":""success""}"	true	playing	media-b8c9a5f04c	<media-path:3ba49b8978>	28100	7	true	"{""black_screen_risk_reason"":""null"",""blocked_media_count"":0,""consecutive_failures"":0,""current_index"":7,""current_item"":{""alias"":""media-b8c9a5f04c"",""duration_ms"":28100,""offset_ms"":0,""path_alias"":""<media-path:3ba49b8978>"",""started_at_present"":true},""last_poll_error"":""null"",""last_render_error"":""null"",""mpv_running"":true,""next_item"":{""alias"":""media-7eefea6ba2"",""duration_ms"":5000,""path_alias"":""<media-path:9e48f6362b>""},""playback_state"":""playing"",""playlist_size"":9,""present"":true,""uptime_sec"":1009}"
336	361.372	2026-07-10T20:25:15+0000	success		289	<media-path:3ba49b8978>	<media-path:3ba49b8978>	<filename:e511e8bce0>	20.553867	28.061367	73.483948	false	false	false	618	v4l2request-copy	true	"{""aspect"":0.5625,""dh"":1920,""dw"":1080,""h"":1920,""par"":1.0,""pixelformat"":""nv12"",""rotate"":0,""stereo-in"":""mono"",""w"":1080}"	"{""duration"":""success"",""eof-reached"":""success"",""estimated-frame-number"":""success"",""filename"":""success"",""hwdec-current"":""success"",""idle-active"":""success"",""path"":""success"",""pause"":""success"",""percent-pos"":""success"",""time-pos"":""success"",""video-params"":""success"",""vo-configured"":""success""}"	true	playing	media-b8c9a5f04c	<media-path:3ba49b8978>	28100	7	true	"{""black_screen_risk_reason"":""null"",""blocked_media_count"":0,""consecutive_failures"":0,""current_index"":7,""current_item"":{""alias"":""media-b8c9a5f04c"",""duration_ms"":28100,""offset_ms"":0,""path_alias"":""<media-path:3ba49b8978>"",""started_at_present"":true},""last_poll_error"":""null"",""last_render_error"":""null"",""mpv_running"":true,""next_item"":{""alias"":""media-7eefea6ba2"",""duration_ms"":5000,""path_alias"":""<media-path:9e48f6362b>""},""playback_state"":""playing"",""playlist_size"":9,""present"":true,""uptime_sec"":1014}"
337	362.664	2026-07-10T20:25:16+0000	success		475	<media-path:3ba49b8978>	<media-path:3ba49b8978>	<filename:e511e8bce0>	21.554867	28.061367	77.05113	false	false	false	650	v4l2request-copy	true	"{""aspect"":0.5625,""dh"":1920,""dw"":1080,""h"":1920,""par"":1.0,""pixelformat"":""nv12"",""rotate"":0,""stereo-in"":""mono"",""w"":1080}"	"{""duration"":""success"",""eof-reached"":""success"",""estimated-frame-number"":""success"",""filename"":""success"",""hwdec-current"":""success"",""idle-active"":""success"",""path"":""success"",""pause"":""success"",""percent-pos"":""success"",""time-pos"":""success"",""video-params"":""success"",""vo-configured"":""success""}"	true	playing	media-b8c9a5f04c	<media-path:3ba49b8978>	28100	7	true	"{""black_screen_risk_reason"":""null"",""blocked_media_count"":0,""consecutive_failures"":0,""current_index"":7,""current_item"":{""alias"":""media-b8c9a5f04c"",""duration_ms"":28100,""offset_ms"":0,""path_alias"":""<media-path:3ba49b8978>"",""started_at_present"":true},""last_poll_error"":""null"",""last_render_error"":""null"",""mpv_running"":true,""next_item"":{""alias"":""media-7eefea6ba2"",""duration_ms"":5000,""path_alias"":""<media-path:9e48f6362b>""},""playback_state"":""playing"",""playlist_size"":9,""present"":true,""uptime_sec"":1014}"
338	364.143	2026-07-10T20:25:17+0000	success		2	<media-path:9e48f6362b>	<media-path:9e48f6362b>	<filename:4e569cdfc9>	0.541667	5.041667	10.743802	false	false	false	13	v4l2request-copy	true	"{""aspect"":0.666667,""dh"":720,""dw"":480,""h"":720,""par"":1.0,""pixelformat"":""nv12"",""rotate"":0,""stereo-in"":""mono"",""w"":480}"	"{""duration"":""success"",""eof-reached"":""success"",""estimated-frame-number"":""success"",""filename"":""success"",""hwdec-current"":""success"",""idle-active"":""success"",""path"":""success"",""pause"":""success"",""percent-pos"":""success"",""time-pos"":""success"",""video-params"":""success"",""vo-configured"":""success""}"	true	playing	media-b8c9a5f04c	<media-path:3ba49b8978>	28100	7	true	"{""black_screen_risk_reason"":""null"",""blocked_media_count"":0,""consecutive_failures"":0,""current_index"":7,""current_item"":{""alias"":""media-b8c9a5f04c"",""duration_ms"":28100,""offset_ms"":0,""path_alias"":""<media-path:3ba49b8978>"",""started_at_present"":true},""last_poll_error"":""null"",""last_render_error"":""null"",""mpv_running"":true,""next_item"":{""alias"":""media-7eefea6ba2"",""duration_ms"":5000,""path_alias"":""<media-path:9e48f6362b>""},""playback_state"":""playing"",""playlist_size"":9,""present"":true,""uptime_sec"":1014}"
339	365.148	2026-07-10T20:25:18+0000	success		2	<media-path:9e48f6362b>	<media-path:9e48f6362b>	<filename:4e569cdfc9>	1.541667	5.041667	30.578512	false	false	false	37	v4l2request-copy	true	"{""aspect"":0.666667,""dh"":720,""dw"":480,""h"":720,""par"":1.0,""pixelformat"":""nv12"",""rotate"":0,""stereo-in"":""mono"",""w"":480}"	"{""duration"":""success"",""eof-reached"":""success"",""estimated-frame-number"":""success"",""filename"":""success"",""hwdec-current"":""success"",""idle-active"":""success"",""path"":""success"",""pause"":""success"",""percent-pos"":""success"",""time-pos"":""success"",""video-params"":""success"",""vo-configured"":""success""}"	true	playing	media-b8c9a5f04c	<media-path:3ba49b8978>	28100	7	true	"{""black_screen_risk_reason"":""null"",""blocked_media_count"":0,""consecutive_failures"":0,""current_index"":7,""current_item"":{""alias"":""media-b8c9a5f04c"",""duration_ms"":28100,""offset_ms"":0,""path_alias"":""<media-path:3ba49b8978>"",""started_at_present"":true},""last_poll_error"":""null"",""last_render_error"":""null"",""mpv_running"":true,""next_item"":{""alias"":""media-7eefea6ba2"",""duration_ms"":5000,""path_alias"":""<media-path:9e48f6362b>""},""playback_state"":""playing"",""playlist_size"":9,""present"":true,""uptime_sec"":1014}"
340	366.152	2026-07-10T20:25:19+0000	success		2	<media-path:9e48f6362b>	<media-path:9e48f6362b>	<filename:4e569cdfc9>	2.541667	5.041667	50.413223	false	false	false	61	v4l2request-copy	true	"{""aspect"":0.666667,""dh"":720,""dw"":480,""h"":720,""par"":1.0,""pixelformat"":""nv12"",""rotate"":0,""stereo-in"":""mono"",""w"":480}"	"{""duration"":""success"",""eof-reached"":""success"",""estimated-frame-number"":""success"",""filename"":""success"",""hwdec-current"":""success"",""idle-active"":""success"",""path"":""success"",""pause"":""success"",""percent-pos"":""success"",""time-pos"":""success"",""video-params"":""success"",""vo-configured"":""success""}"	true	playing	media-7eefea6ba2	<media-path:9e48f6362b>	5000	8	true	"{""black_screen_risk_reason"":""null"",""blocked_media_count"":0,""consecutive_failures"":0,""current_index"":8,""current_item"":{""alias"":""media-7eefea6ba2"",""duration_ms"":5000,""offset_ms"":0,""path_alias"":""<media-path:9e48f6362b>"",""started_at_present"":true},""last_poll_error"":""null"",""last_render_error"":""null"",""mpv_running"":true,""next_item"":{""alias"":""media-63e22e276f"",""duration_ms"":15100,""path_alias"":""<media-path:c406539999>""},""playback_state"":""playing"",""playlist_size"":9,""present"":true,""uptime_sec"":1019}"
341	367.156	2026-07-10T20:25:20+0000	success		2	<media-path:9e48f6362b>	<media-path:9e48f6362b>	<filename:4e569cdfc9>	3.541667	5.041667	70.247934	false	false	false	85	v4l2request-copy	true	"{""aspect"":0.666667,""dh"":720,""dw"":480,""h"":720,""par"":1.0,""pixelformat"":""nv12"",""rotate"":0,""stereo-in"":""mono"",""w"":480}"	"{""duration"":""success"",""eof-reached"":""success"",""estimated-frame-number"":""success"",""filename"":""success"",""hwdec-current"":""success"",""idle-active"":""success"",""path"":""success"",""pause"":""success"",""percent-pos"":""success"",""time-pos"":""success"",""video-params"":""success"",""vo-configured"":""success""}"	true	playing	media-7eefea6ba2	<media-path:9e48f6362b>	5000	8	true	"{""black_screen_risk_reason"":""null"",""blocked_media_count"":0,""consecutive_failures"":0,""current_index"":8,""current_item"":{""alias"":""media-7eefea6ba2"",""duration_ms"":5000,""offset_ms"":0,""path_alias"":""<media-path:9e48f6362b>"",""started_at_present"":true},""last_poll_error"":""null"",""last_render_error"":""null"",""mpv_running"":true,""next_item"":{""alias"":""media-63e22e276f"",""duration_ms"":15100,""path_alias"":""<media-path:c406539999>""},""playback_state"":""playing"",""playlist_size"":9,""present"":true,""uptime_sec"":1019}"
342	368.161	2026-07-10T20:25:21+0000	success		3	<media-path:9e48f6362b>	<media-path:9e48f6362b>	<filename:4e569cdfc9>	4.583333	5.041667	90.909091	false	false	false	110	v4l2request-copy	true	"{""aspect"":0.666667,""dh"":720,""dw"":480,""h"":720,""par"":1.0,""pixelformat"":""nv12"",""rotate"":0,""stereo-in"":""mono"",""w"":480}"	"{""duration"":""success"",""eof-reached"":""success"",""estimated-frame-number"":""success"",""filename"":""success"",""hwdec-current"":""success"",""idle-active"":""success"",""path"":""success"",""pause"":""success"",""percent-pos"":""success"",""time-pos"":""success"",""video-params"":""success"",""vo-configured"":""success""}"	true	playing	media-7eefea6ba2	<media-path:9e48f6362b>	5000	8	true	"{""black_screen_risk_reason"":""null"",""blocked_media_count"":0,""consecutive_failures"":0,""current_index"":8,""current_item"":{""alias"":""media-7eefea6ba2"",""duration_ms"":5000,""offset_ms"":0,""path_alias"":""<media-path:9e48f6362b>"",""started_at_present"":true},""last_poll_error"":""null"",""last_render_error"":""null"",""mpv_running"":true,""next_item"":{""alias"":""media-63e22e276f"",""duration_ms"":15100,""path_alias"":""<media-path:c406539999>""},""playback_state"":""playing"",""playlist_size"":9,""present"":true,""uptime_sec"":1019}"
343	369.167	2026-07-10T20:25:22+0000	success		2	<media-path:c406539999>	<media-path:c406539999>	<filename:aaf3979e21>	0.433333	15.069751	2.875518	false	false	false	13	v4l2request-copy	true	"{""aspect"":0.566038,""dh"":848,""dw"":480,""h"":848,""par"":1.0,""pixelformat"":""nv12"",""rotate"":0,""stereo-in"":""mono"",""w"":480}"	"{""duration"":""success"",""eof-reached"":""success"",""estimated-frame-number"":""success"",""filename"":""success"",""hwdec-current"":""success"",""idle-active"":""success"",""path"":""success"",""pause"":""success"",""percent-pos"":""success"",""time-pos"":""success"",""video-params"":""success"",""vo-configured"":""success""}"	true	playing	media-7eefea6ba2	<media-path:9e48f6362b>	5000	8	true	"{""black_screen_risk_reason"":""null"",""blocked_media_count"":0,""consecutive_failures"":0,""current_index"":8,""current_item"":{""alias"":""media-7eefea6ba2"",""duration_ms"":5000,""offset_ms"":0,""path_alias"":""<media-path:9e48f6362b>"",""started_at_present"":true},""last_poll_error"":""null"",""last_render_error"":""null"",""mpv_running"":true,""next_item"":{""alias"":""media-63e22e276f"",""duration_ms"":15100,""path_alias"":""<media-path:c406539999>""},""playback_state"":""playing"",""playlist_size"":9,""present"":true,""uptime_sec"":1019}"
344	370.172	2026-07-10T20:25:23+0000	success		7	<media-path:c406539999>	<media-path:c406539999>	<filename:aaf3979e21>	1.433333	15.069751	9.511328	false	false	false	43	v4l2request-copy	true	"{""aspect"":0.566038,""dh"":848,""dw"":480,""h"":848,""par"":1.0,""pixelformat"":""nv12"",""rotate"":0,""stereo-in"":""mono"",""w"":480}"	"{""duration"":""success"",""eof-reached"":""success"",""estimated-frame-number"":""success"",""filename"":""success"",""hwdec-current"":""success"",""idle-active"":""success"",""path"":""success"",""pause"":""success"",""percent-pos"":""success"",""time-pos"":""success"",""video-params"":""success"",""vo-configured"":""success""}"	true	playing	media-7eefea6ba2	<media-path:9e48f6362b>	5000	8	true	"{""black_screen_risk_reason"":""null"",""blocked_media_count"":0,""consecutive_failures"":0,""current_index"":8,""current_item"":{""alias"":""media-7eefea6ba2"",""duration_ms"":5000,""offset_ms"":0,""path_alias"":""<media-path:9e48f6362b>"",""started_at_present"":true},""last_poll_error"":""null"",""last_render_error"":""null"",""mpv_running"":true,""next_item"":{""alias"":""media-63e22e276f"",""duration_ms"":15100,""path_alias"":""<media-path:c406539999>""},""playback_state"":""playing"",""playlist_size"":9,""present"":true,""uptime_sec"":1019}"
345	371.182	2026-07-10T20:25:24+0000	success		3	<media-path:c406539999>	<media-path:c406539999>	<filename:aaf3979e21>	2.433333	15.069751	16.147137	false	false	false	73	v4l2request-copy	true	"{""aspect"":0.566038,""dh"":848,""dw"":480,""h"":848,""par"":1.0,""pixelformat"":""nv12"",""rotate"":0,""stereo-in"":""mono"",""w"":480}"	"{""duration"":""success"",""eof-reached"":""success"",""estimated-frame-number"":""success"",""filename"":""success"",""hwdec-current"":""success"",""idle-active"":""success"",""path"":""success"",""pause"":""success"",""percent-pos"":""success"",""time-pos"":""success"",""video-params"":""success"",""vo-configured"":""success""}"	true	playing	media-63e22e276f	<media-path:c406539999>	15100	0	true	"{""black_screen_risk_reason"":""null"",""blocked_media_count"":0,""consecutive_failures"":0,""current_index"":0,""current_item"":{""alias"":""media-63e22e276f"",""duration_ms"":15100,""offset_ms"":0,""path_alias"":""<media-path:c406539999>"",""started_at_present"":true},""last_poll_error"":""null"",""last_render_error"":""null"",""mpv_running"":true,""next_item"":{""alias"":""media-b04db49d99"",""duration_ms"":15100,""path_alias"":""<media-path:2b030c3c41>""},""playback_state"":""playing"",""playlist_size"":9,""present"":true,""uptime_sec"":1024}"
346	372.187	2026-07-10T20:25:25+0000	success		2	<media-path:c406539999>	<media-path:c406539999>	<filename:aaf3979e21>	3.466667	15.069751	23.004141	false	false	false	104	v4l2request-copy	true	"{""aspect"":0.566038,""dh"":848,""dw"":480,""h"":848,""par"":1.0,""pixelformat"":""nv12"",""rotate"":0,""stereo-in"":""mono"",""w"":480}"	"{""duration"":""success"",""eof-reached"":""success"",""estimated-frame-number"":""success"",""filename"":""success"",""hwdec-current"":""success"",""idle-active"":""success"",""path"":""success"",""pause"":""success"",""percent-pos"":""success"",""time-pos"":""success"",""video-params"":""success"",""vo-configured"":""success""}"	true	playing	media-63e22e276f	<media-path:c406539999>	15100	0	true	"{""black_screen_risk_reason"":""null"",""blocked_media_count"":0,""consecutive_failures"":0,""current_index"":0,""current_item"":{""alias"":""media-63e22e276f"",""duration_ms"":15100,""offset_ms"":0,""path_alias"":""<media-path:c406539999>"",""started_at_present"":true},""last_poll_error"":""null"",""last_render_error"":""null"",""mpv_running"":true,""next_item"":{""alias"":""media-b04db49d99"",""duration_ms"":15100,""path_alias"":""<media-path:2b030c3c41>""},""playback_state"":""playing"",""playlist_size"":9,""present"":true,""uptime_sec"":1024}"
347	373.192	2026-07-10T20:25:26+0000	success		2	<media-path:c406539999>	<media-path:c406539999>	<filename:aaf3979e21>	4.466667	15.069751	29.639951	false	false	false	134	v4l2request-copy	true	"{""aspect"":0.566038,""dh"":848,""dw"":480,""h"":848,""par"":1.0,""pixelformat"":""nv12"",""rotate"":0,""stereo-in"":""mono"",""w"":480}"	"{""duration"":""success"",""eof-reached"":""success"",""estimated-frame-number"":""success"",""filename"":""success"",""hwdec-current"":""success"",""idle-active"":""success"",""path"":""success"",""pause"":""success"",""percent-pos"":""success"",""time-pos"":""success"",""video-params"":""success"",""vo-configured"":""success""}"	true	playing	media-63e22e276f	<media-path:c406539999>	15100	0	true	"{""black_screen_risk_reason"":""null"",""blocked_media_count"":0,""consecutive_failures"":0,""current_index"":0,""current_item"":{""alias"":""media-63e22e276f"",""duration_ms"":15100,""offset_ms"":0,""path_alias"":""<media-path:c406539999>"",""started_at_present"":true},""last_poll_error"":""null"",""last_render_error"":""null"",""mpv_running"":true,""next_item"":{""alias"":""media-b04db49d99"",""duration_ms"":15100,""path_alias"":""<media-path:2b030c3c41>""},""playback_state"":""playing"",""playlist_size"":9,""present"":true,""uptime_sec"":1024}"
348	374.196	2026-07-10T20:25:27+0000	success		2	<media-path:c406539999>	<media-path:c406539999>	<filename:aaf3979e21>	5.466667	15.069751	36.275761	false	false	false	164	v4l2request-copy	true	"{""aspect"":0.566038,""dh"":848,""dw"":480,""h"":848,""par"":1.0,""pixelformat"":""nv12"",""rotate"":0,""stereo-in"":""mono"",""w"":480}"	"{""duration"":""success"",""eof-reached"":""success"",""estimated-frame-number"":""success"",""filename"":""success"",""hwdec-current"":""success"",""idle-active"":""success"",""path"":""success"",""pause"":""success"",""percent-pos"":""success"",""time-pos"":""success"",""video-params"":""success"",""vo-configured"":""success""}"	true	playing	media-63e22e276f	<media-path:c406539999>	15100	0	true	"{""black_screen_risk_reason"":""null"",""blocked_media_count"":0,""consecutive_failures"":0,""current_index"":0,""current_item"":{""alias"":""media-63e22e276f"",""duration_ms"":15100,""offset_ms"":0,""path_alias"":""<media-path:c406539999>"",""started_at_present"":true},""last_poll_error"":""null"",""last_render_error"":""null"",""mpv_running"":true,""next_item"":{""alias"":""media-b04db49d99"",""duration_ms"":15100,""path_alias"":""<media-path:2b030c3c41>""},""playback_state"":""playing"",""playlist_size"":9,""present"":true,""uptime_sec"":1024}"
349	375.200	2026-07-10T20:25:28+0000	success		2	<media-path:c406539999>	<media-path:c406539999>	<filename:aaf3979e21>	6.466667	15.069751	42.911571	false	false	false	194	v4l2request-copy	true	"{""aspect"":0.566038,""dh"":848,""dw"":480,""h"":848,""par"":1.0,""pixelformat"":""nv12"",""rotate"":0,""stereo-in"":""mono"",""w"":480}"	"{""duration"":""success"",""eof-reached"":""success"",""estimated-frame-number"":""success"",""filename"":""success"",""hwdec-current"":""success"",""idle-active"":""success"",""path"":""success"",""pause"":""success"",""percent-pos"":""success"",""time-pos"":""success"",""video-params"":""success"",""vo-configured"":""success""}"	true	playing	media-63e22e276f	<media-path:c406539999>	15100	0	true	"{""black_screen_risk_reason"":""null"",""blocked_media_count"":0,""consecutive_failures"":0,""current_index"":0,""current_item"":{""alias"":""media-63e22e276f"",""duration_ms"":15100,""offset_ms"":0,""path_alias"":""<media-path:c406539999>"",""started_at_present"":true},""last_poll_error"":""null"",""last_render_error"":""null"",""mpv_running"":true,""next_item"":{""alias"":""media-b04db49d99"",""duration_ms"":15100,""path_alias"":""<media-path:2b030c3c41>""},""playback_state"":""playing"",""playlist_size"":9,""present"":true,""uptime_sec"":1024}"
350	376.205	2026-07-10T20:25:29+0000	success		8	<media-path:c406539999>	<media-path:c406539999>	<filename:aaf3979e21>	7.466667	15.069751	49.547381	false	false	false	224	v4l2request-copy	true	"{""aspect"":0.566038,""dh"":848,""dw"":480,""h"":848,""par"":1.0,""pixelformat"":""nv12"",""rotate"":0,""stereo-in"":""mono"",""w"":480}"	"{""duration"":""success"",""eof-reached"":""success"",""estimated-frame-number"":""success"",""filename"":""success"",""hwdec-current"":""success"",""idle-active"":""success"",""path"":""success"",""pause"":""success"",""percent-pos"":""success"",""time-pos"":""success"",""video-params"":""success"",""vo-configured"":""success""}"	true	playing	media-63e22e276f	<media-path:c406539999>	15100	0	true	"{""black_screen_risk_reason"":""null"",""blocked_media_count"":0,""consecutive_failures"":0,""current_index"":0,""current_item"":{""alias"":""media-63e22e276f"",""duration_ms"":15100,""offset_ms"":0,""path_alias"":""<media-path:c406539999>"",""started_at_present"":true},""last_poll_error"":""null"",""last_render_error"":""null"",""mpv_running"":true,""next_item"":{""alias"":""media-b04db49d99"",""duration_ms"":15100,""path_alias"":""<media-path:2b030c3c41>""},""playback_state"":""playing"",""playlist_size"":9,""present"":true,""uptime_sec"":1029}"
351	377.216	2026-07-10T20:25:30+0000	success		2	<media-path:c406539999>	<media-path:c406539999>	<filename:aaf3979e21>	8.466667	15.069751	56.18319	false	false	false	254	v4l2request-copy	true	"{""aspect"":0.566038,""dh"":848,""dw"":480,""h"":848,""par"":1.0,""pixelformat"":""nv12"",""rotate"":0,""stereo-in"":""mono"",""w"":480}"	"{""duration"":""success"",""eof-reached"":""success"",""estimated-frame-number"":""success"",""filename"":""success"",""hwdec-current"":""success"",""idle-active"":""success"",""path"":""success"",""pause"":""success"",""percent-pos"":""success"",""time-pos"":""success"",""video-params"":""success"",""vo-configured"":""success""}"	true	playing	media-63e22e276f	<media-path:c406539999>	15100	0	true	"{""black_screen_risk_reason"":""null"",""blocked_media_count"":0,""consecutive_failures"":0,""current_index"":0,""current_item"":{""alias"":""media-63e22e276f"",""duration_ms"":15100,""offset_ms"":0,""path_alias"":""<media-path:c406539999>"",""started_at_present"":true},""last_poll_error"":""null"",""last_render_error"":""null"",""mpv_running"":true,""next_item"":{""alias"":""media-b04db49d99"",""duration_ms"":15100,""path_alias"":""<media-path:2b030c3c41>""},""playback_state"":""playing"",""playlist_size"":9,""present"":true,""uptime_sec"":1029}"
352	378.220	2026-07-10T20:25:31+0000	success		2	<media-path:c406539999>	<media-path:c406539999>	<filename:aaf3979e21>	9.5	15.069751	63.040194	false	false	false	285	v4l2request-copy	true	"{""aspect"":0.566038,""dh"":848,""dw"":480,""h"":848,""par"":1.0,""pixelformat"":""nv12"",""rotate"":0,""stereo-in"":""mono"",""w"":480}"	"{""duration"":""success"",""eof-reached"":""success"",""estimated-frame-number"":""success"",""filename"":""success"",""hwdec-current"":""success"",""idle-active"":""success"",""path"":""success"",""pause"":""success"",""percent-pos"":""success"",""time-pos"":""success"",""video-params"":""success"",""vo-configured"":""success""}"	true	playing	media-63e22e276f	<media-path:c406539999>	15100	0	true	"{""black_screen_risk_reason"":""null"",""blocked_media_count"":0,""consecutive_failures"":0,""current_index"":0,""current_item"":{""alias"":""media-63e22e276f"",""duration_ms"":15100,""offset_ms"":0,""path_alias"":""<media-path:c406539999>"",""started_at_present"":true},""last_poll_error"":""null"",""last_render_error"":""null"",""mpv_running"":true,""next_item"":{""alias"":""media-b04db49d99"",""duration_ms"":15100,""path_alias"":""<media-path:2b030c3c41>""},""playback_state"":""playing"",""playlist_size"":9,""present"":true,""uptime_sec"":1029}"
353	379.225	2026-07-10T20:25:32+0000	success		3	<media-path:c406539999>	<media-path:c406539999>	<filename:aaf3979e21>	10.5	15.069751	69.676004	false	false	false	315	v4l2request-copy	true	"{""aspect"":0.566038,""dh"":848,""dw"":480,""h"":848,""par"":1.0,""pixelformat"":""nv12"",""rotate"":0,""stereo-in"":""mono"",""w"":480}"	"{""duration"":""success"",""eof-reached"":""success"",""estimated-frame-number"":""success"",""filename"":""success"",""hwdec-current"":""success"",""idle-active"":""success"",""path"":""success"",""pause"":""success"",""percent-pos"":""success"",""time-pos"":""success"",""video-params"":""success"",""vo-configured"":""success""}"	true	playing	media-63e22e276f	<media-path:c406539999>	15100	0	true	"{""black_screen_risk_reason"":""null"",""blocked_media_count"":0,""consecutive_failures"":0,""current_index"":0,""current_item"":{""alias"":""media-63e22e276f"",""duration_ms"":15100,""offset_ms"":0,""path_alias"":""<media-path:c406539999>"",""started_at_present"":true},""last_poll_error"":""null"",""last_render_error"":""null"",""mpv_running"":true,""next_item"":{""alias"":""media-b04db49d99"",""duration_ms"":15100,""path_alias"":""<media-path:2b030c3c41>""},""playback_state"":""playing"",""playlist_size"":9,""present"":true,""uptime_sec"":1029}"
354	380.231	2026-07-10T20:25:33+0000	success		2	<media-path:c406539999>	<media-path:c406539999>	<filename:aaf3979e21>	11.5	15.069751	76.311814	false	false	false	345	v4l2request-copy	true	"{""aspect"":0.566038,""dh"":848,""dw"":480,""h"":848,""par"":1.0,""pixelformat"":""nv12"",""rotate"":0,""stereo-in"":""mono"",""w"":480}"	"{""duration"":""success"",""eof-reached"":""success"",""estimated-frame-number"":""success"",""filename"":""success"",""hwdec-current"":""success"",""idle-active"":""success"",""path"":""success"",""pause"":""success"",""percent-pos"":""success"",""time-pos"":""success"",""video-params"":""success"",""vo-configured"":""success""}"	true	playing	media-63e22e276f	<media-path:c406539999>	15100	0	true	"{""black_screen_risk_reason"":""null"",""blocked_media_count"":0,""consecutive_failures"":0,""current_index"":0,""current_item"":{""alias"":""media-63e22e276f"",""duration_ms"":15100,""offset_ms"":0,""path_alias"":""<media-path:c406539999>"",""started_at_present"":true},""last_poll_error"":""null"",""last_render_error"":""null"",""mpv_running"":true,""next_item"":{""alias"":""media-b04db49d99"",""duration_ms"":15100,""path_alias"":""<media-path:2b030c3c41>""},""playback_state"":""playing"",""playlist_size"":9,""present"":true,""uptime_sec"":1029}"
355	381.235	2026-07-10T20:25:34+0000	success		4	<media-path:c406539999>	<media-path:c406539999>	<filename:aaf3979e21>	12.5	15.069751	82.947624	false	false	false	375	v4l2request-copy	true	"{""aspect"":0.566038,""dh"":848,""dw"":480,""h"":848,""par"":1.0,""pixelformat"":""nv12"",""rotate"":0,""stereo-in"":""mono"",""w"":480}"	"{""duration"":""success"",""eof-reached"":""success"",""estimated-frame-number"":""success"",""filename"":""success"",""hwdec-current"":""success"",""idle-active"":""success"",""path"":""success"",""pause"":""success"",""percent-pos"":""success"",""time-pos"":""success"",""video-params"":""success"",""vo-configured"":""success""}"	true	playing	media-63e22e276f	<media-path:c406539999>	15100	0	true	"{""black_screen_risk_reason"":""null"",""blocked_media_count"":0,""consecutive_failures"":0,""current_index"":0,""current_item"":{""alias"":""media-63e22e276f"",""duration_ms"":15100,""offset_ms"":0,""path_alias"":""<media-path:c406539999>"",""started_at_present"":true},""last_poll_error"":""null"",""last_render_error"":""null"",""mpv_running"":true,""next_item"":{""alias"":""media-b04db49d99"",""duration_ms"":15100,""path_alias"":""<media-path:2b030c3c41>""},""playback_state"":""playing"",""playlist_size"":9,""present"":true,""uptime_sec"":1034}"
356	382.243	2026-07-10T20:25:35+0000	success		2	<media-path:c406539999>	<media-path:c406539999>	<filename:aaf3979e21>	13.5	15.069751	89.583434	false	false	false	405	v4l2request-copy	true	"{""aspect"":0.566038,""dh"":848,""dw"":480,""h"":848,""par"":1.0,""pixelformat"":""nv12"",""rotate"":0,""stereo-in"":""mono"",""w"":480}"	"{""duration"":""success"",""eof-reached"":""success"",""estimated-frame-number"":""success"",""filename"":""success"",""hwdec-current"":""success"",""idle-active"":""success"",""path"":""success"",""pause"":""success"",""percent-pos"":""success"",""time-pos"":""success"",""video-params"":""success"",""vo-configured"":""success""}"	true	playing	media-63e22e276f	<media-path:c406539999>	15100	0	true	"{""black_screen_risk_reason"":""null"",""blocked_media_count"":0,""consecutive_failures"":0,""current_index"":0,""current_item"":{""alias"":""media-63e22e276f"",""duration_ms"":15100,""offset_ms"":0,""path_alias"":""<media-path:c406539999>"",""started_at_present"":true},""last_poll_error"":""null"",""last_render_error"":""null"",""mpv_running"":true,""next_item"":{""alias"":""media-b04db49d99"",""duration_ms"":15100,""path_alias"":""<media-path:2b030c3c41>""},""playback_state"":""playing"",""playlist_size"":9,""present"":true,""uptime_sec"":1034}"
357	383.247	2026-07-10T20:25:36+0000	success		2	<media-path:c406539999>	<media-path:c406539999>	<filename:aaf3979e21>	14.5	15.069751	96.219244	false	false	false	435	v4l2request-copy	true	"{""aspect"":0.566038,""dh"":848,""dw"":480,""h"":848,""par"":1.0,""pixelformat"":""nv12"",""rotate"":0,""stereo-in"":""mono"",""w"":480}"	"{""duration"":""success"",""eof-reached"":""success"",""estimated-frame-number"":""success"",""filename"":""success"",""hwdec-current"":""success"",""idle-active"":""success"",""path"":""success"",""pause"":""success"",""percent-pos"":""success"",""time-pos"":""success"",""video-params"":""success"",""vo-configured"":""success""}"	true	playing	media-63e22e276f	<media-path:c406539999>	15100	0	true	"{""black_screen_risk_reason"":""null"",""blocked_media_count"":0,""consecutive_failures"":0,""current_index"":0,""current_item"":{""alias"":""media-63e22e276f"",""duration_ms"":15100,""offset_ms"":0,""path_alias"":""<media-path:c406539999>"",""started_at_present"":true},""last_poll_error"":""null"",""last_render_error"":""null"",""mpv_running"":true,""next_item"":{""alias"":""media-b04db49d99"",""duration_ms"":15100,""path_alias"":""<media-path:2b030c3c41>""},""playback_state"":""playing"",""playlist_size"":9,""present"":true,""uptime_sec"":1034}"
358	384.251	2026-07-10T20:25:37+0000	success		2	<media-path:2b030c3c41>	<media-path:2b030c3c41>	<filename:c617160627>	0.233333	15.1	1.545254	false	false	false	7	v4l2request-copy	true	"{""aspect"":0.566038,""dh"":848,""dw"":480,""h"":848,""par"":1.0,""pixelformat"":""nv12"",""rotate"":0,""stereo-in"":""mono"",""w"":480}"	"{""duration"":""success"",""eof-reached"":""success"",""estimated-frame-number"":""success"",""filename"":""success"",""hwdec-current"":""success"",""idle-active"":""success"",""path"":""success"",""pause"":""success"",""percent-pos"":""success"",""time-pos"":""success"",""video-params"":""success"",""vo-configured"":""success""}"	true	playing	media-63e22e276f	<media-path:c406539999>	15100	0	true	"{""black_screen_risk_reason"":""null"",""blocked_media_count"":0,""consecutive_failures"":0,""current_index"":0,""current_item"":{""alias"":""media-63e22e276f"",""duration_ms"":15100,""offset_ms"":0,""path_alias"":""<media-path:c406539999>"",""started_at_present"":true},""last_poll_error"":""null"",""last_render_error"":""null"",""mpv_running"":true,""next_item"":{""alias"":""media-b04db49d99"",""duration_ms"":15100,""path_alias"":""<media-path:2b030c3c41>""},""playback_state"":""playing"",""playlist_size"":9,""present"":true,""uptime_sec"":1034}"
359	385.255	2026-07-10T20:25:38+0000	success		2	<media-path:2b030c3c41>	<media-path:2b030c3c41>	<filename:c617160627>	1.233333	15.1	8.16777	false	false	false	37	v4l2request-copy	true	"{""aspect"":0.566038,""dh"":848,""dw"":480,""h"":848,""par"":1.0,""pixelformat"":""nv12"",""rotate"":0,""stereo-in"":""mono"",""w"":480}"	"{""duration"":""success"",""eof-reached"":""success"",""estimated-frame-number"":""success"",""filename"":""success"",""hwdec-current"":""success"",""idle-active"":""success"",""path"":""success"",""pause"":""success"",""percent-pos"":""success"",""time-pos"":""success"",""video-params"":""success"",""vo-configured"":""success""}"	true	playing	media-63e22e276f	<media-path:c406539999>	15100	0	true	"{""black_screen_risk_reason"":""null"",""blocked_media_count"":0,""consecutive_failures"":0,""current_index"":0,""current_item"":{""alias"":""media-63e22e276f"",""duration_ms"":15100,""offset_ms"":0,""path_alias"":""<media-path:c406539999>"",""started_at_present"":true},""last_poll_error"":""null"",""last_render_error"":""null"",""mpv_running"":true,""next_item"":{""alias"":""media-b04db49d99"",""duration_ms"":15100,""path_alias"":""<media-path:2b030c3c41>""},""playback_state"":""playing"",""playlist_size"":9,""present"":true,""uptime_sec"":1034}"
360	386.260	2026-07-10T20:25:39+0000	success		11	<media-path:2b030c3c41>	<media-path:2b030c3c41>	<filename:c617160627>	2.233333	15.1	14.790287	false	false	false	67	v4l2request-copy	true	"{""aspect"":0.566038,""dh"":848,""dw"":480,""h"":848,""par"":1.0,""pixelformat"":""nv12"",""rotate"":0,""stereo-in"":""mono"",""w"":480}"	"{""duration"":""success"",""eof-reached"":""success"",""estimated-frame-number"":""success"",""filename"":""success"",""hwdec-current"":""success"",""idle-active"":""success"",""path"":""success"",""pause"":""success"",""percent-pos"":""success"",""time-pos"":""success"",""video-params"":""success"",""vo-configured"":""success""}"	true	playing	media-b04db49d99	<media-path:2b030c3c41>	15100	1	true	"{""black_screen_risk_reason"":""null"",""blocked_media_count"":0,""consecutive_failures"":0,""current_index"":1,""current_item"":{""alias"":""media-b04db49d99"",""duration_ms"":15100,""offset_ms"":0,""path_alias"":""<media-path:2b030c3c41>"",""started_at_present"":true},""last_poll_error"":""null"",""last_render_error"":""null"",""mpv_running"":true,""next_item"":{""alias"":""media-8ffdc1f445"",""duration_ms"":14000,""path_alias"":""<media-path:fee4d36eb4>""},""playback_state"":""playing"",""playlist_size"":9,""present"":true,""uptime_sec"":1039}"
361	387.273	2026-07-10T20:25:40+0000	success		2	<media-path:2b030c3c41>	<media-path:2b030c3c41>	<filename:c617160627>	3.233333	15.1	21.412804	false	false	false	97	v4l2request-copy	true	"{""aspect"":0.566038,""dh"":848,""dw"":480,""h"":848,""par"":1.0,""pixelformat"":""nv12"",""rotate"":0,""stereo-in"":""mono"",""w"":480}"	"{""duration"":""success"",""eof-reached"":""success"",""estimated-frame-number"":""success"",""filename"":""success"",""hwdec-current"":""success"",""idle-active"":""success"",""path"":""success"",""pause"":""success"",""percent-pos"":""success"",""time-pos"":""success"",""video-params"":""success"",""vo-configured"":""success""}"	true	playing	media-b04db49d99	<media-path:2b030c3c41>	15100	1	true	"{""black_screen_risk_reason"":""null"",""blocked_media_count"":0,""consecutive_failures"":0,""current_index"":1,""current_item"":{""alias"":""media-b04db49d99"",""duration_ms"":15100,""offset_ms"":0,""path_alias"":""<media-path:2b030c3c41>"",""started_at_present"":true},""last_poll_error"":""null"",""last_render_error"":""null"",""mpv_running"":true,""next_item"":{""alias"":""media-8ffdc1f445"",""duration_ms"":14000,""path_alias"":""<media-path:fee4d36eb4>""},""playback_state"":""playing"",""playlist_size"":9,""present"":true,""uptime_sec"":1039}"
362	388.278	2026-07-10T20:25:41+0000	success		3	<media-path:2b030c3c41>	<media-path:2b030c3c41>	<filename:c617160627>	4.266667	15.1	28.256071	false	false	false	128	v4l2request-copy	true	"{""aspect"":0.566038,""dh"":848,""dw"":480,""h"":848,""par"":1.0,""pixelformat"":""nv12"",""rotate"":0,""stereo-in"":""mono"",""w"":480}"	"{""duration"":""success"",""eof-reached"":""success"",""estimated-frame-number"":""success"",""filename"":""success"",""hwdec-current"":""success"",""idle-active"":""success"",""path"":""success"",""pause"":""success"",""percent-pos"":""success"",""time-pos"":""success"",""video-params"":""success"",""vo-configured"":""success""}"	true	playing	media-b04db49d99	<media-path:2b030c3c41>	15100	1	true	"{""black_screen_risk_reason"":""null"",""blocked_media_count"":0,""consecutive_failures"":0,""current_index"":1,""current_item"":{""alias"":""media-b04db49d99"",""duration_ms"":15100,""offset_ms"":0,""path_alias"":""<media-path:2b030c3c41>"",""started_at_present"":true},""last_poll_error"":""null"",""last_render_error"":""null"",""mpv_running"":true,""next_item"":{""alias"":""media-8ffdc1f445"",""duration_ms"":14000,""path_alias"":""<media-path:fee4d36eb4>""},""playback_state"":""playing"",""playlist_size"":9,""present"":true,""uptime_sec"":1039}"
363	389.284	2026-07-10T20:25:42+0000	success		2	<media-path:2b030c3c41>	<media-path:2b030c3c41>	<filename:c617160627>	5.266667	15.1	34.878587	false	false	false	158	v4l2request-copy	true	"{""aspect"":0.566038,""dh"":848,""dw"":480,""h"":848,""par"":1.0,""pixelformat"":""nv12"",""rotate"":0,""stereo-in"":""mono"",""w"":480}"	"{""duration"":""success"",""eof-reached"":""success"",""estimated-frame-number"":""success"",""filename"":""success"",""hwdec-current"":""success"",""idle-active"":""success"",""path"":""success"",""pause"":""success"",""percent-pos"":""success"",""time-pos"":""success"",""video-params"":""success"",""vo-configured"":""success""}"	true	playing	media-b04db49d99	<media-path:2b030c3c41>	15100	1	true	"{""black_screen_risk_reason"":""null"",""blocked_media_count"":0,""consecutive_failures"":0,""current_index"":1,""current_item"":{""alias"":""media-b04db49d99"",""duration_ms"":15100,""offset_ms"":0,""path_alias"":""<media-path:2b030c3c41>"",""started_at_present"":true},""last_poll_error"":""null"",""last_render_error"":""null"",""mpv_running"":true,""next_item"":{""alias"":""media-8ffdc1f445"",""duration_ms"":14000,""path_alias"":""<media-path:fee4d36eb4>""},""playback_state"":""playing"",""playlist_size"":9,""present"":true,""uptime_sec"":1039}"
364	390.289	2026-07-10T20:25:43+0000	success		2	<media-path:2b030c3c41>	<media-path:2b030c3c41>	<filename:c617160627>	6.266667	15.1	41.501104	false	false	false	188	v4l2request-copy	true	"{""aspect"":0.566038,""dh"":848,""dw"":480,""h"":848,""par"":1.0,""pixelformat"":""nv12"",""rotate"":0,""stereo-in"":""mono"",""w"":480}"	"{""duration"":""success"",""eof-reached"":""success"",""estimated-frame-number"":""success"",""filename"":""success"",""hwdec-current"":""success"",""idle-active"":""success"",""path"":""success"",""pause"":""success"",""percent-pos"":""success"",""time-pos"":""success"",""video-params"":""success"",""vo-configured"":""success""}"	true	playing	media-b04db49d99	<media-path:2b030c3c41>	15100	1	true	"{""black_screen_risk_reason"":""null"",""blocked_media_count"":0,""consecutive_failures"":0,""current_index"":1,""current_item"":{""alias"":""media-b04db49d99"",""duration_ms"":15100,""offset_ms"":0,""path_alias"":""<media-path:2b030c3c41>"",""started_at_present"":true},""last_poll_error"":""null"",""last_render_error"":""null"",""mpv_running"":true,""next_item"":{""alias"":""media-8ffdc1f445"",""duration_ms"":14000,""path_alias"":""<media-path:fee4d36eb4>""},""playback_state"":""playing"",""playlist_size"":9,""present"":true,""uptime_sec"":1039}"
365	391.293	2026-07-10T20:25:44+0000	success		13	<media-path:2b030c3c41>	<media-path:2b030c3c41>	<filename:c617160627>	7.266667	15.1	48.12362	false	false	false	218	v4l2request-copy	true	"{""aspect"":0.566038,""dh"":848,""dw"":480,""h"":848,""par"":1.0,""pixelformat"":""nv12"",""rotate"":0,""stereo-in"":""mono"",""w"":480}"	"{""duration"":""success"",""eof-reached"":""success"",""estimated-frame-number"":""success"",""filename"":""success"",""hwdec-current"":""success"",""idle-active"":""success"",""path"":""success"",""pause"":""success"",""percent-pos"":""success"",""time-pos"":""success"",""video-params"":""success"",""vo-configured"":""success""}"	true	playing	media-b04db49d99	<media-path:2b030c3c41>	15100	1	true	"{""black_screen_risk_reason"":""null"",""blocked_media_count"":0,""consecutive_failures"":0,""current_index"":1,""current_item"":{""alias"":""media-b04db49d99"",""duration_ms"":15100,""offset_ms"":0,""path_alias"":""<media-path:2b030c3c41>"",""started_at_present"":true},""last_poll_error"":""null"",""last_render_error"":""null"",""mpv_running"":true,""next_item"":{""alias"":""media-8ffdc1f445"",""duration_ms"":14000,""path_alias"":""<media-path:fee4d36eb4>""},""playback_state"":""playing"",""playlist_size"":9,""present"":true,""uptime_sec"":1044}"
366	392.308	2026-07-10T20:25:45+0000	success		2	<media-path:2b030c3c41>	<media-path:2b030c3c41>	<filename:c617160627>	8.266667	15.1	54.746137	false	false	false	248	v4l2request-copy	true	"{""aspect"":0.566038,""dh"":848,""dw"":480,""h"":848,""par"":1.0,""pixelformat"":""nv12"",""rotate"":0,""stereo-in"":""mono"",""w"":480}"	"{""duration"":""success"",""eof-reached"":""success"",""estimated-frame-number"":""success"",""filename"":""success"",""hwdec-current"":""success"",""idle-active"":""success"",""path"":""success"",""pause"":""success"",""percent-pos"":""success"",""time-pos"":""success"",""video-params"":""success"",""vo-configured"":""success""}"	true	playing	media-b04db49d99	<media-path:2b030c3c41>	15100	1	true	"{""black_screen_risk_reason"":""null"",""blocked_media_count"":0,""consecutive_failures"":0,""current_index"":1,""current_item"":{""alias"":""media-b04db49d99"",""duration_ms"":15100,""offset_ms"":0,""path_alias"":""<media-path:2b030c3c41>"",""started_at_present"":true},""last_poll_error"":""null"",""last_render_error"":""null"",""mpv_running"":true,""next_item"":{""alias"":""media-8ffdc1f445"",""duration_ms"":14000,""path_alias"":""<media-path:fee4d36eb4>""},""playback_state"":""playing"",""playlist_size"":9,""present"":true,""uptime_sec"":1044}"
367	393.313	2026-07-10T20:25:46+0000	success		2	<media-path:2b030c3c41>	<media-path:2b030c3c41>	<filename:c617160627>	9.3	15.1	61.589404	false	false	false	279	v4l2request-copy	true	"{""aspect"":0.566038,""dh"":848,""dw"":480,""h"":848,""par"":1.0,""pixelformat"":""nv12"",""rotate"":0,""stereo-in"":""mono"",""w"":480}"	"{""duration"":""success"",""eof-reached"":""success"",""estimated-frame-number"":""success"",""filename"":""success"",""hwdec-current"":""success"",""idle-active"":""success"",""path"":""success"",""pause"":""success"",""percent-pos"":""success"",""time-pos"":""success"",""video-params"":""success"",""vo-configured"":""success""}"	true	playing	media-b04db49d99	<media-path:2b030c3c41>	15100	1	true	"{""black_screen_risk_reason"":""null"",""blocked_media_count"":0,""consecutive_failures"":0,""current_index"":1,""current_item"":{""alias"":""media-b04db49d99"",""duration_ms"":15100,""offset_ms"":0,""path_alias"":""<media-path:2b030c3c41>"",""started_at_present"":true},""last_poll_error"":""null"",""last_render_error"":""null"",""mpv_running"":true,""next_item"":{""alias"":""media-8ffdc1f445"",""duration_ms"":14000,""path_alias"":""<media-path:fee4d36eb4>""},""playback_state"":""playing"",""playlist_size"":9,""present"":true,""uptime_sec"":1044}"
368	394.317	2026-07-10T20:25:47+0000	success		2	<media-path:2b030c3c41>	<media-path:2b030c3c41>	<filename:c617160627>	10.3	15.1	68.211921	false	false	false	309	v4l2request-copy	true	"{""aspect"":0.566038,""dh"":848,""dw"":480,""h"":848,""par"":1.0,""pixelformat"":""nv12"",""rotate"":0,""stereo-in"":""mono"",""w"":480}"	"{""duration"":""success"",""eof-reached"":""success"",""estimated-frame-number"":""success"",""filename"":""success"",""hwdec-current"":""success"",""idle-active"":""success"",""path"":""success"",""pause"":""success"",""percent-pos"":""success"",""time-pos"":""success"",""video-params"":""success"",""vo-configured"":""success""}"	true	playing	media-b04db49d99	<media-path:2b030c3c41>	15100	1	true	"{""black_screen_risk_reason"":""null"",""blocked_media_count"":0,""consecutive_failures"":0,""current_index"":1,""current_item"":{""alias"":""media-b04db49d99"",""duration_ms"":15100,""offset_ms"":0,""path_alias"":""<media-path:2b030c3c41>"",""started_at_present"":true},""last_poll_error"":""null"",""last_render_error"":""null"",""mpv_running"":true,""next_item"":{""alias"":""media-8ffdc1f445"",""duration_ms"":14000,""path_alias"":""<media-path:fee4d36eb4>""},""playback_state"":""playing"",""playlist_size"":9,""present"":true,""uptime_sec"":1044}"
369	395.321	2026-07-10T20:25:48+0000	success		2	<media-path:2b030c3c41>	<media-path:2b030c3c41>	<filename:c617160627>	11.3	15.1	74.834437	false	false	false	339	v4l2request-copy	true	"{""aspect"":0.566038,""dh"":848,""dw"":480,""h"":848,""par"":1.0,""pixelformat"":""nv12"",""rotate"":0,""stereo-in"":""mono"",""w"":480}"	"{""duration"":""success"",""eof-reached"":""success"",""estimated-frame-number"":""success"",""filename"":""success"",""hwdec-current"":""success"",""idle-active"":""success"",""path"":""success"",""pause"":""success"",""percent-pos"":""success"",""time-pos"":""success"",""video-params"":""success"",""vo-configured"":""success""}"	true	playing	media-b04db49d99	<media-path:2b030c3c41>	15100	1	true	"{""black_screen_risk_reason"":""null"",""blocked_media_count"":0,""consecutive_failures"":0,""current_index"":1,""current_item"":{""alias"":""media-b04db49d99"",""duration_ms"":15100,""offset_ms"":0,""path_alias"":""<media-path:2b030c3c41>"",""started_at_present"":true},""last_poll_error"":""null"",""last_render_error"":""null"",""mpv_running"":true,""next_item"":{""alias"":""media-8ffdc1f445"",""duration_ms"":14000,""path_alias"":""<media-path:fee4d36eb4>""},""playback_state"":""playing"",""playlist_size"":9,""present"":true,""uptime_sec"":1044}"
370	396.326	2026-07-10T20:25:49+0000	success		2	<media-path:2b030c3c41>	<media-path:2b030c3c41>	<filename:c617160627>	12.3	15.1	81.456954	false	false	false	369	v4l2request-copy	true	"{""aspect"":0.566038,""dh"":848,""dw"":480,""h"":848,""par"":1.0,""pixelformat"":""nv12"",""rotate"":0,""stereo-in"":""mono"",""w"":480}"	"{""duration"":""success"",""eof-reached"":""success"",""estimated-frame-number"":""success"",""filename"":""success"",""hwdec-current"":""success"",""idle-active"":""success"",""path"":""success"",""pause"":""success"",""percent-pos"":""success"",""time-pos"":""success"",""video-params"":""success"",""vo-configured"":""success""}"	true	playing	media-b04db49d99	<media-path:2b030c3c41>	15100	1	true	"{""black_screen_risk_reason"":""null"",""blocked_media_count"":0,""consecutive_failures"":0,""current_index"":1,""current_item"":{""alias"":""media-b04db49d99"",""duration_ms"":15100,""offset_ms"":0,""path_alias"":""<media-path:2b030c3c41>"",""started_at_present"":true},""last_poll_error"":""null"",""last_render_error"":""null"",""mpv_running"":true,""next_item"":{""alias"":""media-8ffdc1f445"",""duration_ms"":14000,""path_alias"":""<media-path:fee4d36eb4>""},""playback_state"":""playing"",""playlist_size"":9,""present"":true,""uptime_sec"":1049}"
371	397.331	2026-07-10T20:25:50+0000	success		7	<media-path:2b030c3c41>	<media-path:2b030c3c41>	<filename:c617160627>	13.3	15.1	88.07947	false	false	false	399	v4l2request-copy	true	"{""aspect"":0.566038,""dh"":848,""dw"":480,""h"":848,""par"":1.0,""pixelformat"":""nv12"",""rotate"":0,""stereo-in"":""mono"",""w"":480}"	"{""duration"":""success"",""eof-reached"":""success"",""estimated-frame-number"":""success"",""filename"":""success"",""hwdec-current"":""success"",""idle-active"":""success"",""path"":""success"",""pause"":""success"",""percent-pos"":""success"",""time-pos"":""success"",""video-params"":""success"",""vo-configured"":""success""}"	true	playing	media-b04db49d99	<media-path:2b030c3c41>	15100	1	true	"{""black_screen_risk_reason"":""null"",""blocked_media_count"":0,""consecutive_failures"":0,""current_index"":1,""current_item"":{""alias"":""media-b04db49d99"",""duration_ms"":15100,""offset_ms"":0,""path_alias"":""<media-path:2b030c3c41>"",""started_at_present"":true},""last_poll_error"":""null"",""last_render_error"":""null"",""mpv_running"":true,""next_item"":{""alias"":""media-8ffdc1f445"",""duration_ms"":14000,""path_alias"":""<media-path:fee4d36eb4>""},""playback_state"":""playing"",""playlist_size"":9,""present"":true,""uptime_sec"":1049}"
372	398.340	2026-07-10T20:25:51+0000	success		2	<media-path:2b030c3c41>	<media-path:2b030c3c41>	<filename:c617160627>	14.3	15.1	94.701987	false	false	false	429	v4l2request-copy	true	"{""aspect"":0.566038,""dh"":848,""dw"":480,""h"":848,""par"":1.0,""pixelformat"":""nv12"",""rotate"":0,""stereo-in"":""mono"",""w"":480}"	"{""duration"":""success"",""eof-reached"":""success"",""estimated-frame-number"":""success"",""filename"":""success"",""hwdec-current"":""success"",""idle-active"":""success"",""path"":""success"",""pause"":""success"",""percent-pos"":""success"",""time-pos"":""success"",""video-params"":""success"",""vo-configured"":""success""}"	true	playing	media-b04db49d99	<media-path:2b030c3c41>	15100	1	true	"{""black_screen_risk_reason"":""null"",""blocked_media_count"":0,""consecutive_failures"":0,""current_index"":1,""current_item"":{""alias"":""media-b04db49d99"",""duration_ms"":15100,""offset_ms"":0,""path_alias"":""<media-path:2b030c3c41>"",""started_at_present"":true},""last_poll_error"":""null"",""last_render_error"":""null"",""mpv_running"":true,""next_item"":{""alias"":""media-8ffdc1f445"",""duration_ms"":14000,""path_alias"":""<media-path:fee4d36eb4>""},""playback_state"":""playing"",""playlist_size"":9,""present"":true,""uptime_sec"":1049}"
373	399.345	2026-07-10T20:25:52+0000	success		32	<media-path:fee4d36eb4>	<media-path:fee4d36eb4>	<filename:8ba6df5956>	0.033333	14	0.238095	false	false	false	1	v4l2request-copy	true	"{""aspect"":0.557692,""dh"":832,""dw"":464,""h"":832,""par"":1.0,""pixelformat"":""nv12"",""rotate"":0,""stereo-in"":""mono"",""w"":464}"	"{""duration"":""success"",""eof-reached"":""success"",""estimated-frame-number"":""success"",""filename"":""success"",""hwdec-current"":""success"",""idle-active"":""success"",""path"":""success"",""pause"":""success"",""percent-pos"":""success"",""time-pos"":""success"",""video-params"":""success"",""vo-configured"":""success""}"	true	playing	media-b04db49d99	<media-path:2b030c3c41>	15100	1	true	"{""black_screen_risk_reason"":""null"",""blocked_media_count"":0,""consecutive_failures"":0,""current_index"":1,""current_item"":{""alias"":""media-b04db49d99"",""duration_ms"":15100,""offset_ms"":0,""path_alias"":""<media-path:2b030c3c41>"",""started_at_present"":true},""last_poll_error"":""null"",""last_render_error"":""null"",""mpv_running"":true,""next_item"":{""alias"":""media-8ffdc1f445"",""duration_ms"":14000,""path_alias"":""<media-path:fee4d36eb4>""},""playback_state"":""playing"",""playlist_size"":9,""present"":true,""uptime_sec"":1049}"
374	400.379	2026-07-10T20:25:53+0000	success		2	<media-path:fee4d36eb4>	<media-path:fee4d36eb4>	<filename:8ba6df5956>	1.033333	14	7.380952	false	false	false	31	v4l2request-copy	true	"{""aspect"":0.557692,""dh"":832,""dw"":464,""h"":832,""par"":1.0,""pixelformat"":""nv12"",""rotate"":0,""stereo-in"":""mono"",""w"":464}"	"{""duration"":""success"",""eof-reached"":""success"",""estimated-frame-number"":""success"",""filename"":""success"",""hwdec-current"":""success"",""idle-active"":""success"",""path"":""success"",""pause"":""success"",""percent-pos"":""success"",""time-pos"":""success"",""video-params"":""success"",""vo-configured"":""success""}"	true	playing	media-b04db49d99	<media-path:2b030c3c41>	15100	1	true	"{""black_screen_risk_reason"":""null"",""blocked_media_count"":0,""consecutive_failures"":0,""current_index"":1,""current_item"":{""alias"":""media-b04db49d99"",""duration_ms"":15100,""offset_ms"":0,""path_alias"":""<media-path:2b030c3c41>"",""started_at_present"":true},""last_poll_error"":""null"",""last_render_error"":""null"",""mpv_running"":true,""next_item"":{""alias"":""media-8ffdc1f445"",""duration_ms"":14000,""path_alias"":""<media-path:fee4d36eb4>""},""playback_state"":""playing"",""playlist_size"":9,""present"":true,""uptime_sec"":1049}"
375	401.383	2026-07-10T20:25:54+0000	success		3	<media-path:fee4d36eb4>	<media-path:fee4d36eb4>	<filename:8ba6df5956>	2.066667	14	14.761905	false	false	false	62	v4l2request-copy	true	"{""aspect"":0.557692,""dh"":832,""dw"":464,""h"":832,""par"":1.0,""pixelformat"":""nv12"",""rotate"":0,""stereo-in"":""mono"",""w"":464}"	"{""duration"":""success"",""eof-reached"":""success"",""estimated-frame-number"":""success"",""filename"":""success"",""hwdec-current"":""success"",""idle-active"":""success"",""path"":""success"",""pause"":""success"",""percent-pos"":""success"",""time-pos"":""success"",""video-params"":""success"",""vo-configured"":""success""}"	true	playing	media-8ffdc1f445	<media-path:fee4d36eb4>	14000	2	true	"{""black_screen_risk_reason"":""null"",""blocked_media_count"":0,""consecutive_failures"":0,""current_index"":2,""current_item"":{""alias"":""media-8ffdc1f445"",""duration_ms"":14000,""offset_ms"":0,""path_alias"":""<media-path:fee4d36eb4>"",""started_at_present"":true},""last_poll_error"":""null"",""last_render_error"":""null"",""mpv_running"":true,""next_item"":{""alias"":""media-907addee8b"",""duration_ms"":30800,""path_alias"":""<media-path:c58db4e1cc>""},""playback_state"":""playing"",""playlist_size"":9,""present"":true,""uptime_sec"":1054}"
376	402.390	2026-07-10T20:25:55+0000	success		2	<media-path:fee4d36eb4>	<media-path:fee4d36eb4>	<filename:8ba6df5956>	3.066667	14	21.904762	false	false	false	92	v4l2request-copy	true	"{""aspect"":0.557692,""dh"":832,""dw"":464,""h"":832,""par"":1.0,""pixelformat"":""nv12"",""rotate"":0,""stereo-in"":""mono"",""w"":464}"	"{""duration"":""success"",""eof-reached"":""success"",""estimated-frame-number"":""success"",""filename"":""success"",""hwdec-current"":""success"",""idle-active"":""success"",""path"":""success"",""pause"":""success"",""percent-pos"":""success"",""time-pos"":""success"",""video-params"":""success"",""vo-configured"":""success""}"	true	playing	media-8ffdc1f445	<media-path:fee4d36eb4>	14000	2	true	"{""black_screen_risk_reason"":""null"",""blocked_media_count"":0,""consecutive_failures"":0,""current_index"":2,""current_item"":{""alias"":""media-8ffdc1f445"",""duration_ms"":14000,""offset_ms"":0,""path_alias"":""<media-path:fee4d36eb4>"",""started_at_present"":true},""last_poll_error"":""null"",""last_render_error"":""null"",""mpv_running"":true,""next_item"":{""alias"":""media-907addee8b"",""duration_ms"":30800,""path_alias"":""<media-path:c58db4e1cc>""},""playback_state"":""playing"",""playlist_size"":9,""present"":true,""uptime_sec"":1054}"
377	403.394	2026-07-10T20:25:56+0000	success		2	<media-path:fee4d36eb4>	<media-path:fee4d36eb4>	<filename:8ba6df5956>	4.066667	14	29.047619	false	false	false	122	v4l2request-copy	true	"{""aspect"":0.557692,""dh"":832,""dw"":464,""h"":832,""par"":1.0,""pixelformat"":""nv12"",""rotate"":0,""stereo-in"":""mono"",""w"":464}"	"{""duration"":""success"",""eof-reached"":""success"",""estimated-frame-number"":""success"",""filename"":""success"",""hwdec-current"":""success"",""idle-active"":""success"",""path"":""success"",""pause"":""success"",""percent-pos"":""success"",""time-pos"":""success"",""video-params"":""success"",""vo-configured"":""success""}"	true	playing	media-8ffdc1f445	<media-path:fee4d36eb4>	14000	2	true	"{""black_screen_risk_reason"":""null"",""blocked_media_count"":0,""consecutive_failures"":0,""current_index"":2,""current_item"":{""alias"":""media-8ffdc1f445"",""duration_ms"":14000,""offset_ms"":0,""path_alias"":""<media-path:fee4d36eb4>"",""started_at_present"":true},""last_poll_error"":""null"",""last_render_error"":""null"",""mpv_running"":true,""next_item"":{""alias"":""media-907addee8b"",""duration_ms"":30800,""path_alias"":""<media-path:c58db4e1cc>""},""playback_state"":""playing"",""playlist_size"":9,""present"":true,""uptime_sec"":1054}"
378	404.399	2026-07-10T20:25:57+0000	success		13	<media-path:fee4d36eb4>	<media-path:fee4d36eb4>	<filename:8ba6df5956>	5.066667	14	36.190476	false	false	false	152	v4l2request-copy	true	"{""aspect"":0.557692,""dh"":832,""dw"":464,""h"":832,""par"":1.0,""pixelformat"":""nv12"",""rotate"":0,""stereo-in"":""mono"",""w"":464}"	"{""duration"":""success"",""eof-reached"":""success"",""estimated-frame-number"":""success"",""filename"":""success"",""hwdec-current"":""success"",""idle-active"":""success"",""path"":""success"",""pause"":""success"",""percent-pos"":""success"",""time-pos"":""success"",""video-params"":""success"",""vo-configured"":""success""}"	true	playing	media-8ffdc1f445	<media-path:fee4d36eb4>	14000	2	true	"{""black_screen_risk_reason"":""null"",""blocked_media_count"":0,""consecutive_failures"":0,""current_index"":2,""current_item"":{""alias"":""media-8ffdc1f445"",""duration_ms"":14000,""offset_ms"":0,""path_alias"":""<media-path:fee4d36eb4>"",""started_at_present"":true},""last_poll_error"":""null"",""last_render_error"":""null"",""mpv_running"":true,""next_item"":{""alias"":""media-907addee8b"",""duration_ms"":30800,""path_alias"":""<media-path:c58db4e1cc>""},""playback_state"":""playing"",""playlist_size"":9,""present"":true,""uptime_sec"":1054}"
379	405.416	2026-07-10T20:25:58+0000	success		3	<media-path:fee4d36eb4>	<media-path:fee4d36eb4>	<filename:8ba6df5956>	6.1	14	43.571429	false	false	false	183	v4l2request-copy	true	"{""aspect"":0.557692,""dh"":832,""dw"":464,""h"":832,""par"":1.0,""pixelformat"":""nv12"",""rotate"":0,""stereo-in"":""mono"",""w"":464}"	"{""duration"":""success"",""eof-reached"":""success"",""estimated-frame-number"":""success"",""filename"":""success"",""hwdec-current"":""success"",""idle-active"":""success"",""path"":""success"",""pause"":""success"",""percent-pos"":""success"",""time-pos"":""success"",""video-params"":""success"",""vo-configured"":""success""}"	true	playing	media-8ffdc1f445	<media-path:fee4d36eb4>	14000	2	true	"{""black_screen_risk_reason"":""null"",""blocked_media_count"":0,""consecutive_failures"":0,""current_index"":2,""current_item"":{""alias"":""media-8ffdc1f445"",""duration_ms"":14000,""offset_ms"":0,""path_alias"":""<media-path:fee4d36eb4>"",""started_at_present"":true},""last_poll_error"":""null"",""last_render_error"":""null"",""mpv_running"":true,""next_item"":{""alias"":""media-907addee8b"",""duration_ms"":30800,""path_alias"":""<media-path:c58db4e1cc>""},""playback_state"":""playing"",""playlist_size"":9,""present"":true,""uptime_sec"":1054}"
380	406.422	2026-07-10T20:25:59+0000	success		3	<media-path:fee4d36eb4>	<media-path:fee4d36eb4>	<filename:8ba6df5956>	7.1	14	50.714286	false	false	false	213	v4l2request-copy	true	"{""aspect"":0.557692,""dh"":832,""dw"":464,""h"":832,""par"":1.0,""pixelformat"":""nv12"",""rotate"":0,""stereo-in"":""mono"",""w"":464}"	"{""duration"":""success"",""eof-reached"":""success"",""estimated-frame-number"":""success"",""filename"":""success"",""hwdec-current"":""success"",""idle-active"":""success"",""path"":""success"",""pause"":""success"",""percent-pos"":""success"",""time-pos"":""success"",""video-params"":""success"",""vo-configured"":""success""}"	true	playing	media-8ffdc1f445	<media-path:fee4d36eb4>	14000	2	true	"{""black_screen_risk_reason"":""null"",""blocked_media_count"":0,""consecutive_failures"":0,""current_index"":2,""current_item"":{""alias"":""media-8ffdc1f445"",""duration_ms"":14000,""offset_ms"":0,""path_alias"":""<media-path:fee4d36eb4>"",""started_at_present"":true},""last_poll_error"":""null"",""last_render_error"":""null"",""mpv_running"":true,""next_item"":{""alias"":""media-907addee8b"",""duration_ms"":30800,""path_alias"":""<media-path:c58db4e1cc>""},""playback_state"":""playing"",""playlist_size"":9,""present"":true,""uptime_sec"":1059}"
381	407.428	2026-07-10T20:26:00+0000	success		2	<media-path:fee4d36eb4>	<media-path:fee4d36eb4>	<filename:8ba6df5956>	8.1	14	57.857143	false	false	false	243	v4l2request-copy	true	"{""aspect"":0.557692,""dh"":832,""dw"":464,""h"":832,""par"":1.0,""pixelformat"":""nv12"",""rotate"":0,""stereo-in"":""mono"",""w"":464}"	"{""duration"":""success"",""eof-reached"":""success"",""estimated-frame-number"":""success"",""filename"":""success"",""hwdec-current"":""success"",""idle-active"":""success"",""path"":""success"",""pause"":""success"",""percent-pos"":""success"",""time-pos"":""success"",""video-params"":""success"",""vo-configured"":""success""}"	true	playing	media-8ffdc1f445	<media-path:fee4d36eb4>	14000	2	true	"{""black_screen_risk_reason"":""null"",""blocked_media_count"":0,""consecutive_failures"":0,""current_index"":2,""current_item"":{""alias"":""media-8ffdc1f445"",""duration_ms"":14000,""offset_ms"":0,""path_alias"":""<media-path:fee4d36eb4>"",""started_at_present"":true},""last_poll_error"":""null"",""last_render_error"":""null"",""mpv_running"":true,""next_item"":{""alias"":""media-907addee8b"",""duration_ms"":30800,""path_alias"":""<media-path:c58db4e1cc>""},""playback_state"":""playing"",""playlist_size"":9,""present"":true,""uptime_sec"":1059}"
382	408.433	2026-07-10T20:26:01+0000	success		9	<media-path:fee4d36eb4>	<media-path:fee4d36eb4>	<filename:8ba6df5956>	9.1	14	65	false	false	false	273	v4l2request-copy	true	"{""aspect"":0.557692,""dh"":832,""dw"":464,""h"":832,""par"":1.0,""pixelformat"":""nv12"",""rotate"":0,""stereo-in"":""mono"",""w"":464}"	"{""duration"":""success"",""eof-reached"":""success"",""estimated-frame-number"":""success"",""filename"":""success"",""hwdec-current"":""success"",""idle-active"":""success"",""path"":""success"",""pause"":""success"",""percent-pos"":""success"",""time-pos"":""success"",""video-params"":""success"",""vo-configured"":""success""}"	true	playing	media-8ffdc1f445	<media-path:fee4d36eb4>	14000	2	true	"{""black_screen_risk_reason"":""null"",""blocked_media_count"":0,""consecutive_failures"":0,""current_index"":2,""current_item"":{""alias"":""media-8ffdc1f445"",""duration_ms"":14000,""offset_ms"":0,""path_alias"":""<media-path:fee4d36eb4>"",""started_at_present"":true},""last_poll_error"":""null"",""last_render_error"":""null"",""mpv_running"":true,""next_item"":{""alias"":""media-907addee8b"",""duration_ms"":30800,""path_alias"":""<media-path:c58db4e1cc>""},""playback_state"":""playing"",""playlist_size"":9,""present"":true,""uptime_sec"":1059}"
383	409.444	2026-07-10T20:26:02+0000	success		2	<media-path:fee4d36eb4>	<media-path:fee4d36eb4>	<filename:8ba6df5956>	10.1	14	72.142857	false	false	false	303	v4l2request-copy	true	"{""aspect"":0.557692,""dh"":832,""dw"":464,""h"":832,""par"":1.0,""pixelformat"":""nv12"",""rotate"":0,""stereo-in"":""mono"",""w"":464}"	"{""duration"":""success"",""eof-reached"":""success"",""estimated-frame-number"":""success"",""filename"":""success"",""hwdec-current"":""success"",""idle-active"":""success"",""path"":""success"",""pause"":""success"",""percent-pos"":""success"",""time-pos"":""success"",""video-params"":""success"",""vo-configured"":""success""}"	true	playing	media-8ffdc1f445	<media-path:fee4d36eb4>	14000	2	true	"{""black_screen_risk_reason"":""null"",""blocked_media_count"":0,""consecutive_failures"":0,""current_index"":2,""current_item"":{""alias"":""media-8ffdc1f445"",""duration_ms"":14000,""offset_ms"":0,""path_alias"":""<media-path:fee4d36eb4>"",""started_at_present"":true},""last_poll_error"":""null"",""last_render_error"":""null"",""mpv_running"":true,""next_item"":{""alias"":""media-907addee8b"",""duration_ms"":30800,""path_alias"":""<media-path:c58db4e1cc>""},""playback_state"":""playing"",""playlist_size"":9,""present"":true,""uptime_sec"":1059}"
384	410.449	2026-07-10T20:26:03+0000	success		2	<media-path:fee4d36eb4>	<media-path:fee4d36eb4>	<filename:8ba6df5956>	11.133333	14	79.52381	false	false	false	334	v4l2request-copy	true	"{""aspect"":0.557692,""dh"":832,""dw"":464,""h"":832,""par"":1.0,""pixelformat"":""nv12"",""rotate"":0,""stereo-in"":""mono"",""w"":464}"	"{""duration"":""success"",""eof-reached"":""success"",""estimated-frame-number"":""success"",""filename"":""success"",""hwdec-current"":""success"",""idle-active"":""success"",""path"":""success"",""pause"":""success"",""percent-pos"":""success"",""time-pos"":""success"",""video-params"":""success"",""vo-configured"":""success""}"	true	playing	media-8ffdc1f445	<media-path:fee4d36eb4>	14000	2	true	"{""black_screen_risk_reason"":""null"",""blocked_media_count"":0,""consecutive_failures"":0,""current_index"":2,""current_item"":{""alias"":""media-8ffdc1f445"",""duration_ms"":14000,""offset_ms"":0,""path_alias"":""<media-path:fee4d36eb4>"",""started_at_present"":true},""last_poll_error"":""null"",""last_render_error"":""null"",""mpv_running"":true,""next_item"":{""alias"":""media-907addee8b"",""duration_ms"":30800,""path_alias"":""<media-path:c58db4e1cc>""},""playback_state"":""playing"",""playlist_size"":9,""present"":true,""uptime_sec"":1059}"
385	411.454	2026-07-10T20:26:04+0000	success		3	<media-path:fee4d36eb4>	<media-path:fee4d36eb4>	<filename:8ba6df5956>	12.133333	14	86.666667	false	false	false	364	v4l2request-copy	true	"{""aspect"":0.557692,""dh"":832,""dw"":464,""h"":832,""par"":1.0,""pixelformat"":""nv12"",""rotate"":0,""stereo-in"":""mono"",""w"":464}"	"{""duration"":""success"",""eof-reached"":""success"",""estimated-frame-number"":""success"",""filename"":""success"",""hwdec-current"":""success"",""idle-active"":""success"",""path"":""success"",""pause"":""success"",""percent-pos"":""success"",""time-pos"":""success"",""video-params"":""success"",""vo-configured"":""success""}"	true	playing	media-8ffdc1f445	<media-path:fee4d36eb4>	14000	2	true	"{""black_screen_risk_reason"":""null"",""blocked_media_count"":0,""consecutive_failures"":0,""current_index"":2,""current_item"":{""alias"":""media-8ffdc1f445"",""duration_ms"":14000,""offset_ms"":0,""path_alias"":""<media-path:fee4d36eb4>"",""started_at_present"":true},""last_poll_error"":""null"",""last_render_error"":""null"",""mpv_running"":true,""next_item"":{""alias"":""media-907addee8b"",""duration_ms"":30800,""path_alias"":""<media-path:c58db4e1cc>""},""playback_state"":""playing"",""playlist_size"":9,""present"":true,""uptime_sec"":1064}"
386	412.460	2026-07-10T20:26:05+0000	success		2	<media-path:fee4d36eb4>	<media-path:fee4d36eb4>	<filename:8ba6df5956>	13.133333	14	93.809524	false	false	false	394	v4l2request-copy	true	"{""aspect"":0.557692,""dh"":832,""dw"":464,""h"":832,""par"":1.0,""pixelformat"":""nv12"",""rotate"":0,""stereo-in"":""mono"",""w"":464}"	"{""duration"":""success"",""eof-reached"":""success"",""estimated-frame-number"":""success"",""filename"":""success"",""hwdec-current"":""success"",""idle-active"":""success"",""path"":""success"",""pause"":""success"",""percent-pos"":""success"",""time-pos"":""success"",""video-params"":""success"",""vo-configured"":""success""}"	true	playing	media-8ffdc1f445	<media-path:fee4d36eb4>	14000	2	true	"{""black_screen_risk_reason"":""null"",""blocked_media_count"":0,""consecutive_failures"":0,""current_index"":2,""current_item"":{""alias"":""media-8ffdc1f445"",""duration_ms"":14000,""offset_ms"":0,""path_alias"":""<media-path:fee4d36eb4>"",""started_at_present"":true},""last_poll_error"":""null"",""last_render_error"":""null"",""mpv_running"":true,""next_item"":{""alias"":""media-907addee8b"",""duration_ms"":30800,""path_alias"":""<media-path:c58db4e1cc>""},""playback_state"":""playing"",""playlist_size"":9,""present"":true,""uptime_sec"":1064}"
387	413.464	2026-07-10T20:26:06+0000	success		2	<media-path:c58db4e1cc>	<media-path:c58db4e1cc>	<filename:9b95323d7d>	0.041708	30.805333	0.135393	false	false	false	1	v4l2request-copy	true	"{""aspect"":0.5625,""dh"":640,""dw"":360,""h"":640,""par"":1.0,""pixelformat"":""nv12"",""rotate"":0,""stereo-in"":""mono"",""w"":360}"	"{""duration"":""success"",""eof-reached"":""success"",""estimated-frame-number"":""success"",""filename"":""success"",""hwdec-current"":""success"",""idle-active"":""success"",""path"":""success"",""pause"":""success"",""percent-pos"":""success"",""time-pos"":""success"",""video-params"":""success"",""vo-configured"":""success""}"	true	playing	media-8ffdc1f445	<media-path:fee4d36eb4>	14000	2	true	"{""black_screen_risk_reason"":""null"",""blocked_media_count"":0,""consecutive_failures"":0,""current_index"":2,""current_item"":{""alias"":""media-8ffdc1f445"",""duration_ms"":14000,""offset_ms"":0,""path_alias"":""<media-path:fee4d36eb4>"",""started_at_present"":true},""last_poll_error"":""null"",""last_render_error"":""null"",""mpv_running"":true,""next_item"":{""alias"":""media-907addee8b"",""duration_ms"":30800,""path_alias"":""<media-path:c58db4e1cc>""},""playback_state"":""playing"",""playlist_size"":9,""present"":true,""uptime_sec"":1064}"
388	414.468	2026-07-10T20:26:07+0000	success		2	<media-path:c58db4e1cc>	<media-path:c58db4e1cc>	<filename:9b95323d7d>	1.042708	30.805333	3.384831	false	false	false	25	v4l2request-copy	true	"{""aspect"":0.5625,""dh"":640,""dw"":360,""h"":640,""par"":1.0,""pixelformat"":""nv12"",""rotate"":0,""stereo-in"":""mono"",""w"":360}"	"{""duration"":""success"",""eof-reached"":""success"",""estimated-frame-number"":""success"",""filename"":""success"",""hwdec-current"":""success"",""idle-active"":""success"",""path"":""success"",""pause"":""success"",""percent-pos"":""success"",""time-pos"":""success"",""video-params"":""success"",""vo-configured"":""success""}"	true	playing	media-8ffdc1f445	<media-path:fee4d36eb4>	14000	2	true	"{""black_screen_risk_reason"":""null"",""blocked_media_count"":0,""consecutive_failures"":0,""current_index"":2,""current_item"":{""alias"":""media-8ffdc1f445"",""duration_ms"":14000,""offset_ms"":0,""path_alias"":""<media-path:fee4d36eb4>"",""started_at_present"":true},""last_poll_error"":""null"",""last_render_error"":""null"",""mpv_running"":true,""next_item"":{""alias"":""media-907addee8b"",""duration_ms"":30800,""path_alias"":""<media-path:c58db4e1cc>""},""playback_state"":""playing"",""playlist_size"":9,""present"":true,""uptime_sec"":1064}"
389	415.472	2026-07-10T20:26:08+0000	success		2	<media-path:c58db4e1cc>	<media-path:c58db4e1cc>	<filename:9b95323d7d>	2.043708	30.805333	6.634268	false	false	false	49	v4l2request-copy	true	"{""aspect"":0.5625,""dh"":640,""dw"":360,""h"":640,""par"":1.0,""pixelformat"":""nv12"",""rotate"":0,""stereo-in"":""mono"",""w"":360}"	"{""duration"":""success"",""eof-reached"":""success"",""estimated-frame-number"":""success"",""filename"":""success"",""hwdec-current"":""success"",""idle-active"":""success"",""path"":""success"",""pause"":""success"",""percent-pos"":""success"",""time-pos"":""success"",""video-params"":""success"",""vo-configured"":""success""}"	true	playing	media-8ffdc1f445	<media-path:fee4d36eb4>	14000	2	true	"{""black_screen_risk_reason"":""null"",""blocked_media_count"":0,""consecutive_failures"":0,""current_index"":2,""current_item"":{""alias"":""media-8ffdc1f445"",""duration_ms"":14000,""offset_ms"":0,""path_alias"":""<media-path:fee4d36eb4>"",""started_at_present"":true},""last_poll_error"":""null"",""last_render_error"":""null"",""mpv_running"":true,""next_item"":{""alias"":""media-907addee8b"",""duration_ms"":30800,""path_alias"":""<media-path:c58db4e1cc>""},""playback_state"":""playing"",""playlist_size"":9,""present"":true,""uptime_sec"":1064}"
390	416.477	2026-07-10T20:26:09+0000	success		3	<media-path:c58db4e1cc>	<media-path:c58db4e1cc>	<filename:9b95323d7d>	3.044708	30.805333	9.883705	false	false	false	73	v4l2request-copy	true	"{""aspect"":0.5625,""dh"":640,""dw"":360,""h"":640,""par"":1.0,""pixelformat"":""nv12"",""rotate"":0,""stereo-in"":""mono"",""w"":360}"	"{""duration"":""success"",""eof-reached"":""success"",""estimated-frame-number"":""success"",""filename"":""success"",""hwdec-current"":""success"",""idle-active"":""success"",""path"":""success"",""pause"":""success"",""percent-pos"":""success"",""time-pos"":""success"",""video-params"":""success"",""vo-configured"":""success""}"	true	playing	media-907addee8b	<media-path:c58db4e1cc>	30800	3	true	"{""black_screen_risk_reason"":""null"",""blocked_media_count"":0,""consecutive_failures"":0,""current_index"":3,""current_item"":{""alias"":""media-907addee8b"",""duration_ms"":30800,""offset_ms"":0,""path_alias"":""<media-path:c58db4e1cc>"",""started_at_present"":true},""last_poll_error"":""null"",""last_render_error"":""null"",""mpv_running"":true,""next_item"":{""alias"":""media-8e4d41f6c2"",""duration_ms"":7200,""path_alias"":""<media-path:3662a4e886>""},""playback_state"":""playing"",""playlist_size"":9,""present"":true,""uptime_sec"":1069}"
391	417.483	2026-07-10T20:26:10+0000	success		2	<media-path:c58db4e1cc>	<media-path:c58db4e1cc>	<filename:9b95323d7d>	4.087417	30.805333	13.268536	false	false	false	98	v4l2request-copy	true	"{""aspect"":0.5625,""dh"":640,""dw"":360,""h"":640,""par"":1.0,""pixelformat"":""nv12"",""rotate"":0,""stereo-in"":""mono"",""w"":360}"	"{""duration"":""success"",""eof-reached"":""success"",""estimated-frame-number"":""success"",""filename"":""success"",""hwdec-current"":""success"",""idle-active"":""success"",""path"":""success"",""pause"":""success"",""percent-pos"":""success"",""time-pos"":""success"",""video-params"":""success"",""vo-configured"":""success""}"	true	playing	media-907addee8b	<media-path:c58db4e1cc>	30800	3	true	"{""black_screen_risk_reason"":""null"",""blocked_media_count"":0,""consecutive_failures"":0,""current_index"":3,""current_item"":{""alias"":""media-907addee8b"",""duration_ms"":30800,""offset_ms"":0,""path_alias"":""<media-path:c58db4e1cc>"",""started_at_present"":true},""last_poll_error"":""null"",""last_render_error"":""null"",""mpv_running"":true,""next_item"":{""alias"":""media-8e4d41f6c2"",""duration_ms"":7200,""path_alias"":""<media-path:3662a4e886>""},""playback_state"":""playing"",""playlist_size"":9,""present"":true,""uptime_sec"":1069}"
392	418.489	2026-07-10T20:26:11+0000	success		3	<media-path:c58db4e1cc>	<media-path:c58db4e1cc>	<filename:9b95323d7d>	5.088417	30.805333	16.517973	false	false	false	122	v4l2request-copy	true	"{""aspect"":0.5625,""dh"":640,""dw"":360,""h"":640,""par"":1.0,""pixelformat"":""nv12"",""rotate"":0,""stereo-in"":""mono"",""w"":360}"	"{""duration"":""success"",""eof-reached"":""success"",""estimated-frame-number"":""success"",""filename"":""success"",""hwdec-current"":""success"",""idle-active"":""success"",""path"":""success"",""pause"":""success"",""percent-pos"":""success"",""time-pos"":""success"",""video-params"":""success"",""vo-configured"":""success""}"	true	playing	media-907addee8b	<media-path:c58db4e1cc>	30800	3	true	"{""black_screen_risk_reason"":""null"",""blocked_media_count"":0,""consecutive_failures"":0,""current_index"":3,""current_item"":{""alias"":""media-907addee8b"",""duration_ms"":30800,""offset_ms"":0,""path_alias"":""<media-path:c58db4e1cc>"",""started_at_present"":true},""last_poll_error"":""null"",""last_render_error"":""null"",""mpv_running"":true,""next_item"":{""alias"":""media-8e4d41f6c2"",""duration_ms"":7200,""path_alias"":""<media-path:3662a4e886>""},""playback_state"":""playing"",""playlist_size"":9,""present"":true,""uptime_sec"":1069}"
393	419.494	2026-07-10T20:26:12+0000	success		2	<media-path:c58db4e1cc>	<media-path:c58db4e1cc>	<filename:9b95323d7d>	6.089417	30.805333	19.76741	false	false	false	146	v4l2request-copy	true	"{""aspect"":0.5625,""dh"":640,""dw"":360,""h"":640,""par"":1.0,""pixelformat"":""nv12"",""rotate"":0,""stereo-in"":""mono"",""w"":360}"	"{""duration"":""success"",""eof-reached"":""success"",""estimated-frame-number"":""success"",""filename"":""success"",""hwdec-current"":""success"",""idle-active"":""success"",""path"":""success"",""pause"":""success"",""percent-pos"":""success"",""time-pos"":""success"",""video-params"":""success"",""vo-configured"":""success""}"	true	playing	media-907addee8b	<media-path:c58db4e1cc>	30800	3	true	"{""black_screen_risk_reason"":""null"",""blocked_media_count"":0,""consecutive_failures"":0,""current_index"":3,""current_item"":{""alias"":""media-907addee8b"",""duration_ms"":30800,""offset_ms"":0,""path_alias"":""<media-path:c58db4e1cc>"",""started_at_present"":true},""last_poll_error"":""null"",""last_render_error"":""null"",""mpv_running"":true,""next_item"":{""alias"":""media-8e4d41f6c2"",""duration_ms"":7200,""path_alias"":""<media-path:3662a4e886>""},""playback_state"":""playing"",""playlist_size"":9,""present"":true,""uptime_sec"":1069}"
394	420.498	2026-07-10T20:26:14+0000	success		3	<media-path:c58db4e1cc>	<media-path:c58db4e1cc>	<filename:9b95323d7d>	7.090417	30.805333	23.016848	false	false	false	170	v4l2request-copy	true	"{""aspect"":0.5625,""dh"":640,""dw"":360,""h"":640,""par"":1.0,""pixelformat"":""nv12"",""rotate"":0,""stereo-in"":""mono"",""w"":360}"	"{""duration"":""success"",""eof-reached"":""success"",""estimated-frame-number"":""success"",""filename"":""success"",""hwdec-current"":""success"",""idle-active"":""success"",""path"":""success"",""pause"":""success"",""percent-pos"":""success"",""time-pos"":""success"",""video-params"":""success"",""vo-configured"":""success""}"	true	playing	media-907addee8b	<media-path:c58db4e1cc>	30800	3	true	"{""black_screen_risk_reason"":""null"",""blocked_media_count"":0,""consecutive_failures"":0,""current_index"":3,""current_item"":{""alias"":""media-907addee8b"",""duration_ms"":30800,""offset_ms"":0,""path_alias"":""<media-path:c58db4e1cc>"",""started_at_present"":true},""last_poll_error"":""null"",""last_render_error"":""null"",""mpv_running"":true,""next_item"":{""alias"":""media-8e4d41f6c2"",""duration_ms"":7200,""path_alias"":""<media-path:3662a4e886>""},""playback_state"":""playing"",""playlist_size"":9,""present"":true,""uptime_sec"":1069}"
395	421.503	2026-07-10T20:26:15+0000	success		3	<media-path:c58db4e1cc>	<media-path:c58db4e1cc>	<filename:9b95323d7d>	8.091417	30.805333	26.266285	false	false	false	194	v4l2request-copy	true	"{""aspect"":0.5625,""dh"":640,""dw"":360,""h"":640,""par"":1.0,""pixelformat"":""nv12"",""rotate"":0,""stereo-in"":""mono"",""w"":360}"	"{""duration"":""success"",""eof-reached"":""success"",""estimated-frame-number"":""success"",""filename"":""success"",""hwdec-current"":""success"",""idle-active"":""success"",""path"":""success"",""pause"":""success"",""percent-pos"":""success"",""time-pos"":""success"",""video-params"":""success"",""vo-configured"":""success""}"	true	playing	media-907addee8b	<media-path:c58db4e1cc>	30800	3	true	"{""black_screen_risk_reason"":""null"",""blocked_media_count"":0,""consecutive_failures"":0,""current_index"":3,""current_item"":{""alias"":""media-907addee8b"",""duration_ms"":30800,""offset_ms"":0,""path_alias"":""<media-path:c58db4e1cc>"",""started_at_present"":true},""last_poll_error"":""null"",""last_render_error"":""null"",""mpv_running"":true,""next_item"":{""alias"":""media-8e4d41f6c2"",""duration_ms"":7200,""path_alias"":""<media-path:3662a4e886>""},""playback_state"":""playing"",""playlist_size"":9,""present"":true,""uptime_sec"":1074}"
396	422.511	2026-07-10T20:26:16+0000	success		4	<media-path:c58db4e1cc>	<media-path:c58db4e1cc>	<filename:9b95323d7d>	9.092417	30.805333	29.515722	false	false	false	218	v4l2request-copy	true	"{""aspect"":0.5625,""dh"":640,""dw"":360,""h"":640,""par"":1.0,""pixelformat"":""nv12"",""rotate"":0,""stereo-in"":""mono"",""w"":360}"	"{""duration"":""success"",""eof-reached"":""success"",""estimated-frame-number"":""success"",""filename"":""success"",""hwdec-current"":""success"",""idle-active"":""success"",""path"":""success"",""pause"":""success"",""percent-pos"":""success"",""time-pos"":""success"",""video-params"":""success"",""vo-configured"":""success""}"	true	playing	media-907addee8b	<media-path:c58db4e1cc>	30800	3	true	"{""black_screen_risk_reason"":""null"",""blocked_media_count"":0,""consecutive_failures"":0,""current_index"":3,""current_item"":{""alias"":""media-907addee8b"",""duration_ms"":30800,""offset_ms"":0,""path_alias"":""<media-path:c58db4e1cc>"",""started_at_present"":true},""last_poll_error"":""null"",""last_render_error"":""null"",""mpv_running"":true,""next_item"":{""alias"":""media-8e4d41f6c2"",""duration_ms"":7200,""path_alias"":""<media-path:3662a4e886>""},""playback_state"":""playing"",""playlist_size"":9,""present"":true,""uptime_sec"":1074}"
397	423.519	2026-07-10T20:26:17+0000	success		2	<media-path:c58db4e1cc>	<media-path:c58db4e1cc>	<filename:9b95323d7d>	10.093417	30.805333	32.76516	false	false	false	242	v4l2request-copy	true	"{""aspect"":0.5625,""dh"":640,""dw"":360,""h"":640,""par"":1.0,""pixelformat"":""nv12"",""rotate"":0,""stereo-in"":""mono"",""w"":360}"	"{""duration"":""success"",""eof-reached"":""success"",""estimated-frame-number"":""success"",""filename"":""success"",""hwdec-current"":""success"",""idle-active"":""success"",""path"":""success"",""pause"":""success"",""percent-pos"":""success"",""time-pos"":""success"",""video-params"":""success"",""vo-configured"":""success""}"	true	playing	media-907addee8b	<media-path:c58db4e1cc>	30800	3	true	"{""black_screen_risk_reason"":""null"",""blocked_media_count"":0,""consecutive_failures"":0,""current_index"":3,""current_item"":{""alias"":""media-907addee8b"",""duration_ms"":30800,""offset_ms"":0,""path_alias"":""<media-path:c58db4e1cc>"",""started_at_present"":true},""last_poll_error"":""null"",""last_render_error"":""null"",""mpv_running"":true,""next_item"":{""alias"":""media-8e4d41f6c2"",""duration_ms"":7200,""path_alias"":""<media-path:3662a4e886>""},""playback_state"":""playing"",""playlist_size"":9,""present"":true,""uptime_sec"":1074}"
398	424.523	2026-07-10T20:26:18+0000	success		1	<media-path:c58db4e1cc>	<media-path:c58db4e1cc>	<filename:9b95323d7d>	11.094417	30.805333	36.014597	false	false	false	266	v4l2request-copy	true	"{""aspect"":0.5625,""dh"":640,""dw"":360,""h"":640,""par"":1.0,""pixelformat"":""nv12"",""rotate"":0,""stereo-in"":""mono"",""w"":360}"	"{""duration"":""success"",""eof-reached"":""success"",""estimated-frame-number"":""success"",""filename"":""success"",""hwdec-current"":""success"",""idle-active"":""success"",""path"":""success"",""pause"":""success"",""percent-pos"":""success"",""time-pos"":""success"",""video-params"":""success"",""vo-configured"":""success""}"	true	playing	media-907addee8b	<media-path:c58db4e1cc>	30800	3	true	"{""black_screen_risk_reason"":""null"",""blocked_media_count"":0,""consecutive_failures"":0,""current_index"":3,""current_item"":{""alias"":""media-907addee8b"",""duration_ms"":30800,""offset_ms"":0,""path_alias"":""<media-path:c58db4e1cc>"",""started_at_present"":true},""last_poll_error"":""null"",""last_render_error"":""null"",""mpv_running"":true,""next_item"":{""alias"":""media-8e4d41f6c2"",""duration_ms"":7200,""path_alias"":""<media-path:3662a4e886>""},""playback_state"":""playing"",""playlist_size"":9,""present"":true,""uptime_sec"":1074}"
399	425.526	2026-07-10T20:26:19+0000	success		2	<media-path:c58db4e1cc>	<media-path:c58db4e1cc>	<filename:9b95323d7d>	12.095417	30.805333	39.264034	false	false	false	290	v4l2request-copy	true	"{""aspect"":0.5625,""dh"":640,""dw"":360,""h"":640,""par"":1.0,""pixelformat"":""nv12"",""rotate"":0,""stereo-in"":""mono"",""w"":360}"	"{""duration"":""success"",""eof-reached"":""success"",""estimated-frame-number"":""success"",""filename"":""success"",""hwdec-current"":""success"",""idle-active"":""success"",""path"":""success"",""pause"":""success"",""percent-pos"":""success"",""time-pos"":""success"",""video-params"":""success"",""vo-configured"":""success""}"	true	playing	media-907addee8b	<media-path:c58db4e1cc>	30800	3	true	"{""black_screen_risk_reason"":""null"",""blocked_media_count"":0,""consecutive_failures"":0,""current_index"":3,""current_item"":{""alias"":""media-907addee8b"",""duration_ms"":30800,""offset_ms"":0,""path_alias"":""<media-path:c58db4e1cc>"",""started_at_present"":true},""last_poll_error"":""null"",""last_render_error"":""null"",""mpv_running"":true,""next_item"":{""alias"":""media-8e4d41f6c2"",""duration_ms"":7200,""path_alias"":""<media-path:3662a4e886>""},""playback_state"":""playing"",""playlist_size"":9,""present"":true,""uptime_sec"":1074}"
400	426.531	2026-07-10T20:26:20+0000	success		2	<media-path:c58db4e1cc>	<media-path:c58db4e1cc>	<filename:9b95323d7d>	13.096417	30.805333	42.513472	false	false	false	314	v4l2request-copy	true	"{""aspect"":0.5625,""dh"":640,""dw"":360,""h"":640,""par"":1.0,""pixelformat"":""nv12"",""rotate"":0,""stereo-in"":""mono"",""w"":360}"	"{""duration"":""success"",""eof-reached"":""success"",""estimated-frame-number"":""success"",""filename"":""success"",""hwdec-current"":""success"",""idle-active"":""success"",""path"":""success"",""pause"":""success"",""percent-pos"":""success"",""time-pos"":""success"",""video-params"":""success"",""vo-configured"":""success""}"	true	playing	media-907addee8b	<media-path:c58db4e1cc>	30800	3	true	"{""black_screen_risk_reason"":""null"",""blocked_media_count"":0,""consecutive_failures"":0,""current_index"":3,""current_item"":{""alias"":""media-907addee8b"",""duration_ms"":30800,""offset_ms"":0,""path_alias"":""<media-path:c58db4e1cc>"",""started_at_present"":true},""last_poll_error"":""null"",""last_render_error"":""null"",""mpv_running"":true,""next_item"":{""alias"":""media-8e4d41f6c2"",""duration_ms"":7200,""path_alias"":""<media-path:3662a4e886>""},""playback_state"":""playing"",""playlist_size"":9,""present"":true,""uptime_sec"":1079}"
401	427.537	2026-07-10T20:26:21+0000	success		2	<media-path:c58db4e1cc>	<media-path:c58db4e1cc>	<filename:9b95323d7d>	14.139125	30.805333	45.898302	false	false	false	339	v4l2request-copy	true	"{""aspect"":0.5625,""dh"":640,""dw"":360,""h"":640,""par"":1.0,""pixelformat"":""nv12"",""rotate"":0,""stereo-in"":""mono"",""w"":360}"	"{""duration"":""success"",""eof-reached"":""success"",""estimated-frame-number"":""success"",""filename"":""success"",""hwdec-current"":""success"",""idle-active"":""success"",""path"":""success"",""pause"":""success"",""percent-pos"":""success"",""time-pos"":""success"",""video-params"":""success"",""vo-configured"":""success""}"	true	playing	media-907addee8b	<media-path:c58db4e1cc>	30800	3	true	"{""black_screen_risk_reason"":""null"",""blocked_media_count"":0,""consecutive_failures"":0,""current_index"":3,""current_item"":{""alias"":""media-907addee8b"",""duration_ms"":30800,""offset_ms"":0,""path_alias"":""<media-path:c58db4e1cc>"",""started_at_present"":true},""last_poll_error"":""null"",""last_render_error"":""null"",""mpv_running"":true,""next_item"":{""alias"":""media-8e4d41f6c2"",""duration_ms"":7200,""path_alias"":""<media-path:3662a4e886>""},""playback_state"":""playing"",""playlist_size"":9,""present"":true,""uptime_sec"":1079}"
402	428.542	2026-07-10T20:26:22+0000	success		2	<media-path:c58db4e1cc>	<media-path:c58db4e1cc>	<filename:9b95323d7d>	15.140125	30.805333	49.14774	false	false	false	363	v4l2request-copy	true	"{""aspect"":0.5625,""dh"":640,""dw"":360,""h"":640,""par"":1.0,""pixelformat"":""nv12"",""rotate"":0,""stereo-in"":""mono"",""w"":360}"	"{""duration"":""success"",""eof-reached"":""success"",""estimated-frame-number"":""success"",""filename"":""success"",""hwdec-current"":""success"",""idle-active"":""success"",""path"":""success"",""pause"":""success"",""percent-pos"":""success"",""time-pos"":""success"",""video-params"":""success"",""vo-configured"":""success""}"	true	playing	media-907addee8b	<media-path:c58db4e1cc>	30800	3	true	"{""black_screen_risk_reason"":""null"",""blocked_media_count"":0,""consecutive_failures"":0,""current_index"":3,""current_item"":{""alias"":""media-907addee8b"",""duration_ms"":30800,""offset_ms"":0,""path_alias"":""<media-path:c58db4e1cc>"",""started_at_present"":true},""last_poll_error"":""null"",""last_render_error"":""null"",""mpv_running"":true,""next_item"":{""alias"":""media-8e4d41f6c2"",""duration_ms"":7200,""path_alias"":""<media-path:3662a4e886>""},""playback_state"":""playing"",""playlist_size"":9,""present"":true,""uptime_sec"":1079}"
403	429.549	2026-07-10T20:26:23+0000	success		5	<media-path:c58db4e1cc>	<media-path:c58db4e1cc>	<filename:9b95323d7d>	16.141125	30.805333	52.397177	false	false	false	387	v4l2request-copy	true	"{""aspect"":0.5625,""dh"":640,""dw"":360,""h"":640,""par"":1.0,""pixelformat"":""nv12"",""rotate"":0,""stereo-in"":""mono"",""w"":360}"	"{""duration"":""success"",""eof-reached"":""success"",""estimated-frame-number"":""success"",""filename"":""success"",""hwdec-current"":""success"",""idle-active"":""success"",""path"":""success"",""pause"":""success"",""percent-pos"":""success"",""time-pos"":""success"",""video-params"":""success"",""vo-configured"":""success""}"	true	playing	media-907addee8b	<media-path:c58db4e1cc>	30800	3	true	"{""black_screen_risk_reason"":""null"",""blocked_media_count"":0,""consecutive_failures"":0,""current_index"":3,""current_item"":{""alias"":""media-907addee8b"",""duration_ms"":30800,""offset_ms"":0,""path_alias"":""<media-path:c58db4e1cc>"",""started_at_present"":true},""last_poll_error"":""null"",""last_render_error"":""null"",""mpv_running"":true,""next_item"":{""alias"":""media-8e4d41f6c2"",""duration_ms"":7200,""path_alias"":""<media-path:3662a4e886>""},""playback_state"":""playing"",""playlist_size"":9,""present"":true,""uptime_sec"":1079}"
404	430.557	2026-07-10T20:26:24+0000	success		2	<media-path:c58db4e1cc>	<media-path:c58db4e1cc>	<filename:9b95323d7d>	17.142125	30.805333	55.646614	false	false	false	411	v4l2request-copy	true	"{""aspect"":0.5625,""dh"":640,""dw"":360,""h"":640,""par"":1.0,""pixelformat"":""nv12"",""rotate"":0,""stereo-in"":""mono"",""w"":360}"	"{""duration"":""success"",""eof-reached"":""success"",""estimated-frame-number"":""success"",""filename"":""success"",""hwdec-current"":""success"",""idle-active"":""success"",""path"":""success"",""pause"":""success"",""percent-pos"":""success"",""time-pos"":""success"",""video-params"":""success"",""vo-configured"":""success""}"	true	playing	media-907addee8b	<media-path:c58db4e1cc>	30800	3	true	"{""black_screen_risk_reason"":""null"",""blocked_media_count"":0,""consecutive_failures"":0,""current_index"":3,""current_item"":{""alias"":""media-907addee8b"",""duration_ms"":30800,""offset_ms"":0,""path_alias"":""<media-path:c58db4e1cc>"",""started_at_present"":true},""last_poll_error"":""null"",""last_render_error"":""null"",""mpv_running"":true,""next_item"":{""alias"":""media-8e4d41f6c2"",""duration_ms"":7200,""path_alias"":""<media-path:3662a4e886>""},""playback_state"":""playing"",""playlist_size"":9,""present"":true,""uptime_sec"":1079}"
405	431.561	2026-07-10T20:26:25+0000	success		2	<media-path:c58db4e1cc>	<media-path:c58db4e1cc>	<filename:9b95323d7d>	18.143125	30.805333	58.896052	false	false	false	435	v4l2request-copy	true	"{""aspect"":0.5625,""dh"":640,""dw"":360,""h"":640,""par"":1.0,""pixelformat"":""nv12"",""rotate"":0,""stereo-in"":""mono"",""w"":360}"	"{""duration"":""success"",""eof-reached"":""success"",""estimated-frame-number"":""success"",""filename"":""success"",""hwdec-current"":""success"",""idle-active"":""success"",""path"":""success"",""pause"":""success"",""percent-pos"":""success"",""time-pos"":""success"",""video-params"":""success"",""vo-configured"":""success""}"	true	playing	media-907addee8b	<media-path:c58db4e1cc>	30800	3	true	"{""black_screen_risk_reason"":""null"",""blocked_media_count"":0,""consecutive_failures"":0,""current_index"":3,""current_item"":{""alias"":""media-907addee8b"",""duration_ms"":30800,""offset_ms"":0,""path_alias"":""<media-path:c58db4e1cc>"",""started_at_present"":true},""last_poll_error"":""null"",""last_render_error"":""null"",""mpv_running"":true,""next_item"":{""alias"":""media-8e4d41f6c2"",""duration_ms"":7200,""path_alias"":""<media-path:3662a4e886>""},""playback_state"":""playing"",""playlist_size"":9,""present"":true,""uptime_sec"":1084}"
406	432.566	2026-07-10T20:26:26+0000	success		2	<media-path:c58db4e1cc>	<media-path:c58db4e1cc>	<filename:9b95323d7d>	19.144125	30.805333	62.145489	false	false	false	459	v4l2request-copy	true	"{""aspect"":0.5625,""dh"":640,""dw"":360,""h"":640,""par"":1.0,""pixelformat"":""nv12"",""rotate"":0,""stereo-in"":""mono"",""w"":360}"	"{""duration"":""success"",""eof-reached"":""success"",""estimated-frame-number"":""success"",""filename"":""success"",""hwdec-current"":""success"",""idle-active"":""success"",""path"":""success"",""pause"":""success"",""percent-pos"":""success"",""time-pos"":""success"",""video-params"":""success"",""vo-configured"":""success""}"	true	playing	media-907addee8b	<media-path:c58db4e1cc>	30800	3	true	"{""black_screen_risk_reason"":""null"",""blocked_media_count"":0,""consecutive_failures"":0,""current_index"":3,""current_item"":{""alias"":""media-907addee8b"",""duration_ms"":30800,""offset_ms"":0,""path_alias"":""<media-path:c58db4e1cc>"",""started_at_present"":true},""last_poll_error"":""null"",""last_render_error"":""null"",""mpv_running"":true,""next_item"":{""alias"":""media-8e4d41f6c2"",""duration_ms"":7200,""path_alias"":""<media-path:3662a4e886>""},""playback_state"":""playing"",""playlist_size"":9,""present"":true,""uptime_sec"":1084}"
407	433.570	2026-07-10T20:26:27+0000	success		3	<media-path:c58db4e1cc>	<media-path:c58db4e1cc>	<filename:9b95323d7d>	20.145125	30.805333	65.394926	false	false	false	483	v4l2request-copy	true	"{""aspect"":0.5625,""dh"":640,""dw"":360,""h"":640,""par"":1.0,""pixelformat"":""nv12"",""rotate"":0,""stereo-in"":""mono"",""w"":360}"	"{""duration"":""success"",""eof-reached"":""success"",""estimated-frame-number"":""success"",""filename"":""success"",""hwdec-current"":""success"",""idle-active"":""success"",""path"":""success"",""pause"":""success"",""percent-pos"":""success"",""time-pos"":""success"",""video-params"":""success"",""vo-configured"":""success""}"	true	playing	media-907addee8b	<media-path:c58db4e1cc>	30800	3	true	"{""black_screen_risk_reason"":""null"",""blocked_media_count"":0,""consecutive_failures"":0,""current_index"":3,""current_item"":{""alias"":""media-907addee8b"",""duration_ms"":30800,""offset_ms"":0,""path_alias"":""<media-path:c58db4e1cc>"",""started_at_present"":true},""last_poll_error"":""null"",""last_render_error"":""null"",""mpv_running"":true,""next_item"":{""alias"":""media-8e4d41f6c2"",""duration_ms"":7200,""path_alias"":""<media-path:3662a4e886>""},""playback_state"":""playing"",""playlist_size"":9,""present"":true,""uptime_sec"":1084}"
408	434.576	2026-07-10T20:26:28+0000	success		1	<media-path:c58db4e1cc>	<media-path:c58db4e1cc>	<filename:9b95323d7d>	21.146125	30.805333	68.644364	false	false	false	507	v4l2request-copy	true	"{""aspect"":0.5625,""dh"":640,""dw"":360,""h"":640,""par"":1.0,""pixelformat"":""nv12"",""rotate"":0,""stereo-in"":""mono"",""w"":360}"	"{""duration"":""success"",""eof-reached"":""success"",""estimated-frame-number"":""success"",""filename"":""success"",""hwdec-current"":""success"",""idle-active"":""success"",""path"":""success"",""pause"":""success"",""percent-pos"":""success"",""time-pos"":""success"",""video-params"":""success"",""vo-configured"":""success""}"	true	playing	media-907addee8b	<media-path:c58db4e1cc>	30800	3	true	"{""black_screen_risk_reason"":""null"",""blocked_media_count"":0,""consecutive_failures"":0,""current_index"":3,""current_item"":{""alias"":""media-907addee8b"",""duration_ms"":30800,""offset_ms"":0,""path_alias"":""<media-path:c58db4e1cc>"",""started_at_present"":true},""last_poll_error"":""null"",""last_render_error"":""null"",""mpv_running"":true,""next_item"":{""alias"":""media-8e4d41f6c2"",""duration_ms"":7200,""path_alias"":""<media-path:3662a4e886>""},""playback_state"":""playing"",""playlist_size"":9,""present"":true,""uptime_sec"":1084}"
409	435.579	2026-07-10T20:26:29+0000	success		2	<media-path:c58db4e1cc>	<media-path:c58db4e1cc>	<filename:9b95323d7d>	22.147125	30.805333	71.893801	false	false	false	531	v4l2request-copy	true	"{""aspect"":0.5625,""dh"":640,""dw"":360,""h"":640,""par"":1.0,""pixelformat"":""nv12"",""rotate"":0,""stereo-in"":""mono"",""w"":360}"	"{""duration"":""success"",""eof-reached"":""success"",""estimated-frame-number"":""success"",""filename"":""success"",""hwdec-current"":""success"",""idle-active"":""success"",""path"":""success"",""pause"":""success"",""percent-pos"":""success"",""time-pos"":""success"",""video-params"":""success"",""vo-configured"":""success""}"	true	playing	media-907addee8b	<media-path:c58db4e1cc>	30800	3	true	"{""black_screen_risk_reason"":""null"",""blocked_media_count"":0,""consecutive_failures"":0,""current_index"":3,""current_item"":{""alias"":""media-907addee8b"",""duration_ms"":30800,""offset_ms"":0,""path_alias"":""<media-path:c58db4e1cc>"",""started_at_present"":true},""last_poll_error"":""null"",""last_render_error"":""null"",""mpv_running"":true,""next_item"":{""alias"":""media-8e4d41f6c2"",""duration_ms"":7200,""path_alias"":""<media-path:3662a4e886>""},""playback_state"":""playing"",""playlist_size"":9,""present"":true,""uptime_sec"":1084}"
410	436.583	2026-07-10T20:26:30+0000	success		2	<media-path:c58db4e1cc>	<media-path:c58db4e1cc>	<filename:9b95323d7d>	23.148125	30.805333	75.143238	false	false	false	555	v4l2request-copy	true	"{""aspect"":0.5625,""dh"":640,""dw"":360,""h"":640,""par"":1.0,""pixelformat"":""nv12"",""rotate"":0,""stereo-in"":""mono"",""w"":360}"	"{""duration"":""success"",""eof-reached"":""success"",""estimated-frame-number"":""success"",""filename"":""success"",""hwdec-current"":""success"",""idle-active"":""success"",""path"":""success"",""pause"":""success"",""percent-pos"":""success"",""time-pos"":""success"",""video-params"":""success"",""vo-configured"":""success""}"	true	playing	media-907addee8b	<media-path:c58db4e1cc>	30800	3	true	"{""black_screen_risk_reason"":""null"",""blocked_media_count"":0,""consecutive_failures"":0,""current_index"":3,""current_item"":{""alias"":""media-907addee8b"",""duration_ms"":30800,""offset_ms"":0,""path_alias"":""<media-path:c58db4e1cc>"",""started_at_present"":true},""last_poll_error"":""null"",""last_render_error"":""null"",""mpv_running"":true,""next_item"":{""alias"":""media-8e4d41f6c2"",""duration_ms"":7200,""path_alias"":""<media-path:3662a4e886>""},""playback_state"":""playing"",""playlist_size"":9,""present"":true,""uptime_sec"":1089}"
411	437.586	2026-07-10T20:26:31+0000	success		2	<media-path:c58db4e1cc>	<media-path:c58db4e1cc>	<filename:9b95323d7d>	24.190833	30.805333	78.528069	false	false	false	580	v4l2request-copy	true	"{""aspect"":0.5625,""dh"":640,""dw"":360,""h"":640,""par"":1.0,""pixelformat"":""nv12"",""rotate"":0,""stereo-in"":""mono"",""w"":360}"	"{""duration"":""success"",""eof-reached"":""success"",""estimated-frame-number"":""success"",""filename"":""success"",""hwdec-current"":""success"",""idle-active"":""success"",""path"":""success"",""pause"":""success"",""percent-pos"":""success"",""time-pos"":""success"",""video-params"":""success"",""vo-configured"":""success""}"	true	playing	media-907addee8b	<media-path:c58db4e1cc>	30800	3	true	"{""black_screen_risk_reason"":""null"",""blocked_media_count"":0,""consecutive_failures"":0,""current_index"":3,""current_item"":{""alias"":""media-907addee8b"",""duration_ms"":30800,""offset_ms"":0,""path_alias"":""<media-path:c58db4e1cc>"",""started_at_present"":true},""last_poll_error"":""null"",""last_render_error"":""null"",""mpv_running"":true,""next_item"":{""alias"":""media-8e4d41f6c2"",""duration_ms"":7200,""path_alias"":""<media-path:3662a4e886>""},""playback_state"":""playing"",""playlist_size"":9,""present"":true,""uptime_sec"":1089}"
412	438.591	2026-07-10T20:26:32+0000	success		2	<media-path:c58db4e1cc>	<media-path:c58db4e1cc>	<filename:9b95323d7d>	25.191833	30.805333	81.777506	false	false	false	604	v4l2request-copy	true	"{""aspect"":0.5625,""dh"":640,""dw"":360,""h"":640,""par"":1.0,""pixelformat"":""nv12"",""rotate"":0,""stereo-in"":""mono"",""w"":360}"	"{""duration"":""success"",""eof-reached"":""success"",""estimated-frame-number"":""success"",""filename"":""success"",""hwdec-current"":""success"",""idle-active"":""success"",""path"":""success"",""pause"":""success"",""percent-pos"":""success"",""time-pos"":""success"",""video-params"":""success"",""vo-configured"":""success""}"	true	playing	media-907addee8b	<media-path:c58db4e1cc>	30800	3	true	"{""black_screen_risk_reason"":""null"",""blocked_media_count"":0,""consecutive_failures"":0,""current_index"":3,""current_item"":{""alias"":""media-907addee8b"",""duration_ms"":30800,""offset_ms"":0,""path_alias"":""<media-path:c58db4e1cc>"",""started_at_present"":true},""last_poll_error"":""null"",""last_render_error"":""null"",""mpv_running"":true,""next_item"":{""alias"":""media-8e4d41f6c2"",""duration_ms"":7200,""path_alias"":""<media-path:3662a4e886>""},""playback_state"":""playing"",""playlist_size"":9,""present"":true,""uptime_sec"":1089}"
413	439.597	2026-07-10T20:26:33+0000	success		7	<media-path:c58db4e1cc>	<media-path:c58db4e1cc>	<filename:9b95323d7d>	26.192833	30.805333	85.026943	false	false	false	627	v4l2request-copy	true	"{""aspect"":0.5625,""dh"":640,""dw"":360,""h"":640,""par"":1.0,""pixelformat"":""nv12"",""rotate"":0,""stereo-in"":""mono"",""w"":360}"	"{""duration"":""success"",""eof-reached"":""success"",""estimated-frame-number"":""success"",""filename"":""success"",""hwdec-current"":""success"",""idle-active"":""success"",""path"":""success"",""pause"":""success"",""percent-pos"":""success"",""time-pos"":""success"",""video-params"":""success"",""vo-configured"":""success""}"	true	playing	media-907addee8b	<media-path:c58db4e1cc>	30800	3	true	"{""black_screen_risk_reason"":""null"",""blocked_media_count"":0,""consecutive_failures"":0,""current_index"":3,""current_item"":{""alias"":""media-907addee8b"",""duration_ms"":30800,""offset_ms"":0,""path_alias"":""<media-path:c58db4e1cc>"",""started_at_present"":true},""last_poll_error"":""null"",""last_render_error"":""null"",""mpv_running"":true,""next_item"":{""alias"":""media-8e4d41f6c2"",""duration_ms"":7200,""path_alias"":""<media-path:3662a4e886>""},""playback_state"":""playing"",""playlist_size"":9,""present"":true,""uptime_sec"":1089}"
414	440.606	2026-07-10T20:26:34+0000	success		2	<media-path:c58db4e1cc>	<media-path:c58db4e1cc>	<filename:9b95323d7d>	27.193833	30.805333	88.276381	false	false	false	651	v4l2request-copy	true	"{""aspect"":0.5625,""dh"":640,""dw"":360,""h"":640,""par"":1.0,""pixelformat"":""nv12"",""rotate"":0,""stereo-in"":""mono"",""w"":360}"	"{""duration"":""success"",""eof-reached"":""success"",""estimated-frame-number"":""success"",""filename"":""success"",""hwdec-current"":""success"",""idle-active"":""success"",""path"":""success"",""pause"":""success"",""percent-pos"":""success"",""time-pos"":""success"",""video-params"":""success"",""vo-configured"":""success""}"	true	playing	media-907addee8b	<media-path:c58db4e1cc>	30800	3	true	"{""black_screen_risk_reason"":""null"",""blocked_media_count"":0,""consecutive_failures"":0,""current_index"":3,""current_item"":{""alias"":""media-907addee8b"",""duration_ms"":30800,""offset_ms"":0,""path_alias"":""<media-path:c58db4e1cc>"",""started_at_present"":true},""last_poll_error"":""null"",""last_render_error"":""null"",""mpv_running"":true,""next_item"":{""alias"":""media-8e4d41f6c2"",""duration_ms"":7200,""path_alias"":""<media-path:3662a4e886>""},""playback_state"":""playing"",""playlist_size"":9,""present"":true,""uptime_sec"":1089}"
415	441.610	2026-07-10T20:26:35+0000	success		3	<media-path:c58db4e1cc>	<media-path:c58db4e1cc>	<filename:9b95323d7d>	28.194833	30.805333	91.525818	false	false	false	675	v4l2request-copy	true	"{""aspect"":0.5625,""dh"":640,""dw"":360,""h"":640,""par"":1.0,""pixelformat"":""nv12"",""rotate"":0,""stereo-in"":""mono"",""w"":360}"	"{""duration"":""success"",""eof-reached"":""success"",""estimated-frame-number"":""success"",""filename"":""success"",""hwdec-current"":""success"",""idle-active"":""success"",""path"":""success"",""pause"":""success"",""percent-pos"":""success"",""time-pos"":""success"",""video-params"":""success"",""vo-configured"":""success""}"	true	playing	media-907addee8b	<media-path:c58db4e1cc>	30800	3	true	"{""black_screen_risk_reason"":""null"",""blocked_media_count"":0,""consecutive_failures"":0,""current_index"":3,""current_item"":{""alias"":""media-907addee8b"",""duration_ms"":30800,""offset_ms"":0,""path_alias"":""<media-path:c58db4e1cc>"",""started_at_present"":true},""last_poll_error"":""null"",""last_render_error"":""null"",""mpv_running"":true,""next_item"":{""alias"":""media-8e4d41f6c2"",""duration_ms"":7200,""path_alias"":""<media-path:3662a4e886>""},""playback_state"":""playing"",""playlist_size"":9,""present"":true,""uptime_sec"":1094}"
416	442.616	2026-07-10T20:26:36+0000	success		3	<media-path:c58db4e1cc>	<media-path:c58db4e1cc>	<filename:9b95323d7d>	29.195833	30.805333	94.775255	false	false	false	699	v4l2request-copy	true	"{""aspect"":0.5625,""dh"":640,""dw"":360,""h"":640,""par"":1.0,""pixelformat"":""nv12"",""rotate"":0,""stereo-in"":""mono"",""w"":360}"	"{""duration"":""success"",""eof-reached"":""success"",""estimated-frame-number"":""success"",""filename"":""success"",""hwdec-current"":""success"",""idle-active"":""success"",""path"":""success"",""pause"":""success"",""percent-pos"":""success"",""time-pos"":""success"",""video-params"":""success"",""vo-configured"":""success""}"	true	playing	media-907addee8b	<media-path:c58db4e1cc>	30800	3	true	"{""black_screen_risk_reason"":""null"",""blocked_media_count"":0,""consecutive_failures"":0,""current_index"":3,""current_item"":{""alias"":""media-907addee8b"",""duration_ms"":30800,""offset_ms"":0,""path_alias"":""<media-path:c58db4e1cc>"",""started_at_present"":true},""last_poll_error"":""null"",""last_render_error"":""null"",""mpv_running"":true,""next_item"":{""alias"":""media-8e4d41f6c2"",""duration_ms"":7200,""path_alias"":""<media-path:3662a4e886>""},""playback_state"":""playing"",""playlist_size"":9,""present"":true,""uptime_sec"":1094}"
417	443.622	2026-07-10T20:26:37+0000	success		2	<media-path:c58db4e1cc>	<media-path:c58db4e1cc>	<filename:9b95323d7d>	30.196833	30.805333	98.024693	false	false	false	723	v4l2request-copy	true	"{""aspect"":0.5625,""dh"":640,""dw"":360,""h"":640,""par"":1.0,""pixelformat"":""nv12"",""rotate"":0,""stereo-in"":""mono"",""w"":360}"	"{""duration"":""success"",""eof-reached"":""success"",""estimated-frame-number"":""success"",""filename"":""success"",""hwdec-current"":""success"",""idle-active"":""success"",""path"":""success"",""pause"":""success"",""percent-pos"":""success"",""time-pos"":""success"",""video-params"":""success"",""vo-configured"":""success""}"	true	playing	media-907addee8b	<media-path:c58db4e1cc>	30800	3	true	"{""black_screen_risk_reason"":""null"",""blocked_media_count"":0,""consecutive_failures"":0,""current_index"":3,""current_item"":{""alias"":""media-907addee8b"",""duration_ms"":30800,""offset_ms"":0,""path_alias"":""<media-path:c58db4e1cc>"",""started_at_present"":true},""last_poll_error"":""null"",""last_render_error"":""null"",""mpv_running"":true,""next_item"":{""alias"":""media-8e4d41f6c2"",""duration_ms"":7200,""path_alias"":""<media-path:3662a4e886>""},""playback_state"":""playing"",""playlist_size"":9,""present"":true,""uptime_sec"":1094}"
418	444.627	2026-07-10T20:26:38+0000	success		2	<media-path:3662a4e886>	<media-path:3662a4e886>	<filename:0a2aeee29a>	0.266667	7.221406	3.692725	false	false	false	8	v4l2request-copy	true	"{""aspect"":0.5625,""dh"":1024,""dw"":576,""h"":1024,""par"":1.0,""pixelformat"":""nv12"",""rotate"":0,""stereo-in"":""mono"",""w"":576}"	"{""duration"":""success"",""eof-reached"":""success"",""estimated-frame-number"":""success"",""filename"":""success"",""hwdec-current"":""success"",""idle-active"":""success"",""path"":""success"",""pause"":""success"",""percent-pos"":""success"",""time-pos"":""success"",""video-params"":""success"",""vo-configured"":""success""}"	true	playing	media-907addee8b	<media-path:c58db4e1cc>	30800	3	true	"{""black_screen_risk_reason"":""null"",""blocked_media_count"":0,""consecutive_failures"":0,""current_index"":3,""current_item"":{""alias"":""media-907addee8b"",""duration_ms"":30800,""offset_ms"":0,""path_alias"":""<media-path:c58db4e1cc>"",""started_at_present"":true},""last_poll_error"":""null"",""last_render_error"":""null"",""mpv_running"":true,""next_item"":{""alias"":""media-8e4d41f6c2"",""duration_ms"":7200,""path_alias"":""<media-path:3662a4e886>""},""playback_state"":""playing"",""playlist_size"":9,""present"":true,""uptime_sec"":1094}"
419	445.634	2026-07-10T20:26:39+0000	success		13	<media-path:3662a4e886>	<media-path:3662a4e886>	<filename:0a2aeee29a>	1.266667	7.221406	17.540444	false	false	false	38	v4l2request-copy	true	"{""aspect"":0.5625,""dh"":1024,""dw"":576,""h"":1024,""par"":1.0,""pixelformat"":""nv12"",""rotate"":0,""stereo-in"":""mono"",""w"":576}"	"{""duration"":""success"",""eof-reached"":""success"",""estimated-frame-number"":""success"",""filename"":""success"",""hwdec-current"":""success"",""idle-active"":""success"",""path"":""success"",""pause"":""success"",""percent-pos"":""success"",""time-pos"":""success"",""video-params"":""success"",""vo-configured"":""success""}"	true	playing	media-907addee8b	<media-path:c58db4e1cc>	30800	3	true	"{""black_screen_risk_reason"":""null"",""blocked_media_count"":0,""consecutive_failures"":0,""current_index"":3,""current_item"":{""alias"":""media-907addee8b"",""duration_ms"":30800,""offset_ms"":0,""path_alias"":""<media-path:c58db4e1cc>"",""started_at_present"":true},""last_poll_error"":""null"",""last_render_error"":""null"",""mpv_running"":true,""next_item"":{""alias"":""media-8e4d41f6c2"",""duration_ms"":7200,""path_alias"":""<media-path:3662a4e886>""},""playback_state"":""playing"",""playlist_size"":9,""present"":true,""uptime_sec"":1094}"
420	446.649	2026-07-10T20:26:40+0000	success		2	<media-path:3662a4e886>	<media-path:3662a4e886>	<filename:0a2aeee29a>	2.3	7.221406	31.849754	false	false	false	68	v4l2request-copy	true	"{""aspect"":0.5625,""dh"":1024,""dw"":576,""h"":1024,""par"":1.0,""pixelformat"":""nv12"",""rotate"":0,""stereo-in"":""mono"",""w"":576}"	"{""duration"":""success"",""eof-reached"":""success"",""estimated-frame-number"":""success"",""filename"":""success"",""hwdec-current"":""success"",""idle-active"":""success"",""path"":""success"",""pause"":""success"",""percent-pos"":""success"",""time-pos"":""success"",""video-params"":""success"",""vo-configured"":""success""}"	true	playing	media-8e4d41f6c2	<media-path:3662a4e886>	7200	4	true	"{""black_screen_risk_reason"":""null"",""blocked_media_count"":0,""consecutive_failures"":0,""current_index"":4,""current_item"":{""alias"":""media-8e4d41f6c2"",""duration_ms"":7200,""offset_ms"":0,""path_alias"":""<media-path:3662a4e886>"",""started_at_present"":true},""last_poll_error"":""null"",""last_render_error"":""null"",""mpv_running"":true,""next_item"":{""alias"":""media-fba32b0055"",""duration_ms"":5100,""path_alias"":""<media-path:97100fcdae>""},""playback_state"":""playing"",""playlist_size"":9,""present"":true,""uptime_sec"":1099}"
421	447.654	2026-07-10T20:26:41+0000	success		2	<media-path:3662a4e886>	<media-path:3662a4e886>	<filename:0a2aeee29a>	3.3	7.221406	45.697473	false	false	false	98	v4l2request-copy	true	"{""aspect"":0.5625,""dh"":1024,""dw"":576,""h"":1024,""par"":1.0,""pixelformat"":""nv12"",""rotate"":0,""stereo-in"":""mono"",""w"":576}"	"{""duration"":""success"",""eof-reached"":""success"",""estimated-frame-number"":""success"",""filename"":""success"",""hwdec-current"":""success"",""idle-active"":""success"",""path"":""success"",""pause"":""success"",""percent-pos"":""success"",""time-pos"":""success"",""video-params"":""success"",""vo-configured"":""success""}"	true	playing	media-8e4d41f6c2	<media-path:3662a4e886>	7200	4	true	"{""black_screen_risk_reason"":""null"",""blocked_media_count"":0,""consecutive_failures"":0,""current_index"":4,""current_item"":{""alias"":""media-8e4d41f6c2"",""duration_ms"":7200,""offset_ms"":0,""path_alias"":""<media-path:3662a4e886>"",""started_at_present"":true},""last_poll_error"":""null"",""last_render_error"":""null"",""mpv_running"":true,""next_item"":{""alias"":""media-fba32b0055"",""duration_ms"":5100,""path_alias"":""<media-path:97100fcdae>""},""playback_state"":""playing"",""playlist_size"":9,""present"":true,""uptime_sec"":1099}"
422	448.659	2026-07-10T20:26:42+0000	success		2	<media-path:3662a4e886>	<media-path:3662a4e886>	<filename:0a2aeee29a>	4.3	7.221406	59.545192	false	false	false	128	v4l2request-copy	true	"{""aspect"":0.5625,""dh"":1024,""dw"":576,""h"":1024,""par"":1.0,""pixelformat"":""nv12"",""rotate"":0,""stereo-in"":""mono"",""w"":576}"	"{""duration"":""success"",""eof-reached"":""success"",""estimated-frame-number"":""success"",""filename"":""success"",""hwdec-current"":""success"",""idle-active"":""success"",""path"":""success"",""pause"":""success"",""percent-pos"":""success"",""time-pos"":""success"",""video-params"":""success"",""vo-configured"":""success""}"	true	playing	media-8e4d41f6c2	<media-path:3662a4e886>	7200	4	true	"{""black_screen_risk_reason"":""null"",""blocked_media_count"":0,""consecutive_failures"":0,""current_index"":4,""current_item"":{""alias"":""media-8e4d41f6c2"",""duration_ms"":7200,""offset_ms"":0,""path_alias"":""<media-path:3662a4e886>"",""started_at_present"":true},""last_poll_error"":""null"",""last_render_error"":""null"",""mpv_running"":true,""next_item"":{""alias"":""media-fba32b0055"",""duration_ms"":5100,""path_alias"":""<media-path:97100fcdae>""},""playback_state"":""playing"",""playlist_size"":9,""present"":true,""uptime_sec"":1099}"
423	449.663	2026-07-10T20:26:43+0000	success		14	<media-path:3662a4e886>	<media-path:3662a4e886>	<filename:0a2aeee29a>	5.3	7.221406	73.392911	false	false	false	158	v4l2request-copy	true	"{""aspect"":0.5625,""dh"":1024,""dw"":576,""h"":1024,""par"":1.0,""pixelformat"":""nv12"",""rotate"":0,""stereo-in"":""mono"",""w"":576}"	"{""duration"":""success"",""eof-reached"":""success"",""estimated-frame-number"":""success"",""filename"":""success"",""hwdec-current"":""success"",""idle-active"":""success"",""path"":""success"",""pause"":""success"",""percent-pos"":""success"",""time-pos"":""success"",""video-params"":""success"",""vo-configured"":""success""}"	true	playing	media-8e4d41f6c2	<media-path:3662a4e886>	7200	4	true	"{""black_screen_risk_reason"":""null"",""blocked_media_count"":0,""consecutive_failures"":0,""current_index"":4,""current_item"":{""alias"":""media-8e4d41f6c2"",""duration_ms"":7200,""offset_ms"":0,""path_alias"":""<media-path:3662a4e886>"",""started_at_present"":true},""last_poll_error"":""null"",""last_render_error"":""null"",""mpv_running"":true,""next_item"":{""alias"":""media-fba32b0055"",""duration_ms"":5100,""path_alias"":""<media-path:97100fcdae>""},""playback_state"":""playing"",""playlist_size"":9,""present"":true,""uptime_sec"":1099}"
424	450.680	2026-07-10T20:26:44+0000	success		16	<media-path:3662a4e886>	<media-path:3662a4e886>	<filename:0a2aeee29a>	6.333333	7.221406	87.702221	false	false	false	189	v4l2request-copy	true	"{""aspect"":0.5625,""dh"":1024,""dw"":576,""h"":1024,""par"":1.0,""pixelformat"":""nv12"",""rotate"":0,""stereo-in"":""mono"",""w"":576}"	"{""duration"":""success"",""eof-reached"":""success"",""estimated-frame-number"":""success"",""filename"":""success"",""hwdec-current"":""success"",""idle-active"":""success"",""path"":""success"",""pause"":""success"",""percent-pos"":""success"",""time-pos"":""success"",""video-params"":""success"",""vo-configured"":""success""}"	true	playing	media-8e4d41f6c2	<media-path:3662a4e886>	7200	4	true	"{""black_screen_risk_reason"":""null"",""blocked_media_count"":0,""consecutive_failures"":0,""current_index"":4,""current_item"":{""alias"":""media-8e4d41f6c2"",""duration_ms"":7200,""offset_ms"":0,""path_alias"":""<media-path:3662a4e886>"",""started_at_present"":true},""last_poll_error"":""null"",""last_render_error"":""null"",""mpv_running"":true,""next_item"":{""alias"":""media-fba32b0055"",""duration_ms"":5100,""path_alias"":""<media-path:97100fcdae>""},""playback_state"":""playing"",""playlist_size"":9,""present"":true,""uptime_sec"":1099}"
425	451.700	2026-07-10T20:26:45+0000	success		2	<media-path:97100fcdae>	<media-path:97100fcdae>	<filename:a4bfef2b1b>	0.033333	5.06195	0.658508	false	false	false	1	v4l2request-copy	true	"{""aspect"":0.697674,""dh"":688,""dw"":480,""h"":688,""par"":1.0,""pixelformat"":""nv12"",""rotate"":0,""stereo-in"":""mono"",""w"":480}"	"{""duration"":""success"",""eof-reached"":""success"",""estimated-frame-number"":""success"",""filename"":""success"",""hwdec-current"":""success"",""idle-active"":""success"",""path"":""success"",""pause"":""success"",""percent-pos"":""success"",""time-pos"":""success"",""video-params"":""success"",""vo-configured"":""success""}"	true	playing	media-8e4d41f6c2	<media-path:3662a4e886>	7200	4	true	"{""black_screen_risk_reason"":""null"",""blocked_media_count"":0,""consecutive_failures"":0,""current_index"":4,""current_item"":{""alias"":""media-8e4d41f6c2"",""duration_ms"":7200,""offset_ms"":0,""path_alias"":""<media-path:3662a4e886>"",""started_at_present"":true},""last_poll_error"":""null"",""last_render_error"":""null"",""mpv_running"":true,""next_item"":{""alias"":""media-fba32b0055"",""duration_ms"":5100,""path_alias"":""<media-path:97100fcdae>""},""playback_state"":""playing"",""playlist_size"":9,""present"":true,""uptime_sec"":1104}"
426	452.704	2026-07-10T20:26:46+0000	success		2	<media-path:97100fcdae>	<media-path:97100fcdae>	<filename:a4bfef2b1b>	1.066667	5.06195	21.072248	false	false	false	32	v4l2request-copy	true	"{""aspect"":0.697674,""dh"":688,""dw"":480,""h"":688,""par"":1.0,""pixelformat"":""nv12"",""rotate"":0,""stereo-in"":""mono"",""w"":480}"	"{""duration"":""success"",""eof-reached"":""success"",""estimated-frame-number"":""success"",""filename"":""success"",""hwdec-current"":""success"",""idle-active"":""success"",""path"":""success"",""pause"":""success"",""percent-pos"":""success"",""time-pos"":""success"",""video-params"":""success"",""vo-configured"":""success""}"	true	playing	media-8e4d41f6c2	<media-path:3662a4e886>	7200	4	true	"{""black_screen_risk_reason"":""null"",""blocked_media_count"":0,""consecutive_failures"":0,""current_index"":4,""current_item"":{""alias"":""media-8e4d41f6c2"",""duration_ms"":7200,""offset_ms"":0,""path_alias"":""<media-path:3662a4e886>"",""started_at_present"":true},""last_poll_error"":""null"",""last_render_error"":""null"",""mpv_running"":true,""next_item"":{""alias"":""media-fba32b0055"",""duration_ms"":5100,""path_alias"":""<media-path:97100fcdae>""},""playback_state"":""playing"",""playlist_size"":9,""present"":true,""uptime_sec"":1104}"
427	453.709	2026-07-10T20:26:47+0000	success		5	<media-path:97100fcdae>	<media-path:97100fcdae>	<filename:a4bfef2b1b>	2.066667	5.06195	40.82748	false	false	false	62	v4l2request-copy	true	"{""aspect"":0.697674,""dh"":688,""dw"":480,""h"":688,""par"":1.0,""pixelformat"":""nv12"",""rotate"":0,""stereo-in"":""mono"",""w"":480}"	"{""duration"":""success"",""eof-reached"":""success"",""estimated-frame-number"":""success"",""filename"":""success"",""hwdec-current"":""success"",""idle-active"":""success"",""path"":""success"",""pause"":""success"",""percent-pos"":""success"",""time-pos"":""success"",""video-params"":""success"",""vo-configured"":""success""}"	true	playing	media-8e4d41f6c2	<media-path:3662a4e886>	7200	4	true	"{""black_screen_risk_reason"":""null"",""blocked_media_count"":0,""consecutive_failures"":0,""current_index"":4,""current_item"":{""alias"":""media-8e4d41f6c2"",""duration_ms"":7200,""offset_ms"":0,""path_alias"":""<media-path:3662a4e886>"",""started_at_present"":true},""last_poll_error"":""null"",""last_render_error"":""null"",""mpv_running"":true,""next_item"":{""alias"":""media-fba32b0055"",""duration_ms"":5100,""path_alias"":""<media-path:97100fcdae>""},""playback_state"":""playing"",""playlist_size"":9,""present"":true,""uptime_sec"":1104}"
428	454.716	2026-07-10T20:26:48+0000	success		2	<media-path:97100fcdae>	<media-path:97100fcdae>	<filename:a4bfef2b1b>	3.066667	5.06195	60.582712	false	false	false	91	v4l2request-copy	true	"{""aspect"":0.697674,""dh"":688,""dw"":480,""h"":688,""par"":1.0,""pixelformat"":""nv12"",""rotate"":0,""stereo-in"":""mono"",""w"":480}"	"{""duration"":""success"",""eof-reached"":""success"",""estimated-frame-number"":""success"",""filename"":""success"",""hwdec-current"":""success"",""idle-active"":""success"",""path"":""success"",""pause"":""success"",""percent-pos"":""success"",""time-pos"":""success"",""video-params"":""success"",""vo-configured"":""success""}"	true	playing	media-8e4d41f6c2	<media-path:3662a4e886>	7200	4	true	"{""black_screen_risk_reason"":""null"",""blocked_media_count"":0,""consecutive_failures"":0,""current_index"":4,""current_item"":{""alias"":""media-8e4d41f6c2"",""duration_ms"":7200,""offset_ms"":0,""path_alias"":""<media-path:3662a4e886>"",""started_at_present"":true},""last_poll_error"":""null"",""last_render_error"":""null"",""mpv_running"":true,""next_item"":{""alias"":""media-fba32b0055"",""duration_ms"":5100,""path_alias"":""<media-path:97100fcdae>""},""playback_state"":""playing"",""playlist_size"":9,""present"":true,""uptime_sec"":1104}"
429	455.720	2026-07-10T20:26:49+0000	success		3	<media-path:97100fcdae>	<media-path:97100fcdae>	<filename:a4bfef2b1b>	4.066667	5.06195	80.337944	false	false	false	121	v4l2request-copy	true	"{""aspect"":0.697674,""dh"":688,""dw"":480,""h"":688,""par"":1.0,""pixelformat"":""nv12"",""rotate"":0,""stereo-in"":""mono"",""w"":480}"	"{""duration"":""success"",""eof-reached"":""success"",""estimated-frame-number"":""success"",""filename"":""success"",""hwdec-current"":""success"",""idle-active"":""success"",""path"":""success"",""pause"":""success"",""percent-pos"":""success"",""time-pos"":""success"",""video-params"":""success"",""vo-configured"":""success""}"	true	playing	media-8e4d41f6c2	<media-path:3662a4e886>	7200	4	true	"{""black_screen_risk_reason"":""null"",""blocked_media_count"":0,""consecutive_failures"":0,""current_index"":4,""current_item"":{""alias"":""media-8e4d41f6c2"",""duration_ms"":7200,""offset_ms"":0,""path_alias"":""<media-path:3662a4e886>"",""started_at_present"":true},""last_poll_error"":""null"",""last_render_error"":""null"",""mpv_running"":true,""next_item"":{""alias"":""media-fba32b0055"",""duration_ms"":5100,""path_alias"":""<media-path:97100fcdae>""},""playback_state"":""playing"",""playlist_size"":9,""present"":true,""uptime_sec"":1104}"
430	456.726	2026-07-10T20:26:50+0000	success		2	<media-path:97100fcdae>	<media-path:97100fcdae>	<filename:a4bfef2b1b>	0	5.06195	0	false	false	false	0	v4l2request-copy	true	"{""aspect"":0.697674,""dh"":688,""dw"":480,""h"":688,""par"":1.0,""pixelformat"":""nv12"",""rotate"":0,""stereo-in"":""mono"",""w"":480}"	"{""duration"":""success"",""eof-reached"":""success"",""estimated-frame-number"":""success"",""filename"":""success"",""hwdec-current"":""success"",""idle-active"":""success"",""path"":""success"",""pause"":""success"",""percent-pos"":""success"",""time-pos"":""success"",""video-params"":""success"",""vo-configured"":""success""}"	true	playing	media-fba32b0055	<media-path:97100fcdae>	5100	5	true	"{""black_screen_risk_reason"":""null"",""blocked_media_count"":0,""consecutive_failures"":0,""current_index"":5,""current_item"":{""alias"":""media-fba32b0055"",""duration_ms"":5100,""offset_ms"":0,""path_alias"":""<media-path:97100fcdae>"",""started_at_present"":true},""last_poll_error"":""null"",""last_render_error"":""null"",""mpv_running"":true,""next_item"":{""alias"":""media-749f1db21b"",""duration_ms"":3900,""path_alias"":""<media-path:31af3d58a2>""},""playback_state"":""playing"",""playlist_size"":9,""present"":true,""uptime_sec"":1109}"
431	457.730	2026-07-10T20:26:51+0000	success		2	<media-path:31af3d58a2>	<media-path:31af3d58a2>	<filename:92829f14a9>	0.8	3.9	20.512821	false	false	false	24	v4l2request-copy	true	"{""aspect"":0.566038,""dh"":848,""dw"":480,""h"":848,""par"":1.0,""pixelformat"":""nv12"",""rotate"":0,""stereo-in"":""mono"",""w"":480}"	"{""duration"":""success"",""eof-reached"":""success"",""estimated-frame-number"":""success"",""filename"":""success"",""hwdec-current"":""success"",""idle-active"":""success"",""path"":""success"",""pause"":""success"",""percent-pos"":""success"",""time-pos"":""success"",""video-params"":""success"",""vo-configured"":""success""}"	true	playing	media-fba32b0055	<media-path:97100fcdae>	5100	5	true	"{""black_screen_risk_reason"":""null"",""blocked_media_count"":0,""consecutive_failures"":0,""current_index"":5,""current_item"":{""alias"":""media-fba32b0055"",""duration_ms"":5100,""offset_ms"":0,""path_alias"":""<media-path:97100fcdae>"",""started_at_present"":true},""last_poll_error"":""null"",""last_render_error"":""null"",""mpv_running"":true,""next_item"":{""alias"":""media-749f1db21b"",""duration_ms"":3900,""path_alias"":""<media-path:31af3d58a2>""},""playback_state"":""playing"",""playlist_size"":9,""present"":true,""uptime_sec"":1109}"
432	458.734	2026-07-10T20:26:52+0000	success		13	<media-path:31af3d58a2>	<media-path:31af3d58a2>	<filename:92829f14a9>	1.8	3.9	46.153846	false	false	false	54	v4l2request-copy	true	"{""aspect"":0.566038,""dh"":848,""dw"":480,""h"":848,""par"":1.0,""pixelformat"":""nv12"",""rotate"":0,""stereo-in"":""mono"",""w"":480}"	"{""duration"":""success"",""eof-reached"":""success"",""estimated-frame-number"":""success"",""filename"":""success"",""hwdec-current"":""success"",""idle-active"":""success"",""path"":""success"",""pause"":""success"",""percent-pos"":""success"",""time-pos"":""success"",""video-params"":""success"",""vo-configured"":""success""}"	true	playing	media-fba32b0055	<media-path:97100fcdae>	5100	5	true	"{""black_screen_risk_reason"":""null"",""blocked_media_count"":0,""consecutive_failures"":0,""current_index"":5,""current_item"":{""alias"":""media-fba32b0055"",""duration_ms"":5100,""offset_ms"":0,""path_alias"":""<media-path:97100fcdae>"",""started_at_present"":true},""last_poll_error"":""null"",""last_render_error"":""null"",""mpv_running"":true,""next_item"":{""alias"":""media-749f1db21b"",""duration_ms"":3900,""path_alias"":""<media-path:31af3d58a2>""},""playback_state"":""playing"",""playlist_size"":9,""present"":true,""uptime_sec"":1109}"
433	459.751	2026-07-10T20:26:53+0000	success		2	<media-path:31af3d58a2>	<media-path:31af3d58a2>	<filename:92829f14a9>	2.833333	3.9	72.649573	false	false	false	84	v4l2request-copy	true	"{""aspect"":0.566038,""dh"":848,""dw"":480,""h"":848,""par"":1.0,""pixelformat"":""nv12"",""rotate"":0,""stereo-in"":""mono"",""w"":480}"	"{""duration"":""success"",""eof-reached"":""success"",""estimated-frame-number"":""success"",""filename"":""success"",""hwdec-current"":""success"",""idle-active"":""success"",""path"":""success"",""pause"":""success"",""percent-pos"":""success"",""time-pos"":""success"",""video-params"":""success"",""vo-configured"":""success""}"	true	playing	media-fba32b0055	<media-path:97100fcdae>	5100	5	true	"{""black_screen_risk_reason"":""null"",""blocked_media_count"":0,""consecutive_failures"":0,""current_index"":5,""current_item"":{""alias"":""media-fba32b0055"",""duration_ms"":5100,""offset_ms"":0,""path_alias"":""<media-path:97100fcdae>"",""started_at_present"":true},""last_poll_error"":""null"",""last_render_error"":""null"",""mpv_running"":true,""next_item"":{""alias"":""media-749f1db21b"",""duration_ms"":3900,""path_alias"":""<media-path:31af3d58a2>""},""playback_state"":""playing"",""playlist_size"":9,""present"":true,""uptime_sec"":1109}"
434	460.757	2026-07-10T20:26:54+0000	success		2	<media-path:31af3d58a2>	<media-path:31af3d58a2>	<filename:92829f14a9>	3.833333	3.9	98.290598	false	false	false	114	v4l2request-copy	true	"{""aspect"":0.566038,""dh"":848,""dw"":480,""h"":848,""par"":1.0,""pixelformat"":""nv12"",""rotate"":0,""stereo-in"":""mono"",""w"":480}"	"{""duration"":""success"",""eof-reached"":""success"",""estimated-frame-number"":""success"",""filename"":""success"",""hwdec-current"":""success"",""idle-active"":""success"",""path"":""success"",""pause"":""success"",""percent-pos"":""success"",""time-pos"":""success"",""video-params"":""success"",""vo-configured"":""success""}"	true	playing	media-fba32b0055	<media-path:97100fcdae>	5100	5	true	"{""black_screen_risk_reason"":""null"",""blocked_media_count"":0,""consecutive_failures"":0,""current_index"":5,""current_item"":{""alias"":""media-fba32b0055"",""duration_ms"":5100,""offset_ms"":0,""path_alias"":""<media-path:97100fcdae>"",""started_at_present"":true},""last_poll_error"":""null"",""last_render_error"":""null"",""mpv_running"":true,""next_item"":{""alias"":""media-749f1db21b"",""duration_ms"":3900,""path_alias"":""<media-path:31af3d58a2>""},""playback_state"":""playing"",""playlist_size"":9,""present"":true,""uptime_sec"":1109}"
435	461.761	2026-07-10T20:26:55+0000	success		384	<media-path:3ba49b8978>	<media-path:3ba49b8978>	<filename:e511e8bce0>	0.467133	28.061367	1.902497	false	false	false	18	v4l2request-copy	true	"{""aspect"":0.5625,""dh"":1920,""dw"":1080,""h"":1920,""par"":1.0,""pixelformat"":""nv12"",""rotate"":0,""stereo-in"":""mono"",""w"":1080}"	"{""duration"":""success"",""eof-reached"":""success"",""estimated-frame-number"":""success"",""filename"":""success"",""hwdec-current"":""success"",""idle-active"":""success"",""path"":""success"",""pause"":""success"",""percent-pos"":""success"",""time-pos"":""success"",""video-params"":""success"",""vo-configured"":""success""}"	true	playing	media-749f1db21b	<media-path:31af3d58a2>	3900	6	true	"{""black_screen_risk_reason"":""null"",""blocked_media_count"":0,""consecutive_failures"":0,""current_index"":6,""current_item"":{""alias"":""media-749f1db21b"",""duration_ms"":3900,""offset_ms"":0,""path_alias"":""<media-path:31af3d58a2>"",""started_at_present"":true},""last_poll_error"":""null"",""last_render_error"":""null"",""mpv_running"":true,""next_item"":{""alias"":""media-b8c9a5f04c"",""duration_ms"":28100,""path_alias"":""<media-path:3ba49b8978>""},""playback_state"":""playing"",""playlist_size"":9,""present"":true,""uptime_sec"":1114}"
436	463.148	2026-07-10T20:26:57+0000	success		485	<media-path:3ba49b8978>	<media-path:3ba49b8978>	<filename:e511e8bce0>	1.534867	28.061367	5.707491	false	false	false	50	v4l2request-copy	true	"{""aspect"":0.5625,""dh"":1920,""dw"":1080,""h"":1920,""par"":1.0,""pixelformat"":""nv12"",""rotate"":0,""stereo-in"":""mono"",""w"":1080}"	"{""duration"":""success"",""eof-reached"":""success"",""estimated-frame-number"":""success"",""filename"":""success"",""hwdec-current"":""success"",""idle-active"":""success"",""path"":""success"",""pause"":""success"",""percent-pos"":""success"",""time-pos"":""success"",""video-params"":""success"",""vo-configured"":""success""}"	true	playing	media-749f1db21b	<media-path:31af3d58a2>	3900	6	true	"{""black_screen_risk_reason"":""null"",""blocked_media_count"":0,""consecutive_failures"":0,""current_index"":6,""current_item"":{""alias"":""media-749f1db21b"",""duration_ms"":3900,""offset_ms"":0,""path_alias"":""<media-path:31af3d58a2>"",""started_at_present"":true},""last_poll_error"":""null"",""last_render_error"":""null"",""mpv_running"":true,""next_item"":{""alias"":""media-b8c9a5f04c"",""duration_ms"":28100,""path_alias"":""<media-path:3ba49b8978>""},""playback_state"":""playing"",""playlist_size"":9,""present"":true,""uptime_sec"":1114}"
437	464.636	2026-07-10T20:26:58+0000	success		434	<media-path:3ba49b8978>	<media-path:3ba49b8978>	<filename:e511e8bce0>	2.7027	28.061367	9.869203	false	false	false	85	v4l2request-copy	true	"{""aspect"":0.5625,""dh"":1920,""dw"":1080,""h"":1920,""par"":1.0,""pixelformat"":""nv12"",""rotate"":0,""stereo-in"":""mono"",""w"":1080}"	"{""duration"":""success"",""eof-reached"":""success"",""estimated-frame-number"":""success"",""filename"":""success"",""hwdec-current"":""success"",""idle-active"":""success"",""path"":""success"",""pause"":""success"",""percent-pos"":""success"",""time-pos"":""success"",""video-params"":""success"",""vo-configured"":""success""}"	true	playing	media-749f1db21b	<media-path:31af3d58a2>	3900	6	true	"{""black_screen_risk_reason"":""null"",""blocked_media_count"":0,""consecutive_failures"":0,""current_index"":6,""current_item"":{""alias"":""media-749f1db21b"",""duration_ms"":3900,""offset_ms"":0,""path_alias"":""<media-path:31af3d58a2>"",""started_at_present"":true},""last_poll_error"":""null"",""last_render_error"":""null"",""mpv_running"":true,""next_item"":{""alias"":""media-b8c9a5f04c"",""duration_ms"":28100,""path_alias"":""<media-path:3ba49b8978>""},""playback_state"":""playing"",""playlist_size"":9,""present"":true,""uptime_sec"":1114}"
438	466.073	2026-07-10T20:27:00+0000	success		465	<media-path:3ba49b8978>	<media-path:3ba49b8978>	<filename:e511e8bce0>	3.837167	28.061367	13.91201	false	false	false	119	v4l2request-copy	true	"{""aspect"":0.5625,""dh"":1920,""dw"":1080,""h"":1920,""par"":1.0,""pixelformat"":""nv12"",""rotate"":0,""stereo-in"":""mono"",""w"":1080}"	"{""duration"":""success"",""eof-reached"":""success"",""estimated-frame-number"":""success"",""filename"":""success"",""hwdec-current"":""success"",""idle-active"":""success"",""path"":""success"",""pause"":""success"",""percent-pos"":""success"",""time-pos"":""success"",""video-params"":""success"",""vo-configured"":""success""}"	true	playing	media-b8c9a5f04c	<media-path:3ba49b8978>	28100	7	true	"{""black_screen_risk_reason"":""null"",""blocked_media_count"":0,""consecutive_failures"":0,""current_index"":7,""current_item"":{""alias"":""media-b8c9a5f04c"",""duration_ms"":28100,""offset_ms"":0,""path_alias"":""<media-path:3ba49b8978>"",""started_at_present"":true},""last_poll_error"":""null"",""last_render_error"":""null"",""mpv_running"":true,""next_item"":{""alias"":""media-7eefea6ba2"",""duration_ms"":5000,""path_alias"":""<media-path:9e48f6362b>""},""playback_state"":""playing"",""playlist_size"":9,""present"":true,""uptime_sec"":1119}"
439	467.542	2026-07-10T20:27:01+0000	success		423	<media-path:3ba49b8978>	<media-path:3ba49b8978>	<filename:e511e8bce0>	5.005	28.061367	18.073722	false	false	false	154	v4l2request-copy	true	"{""aspect"":0.5625,""dh"":1920,""dw"":1080,""h"":1920,""par"":1.0,""pixelformat"":""nv12"",""rotate"":0,""stereo-in"":""mono"",""w"":1080}"	"{""duration"":""success"",""eof-reached"":""success"",""estimated-frame-number"":""success"",""filename"":""success"",""hwdec-current"":""success"",""idle-active"":""success"",""path"":""success"",""pause"":""success"",""percent-pos"":""success"",""time-pos"":""success"",""video-params"":""success"",""vo-configured"":""success""}"	true	playing	media-b8c9a5f04c	<media-path:3ba49b8978>	28100	7	true	"{""black_screen_risk_reason"":""null"",""blocked_media_count"":0,""consecutive_failures"":0,""current_index"":7,""current_item"":{""alias"":""media-b8c9a5f04c"",""duration_ms"":28100,""offset_ms"":0,""path_alias"":""<media-path:3ba49b8978>"",""started_at_present"":true},""last_poll_error"":""null"",""last_render_error"":""null"",""mpv_running"":true,""next_item"":{""alias"":""media-7eefea6ba2"",""duration_ms"":5000,""path_alias"":""<media-path:9e48f6362b>""},""playback_state"":""playing"",""playlist_size"":9,""present"":true,""uptime_sec"":1119}"
440	468.968	2026-07-10T20:27:02+0000	success		473	<media-path:3ba49b8978>	<media-path:3ba49b8978>	<filename:e511e8bce0>	6.1061	28.061367	21.997622	false	false	false	187	v4l2request-copy	true	"{""aspect"":0.5625,""dh"":1920,""dw"":1080,""h"":1920,""par"":1.0,""pixelformat"":""nv12"",""rotate"":0,""stereo-in"":""mono"",""w"":1080}"	"{""duration"":""success"",""eof-reached"":""success"",""estimated-frame-number"":""success"",""filename"":""success"",""hwdec-current"":""success"",""idle-active"":""success"",""path"":""success"",""pause"":""success"",""percent-pos"":""success"",""time-pos"":""success"",""video-params"":""success"",""vo-configured"":""success""}"	true	playing	media-b8c9a5f04c	<media-path:3ba49b8978>	28100	7	true	"{""black_screen_risk_reason"":""null"",""blocked_media_count"":0,""consecutive_failures"":0,""current_index"":7,""current_item"":{""alias"":""media-b8c9a5f04c"",""duration_ms"":28100,""offset_ms"":0,""path_alias"":""<media-path:3ba49b8978>"",""started_at_present"":true},""last_poll_error"":""null"",""last_render_error"":""null"",""mpv_running"":true,""next_item"":{""alias"":""media-7eefea6ba2"",""duration_ms"":5000,""path_alias"":""<media-path:9e48f6362b>""},""playback_state"":""playing"",""playlist_size"":9,""present"":true,""uptime_sec"":1119}"
441	470.444	2026-07-10T20:27:04+0000	success		484	<media-path:3ba49b8978>	<media-path:3ba49b8978>	<filename:e511e8bce0>	7.273933	28.061367	26.159334	false	false	false	222	v4l2request-copy	true	"{""aspect"":0.5625,""dh"":1920,""dw"":1080,""h"":1920,""par"":1.0,""pixelformat"":""nv12"",""rotate"":0,""stereo-in"":""mono"",""w"":1080}"	"{""duration"":""success"",""eof-reached"":""success"",""estimated-frame-number"":""success"",""filename"":""success"",""hwdec-current"":""success"",""idle-active"":""success"",""path"":""success"",""pause"":""success"",""percent-pos"":""success"",""time-pos"":""success"",""video-params"":""success"",""vo-configured"":""success""}"	true	playing	media-b8c9a5f04c	<media-path:3ba49b8978>	28100	7	true	"{""black_screen_risk_reason"":""null"",""blocked_media_count"":0,""consecutive_failures"":0,""current_index"":7,""current_item"":{""alias"":""media-b8c9a5f04c"",""duration_ms"":28100,""offset_ms"":0,""path_alias"":""<media-path:3ba49b8978>"",""started_at_present"":true},""last_poll_error"":""null"",""last_render_error"":""null"",""mpv_running"":true,""next_item"":{""alias"":""media-7eefea6ba2"",""duration_ms"":5000,""path_alias"":""<media-path:9e48f6362b>""},""playback_state"":""playing"",""playlist_size"":9,""present"":true,""uptime_sec"":1124}"
442	471.932	2026-07-10T20:27:05+0000	success		467	<media-path:3ba49b8978>	<media-path:3ba49b8978>	<filename:e511e8bce0>	8.441767	28.061367	30.321046	false	false	false	257	v4l2request-copy	true	"{""aspect"":0.5625,""dh"":1920,""dw"":1080,""h"":1920,""par"":1.0,""pixelformat"":""nv12"",""rotate"":0,""stereo-in"":""mono"",""w"":1080}"	"{""duration"":""success"",""eof-reached"":""success"",""estimated-frame-number"":""success"",""filename"":""success"",""hwdec-current"":""success"",""idle-active"":""success"",""path"":""success"",""pause"":""success"",""percent-pos"":""success"",""time-pos"":""success"",""video-params"":""success"",""vo-configured"":""success""}"	true	playing	media-b8c9a5f04c	<media-path:3ba49b8978>	28100	7	true	"{""black_screen_risk_reason"":""null"",""blocked_media_count"":0,""consecutive_failures"":0,""current_index"":7,""current_item"":{""alias"":""media-b8c9a5f04c"",""duration_ms"":28100,""offset_ms"":0,""path_alias"":""<media-path:3ba49b8978>"",""started_at_present"":true},""last_poll_error"":""null"",""last_render_error"":""null"",""mpv_running"":true,""next_item"":{""alias"":""media-7eefea6ba2"",""duration_ms"":5000,""path_alias"":""<media-path:9e48f6362b>""},""playback_state"":""playing"",""playlist_size"":9,""present"":true,""uptime_sec"":1124}"
443	473.402	2026-07-10T20:27:07+0000	success		252	<media-path:3ba49b8978>	<media-path:3ba49b8978>	<filename:e511e8bce0>	9.6096	28.061367	34.482759	false	false	false	291	v4l2request-copy	true	"{""aspect"":0.5625,""dh"":1920,""dw"":1080,""h"":1920,""par"":1.0,""pixelformat"":""nv12"",""rotate"":0,""stereo-in"":""mono"",""w"":1080}"	"{""duration"":""success"",""eof-reached"":""success"",""estimated-frame-number"":""success"",""filename"":""success"",""hwdec-current"":""success"",""idle-active"":""success"",""path"":""success"",""pause"":""success"",""percent-pos"":""success"",""time-pos"":""success"",""video-params"":""success"",""vo-configured"":""success""}"	true	playing	media-b8c9a5f04c	<media-path:3ba49b8978>	28100	7	true	"{""black_screen_risk_reason"":""null"",""blocked_media_count"":0,""consecutive_failures"":0,""current_index"":7,""current_item"":{""alias"":""media-b8c9a5f04c"",""duration_ms"":28100,""offset_ms"":0,""path_alias"":""<media-path:3ba49b8978>"",""started_at_present"":true},""last_poll_error"":""null"",""last_render_error"":""null"",""mpv_running"":true,""next_item"":{""alias"":""media-7eefea6ba2"",""duration_ms"":5000,""path_alias"":""<media-path:9e48f6362b>""},""playback_state"":""playing"",""playlist_size"":9,""present"":true,""uptime_sec"":1124}"
444	474.658	2026-07-10T20:27:08+0000	success		463	<media-path:3ba49b8978>	<media-path:3ba49b8978>	<filename:e511e8bce0>	10.577233	28.061367	37.931034	false	false	false	321	v4l2request-copy	true	"{""aspect"":0.5625,""dh"":1920,""dw"":1080,""h"":1920,""par"":1.0,""pixelformat"":""nv12"",""rotate"":0,""stereo-in"":""mono"",""w"":1080}"	"{""duration"":""success"",""eof-reached"":""success"",""estimated-frame-number"":""success"",""filename"":""success"",""hwdec-current"":""success"",""idle-active"":""success"",""path"":""success"",""pause"":""success"",""percent-pos"":""success"",""time-pos"":""success"",""video-params"":""success"",""vo-configured"":""success""}"	true	playing	media-b8c9a5f04c	<media-path:3ba49b8978>	28100	7	true	"{""black_screen_risk_reason"":""null"",""blocked_media_count"":0,""consecutive_failures"":0,""current_index"":7,""current_item"":{""alias"":""media-b8c9a5f04c"",""duration_ms"":28100,""offset_ms"":0,""path_alias"":""<media-path:3ba49b8978>"",""started_at_present"":true},""last_poll_error"":""null"",""last_render_error"":""null"",""mpv_running"":true,""next_item"":{""alias"":""media-7eefea6ba2"",""duration_ms"":5000,""path_alias"":""<media-path:9e48f6362b>""},""playback_state"":""playing"",""playlist_size"":9,""present"":true,""uptime_sec"":1124}"
445	476.125	2026-07-10T20:27:10+0000	success		448	<media-path:3ba49b8978>	<media-path:3ba49b8978>	<filename:e511e8bce0>	11.745067	28.061367	42.092747	false	false	false	356	v4l2request-copy	true	"{""aspect"":0.5625,""dh"":1920,""dw"":1080,""h"":1920,""par"":1.0,""pixelformat"":""nv12"",""rotate"":0,""stereo-in"":""mono"",""w"":1080}"	"{""duration"":""success"",""eof-reached"":""success"",""estimated-frame-number"":""success"",""filename"":""success"",""hwdec-current"":""success"",""idle-active"":""success"",""path"":""success"",""pause"":""success"",""percent-pos"":""success"",""time-pos"":""success"",""video-params"":""success"",""vo-configured"":""success""}"	true	playing	media-b8c9a5f04c	<media-path:3ba49b8978>	28100	7	true	"{""black_screen_risk_reason"":""null"",""blocked_media_count"":0,""consecutive_failures"":0,""current_index"":7,""current_item"":{""alias"":""media-b8c9a5f04c"",""duration_ms"":28100,""offset_ms"":0,""path_alias"":""<media-path:3ba49b8978>"",""started_at_present"":true},""last_poll_error"":""null"",""last_render_error"":""null"",""mpv_running"":true,""next_item"":{""alias"":""media-7eefea6ba2"",""duration_ms"":5000,""path_alias"":""<media-path:9e48f6362b>""},""playback_state"":""playing"",""playlist_size"":9,""present"":true,""uptime_sec"":1129}"
446	477.576	2026-07-10T20:27:11+0000	success		482	<media-path:3ba49b8978>	<media-path:3ba49b8978>	<filename:e511e8bce0>	12.879533	28.061367	46.135553	false	false	false	390	v4l2request-copy	true	"{""aspect"":0.5625,""dh"":1920,""dw"":1080,""h"":1920,""par"":1.0,""pixelformat"":""nv12"",""rotate"":0,""stereo-in"":""mono"",""w"":1080}"	"{""duration"":""success"",""eof-reached"":""success"",""estimated-frame-number"":""success"",""filename"":""success"",""hwdec-current"":""success"",""idle-active"":""success"",""path"":""success"",""pause"":""success"",""percent-pos"":""success"",""time-pos"":""success"",""video-params"":""success"",""vo-configured"":""success""}"	true	playing	media-b8c9a5f04c	<media-path:3ba49b8978>	28100	7	true	"{""black_screen_risk_reason"":""null"",""blocked_media_count"":0,""consecutive_failures"":0,""current_index"":7,""current_item"":{""alias"":""media-b8c9a5f04c"",""duration_ms"":28100,""offset_ms"":0,""path_alias"":""<media-path:3ba49b8978>"",""started_at_present"":true},""last_poll_error"":""null"",""last_render_error"":""null"",""mpv_running"":true,""next_item"":{""alias"":""media-7eefea6ba2"",""duration_ms"":5000,""path_alias"":""<media-path:9e48f6362b>""},""playback_state"":""playing"",""playlist_size"":9,""present"":true,""uptime_sec"":1129}"
447	479.061	2026-07-10T20:27:12+0000	success		255	<media-path:3ba49b8978>	<media-path:3ba49b8978>	<filename:e511e8bce0>	14.047367	28.061367	50.297265	false	false	false	424	v4l2request-copy	true	"{""aspect"":0.5625,""dh"":1920,""dw"":1080,""h"":1920,""par"":1.0,""pixelformat"":""nv12"",""rotate"":0,""stereo-in"":""mono"",""w"":1080}"	"{""duration"":""success"",""eof-reached"":""success"",""estimated-frame-number"":""success"",""filename"":""success"",""hwdec-current"":""success"",""idle-active"":""success"",""path"":""success"",""pause"":""success"",""percent-pos"":""success"",""time-pos"":""success"",""video-params"":""success"",""vo-configured"":""success""}"	true	playing	media-b8c9a5f04c	<media-path:3ba49b8978>	28100	7	true	"{""black_screen_risk_reason"":""null"",""blocked_media_count"":0,""consecutive_failures"":0,""current_index"":7,""current_item"":{""alias"":""media-b8c9a5f04c"",""duration_ms"":28100,""offset_ms"":0,""path_alias"":""<media-path:3ba49b8978>"",""started_at_present"":true},""last_poll_error"":""null"",""last_render_error"":""null"",""mpv_running"":true,""next_item"":{""alias"":""media-7eefea6ba2"",""duration_ms"":5000,""path_alias"":""<media-path:9e48f6362b>""},""playback_state"":""playing"",""playlist_size"":9,""present"":true,""uptime_sec"":1129}"
448	480.320	2026-07-10T20:27:14+0000	success		466	<media-path:3ba49b8978>	<media-path:3ba49b8978>	<filename:e511e8bce0>	15.015	28.061367	53.745541	false	false	false	454	v4l2request-copy	true	"{""aspect"":0.5625,""dh"":1920,""dw"":1080,""h"":1920,""par"":1.0,""pixelformat"":""nv12"",""rotate"":0,""stereo-in"":""mono"",""w"":1080}"	"{""duration"":""success"",""eof-reached"":""success"",""estimated-frame-number"":""success"",""filename"":""success"",""hwdec-current"":""success"",""idle-active"":""success"",""path"":""success"",""pause"":""success"",""percent-pos"":""success"",""time-pos"":""success"",""video-params"":""success"",""vo-configured"":""success""}"	true	playing	media-b8c9a5f04c	<media-path:3ba49b8978>	28100	7	true	"{""black_screen_risk_reason"":""null"",""blocked_media_count"":0,""consecutive_failures"":0,""current_index"":7,""current_item"":{""alias"":""media-b8c9a5f04c"",""duration_ms"":28100,""offset_ms"":0,""path_alias"":""<media-path:3ba49b8978>"",""started_at_present"":true},""last_poll_error"":""null"",""last_render_error"":""null"",""mpv_running"":true,""next_item"":{""alias"":""media-7eefea6ba2"",""duration_ms"":5000,""path_alias"":""<media-path:9e48f6362b>""},""playback_state"":""playing"",""playlist_size"":9,""present"":true,""uptime_sec"":1129}"
449	481.791	2026-07-10T20:27:15+0000	success		439	<media-path:3ba49b8978>	<media-path:3ba49b8978>	<filename:e511e8bce0>	16.182833	28.061367	57.907253	false	false	false	489	v4l2request-copy	true	"{""aspect"":0.5625,""dh"":1920,""dw"":1080,""h"":1920,""par"":1.0,""pixelformat"":""nv12"",""rotate"":0,""stereo-in"":""mono"",""w"":1080}"	"{""duration"":""success"",""eof-reached"":""success"",""estimated-frame-number"":""success"",""filename"":""success"",""hwdec-current"":""success"",""idle-active"":""success"",""path"":""success"",""pause"":""success"",""percent-pos"":""success"",""time-pos"":""success"",""video-params"":""success"",""vo-configured"":""success""}"	true	playing	media-b8c9a5f04c	<media-path:3ba49b8978>	28100	7	true	"{""black_screen_risk_reason"":""null"",""blocked_media_count"":0,""consecutive_failures"":0,""current_index"":7,""current_item"":{""alias"":""media-b8c9a5f04c"",""duration_ms"":28100,""offset_ms"":0,""path_alias"":""<media-path:3ba49b8978>"",""started_at_present"":true},""last_poll_error"":""null"",""last_render_error"":""null"",""mpv_running"":true,""next_item"":{""alias"":""media-7eefea6ba2"",""duration_ms"":5000,""path_alias"":""<media-path:9e48f6362b>""},""playback_state"":""playing"",""playlist_size"":9,""present"":true,""uptime_sec"":1134}"
450	483.234	2026-07-10T20:27:17+0000	success		464	<media-path:3ba49b8978>	<media-path:3ba49b8978>	<filename:e511e8bce0>	17.3173	28.061367	61.950059	false	false	false	523	v4l2request-copy	true	"{""aspect"":0.5625,""dh"":1920,""dw"":1080,""h"":1920,""par"":1.0,""pixelformat"":""nv12"",""rotate"":0,""stereo-in"":""mono"",""w"":1080}"	"{""duration"":""success"",""eof-reached"":""success"",""estimated-frame-number"":""success"",""filename"":""success"",""hwdec-current"":""success"",""idle-active"":""success"",""path"":""success"",""pause"":""success"",""percent-pos"":""success"",""time-pos"":""success"",""video-params"":""success"",""vo-configured"":""success""}"	true	playing	media-b8c9a5f04c	<media-path:3ba49b8978>	28100	7	true	"{""black_screen_risk_reason"":""null"",""blocked_media_count"":0,""consecutive_failures"":0,""current_index"":7,""current_item"":{""alias"":""media-b8c9a5f04c"",""duration_ms"":28100,""offset_ms"":0,""path_alias"":""<media-path:3ba49b8978>"",""started_at_present"":true},""last_poll_error"":""null"",""last_render_error"":""null"",""mpv_running"":true,""next_item"":{""alias"":""media-7eefea6ba2"",""duration_ms"":5000,""path_alias"":""<media-path:9e48f6362b>""},""playback_state"":""playing"",""playlist_size"":9,""present"":true,""uptime_sec"":1134}"
451	484.702	2026-07-10T20:27:18+0000	success		376	<media-path:3ba49b8978>	<media-path:3ba49b8978>	<filename:e511e8bce0>	18.485133	28.061367	66.111772	false	false	false	558	v4l2request-copy	true	"{""aspect"":0.5625,""dh"":1920,""dw"":1080,""h"":1920,""par"":1.0,""pixelformat"":""nv12"",""rotate"":0,""stereo-in"":""mono"",""w"":1080}"	"{""duration"":""success"",""eof-reached"":""success"",""estimated-frame-number"":""success"",""filename"":""success"",""hwdec-current"":""success"",""idle-active"":""success"",""path"":""success"",""pause"":""success"",""percent-pos"":""success"",""time-pos"":""success"",""video-params"":""success"",""vo-configured"":""success""}"	true	playing	media-b8c9a5f04c	<media-path:3ba49b8978>	28100	7	true	"{""black_screen_risk_reason"":""null"",""blocked_media_count"":0,""consecutive_failures"":0,""current_index"":7,""current_item"":{""alias"":""media-b8c9a5f04c"",""duration_ms"":28100,""offset_ms"":0,""path_alias"":""<media-path:3ba49b8978>"",""started_at_present"":true},""last_poll_error"":""null"",""last_render_error"":""null"",""mpv_running"":true,""next_item"":{""alias"":""media-7eefea6ba2"",""duration_ms"":5000,""path_alias"":""<media-path:9e48f6362b>""},""playback_state"":""playing"",""playlist_size"":9,""present"":true,""uptime_sec"":1134}"
452	486.082	2026-07-10T20:27:20+0000	success		485	<media-path:3ba49b8978>	<media-path:3ba49b8978>	<filename:e511e8bce0>	19.552867	28.061367	69.916766	false	false	false	590	v4l2request-copy	true	"{""aspect"":0.5625,""dh"":1920,""dw"":1080,""h"":1920,""par"":1.0,""pixelformat"":""nv12"",""rotate"":0,""stereo-in"":""mono"",""w"":1080}"	"{""duration"":""success"",""eof-reached"":""success"",""estimated-frame-number"":""success"",""filename"":""success"",""hwdec-current"":""success"",""idle-active"":""success"",""path"":""success"",""pause"":""success"",""percent-pos"":""success"",""time-pos"":""success"",""video-params"":""success"",""vo-configured"":""success""}"	true	playing	media-b8c9a5f04c	<media-path:3ba49b8978>	28100	7	true	"{""black_screen_risk_reason"":""null"",""blocked_media_count"":0,""consecutive_failures"":0,""current_index"":7,""current_item"":{""alias"":""media-b8c9a5f04c"",""duration_ms"":28100,""offset_ms"":0,""path_alias"":""<media-path:3ba49b8978>"",""started_at_present"":true},""last_poll_error"":""null"",""last_render_error"":""null"",""mpv_running"":true,""next_item"":{""alias"":""media-7eefea6ba2"",""duration_ms"":5000,""path_alias"":""<media-path:9e48f6362b>""},""playback_state"":""playing"",""playlist_size"":9,""present"":true,""uptime_sec"":1139}"
453	487.571	2026-07-10T20:27:21+0000	success		367	<media-path:3ba49b8978>	<media-path:3ba49b8978>	<filename:e511e8bce0>	20.7207	28.061367	74.078478	false	false	false	625	v4l2request-copy	true	"{""aspect"":0.5625,""dh"":1920,""dw"":1080,""h"":1920,""par"":1.0,""pixelformat"":""nv12"",""rotate"":0,""stereo-in"":""mono"",""w"":1080}"	"{""duration"":""success"",""eof-reached"":""success"",""estimated-frame-number"":""success"",""filename"":""success"",""hwdec-current"":""success"",""idle-active"":""success"",""path"":""success"",""pause"":""success"",""percent-pos"":""success"",""time-pos"":""success"",""video-params"":""success"",""vo-configured"":""success""}"	true	playing	media-b8c9a5f04c	<media-path:3ba49b8978>	28100	7	true	"{""black_screen_risk_reason"":""null"",""blocked_media_count"":0,""consecutive_failures"":0,""current_index"":7,""current_item"":{""alias"":""media-b8c9a5f04c"",""duration_ms"":28100,""offset_ms"":0,""path_alias"":""<media-path:3ba49b8978>"",""started_at_present"":true},""last_poll_error"":""null"",""last_render_error"":""null"",""mpv_running"":true,""next_item"":{""alias"":""media-7eefea6ba2"",""duration_ms"":5000,""path_alias"":""<media-path:9e48f6362b>""},""playback_state"":""playing"",""playlist_size"":9,""present"":true,""uptime_sec"":1139}"
454	488.942	2026-07-10T20:27:22+0000	success		481	<media-path:3ba49b8978>	<media-path:3ba49b8978>	<filename:e511e8bce0>	21.788433	28.061367	77.883472	false	false	false	657	v4l2request-copy	true	"{""aspect"":0.5625,""dh"":1920,""dw"":1080,""h"":1920,""par"":1.0,""pixelformat"":""nv12"",""rotate"":0,""stereo-in"":""mono"",""w"":1080}"	"{""duration"":""success"",""eof-reached"":""success"",""estimated-frame-number"":""success"",""filename"":""success"",""hwdec-current"":""success"",""idle-active"":""success"",""path"":""success"",""pause"":""success"",""percent-pos"":""success"",""time-pos"":""success"",""video-params"":""success"",""vo-configured"":""success""}"	true	playing	media-b8c9a5f04c	<media-path:3ba49b8978>	28100	7	true	"{""black_screen_risk_reason"":""null"",""blocked_media_count"":0,""consecutive_failures"":0,""current_index"":7,""current_item"":{""alias"":""media-b8c9a5f04c"",""duration_ms"":28100,""offset_ms"":0,""path_alias"":""<media-path:3ba49b8978>"",""started_at_present"":true},""last_poll_error"":""null"",""last_render_error"":""null"",""mpv_running"":true,""next_item"":{""alias"":""media-7eefea6ba2"",""duration_ms"":5000,""path_alias"":""<media-path:9e48f6362b>""},""playback_state"":""playing"",""playlist_size"":9,""present"":true,""uptime_sec"":1139}"
455	490.427	2026-07-10T20:27:23+0000	success		2	<media-path:9e48f6362b>	<media-path:9e48f6362b>	<filename:4e569cdfc9>	0.75	5.041667	14.876033	false	false	false	18	v4l2request-copy	true	"{""aspect"":0.666667,""dh"":720,""dw"":480,""h"":720,""par"":1.0,""pixelformat"":""nv12"",""rotate"":0,""stereo-in"":""mono"",""w"":480}"	"{""duration"":""success"",""eof-reached"":""success"",""estimated-frame-number"":""success"",""filename"":""success"",""hwdec-current"":""success"",""idle-active"":""success"",""path"":""success"",""pause"":""success"",""percent-pos"":""success"",""time-pos"":""success"",""video-params"":""success"",""vo-configured"":""success""}"	true	playing	media-b8c9a5f04c	<media-path:3ba49b8978>	28100	7	true	"{""black_screen_risk_reason"":""null"",""blocked_media_count"":0,""consecutive_failures"":0,""current_index"":7,""current_item"":{""alias"":""media-b8c9a5f04c"",""duration_ms"":28100,""offset_ms"":0,""path_alias"":""<media-path:3ba49b8978>"",""started_at_present"":true},""last_poll_error"":""null"",""last_render_error"":""null"",""mpv_running"":true,""next_item"":{""alias"":""media-7eefea6ba2"",""duration_ms"":5000,""path_alias"":""<media-path:9e48f6362b>""},""playback_state"":""playing"",""playlist_size"":9,""present"":true,""uptime_sec"":1139}"
456	491.430	2026-07-10T20:27:24+0000	success		2	<media-path:9e48f6362b>	<media-path:9e48f6362b>	<filename:4e569cdfc9>	1.75	5.041667	34.710744	false	false	false	42	v4l2request-copy	true	"{""aspect"":0.666667,""dh"":720,""dw"":480,""h"":720,""par"":1.0,""pixelformat"":""nv12"",""rotate"":0,""stereo-in"":""mono"",""w"":480}"	"{""duration"":""success"",""eof-reached"":""success"",""estimated-frame-number"":""success"",""filename"":""success"",""hwdec-current"":""success"",""idle-active"":""success"",""path"":""success"",""pause"":""success"",""percent-pos"":""success"",""time-pos"":""success"",""video-params"":""success"",""vo-configured"":""success""}"	true	playing	media-7eefea6ba2	<media-path:9e48f6362b>	5000	8	true	"{""black_screen_risk_reason"":""null"",""blocked_media_count"":0,""consecutive_failures"":0,""current_index"":8,""current_item"":{""alias"":""media-7eefea6ba2"",""duration_ms"":5000,""offset_ms"":0,""path_alias"":""<media-path:9e48f6362b>"",""started_at_present"":true},""last_poll_error"":""null"",""last_render_error"":""null"",""mpv_running"":true,""next_item"":{""alias"":""media-63e22e276f"",""duration_ms"":15100,""path_alias"":""<media-path:c406539999>""},""playback_state"":""playing"",""playlist_size"":9,""present"":true,""uptime_sec"":1144}"
457	492.434	2026-07-10T20:27:25+0000	success		2	<media-path:9e48f6362b>	<media-path:9e48f6362b>	<filename:4e569cdfc9>	2.791667	5.041667	55.371901	false	false	false	67	v4l2request-copy	true	"{""aspect"":0.666667,""dh"":720,""dw"":480,""h"":720,""par"":1.0,""pixelformat"":""nv12"",""rotate"":0,""stereo-in"":""mono"",""w"":480}"	"{""duration"":""success"",""eof-reached"":""success"",""estimated-frame-number"":""success"",""filename"":""success"",""hwdec-current"":""success"",""idle-active"":""success"",""path"":""success"",""pause"":""success"",""percent-pos"":""success"",""time-pos"":""success"",""video-params"":""success"",""vo-configured"":""success""}"	true	playing	media-7eefea6ba2	<media-path:9e48f6362b>	5000	8	true	"{""black_screen_risk_reason"":""null"",""blocked_media_count"":0,""consecutive_failures"":0,""current_index"":8,""current_item"":{""alias"":""media-7eefea6ba2"",""duration_ms"":5000,""offset_ms"":0,""path_alias"":""<media-path:9e48f6362b>"",""started_at_present"":true},""last_poll_error"":""null"",""last_render_error"":""null"",""mpv_running"":true,""next_item"":{""alias"":""media-63e22e276f"",""duration_ms"":15100,""path_alias"":""<media-path:c406539999>""},""playback_state"":""playing"",""playlist_size"":9,""present"":true,""uptime_sec"":1144}"
458	493.438	2026-07-10T20:27:26+0000	success		3	<media-path:9e48f6362b>	<media-path:9e48f6362b>	<filename:4e569cdfc9>	3.791667	5.041667	75.206612	false	false	false	91	v4l2request-copy	true	"{""aspect"":0.666667,""dh"":720,""dw"":480,""h"":720,""par"":1.0,""pixelformat"":""nv12"",""rotate"":0,""stereo-in"":""mono"",""w"":480}"	"{""duration"":""success"",""eof-reached"":""success"",""estimated-frame-number"":""success"",""filename"":""success"",""hwdec-current"":""success"",""idle-active"":""success"",""path"":""success"",""pause"":""success"",""percent-pos"":""success"",""time-pos"":""success"",""video-params"":""success"",""vo-configured"":""success""}"	true	playing	media-7eefea6ba2	<media-path:9e48f6362b>	5000	8	true	"{""black_screen_risk_reason"":""null"",""blocked_media_count"":0,""consecutive_failures"":0,""current_index"":8,""current_item"":{""alias"":""media-7eefea6ba2"",""duration_ms"":5000,""offset_ms"":0,""path_alias"":""<media-path:9e48f6362b>"",""started_at_present"":true},""last_poll_error"":""null"",""last_render_error"":""null"",""mpv_running"":true,""next_item"":{""alias"":""media-63e22e276f"",""duration_ms"":15100,""path_alias"":""<media-path:c406539999>""},""playback_state"":""playing"",""playlist_size"":9,""present"":true,""uptime_sec"":1144}"
459	494.445	2026-07-10T20:27:27+0000	success		8	<media-path:9e48f6362b>	<media-path:9e48f6362b>	<filename:4e569cdfc9>	4.791667	5.041667	95.041322	false	false	false	115	v4l2request-copy	true	"{""aspect"":0.666667,""dh"":720,""dw"":480,""h"":720,""par"":1.0,""pixelformat"":""nv12"",""rotate"":0,""stereo-in"":""mono"",""w"":480}"	"{""duration"":""success"",""eof-reached"":""success"",""estimated-frame-number"":""success"",""filename"":""success"",""hwdec-current"":""success"",""idle-active"":""success"",""path"":""success"",""pause"":""success"",""percent-pos"":""success"",""time-pos"":""success"",""video-params"":""success"",""vo-configured"":""success""}"	true	playing	media-7eefea6ba2	<media-path:9e48f6362b>	5000	8	true	"{""black_screen_risk_reason"":""null"",""blocked_media_count"":0,""consecutive_failures"":0,""current_index"":8,""current_item"":{""alias"":""media-7eefea6ba2"",""duration_ms"":5000,""offset_ms"":0,""path_alias"":""<media-path:9e48f6362b>"",""started_at_present"":true},""last_poll_error"":""null"",""last_render_error"":""null"",""mpv_running"":true,""next_item"":{""alias"":""media-63e22e276f"",""duration_ms"":15100,""path_alias"":""<media-path:c406539999>""},""playback_state"":""playing"",""playlist_size"":9,""present"":true,""uptime_sec"":1144}"
460	495.456	2026-07-10T20:27:28+0000	success		2	<media-path:c406539999>	<media-path:c406539999>	<filename:aaf3979e21>	0.7	15.069751	4.645067	false	false	false	21	v4l2request-copy	true	"{""aspect"":0.566038,""dh"":848,""dw"":480,""h"":848,""par"":1.0,""pixelformat"":""nv12"",""rotate"":0,""stereo-in"":""mono"",""w"":480}"	"{""duration"":""success"",""eof-reached"":""success"",""estimated-frame-number"":""success"",""filename"":""success"",""hwdec-current"":""success"",""idle-active"":""success"",""path"":""success"",""pause"":""success"",""percent-pos"":""success"",""time-pos"":""success"",""video-params"":""success"",""vo-configured"":""success""}"	true	playing	media-7eefea6ba2	<media-path:9e48f6362b>	5000	8	true	"{""black_screen_risk_reason"":""null"",""blocked_media_count"":0,""consecutive_failures"":0,""current_index"":8,""current_item"":{""alias"":""media-7eefea6ba2"",""duration_ms"":5000,""offset_ms"":0,""path_alias"":""<media-path:9e48f6362b>"",""started_at_present"":true},""last_poll_error"":""null"",""last_render_error"":""null"",""mpv_running"":true,""next_item"":{""alias"":""media-63e22e276f"",""duration_ms"":15100,""path_alias"":""<media-path:c406539999>""},""playback_state"":""playing"",""playlist_size"":9,""present"":true,""uptime_sec"":1144}"
461	496.461	2026-07-10T20:27:29+0000	success		2	<media-path:c406539999>	<media-path:c406539999>	<filename:aaf3979e21>	1.733333	15.069751	11.50207	false	false	false	52	v4l2request-copy	true	"{""aspect"":0.566038,""dh"":848,""dw"":480,""h"":848,""par"":1.0,""pixelformat"":""nv12"",""rotate"":0,""stereo-in"":""mono"",""w"":480}"	"{""duration"":""success"",""eof-reached"":""success"",""estimated-frame-number"":""success"",""filename"":""success"",""hwdec-current"":""success"",""idle-active"":""success"",""path"":""success"",""pause"":""success"",""percent-pos"":""success"",""time-pos"":""success"",""video-params"":""success"",""vo-configured"":""success""}"	true	playing	media-63e22e276f	<media-path:c406539999>	15100	0	true	"{""black_screen_risk_reason"":""null"",""blocked_media_count"":0,""consecutive_failures"":0,""current_index"":0,""current_item"":{""alias"":""media-63e22e276f"",""duration_ms"":15100,""offset_ms"":0,""path_alias"":""<media-path:c406539999>"",""started_at_present"":true},""last_poll_error"":""null"",""last_render_error"":""null"",""mpv_running"":true,""next_item"":{""alias"":""media-b04db49d99"",""duration_ms"":15100,""path_alias"":""<media-path:2b030c3c41>""},""playback_state"":""playing"",""playlist_size"":9,""present"":true,""uptime_sec"":1149}"
462	497.466	2026-07-10T20:27:30+0000	success		2	<media-path:c406539999>	<media-path:c406539999>	<filename:aaf3979e21>	2.733333	15.069751	18.13788	false	false	false	82	v4l2request-copy	true	"{""aspect"":0.566038,""dh"":848,""dw"":480,""h"":848,""par"":1.0,""pixelformat"":""nv12"",""rotate"":0,""stereo-in"":""mono"",""w"":480}"	"{""duration"":""success"",""eof-reached"":""success"",""estimated-frame-number"":""success"",""filename"":""success"",""hwdec-current"":""success"",""idle-active"":""success"",""path"":""success"",""pause"":""success"",""percent-pos"":""success"",""time-pos"":""success"",""video-params"":""success"",""vo-configured"":""success""}"	true	playing	media-63e22e276f	<media-path:c406539999>	15100	0	true	"{""black_screen_risk_reason"":""null"",""blocked_media_count"":0,""consecutive_failures"":0,""current_index"":0,""current_item"":{""alias"":""media-63e22e276f"",""duration_ms"":15100,""offset_ms"":0,""path_alias"":""<media-path:c406539999>"",""started_at_present"":true},""last_poll_error"":""null"",""last_render_error"":""null"",""mpv_running"":true,""next_item"":{""alias"":""media-b04db49d99"",""duration_ms"":15100,""path_alias"":""<media-path:2b030c3c41>""},""playback_state"":""playing"",""playlist_size"":9,""present"":true,""uptime_sec"":1149}"
463	498.470	2026-07-10T20:27:31+0000	success		2	<media-path:c406539999>	<media-path:c406539999>	<filename:aaf3979e21>	3.733333	15.069751	24.77369	false	false	false	112	v4l2request-copy	true	"{""aspect"":0.566038,""dh"":848,""dw"":480,""h"":848,""par"":1.0,""pixelformat"":""nv12"",""rotate"":0,""stereo-in"":""mono"",""w"":480}"	"{""duration"":""success"",""eof-reached"":""success"",""estimated-frame-number"":""success"",""filename"":""success"",""hwdec-current"":""success"",""idle-active"":""success"",""path"":""success"",""pause"":""success"",""percent-pos"":""success"",""time-pos"":""success"",""video-params"":""success"",""vo-configured"":""success""}"	true	playing	media-63e22e276f	<media-path:c406539999>	15100	0	true	"{""black_screen_risk_reason"":""null"",""blocked_media_count"":0,""consecutive_failures"":0,""current_index"":0,""current_item"":{""alias"":""media-63e22e276f"",""duration_ms"":15100,""offset_ms"":0,""path_alias"":""<media-path:c406539999>"",""started_at_present"":true},""last_poll_error"":""null"",""last_render_error"":""null"",""mpv_running"":true,""next_item"":{""alias"":""media-b04db49d99"",""duration_ms"":15100,""path_alias"":""<media-path:2b030c3c41>""},""playback_state"":""playing"",""playlist_size"":9,""present"":true,""uptime_sec"":1149}"
464	499.474	2026-07-10T20:27:32+0000	success		2	<media-path:c406539999>	<media-path:c406539999>	<filename:aaf3979e21>	4.733333	15.069751	31.4095	false	false	false	142	v4l2request-copy	true	"{""aspect"":0.566038,""dh"":848,""dw"":480,""h"":848,""par"":1.0,""pixelformat"":""nv12"",""rotate"":0,""stereo-in"":""mono"",""w"":480}"	"{""duration"":""success"",""eof-reached"":""success"",""estimated-frame-number"":""success"",""filename"":""success"",""hwdec-current"":""success"",""idle-active"":""success"",""path"":""success"",""pause"":""success"",""percent-pos"":""success"",""time-pos"":""success"",""video-params"":""success"",""vo-configured"":""success""}"	true	playing	media-63e22e276f	<media-path:c406539999>	15100	0	true	"{""black_screen_risk_reason"":""null"",""blocked_media_count"":0,""consecutive_failures"":0,""current_index"":0,""current_item"":{""alias"":""media-63e22e276f"",""duration_ms"":15100,""offset_ms"":0,""path_alias"":""<media-path:c406539999>"",""started_at_present"":true},""last_poll_error"":""null"",""last_render_error"":""null"",""mpv_running"":true,""next_item"":{""alias"":""media-b04db49d99"",""duration_ms"":15100,""path_alias"":""<media-path:2b030c3c41>""},""playback_state"":""playing"",""playlist_size"":9,""present"":true,""uptime_sec"":1149}"
465	500.479	2026-07-10T20:27:33+0000	success		10	<media-path:c406539999>	<media-path:c406539999>	<filename:aaf3979e21>	5.733333	15.069751	38.04531	false	false	false	172	v4l2request-copy	true	"{""aspect"":0.566038,""dh"":848,""dw"":480,""h"":848,""par"":1.0,""pixelformat"":""nv12"",""rotate"":0,""stereo-in"":""mono"",""w"":480}"	"{""duration"":""success"",""eof-reached"":""success"",""estimated-frame-number"":""success"",""filename"":""success"",""hwdec-current"":""success"",""idle-active"":""success"",""path"":""success"",""pause"":""success"",""percent-pos"":""success"",""time-pos"":""success"",""video-params"":""success"",""vo-configured"":""success""}"	true	playing	media-63e22e276f	<media-path:c406539999>	15100	0	true	"{""black_screen_risk_reason"":""null"",""blocked_media_count"":0,""consecutive_failures"":0,""current_index"":0,""current_item"":{""alias"":""media-63e22e276f"",""duration_ms"":15100,""offset_ms"":0,""path_alias"":""<media-path:c406539999>"",""started_at_present"":true},""last_poll_error"":""null"",""last_render_error"":""null"",""mpv_running"":true,""next_item"":{""alias"":""media-b04db49d99"",""duration_ms"":15100,""path_alias"":""<media-path:2b030c3c41>""},""playback_state"":""playing"",""playlist_size"":9,""present"":true,""uptime_sec"":1149}"
466	501.492	2026-07-10T20:27:34+0000	success		2	<media-path:c406539999>	<media-path:c406539999>	<filename:aaf3979e21>	6.733333	15.069751	44.68112	false	false	false	202	v4l2request-copy	true	"{""aspect"":0.566038,""dh"":848,""dw"":480,""h"":848,""par"":1.0,""pixelformat"":""nv12"",""rotate"":0,""stereo-in"":""mono"",""w"":480}"	"{""duration"":""success"",""eof-reached"":""success"",""estimated-frame-number"":""success"",""filename"":""success"",""hwdec-current"":""success"",""idle-active"":""success"",""path"":""success"",""pause"":""success"",""percent-pos"":""success"",""time-pos"":""success"",""video-params"":""success"",""vo-configured"":""success""}"	true	playing	media-63e22e276f	<media-path:c406539999>	15100	0	true	"{""black_screen_risk_reason"":""null"",""blocked_media_count"":0,""consecutive_failures"":0,""current_index"":0,""current_item"":{""alias"":""media-63e22e276f"",""duration_ms"":15100,""offset_ms"":0,""path_alias"":""<media-path:c406539999>"",""started_at_present"":true},""last_poll_error"":""null"",""last_render_error"":""null"",""mpv_running"":true,""next_item"":{""alias"":""media-b04db49d99"",""duration_ms"":15100,""path_alias"":""<media-path:2b030c3c41>""},""playback_state"":""playing"",""playlist_size"":9,""present"":true,""uptime_sec"":1154}"
467	502.496	2026-07-10T20:27:36+0000	success		2	<media-path:c406539999>	<media-path:c406539999>	<filename:aaf3979e21>	7.766667	15.069751	51.538124	false	false	false	233	v4l2request-copy	true	"{""aspect"":0.566038,""dh"":848,""dw"":480,""h"":848,""par"":1.0,""pixelformat"":""nv12"",""rotate"":0,""stereo-in"":""mono"",""w"":480}"	"{""duration"":""success"",""eof-reached"":""success"",""estimated-frame-number"":""success"",""filename"":""success"",""hwdec-current"":""success"",""idle-active"":""success"",""path"":""success"",""pause"":""success"",""percent-pos"":""success"",""time-pos"":""success"",""video-params"":""success"",""vo-configured"":""success""}"	true	playing	media-63e22e276f	<media-path:c406539999>	15100	0	true	"{""black_screen_risk_reason"":""null"",""blocked_media_count"":0,""consecutive_failures"":0,""current_index"":0,""current_item"":{""alias"":""media-63e22e276f"",""duration_ms"":15100,""offset_ms"":0,""path_alias"":""<media-path:c406539999>"",""started_at_present"":true},""last_poll_error"":""null"",""last_render_error"":""null"",""mpv_running"":true,""next_item"":{""alias"":""media-b04db49d99"",""duration_ms"":15100,""path_alias"":""<media-path:2b030c3c41>""},""playback_state"":""playing"",""playlist_size"":9,""present"":true,""uptime_sec"":1154}"
468	503.501	2026-07-10T20:27:37+0000	success		2	<media-path:c406539999>	<media-path:c406539999>	<filename:aaf3979e21>	8.766667	15.069751	58.173933	false	false	false	263	v4l2request-copy	true	"{""aspect"":0.566038,""dh"":848,""dw"":480,""h"":848,""par"":1.0,""pixelformat"":""nv12"",""rotate"":0,""stereo-in"":""mono"",""w"":480}"	"{""duration"":""success"",""eof-reached"":""success"",""estimated-frame-number"":""success"",""filename"":""success"",""hwdec-current"":""success"",""idle-active"":""success"",""path"":""success"",""pause"":""success"",""percent-pos"":""success"",""time-pos"":""success"",""video-params"":""success"",""vo-configured"":""success""}"	true	playing	media-63e22e276f	<media-path:c406539999>	15100	0	true	"{""black_screen_risk_reason"":""null"",""blocked_media_count"":0,""consecutive_failures"":0,""current_index"":0,""current_item"":{""alias"":""media-63e22e276f"",""duration_ms"":15100,""offset_ms"":0,""path_alias"":""<media-path:c406539999>"",""started_at_present"":true},""last_poll_error"":""null"",""last_render_error"":""null"",""mpv_running"":true,""next_item"":{""alias"":""media-b04db49d99"",""duration_ms"":15100,""path_alias"":""<media-path:2b030c3c41>""},""playback_state"":""playing"",""playlist_size"":9,""present"":true,""uptime_sec"":1154}"
469	504.505	2026-07-10T20:27:38+0000	success		2	<media-path:c406539999>	<media-path:c406539999>	<filename:aaf3979e21>	9.766667	15.069751	64.809743	false	false	false	293	v4l2request-copy	true	"{""aspect"":0.566038,""dh"":848,""dw"":480,""h"":848,""par"":1.0,""pixelformat"":""nv12"",""rotate"":0,""stereo-in"":""mono"",""w"":480}"	"{""duration"":""success"",""eof-reached"":""success"",""estimated-frame-number"":""success"",""filename"":""success"",""hwdec-current"":""success"",""idle-active"":""success"",""path"":""success"",""pause"":""success"",""percent-pos"":""success"",""time-pos"":""success"",""video-params"":""success"",""vo-configured"":""success""}"	true	playing	media-63e22e276f	<media-path:c406539999>	15100	0	true	"{""black_screen_risk_reason"":""null"",""blocked_media_count"":0,""consecutive_failures"":0,""current_index"":0,""current_item"":{""alias"":""media-63e22e276f"",""duration_ms"":15100,""offset_ms"":0,""path_alias"":""<media-path:c406539999>"",""started_at_present"":true},""last_poll_error"":""null"",""last_render_error"":""null"",""mpv_running"":true,""next_item"":{""alias"":""media-b04db49d99"",""duration_ms"":15100,""path_alias"":""<media-path:2b030c3c41>""},""playback_state"":""playing"",""playlist_size"":9,""present"":true,""uptime_sec"":1154}"
470	505.509	2026-07-10T20:27:39+0000	success		11	<media-path:c406539999>	<media-path:c406539999>	<filename:aaf3979e21>	10.766667	15.069751	71.445553	false	false	false	323	v4l2request-copy	true	"{""aspect"":0.566038,""dh"":848,""dw"":480,""h"":848,""par"":1.0,""pixelformat"":""nv12"",""rotate"":0,""stereo-in"":""mono"",""w"":480}"	"{""duration"":""success"",""eof-reached"":""success"",""estimated-frame-number"":""success"",""filename"":""success"",""hwdec-current"":""success"",""idle-active"":""success"",""path"":""success"",""pause"":""success"",""percent-pos"":""success"",""time-pos"":""success"",""video-params"":""success"",""vo-configured"":""success""}"	true	playing	media-63e22e276f	<media-path:c406539999>	15100	0	true	"{""black_screen_risk_reason"":""null"",""blocked_media_count"":0,""consecutive_failures"":0,""current_index"":0,""current_item"":{""alias"":""media-63e22e276f"",""duration_ms"":15100,""offset_ms"":0,""path_alias"":""<media-path:c406539999>"",""started_at_present"":true},""last_poll_error"":""null"",""last_render_error"":""null"",""mpv_running"":true,""next_item"":{""alias"":""media-b04db49d99"",""duration_ms"":15100,""path_alias"":""<media-path:2b030c3c41>""},""playback_state"":""playing"",""playlist_size"":9,""present"":true,""uptime_sec"":1154}"
471	506.523	2026-07-10T20:27:40+0000	success		2	<media-path:c406539999>	<media-path:c406539999>	<filename:aaf3979e21>	11.766667	15.069751	78.081363	false	false	false	353	v4l2request-copy	true	"{""aspect"":0.566038,""dh"":848,""dw"":480,""h"":848,""par"":1.0,""pixelformat"":""nv12"",""rotate"":0,""stereo-in"":""mono"",""w"":480}"	"{""duration"":""success"",""eof-reached"":""success"",""estimated-frame-number"":""success"",""filename"":""success"",""hwdec-current"":""success"",""idle-active"":""success"",""path"":""success"",""pause"":""success"",""percent-pos"":""success"",""time-pos"":""success"",""video-params"":""success"",""vo-configured"":""success""}"	true	playing	media-63e22e276f	<media-path:c406539999>	15100	0	true	"{""black_screen_risk_reason"":""null"",""blocked_media_count"":0,""consecutive_failures"":0,""current_index"":0,""current_item"":{""alias"":""media-63e22e276f"",""duration_ms"":15100,""offset_ms"":0,""path_alias"":""<media-path:c406539999>"",""started_at_present"":true},""last_poll_error"":""null"",""last_render_error"":""null"",""mpv_running"":true,""next_item"":{""alias"":""media-b04db49d99"",""duration_ms"":15100,""path_alias"":""<media-path:2b030c3c41>""},""playback_state"":""playing"",""playlist_size"":9,""present"":true,""uptime_sec"":1159}"
472	507.528	2026-07-10T20:27:41+0000	success		2	<media-path:c406539999>	<media-path:c406539999>	<filename:aaf3979e21>	12.8	15.069751	84.938367	false	false	false	384	v4l2request-copy	true	"{""aspect"":0.566038,""dh"":848,""dw"":480,""h"":848,""par"":1.0,""pixelformat"":""nv12"",""rotate"":0,""stereo-in"":""mono"",""w"":480}"	"{""duration"":""success"",""eof-reached"":""success"",""estimated-frame-number"":""success"",""filename"":""success"",""hwdec-current"":""success"",""idle-active"":""success"",""path"":""success"",""pause"":""success"",""percent-pos"":""success"",""time-pos"":""success"",""video-params"":""success"",""vo-configured"":""success""}"	true	playing	media-63e22e276f	<media-path:c406539999>	15100	0	true	"{""black_screen_risk_reason"":""null"",""blocked_media_count"":0,""consecutive_failures"":0,""current_index"":0,""current_item"":{""alias"":""media-63e22e276f"",""duration_ms"":15100,""offset_ms"":0,""path_alias"":""<media-path:c406539999>"",""started_at_present"":true},""last_poll_error"":""null"",""last_render_error"":""null"",""mpv_running"":true,""next_item"":{""alias"":""media-b04db49d99"",""duration_ms"":15100,""path_alias"":""<media-path:2b030c3c41>""},""playback_state"":""playing"",""playlist_size"":9,""present"":true,""uptime_sec"":1159}"
473	508.532	2026-07-10T20:27:42+0000	success		2	<media-path:c406539999>	<media-path:c406539999>	<filename:aaf3979e21>	13.8	15.069751	91.574177	false	false	false	414	v4l2request-copy	true	"{""aspect"":0.566038,""dh"":848,""dw"":480,""h"":848,""par"":1.0,""pixelformat"":""nv12"",""rotate"":0,""stereo-in"":""mono"",""w"":480}"	"{""duration"":""success"",""eof-reached"":""success"",""estimated-frame-number"":""success"",""filename"":""success"",""hwdec-current"":""success"",""idle-active"":""success"",""path"":""success"",""pause"":""success"",""percent-pos"":""success"",""time-pos"":""success"",""video-params"":""success"",""vo-configured"":""success""}"	true	playing	media-63e22e276f	<media-path:c406539999>	15100	0	true	"{""black_screen_risk_reason"":""null"",""blocked_media_count"":0,""consecutive_failures"":0,""current_index"":0,""current_item"":{""alias"":""media-63e22e276f"",""duration_ms"":15100,""offset_ms"":0,""path_alias"":""<media-path:c406539999>"",""started_at_present"":true},""last_poll_error"":""null"",""last_render_error"":""null"",""mpv_running"":true,""next_item"":{""alias"":""media-b04db49d99"",""duration_ms"":15100,""path_alias"":""<media-path:2b030c3c41>""},""playback_state"":""playing"",""playlist_size"":9,""present"":true,""uptime_sec"":1159}"
474	509.537	2026-07-10T20:27:43+0000	success		12	<media-path:c406539999>	<media-path:c406539999>	<filename:aaf3979e21>	14.8	15.069751	98.209987	false	false	false	444	v4l2request-copy	true	"{""aspect"":0.566038,""dh"":848,""dw"":480,""h"":848,""par"":1.0,""pixelformat"":""nv12"",""rotate"":0,""stereo-in"":""mono"",""w"":480}"	"{""duration"":""success"",""eof-reached"":""success"",""estimated-frame-number"":""success"",""filename"":""success"",""hwdec-current"":""success"",""idle-active"":""success"",""path"":""success"",""pause"":""success"",""percent-pos"":""success"",""time-pos"":""success"",""video-params"":""success"",""vo-configured"":""success""}"	true	playing	media-63e22e276f	<media-path:c406539999>	15100	0	true	"{""black_screen_risk_reason"":""null"",""blocked_media_count"":0,""consecutive_failures"":0,""current_index"":0,""current_item"":{""alias"":""media-63e22e276f"",""duration_ms"":15100,""offset_ms"":0,""path_alias"":""<media-path:c406539999>"",""started_at_present"":true},""last_poll_error"":""null"",""last_render_error"":""null"",""mpv_running"":true,""next_item"":{""alias"":""media-b04db49d99"",""duration_ms"":15100,""path_alias"":""<media-path:2b030c3c41>""},""playback_state"":""playing"",""playlist_size"":9,""present"":true,""uptime_sec"":1159}"
475	510.552	2026-07-10T20:27:44+0000	success		5	<media-path:2b030c3c41>	<media-path:2b030c3c41>	<filename:c617160627>	0.533333	15.1	3.532009	false	false	false	16	v4l2request-copy	true	"{""aspect"":0.566038,""dh"":848,""dw"":480,""h"":848,""par"":1.0,""pixelformat"":""nv12"",""rotate"":0,""stereo-in"":""mono"",""w"":480}"	"{""duration"":""success"",""eof-reached"":""success"",""estimated-frame-number"":""success"",""filename"":""success"",""hwdec-current"":""success"",""idle-active"":""success"",""path"":""success"",""pause"":""success"",""percent-pos"":""success"",""time-pos"":""success"",""video-params"":""success"",""vo-configured"":""success""}"	true	playing	media-63e22e276f	<media-path:c406539999>	15100	0	true	"{""black_screen_risk_reason"":""null"",""blocked_media_count"":0,""consecutive_failures"":0,""current_index"":0,""current_item"":{""alias"":""media-63e22e276f"",""duration_ms"":15100,""offset_ms"":0,""path_alias"":""<media-path:c406539999>"",""started_at_present"":true},""last_poll_error"":""null"",""last_render_error"":""null"",""mpv_running"":true,""next_item"":{""alias"":""media-b04db49d99"",""duration_ms"":15100,""path_alias"":""<media-path:2b030c3c41>""},""playback_state"":""playing"",""playlist_size"":9,""present"":true,""uptime_sec"":1159}"
476	511.560	2026-07-10T20:27:45+0000	success		2	<media-path:2b030c3c41>	<media-path:2b030c3c41>	<filename:c617160627>	1.533333	15.1	10.154525	false	false	false	46	v4l2request-copy	true	"{""aspect"":0.566038,""dh"":848,""dw"":480,""h"":848,""par"":1.0,""pixelformat"":""nv12"",""rotate"":0,""stereo-in"":""mono"",""w"":480}"	"{""duration"":""success"",""eof-reached"":""success"",""estimated-frame-number"":""success"",""filename"":""success"",""hwdec-current"":""success"",""idle-active"":""success"",""path"":""success"",""pause"":""success"",""percent-pos"":""success"",""time-pos"":""success"",""video-params"":""success"",""vo-configured"":""success""}"	true	playing	media-b04db49d99	<media-path:2b030c3c41>	15100	1	true	"{""black_screen_risk_reason"":""null"",""blocked_media_count"":0,""consecutive_failures"":0,""current_index"":1,""current_item"":{""alias"":""media-b04db49d99"",""duration_ms"":15100,""offset_ms"":0,""path_alias"":""<media-path:2b030c3c41>"",""started_at_present"":true},""last_poll_error"":""null"",""last_render_error"":""null"",""mpv_running"":true,""next_item"":{""alias"":""media-8ffdc1f445"",""duration_ms"":14000,""path_alias"":""<media-path:fee4d36eb4>""},""playback_state"":""playing"",""playlist_size"":9,""present"":true,""uptime_sec"":1164}"
477	512.564	2026-07-10T20:27:46+0000	success		2	<media-path:2b030c3c41>	<media-path:2b030c3c41>	<filename:c617160627>	2.566667	15.1	16.997792	false	false	false	77	v4l2request-copy	true	"{""aspect"":0.566038,""dh"":848,""dw"":480,""h"":848,""par"":1.0,""pixelformat"":""nv12"",""rotate"":0,""stereo-in"":""mono"",""w"":480}"	"{""duration"":""success"",""eof-reached"":""success"",""estimated-frame-number"":""success"",""filename"":""success"",""hwdec-current"":""success"",""idle-active"":""success"",""path"":""success"",""pause"":""success"",""percent-pos"":""success"",""time-pos"":""success"",""video-params"":""success"",""vo-configured"":""success""}"	true	playing	media-b04db49d99	<media-path:2b030c3c41>	15100	1	true	"{""black_screen_risk_reason"":""null"",""blocked_media_count"":0,""consecutive_failures"":0,""current_index"":1,""current_item"":{""alias"":""media-b04db49d99"",""duration_ms"":15100,""offset_ms"":0,""path_alias"":""<media-path:2b030c3c41>"",""started_at_present"":true},""last_poll_error"":""null"",""last_render_error"":""null"",""mpv_running"":true,""next_item"":{""alias"":""media-8ffdc1f445"",""duration_ms"":14000,""path_alias"":""<media-path:fee4d36eb4>""},""playback_state"":""playing"",""playlist_size"":9,""present"":true,""uptime_sec"":1164}"
478	513.569	2026-07-10T20:27:47+0000	success		2	<media-path:2b030c3c41>	<media-path:2b030c3c41>	<filename:c617160627>	3.566667	15.1	23.620309	false	false	false	107	v4l2request-copy	true	"{""aspect"":0.566038,""dh"":848,""dw"":480,""h"":848,""par"":1.0,""pixelformat"":""nv12"",""rotate"":0,""stereo-in"":""mono"",""w"":480}"	"{""duration"":""success"",""eof-reached"":""success"",""estimated-frame-number"":""success"",""filename"":""success"",""hwdec-current"":""success"",""idle-active"":""success"",""path"":""success"",""pause"":""success"",""percent-pos"":""success"",""time-pos"":""success"",""video-params"":""success"",""vo-configured"":""success""}"	true	playing	media-b04db49d99	<media-path:2b030c3c41>	15100	1	true	"{""black_screen_risk_reason"":""null"",""blocked_media_count"":0,""consecutive_failures"":0,""current_index"":1,""current_item"":{""alias"":""media-b04db49d99"",""duration_ms"":15100,""offset_ms"":0,""path_alias"":""<media-path:2b030c3c41>"",""started_at_present"":true},""last_poll_error"":""null"",""last_render_error"":""null"",""mpv_running"":true,""next_item"":{""alias"":""media-8ffdc1f445"",""duration_ms"":14000,""path_alias"":""<media-path:fee4d36eb4>""},""playback_state"":""playing"",""playlist_size"":9,""present"":true,""uptime_sec"":1164}"
479	514.573	2026-07-10T20:27:48+0000	success		2	<media-path:2b030c3c41>	<media-path:2b030c3c41>	<filename:c617160627>	4.566667	15.1	30.242826	false	false	false	137	v4l2request-copy	true	"{""aspect"":0.566038,""dh"":848,""dw"":480,""h"":848,""par"":1.0,""pixelformat"":""nv12"",""rotate"":0,""stereo-in"":""mono"",""w"":480}"	"{""duration"":""success"",""eof-reached"":""success"",""estimated-frame-number"":""success"",""filename"":""success"",""hwdec-current"":""success"",""idle-active"":""success"",""path"":""success"",""pause"":""success"",""percent-pos"":""success"",""time-pos"":""success"",""video-params"":""success"",""vo-configured"":""success""}"	true	playing	media-b04db49d99	<media-path:2b030c3c41>	15100	1	true	"{""black_screen_risk_reason"":""null"",""blocked_media_count"":0,""consecutive_failures"":0,""current_index"":1,""current_item"":{""alias"":""media-b04db49d99"",""duration_ms"":15100,""offset_ms"":0,""path_alias"":""<media-path:2b030c3c41>"",""started_at_present"":true},""last_poll_error"":""null"",""last_render_error"":""null"",""mpv_running"":true,""next_item"":{""alias"":""media-8ffdc1f445"",""duration_ms"":14000,""path_alias"":""<media-path:fee4d36eb4>""},""playback_state"":""playing"",""playlist_size"":9,""present"":true,""uptime_sec"":1164}"
480	515.577	2026-07-10T20:27:49+0000	success		2	<media-path:2b030c3c41>	<media-path:2b030c3c41>	<filename:c617160627>	5.566667	15.1	36.865342	false	false	false	167	v4l2request-copy	true	"{""aspect"":0.566038,""dh"":848,""dw"":480,""h"":848,""par"":1.0,""pixelformat"":""nv12"",""rotate"":0,""stereo-in"":""mono"",""w"":480}"	"{""duration"":""success"",""eof-reached"":""success"",""estimated-frame-number"":""success"",""filename"":""success"",""hwdec-current"":""success"",""idle-active"":""success"",""path"":""success"",""pause"":""success"",""percent-pos"":""success"",""time-pos"":""success"",""video-params"":""success"",""vo-configured"":""success""}"	true	playing	media-b04db49d99	<media-path:2b030c3c41>	15100	1	true	"{""black_screen_risk_reason"":""null"",""blocked_media_count"":0,""consecutive_failures"":0,""current_index"":1,""current_item"":{""alias"":""media-b04db49d99"",""duration_ms"":15100,""offset_ms"":0,""path_alias"":""<media-path:2b030c3c41>"",""started_at_present"":true},""last_poll_error"":""null"",""last_render_error"":""null"",""mpv_running"":true,""next_item"":{""alias"":""media-8ffdc1f445"",""duration_ms"":14000,""path_alias"":""<media-path:fee4d36eb4>""},""playback_state"":""playing"",""playlist_size"":9,""present"":true,""uptime_sec"":1164}"
481	516.583	2026-07-10T20:27:50+0000	success		11	<media-path:2b030c3c41>	<media-path:2b030c3c41>	<filename:c617160627>	6.566667	15.1	43.487859	false	false	false	197	v4l2request-copy	true	"{""aspect"":0.566038,""dh"":848,""dw"":480,""h"":848,""par"":1.0,""pixelformat"":""nv12"",""rotate"":0,""stereo-in"":""mono"",""w"":480}"	"{""duration"":""success"",""eof-reached"":""success"",""estimated-frame-number"":""success"",""filename"":""success"",""hwdec-current"":""success"",""idle-active"":""success"",""path"":""success"",""pause"":""success"",""percent-pos"":""success"",""time-pos"":""success"",""video-params"":""success"",""vo-configured"":""success""}"	true	playing	media-b04db49d99	<media-path:2b030c3c41>	15100	1	true	"{""black_screen_risk_reason"":""null"",""blocked_media_count"":0,""consecutive_failures"":0,""current_index"":1,""current_item"":{""alias"":""media-b04db49d99"",""duration_ms"":15100,""offset_ms"":0,""path_alias"":""<media-path:2b030c3c41>"",""started_at_present"":true},""last_poll_error"":""null"",""last_render_error"":""null"",""mpv_running"":true,""next_item"":{""alias"":""media-8ffdc1f445"",""duration_ms"":14000,""path_alias"":""<media-path:fee4d36eb4>""},""playback_state"":""playing"",""playlist_size"":9,""present"":true,""uptime_sec"":1169}"
482	517.597	2026-07-10T20:27:51+0000	success		2	<media-path:2b030c3c41>	<media-path:2b030c3c41>	<filename:c617160627>	7.6	15.1	50.331126	false	false	false	228	v4l2request-copy	true	"{""aspect"":0.566038,""dh"":848,""dw"":480,""h"":848,""par"":1.0,""pixelformat"":""nv12"",""rotate"":0,""stereo-in"":""mono"",""w"":480}"	"{""duration"":""success"",""eof-reached"":""success"",""estimated-frame-number"":""success"",""filename"":""success"",""hwdec-current"":""success"",""idle-active"":""success"",""path"":""success"",""pause"":""success"",""percent-pos"":""success"",""time-pos"":""success"",""video-params"":""success"",""vo-configured"":""success""}"	true	playing	media-b04db49d99	<media-path:2b030c3c41>	15100	1	true	"{""black_screen_risk_reason"":""null"",""blocked_media_count"":0,""consecutive_failures"":0,""current_index"":1,""current_item"":{""alias"":""media-b04db49d99"",""duration_ms"":15100,""offset_ms"":0,""path_alias"":""<media-path:2b030c3c41>"",""started_at_present"":true},""last_poll_error"":""null"",""last_render_error"":""null"",""mpv_running"":true,""next_item"":{""alias"":""media-8ffdc1f445"",""duration_ms"":14000,""path_alias"":""<media-path:fee4d36eb4>""},""playback_state"":""playing"",""playlist_size"":9,""present"":true,""uptime_sec"":1169}"
483	518.602	2026-07-10T20:27:52+0000	success		2	<media-path:2b030c3c41>	<media-path:2b030c3c41>	<filename:c617160627>	8.6	15.1	56.953642	false	false	false	258	v4l2request-copy	true	"{""aspect"":0.566038,""dh"":848,""dw"":480,""h"":848,""par"":1.0,""pixelformat"":""nv12"",""rotate"":0,""stereo-in"":""mono"",""w"":480}"	"{""duration"":""success"",""eof-reached"":""success"",""estimated-frame-number"":""success"",""filename"":""success"",""hwdec-current"":""success"",""idle-active"":""success"",""path"":""success"",""pause"":""success"",""percent-pos"":""success"",""time-pos"":""success"",""video-params"":""success"",""vo-configured"":""success""}"	true	playing	media-b04db49d99	<media-path:2b030c3c41>	15100	1	true	"{""black_screen_risk_reason"":""null"",""blocked_media_count"":0,""consecutive_failures"":0,""current_index"":1,""current_item"":{""alias"":""media-b04db49d99"",""duration_ms"":15100,""offset_ms"":0,""path_alias"":""<media-path:2b030c3c41>"",""started_at_present"":true},""last_poll_error"":""null"",""last_render_error"":""null"",""mpv_running"":true,""next_item"":{""alias"":""media-8ffdc1f445"",""duration_ms"":14000,""path_alias"":""<media-path:fee4d36eb4>""},""playback_state"":""playing"",""playlist_size"":9,""present"":true,""uptime_sec"":1169}"
484	519.606	2026-07-10T20:27:53+0000	success		2	<media-path:2b030c3c41>	<media-path:2b030c3c41>	<filename:c617160627>	9.6	15.1	63.576159	false	false	false	288	v4l2request-copy	true	"{""aspect"":0.566038,""dh"":848,""dw"":480,""h"":848,""par"":1.0,""pixelformat"":""nv12"",""rotate"":0,""stereo-in"":""mono"",""w"":480}"	"{""duration"":""success"",""eof-reached"":""success"",""estimated-frame-number"":""success"",""filename"":""success"",""hwdec-current"":""success"",""idle-active"":""success"",""path"":""success"",""pause"":""success"",""percent-pos"":""success"",""time-pos"":""success"",""video-params"":""success"",""vo-configured"":""success""}"	true	playing	media-b04db49d99	<media-path:2b030c3c41>	15100	1	true	"{""black_screen_risk_reason"":""null"",""blocked_media_count"":0,""consecutive_failures"":0,""current_index"":1,""current_item"":{""alias"":""media-b04db49d99"",""duration_ms"":15100,""offset_ms"":0,""path_alias"":""<media-path:2b030c3c41>"",""started_at_present"":true},""last_poll_error"":""null"",""last_render_error"":""null"",""mpv_running"":true,""next_item"":{""alias"":""media-8ffdc1f445"",""duration_ms"":14000,""path_alias"":""<media-path:fee4d36eb4>""},""playback_state"":""playing"",""playlist_size"":9,""present"":true,""uptime_sec"":1169}"
485	520.610	2026-07-10T20:27:54+0000	success		2	<media-path:2b030c3c41>	<media-path:2b030c3c41>	<filename:c617160627>	10.6	15.1	70.198675	false	false	false	318	v4l2request-copy	true	"{""aspect"":0.566038,""dh"":848,""dw"":480,""h"":848,""par"":1.0,""pixelformat"":""nv12"",""rotate"":0,""stereo-in"":""mono"",""w"":480}"	"{""duration"":""success"",""eof-reached"":""success"",""estimated-frame-number"":""success"",""filename"":""success"",""hwdec-current"":""success"",""idle-active"":""success"",""path"":""success"",""pause"":""success"",""percent-pos"":""success"",""time-pos"":""success"",""video-params"":""success"",""vo-configured"":""success""}"	true	playing	media-b04db49d99	<media-path:2b030c3c41>	15100	1	true	"{""black_screen_risk_reason"":""null"",""blocked_media_count"":0,""consecutive_failures"":0,""current_index"":1,""current_item"":{""alias"":""media-b04db49d99"",""duration_ms"":15100,""offset_ms"":0,""path_alias"":""<media-path:2b030c3c41>"",""started_at_present"":true},""last_poll_error"":""null"",""last_render_error"":""null"",""mpv_running"":true,""next_item"":{""alias"":""media-8ffdc1f445"",""duration_ms"":14000,""path_alias"":""<media-path:fee4d36eb4>""},""playback_state"":""playing"",""playlist_size"":9,""present"":true,""uptime_sec"":1169}"
486	521.615	2026-07-10T20:27:55+0000	success		8	<media-path:2b030c3c41>	<media-path:2b030c3c41>	<filename:c617160627>	11.6	15.1	76.821192	false	false	false	348	v4l2request-copy	true	"{""aspect"":0.566038,""dh"":848,""dw"":480,""h"":848,""par"":1.0,""pixelformat"":""nv12"",""rotate"":0,""stereo-in"":""mono"",""w"":480}"	"{""duration"":""success"",""eof-reached"":""success"",""estimated-frame-number"":""success"",""filename"":""success"",""hwdec-current"":""success"",""idle-active"":""success"",""path"":""success"",""pause"":""success"",""percent-pos"":""success"",""time-pos"":""success"",""video-params"":""success"",""vo-configured"":""success""}"	true	playing	media-b04db49d99	<media-path:2b030c3c41>	15100	1	true	"{""black_screen_risk_reason"":""null"",""blocked_media_count"":0,""consecutive_failures"":0,""current_index"":1,""current_item"":{""alias"":""media-b04db49d99"",""duration_ms"":15100,""offset_ms"":0,""path_alias"":""<media-path:2b030c3c41>"",""started_at_present"":true},""last_poll_error"":""null"",""last_render_error"":""null"",""mpv_running"":true,""next_item"":{""alias"":""media-8ffdc1f445"",""duration_ms"":14000,""path_alias"":""<media-path:fee4d36eb4>""},""playback_state"":""playing"",""playlist_size"":9,""present"":true,""uptime_sec"":1174}"
487	522.626	2026-07-10T20:27:56+0000	success		2	<media-path:2b030c3c41>	<media-path:2b030c3c41>	<filename:c617160627>	12.6	15.1	83.443709	false	false	false	378	v4l2request-copy	true	"{""aspect"":0.566038,""dh"":848,""dw"":480,""h"":848,""par"":1.0,""pixelformat"":""nv12"",""rotate"":0,""stereo-in"":""mono"",""w"":480}"	"{""duration"":""success"",""eof-reached"":""success"",""estimated-frame-number"":""success"",""filename"":""success"",""hwdec-current"":""success"",""idle-active"":""success"",""path"":""success"",""pause"":""success"",""percent-pos"":""success"",""time-pos"":""success"",""video-params"":""success"",""vo-configured"":""success""}"	true	playing	media-b04db49d99	<media-path:2b030c3c41>	15100	1	true	"{""black_screen_risk_reason"":""null"",""blocked_media_count"":0,""consecutive_failures"":0,""current_index"":1,""current_item"":{""alias"":""media-b04db49d99"",""duration_ms"":15100,""offset_ms"":0,""path_alias"":""<media-path:2b030c3c41>"",""started_at_present"":true},""last_poll_error"":""null"",""last_render_error"":""null"",""mpv_running"":true,""next_item"":{""alias"":""media-8ffdc1f445"",""duration_ms"":14000,""path_alias"":""<media-path:fee4d36eb4>""},""playback_state"":""playing"",""playlist_size"":9,""present"":true,""uptime_sec"":1174}"
488	523.630	2026-07-10T20:27:57+0000	success		2	<media-path:2b030c3c41>	<media-path:2b030c3c41>	<filename:c617160627>	13.633333	15.1	90.286976	false	false	false	409	v4l2request-copy	true	"{""aspect"":0.566038,""dh"":848,""dw"":480,""h"":848,""par"":1.0,""pixelformat"":""nv12"",""rotate"":0,""stereo-in"":""mono"",""w"":480}"	"{""duration"":""success"",""eof-reached"":""success"",""estimated-frame-number"":""success"",""filename"":""success"",""hwdec-current"":""success"",""idle-active"":""success"",""path"":""success"",""pause"":""success"",""percent-pos"":""success"",""time-pos"":""success"",""video-params"":""success"",""vo-configured"":""success""}"	true	playing	media-b04db49d99	<media-path:2b030c3c41>	15100	1	true	"{""black_screen_risk_reason"":""null"",""blocked_media_count"":0,""consecutive_failures"":0,""current_index"":1,""current_item"":{""alias"":""media-b04db49d99"",""duration_ms"":15100,""offset_ms"":0,""path_alias"":""<media-path:2b030c3c41>"",""started_at_present"":true},""last_poll_error"":""null"",""last_render_error"":""null"",""mpv_running"":true,""next_item"":{""alias"":""media-8ffdc1f445"",""duration_ms"":14000,""path_alias"":""<media-path:fee4d36eb4>""},""playback_state"":""playing"",""playlist_size"":9,""present"":true,""uptime_sec"":1174}"
489	524.635	2026-07-10T20:27:58+0000	success		2	<media-path:2b030c3c41>	<media-path:2b030c3c41>	<filename:c617160627>	14.633333	15.1	96.909492	false	false	false	439	v4l2request-copy	true	"{""aspect"":0.566038,""dh"":848,""dw"":480,""h"":848,""par"":1.0,""pixelformat"":""nv12"",""rotate"":0,""stereo-in"":""mono"",""w"":480}"	"{""duration"":""success"",""eof-reached"":""success"",""estimated-frame-number"":""success"",""filename"":""success"",""hwdec-current"":""success"",""idle-active"":""success"",""path"":""success"",""pause"":""success"",""percent-pos"":""success"",""time-pos"":""success"",""video-params"":""success"",""vo-configured"":""success""}"	true	playing	media-b04db49d99	<media-path:2b030c3c41>	15100	1	true	"{""black_screen_risk_reason"":""null"",""blocked_media_count"":0,""consecutive_failures"":0,""current_index"":1,""current_item"":{""alias"":""media-b04db49d99"",""duration_ms"":15100,""offset_ms"":0,""path_alias"":""<media-path:2b030c3c41>"",""started_at_present"":true},""last_poll_error"":""null"",""last_render_error"":""null"",""mpv_running"":true,""next_item"":{""alias"":""media-8ffdc1f445"",""duration_ms"":14000,""path_alias"":""<media-path:fee4d36eb4>""},""playback_state"":""playing"",""playlist_size"":9,""present"":true,""uptime_sec"":1174}"
490	525.639	2026-07-10T20:27:59+0000	success		2	<media-path:fee4d36eb4>	<media-path:fee4d36eb4>	<filename:8ba6df5956>	0.3	14	2.142857	false	false	false	9	v4l2request-copy	true	"{""aspect"":0.557692,""dh"":832,""dw"":464,""h"":832,""par"":1.0,""pixelformat"":""nv12"",""rotate"":0,""stereo-in"":""mono"",""w"":464}"	"{""duration"":""success"",""eof-reached"":""success"",""estimated-frame-number"":""success"",""filename"":""success"",""hwdec-current"":""success"",""idle-active"":""success"",""path"":""success"",""pause"":""success"",""percent-pos"":""success"",""time-pos"":""success"",""video-params"":""success"",""vo-configured"":""success""}"	true	playing	media-b04db49d99	<media-path:2b030c3c41>	15100	1	true	"{""black_screen_risk_reason"":""null"",""blocked_media_count"":0,""consecutive_failures"":0,""current_index"":1,""current_item"":{""alias"":""media-b04db49d99"",""duration_ms"":15100,""offset_ms"":0,""path_alias"":""<media-path:2b030c3c41>"",""started_at_present"":true},""last_poll_error"":""null"",""last_render_error"":""null"",""mpv_running"":true,""next_item"":{""alias"":""media-8ffdc1f445"",""duration_ms"":14000,""path_alias"":""<media-path:fee4d36eb4>""},""playback_state"":""playing"",""playlist_size"":9,""present"":true,""uptime_sec"":1174}"
491	526.645	2026-07-10T20:28:00+0000	success		2	<media-path:fee4d36eb4>	<media-path:fee4d36eb4>	<filename:8ba6df5956>	1.3	14	9.285714	false	false	false	39	v4l2request-copy	true	"{""aspect"":0.557692,""dh"":832,""dw"":464,""h"":832,""par"":1.0,""pixelformat"":""nv12"",""rotate"":0,""stereo-in"":""mono"",""w"":464}"	"{""duration"":""success"",""eof-reached"":""success"",""estimated-frame-number"":""success"",""filename"":""success"",""hwdec-current"":""success"",""idle-active"":""success"",""path"":""success"",""pause"":""success"",""percent-pos"":""success"",""time-pos"":""success"",""video-params"":""success"",""vo-configured"":""success""}"	true	playing	media-8ffdc1f445	<media-path:fee4d36eb4>	14000	2	true	"{""black_screen_risk_reason"":""null"",""blocked_media_count"":0,""consecutive_failures"":0,""current_index"":2,""current_item"":{""alias"":""media-8ffdc1f445"",""duration_ms"":14000,""offset_ms"":0,""path_alias"":""<media-path:fee4d36eb4>"",""started_at_present"":true},""last_poll_error"":""null"",""last_render_error"":""null"",""mpv_running"":true,""next_item"":{""alias"":""media-907addee8b"",""duration_ms"":30800,""path_alias"":""<media-path:c58db4e1cc>""},""playback_state"":""playing"",""playlist_size"":9,""present"":true,""uptime_sec"":1179}"
492	527.649	2026-07-10T20:28:01+0000	success		2	<media-path:fee4d36eb4>	<media-path:fee4d36eb4>	<filename:8ba6df5956>	2.3	14	16.428571	false	false	false	69	v4l2request-copy	true	"{""aspect"":0.557692,""dh"":832,""dw"":464,""h"":832,""par"":1.0,""pixelformat"":""nv12"",""rotate"":0,""stereo-in"":""mono"",""w"":464}"	"{""duration"":""success"",""eof-reached"":""success"",""estimated-frame-number"":""success"",""filename"":""success"",""hwdec-current"":""success"",""idle-active"":""success"",""path"":""success"",""pause"":""success"",""percent-pos"":""success"",""time-pos"":""success"",""video-params"":""success"",""vo-configured"":""success""}"	true	playing	media-8ffdc1f445	<media-path:fee4d36eb4>	14000	2	true	"{""black_screen_risk_reason"":""null"",""blocked_media_count"":0,""consecutive_failures"":0,""current_index"":2,""current_item"":{""alias"":""media-8ffdc1f445"",""duration_ms"":14000,""offset_ms"":0,""path_alias"":""<media-path:fee4d36eb4>"",""started_at_present"":true},""last_poll_error"":""null"",""last_render_error"":""null"",""mpv_running"":true,""next_item"":{""alias"":""media-907addee8b"",""duration_ms"":30800,""path_alias"":""<media-path:c58db4e1cc>""},""playback_state"":""playing"",""playlist_size"":9,""present"":true,""uptime_sec"":1179}"
493	528.654	2026-07-10T20:28:02+0000	success		2	<media-path:fee4d36eb4>	<media-path:fee4d36eb4>	<filename:8ba6df5956>	3.3	14	23.571429	false	false	false	99	v4l2request-copy	true	"{""aspect"":0.557692,""dh"":832,""dw"":464,""h"":832,""par"":1.0,""pixelformat"":""nv12"",""rotate"":0,""stereo-in"":""mono"",""w"":464}"	"{""duration"":""success"",""eof-reached"":""success"",""estimated-frame-number"":""success"",""filename"":""success"",""hwdec-current"":""success"",""idle-active"":""success"",""path"":""success"",""pause"":""success"",""percent-pos"":""success"",""time-pos"":""success"",""video-params"":""success"",""vo-configured"":""success""}"	true	playing	media-8ffdc1f445	<media-path:fee4d36eb4>	14000	2	true	"{""black_screen_risk_reason"":""null"",""blocked_media_count"":0,""consecutive_failures"":0,""current_index"":2,""current_item"":{""alias"":""media-8ffdc1f445"",""duration_ms"":14000,""offset_ms"":0,""path_alias"":""<media-path:fee4d36eb4>"",""started_at_present"":true},""last_poll_error"":""null"",""last_render_error"":""null"",""mpv_running"":true,""next_item"":{""alias"":""media-907addee8b"",""duration_ms"":30800,""path_alias"":""<media-path:c58db4e1cc>""},""playback_state"":""playing"",""playlist_size"":9,""present"":true,""uptime_sec"":1179}"
494	529.658	2026-07-10T20:28:03+0000	success		10	<media-path:fee4d36eb4>	<media-path:fee4d36eb4>	<filename:8ba6df5956>	4.3	14	30.714286	false	false	false	129	v4l2request-copy	true	"{""aspect"":0.557692,""dh"":832,""dw"":464,""h"":832,""par"":1.0,""pixelformat"":""nv12"",""rotate"":0,""stereo-in"":""mono"",""w"":464}"	"{""duration"":""success"",""eof-reached"":""success"",""estimated-frame-number"":""success"",""filename"":""success"",""hwdec-current"":""success"",""idle-active"":""success"",""path"":""success"",""pause"":""success"",""percent-pos"":""success"",""time-pos"":""success"",""video-params"":""success"",""vo-configured"":""success""}"	true	playing	media-8ffdc1f445	<media-path:fee4d36eb4>	14000	2	true	"{""black_screen_risk_reason"":""null"",""blocked_media_count"":0,""consecutive_failures"":0,""current_index"":2,""current_item"":{""alias"":""media-8ffdc1f445"",""duration_ms"":14000,""offset_ms"":0,""path_alias"":""<media-path:fee4d36eb4>"",""started_at_present"":true},""last_poll_error"":""null"",""last_render_error"":""null"",""mpv_running"":true,""next_item"":{""alias"":""media-907addee8b"",""duration_ms"":30800,""path_alias"":""<media-path:c58db4e1cc>""},""playback_state"":""playing"",""playlist_size"":9,""present"":true,""uptime_sec"":1179}"
495	530.670	2026-07-10T20:28:04+0000	success		2	<media-path:fee4d36eb4>	<media-path:fee4d36eb4>	<filename:8ba6df5956>	5.3	14	37.857143	false	false	false	159	v4l2request-copy	true	"{""aspect"":0.557692,""dh"":832,""dw"":464,""h"":832,""par"":1.0,""pixelformat"":""nv12"",""rotate"":0,""stereo-in"":""mono"",""w"":464}"	"{""duration"":""success"",""eof-reached"":""success"",""estimated-frame-number"":""success"",""filename"":""success"",""hwdec-current"":""success"",""idle-active"":""success"",""path"":""success"",""pause"":""success"",""percent-pos"":""success"",""time-pos"":""success"",""video-params"":""success"",""vo-configured"":""success""}"	true	playing	media-8ffdc1f445	<media-path:fee4d36eb4>	14000	2	true	"{""black_screen_risk_reason"":""null"",""blocked_media_count"":0,""consecutive_failures"":0,""current_index"":2,""current_item"":{""alias"":""media-8ffdc1f445"",""duration_ms"":14000,""offset_ms"":0,""path_alias"":""<media-path:fee4d36eb4>"",""started_at_present"":true},""last_poll_error"":""null"",""last_render_error"":""null"",""mpv_running"":true,""next_item"":{""alias"":""media-907addee8b"",""duration_ms"":30800,""path_alias"":""<media-path:c58db4e1cc>""},""playback_state"":""playing"",""playlist_size"":9,""present"":true,""uptime_sec"":1179}"
496	531.675	2026-07-10T20:28:05+0000	success		3	<media-path:fee4d36eb4>	<media-path:fee4d36eb4>	<filename:8ba6df5956>	6.333333	14	45.238095	false	false	false	190	v4l2request-copy	true	"{""aspect"":0.557692,""dh"":832,""dw"":464,""h"":832,""par"":1.0,""pixelformat"":""nv12"",""rotate"":0,""stereo-in"":""mono"",""w"":464}"	"{""duration"":""success"",""eof-reached"":""success"",""estimated-frame-number"":""success"",""filename"":""success"",""hwdec-current"":""success"",""idle-active"":""success"",""path"":""success"",""pause"":""success"",""percent-pos"":""success"",""time-pos"":""success"",""video-params"":""success"",""vo-configured"":""success""}"	true	playing	media-8ffdc1f445	<media-path:fee4d36eb4>	14000	2	true	"{""black_screen_risk_reason"":""null"",""blocked_media_count"":0,""consecutive_failures"":0,""current_index"":2,""current_item"":{""alias"":""media-8ffdc1f445"",""duration_ms"":14000,""offset_ms"":0,""path_alias"":""<media-path:fee4d36eb4>"",""started_at_present"":true},""last_poll_error"":""null"",""last_render_error"":""null"",""mpv_running"":true,""next_item"":{""alias"":""media-907addee8b"",""duration_ms"":30800,""path_alias"":""<media-path:c58db4e1cc>""},""playback_state"":""playing"",""playlist_size"":9,""present"":true,""uptime_sec"":1184}"
497	532.681	2026-07-10T20:28:06+0000	success		2	<media-path:fee4d36eb4>	<media-path:fee4d36eb4>	<filename:8ba6df5956>	7.333333	14	52.380952	false	false	false	220	v4l2request-copy	true	"{""aspect"":0.557692,""dh"":832,""dw"":464,""h"":832,""par"":1.0,""pixelformat"":""nv12"",""rotate"":0,""stereo-in"":""mono"",""w"":464}"	"{""duration"":""success"",""eof-reached"":""success"",""estimated-frame-number"":""success"",""filename"":""success"",""hwdec-current"":""success"",""idle-active"":""success"",""path"":""success"",""pause"":""success"",""percent-pos"":""success"",""time-pos"":""success"",""video-params"":""success"",""vo-configured"":""success""}"	true	playing	media-8ffdc1f445	<media-path:fee4d36eb4>	14000	2	true	"{""black_screen_risk_reason"":""null"",""blocked_media_count"":0,""consecutive_failures"":0,""current_index"":2,""current_item"":{""alias"":""media-8ffdc1f445"",""duration_ms"":14000,""offset_ms"":0,""path_alias"":""<media-path:fee4d36eb4>"",""started_at_present"":true},""last_poll_error"":""null"",""last_render_error"":""null"",""mpv_running"":true,""next_item"":{""alias"":""media-907addee8b"",""duration_ms"":30800,""path_alias"":""<media-path:c58db4e1cc>""},""playback_state"":""playing"",""playlist_size"":9,""present"":true,""uptime_sec"":1184}"
498	533.685	2026-07-10T20:28:07+0000	success		2	<media-path:fee4d36eb4>	<media-path:fee4d36eb4>	<filename:8ba6df5956>	8.333333	14	59.52381	false	false	false	250	v4l2request-copy	true	"{""aspect"":0.557692,""dh"":832,""dw"":464,""h"":832,""par"":1.0,""pixelformat"":""nv12"",""rotate"":0,""stereo-in"":""mono"",""w"":464}"	"{""duration"":""success"",""eof-reached"":""success"",""estimated-frame-number"":""success"",""filename"":""success"",""hwdec-current"":""success"",""idle-active"":""success"",""path"":""success"",""pause"":""success"",""percent-pos"":""success"",""time-pos"":""success"",""video-params"":""success"",""vo-configured"":""success""}"	true	playing	media-8ffdc1f445	<media-path:fee4d36eb4>	14000	2	true	"{""black_screen_risk_reason"":""null"",""blocked_media_count"":0,""consecutive_failures"":0,""current_index"":2,""current_item"":{""alias"":""media-8ffdc1f445"",""duration_ms"":14000,""offset_ms"":0,""path_alias"":""<media-path:fee4d36eb4>"",""started_at_present"":true},""last_poll_error"":""null"",""last_render_error"":""null"",""mpv_running"":true,""next_item"":{""alias"":""media-907addee8b"",""duration_ms"":30800,""path_alias"":""<media-path:c58db4e1cc>""},""playback_state"":""playing"",""playlist_size"":9,""present"":true,""uptime_sec"":1184}"
499	534.689	2026-07-10T20:28:08+0000	success		3	<media-path:fee4d36eb4>	<media-path:fee4d36eb4>	<filename:8ba6df5956>	9.333333	14	66.666667	false	false	false	280	v4l2request-copy	true	"{""aspect"":0.557692,""dh"":832,""dw"":464,""h"":832,""par"":1.0,""pixelformat"":""nv12"",""rotate"":0,""stereo-in"":""mono"",""w"":464}"	"{""duration"":""success"",""eof-reached"":""success"",""estimated-frame-number"":""success"",""filename"":""success"",""hwdec-current"":""success"",""idle-active"":""success"",""path"":""success"",""pause"":""success"",""percent-pos"":""success"",""time-pos"":""success"",""video-params"":""success"",""vo-configured"":""success""}"	true	playing	media-8ffdc1f445	<media-path:fee4d36eb4>	14000	2	true	"{""black_screen_risk_reason"":""null"",""blocked_media_count"":0,""consecutive_failures"":0,""current_index"":2,""current_item"":{""alias"":""media-8ffdc1f445"",""duration_ms"":14000,""offset_ms"":0,""path_alias"":""<media-path:fee4d36eb4>"",""started_at_present"":true},""last_poll_error"":""null"",""last_render_error"":""null"",""mpv_running"":true,""next_item"":{""alias"":""media-907addee8b"",""duration_ms"":30800,""path_alias"":""<media-path:c58db4e1cc>""},""playback_state"":""playing"",""playlist_size"":9,""present"":true,""uptime_sec"":1184}"
500	535.697	2026-07-10T20:28:09+0000	success		6	<media-path:fee4d36eb4>	<media-path:fee4d36eb4>	<filename:8ba6df5956>	10.333333	14	73.809524	false	false	false	310	v4l2request-copy	true	"{""aspect"":0.557692,""dh"":832,""dw"":464,""h"":832,""par"":1.0,""pixelformat"":""nv12"",""rotate"":0,""stereo-in"":""mono"",""w"":464}"	"{""duration"":""success"",""eof-reached"":""success"",""estimated-frame-number"":""success"",""filename"":""success"",""hwdec-current"":""success"",""idle-active"":""success"",""path"":""success"",""pause"":""success"",""percent-pos"":""success"",""time-pos"":""success"",""video-params"":""success"",""vo-configured"":""success""}"	true	playing	media-8ffdc1f445	<media-path:fee4d36eb4>	14000	2	true	"{""black_screen_risk_reason"":""null"",""blocked_media_count"":0,""consecutive_failures"":0,""current_index"":2,""current_item"":{""alias"":""media-8ffdc1f445"",""duration_ms"":14000,""offset_ms"":0,""path_alias"":""<media-path:fee4d36eb4>"",""started_at_present"":true},""last_poll_error"":""null"",""last_render_error"":""null"",""mpv_running"":true,""next_item"":{""alias"":""media-907addee8b"",""duration_ms"":30800,""path_alias"":""<media-path:c58db4e1cc>""},""playback_state"":""playing"",""playlist_size"":9,""present"":true,""uptime_sec"":1184}"
501	536.706	2026-07-10T20:28:10+0000	success		3	<media-path:fee4d36eb4>	<media-path:fee4d36eb4>	<filename:8ba6df5956>	11.333333	14	80.952381	false	false	false	340	v4l2request-copy	true	"{""aspect"":0.557692,""dh"":832,""dw"":464,""h"":832,""par"":1.0,""pixelformat"":""nv12"",""rotate"":0,""stereo-in"":""mono"",""w"":464}"	"{""duration"":""success"",""eof-reached"":""success"",""estimated-frame-number"":""success"",""filename"":""success"",""hwdec-current"":""success"",""idle-active"":""success"",""path"":""success"",""pause"":""success"",""percent-pos"":""success"",""time-pos"":""success"",""video-params"":""success"",""vo-configured"":""success""}"	true	playing	media-8ffdc1f445	<media-path:fee4d36eb4>	14000	2	true	"{""black_screen_risk_reason"":""null"",""blocked_media_count"":0,""consecutive_failures"":0,""current_index"":2,""current_item"":{""alias"":""media-8ffdc1f445"",""duration_ms"":14000,""offset_ms"":0,""path_alias"":""<media-path:fee4d36eb4>"",""started_at_present"":true},""last_poll_error"":""null"",""last_render_error"":""null"",""mpv_running"":true,""next_item"":{""alias"":""media-907addee8b"",""duration_ms"":30800,""path_alias"":""<media-path:c58db4e1cc>""},""playback_state"":""playing"",""playlist_size"":9,""present"":true,""uptime_sec"":1189}"
502	537.712	2026-07-10T20:28:11+0000	success		2	<media-path:fee4d36eb4>	<media-path:fee4d36eb4>	<filename:8ba6df5956>	12.366667	14	88.333333	false	false	false	371	v4l2request-copy	true	"{""aspect"":0.557692,""dh"":832,""dw"":464,""h"":832,""par"":1.0,""pixelformat"":""nv12"",""rotate"":0,""stereo-in"":""mono"",""w"":464}"	"{""duration"":""success"",""eof-reached"":""success"",""estimated-frame-number"":""success"",""filename"":""success"",""hwdec-current"":""success"",""idle-active"":""success"",""path"":""success"",""pause"":""success"",""percent-pos"":""success"",""time-pos"":""success"",""video-params"":""success"",""vo-configured"":""success""}"	true	playing	media-8ffdc1f445	<media-path:fee4d36eb4>	14000	2	true	"{""black_screen_risk_reason"":""null"",""blocked_media_count"":0,""consecutive_failures"":0,""current_index"":2,""current_item"":{""alias"":""media-8ffdc1f445"",""duration_ms"":14000,""offset_ms"":0,""path_alias"":""<media-path:fee4d36eb4>"",""started_at_present"":true},""last_poll_error"":""null"",""last_render_error"":""null"",""mpv_running"":true,""next_item"":{""alias"":""media-907addee8b"",""duration_ms"":30800,""path_alias"":""<media-path:c58db4e1cc>""},""playback_state"":""playing"",""playlist_size"":9,""present"":true,""uptime_sec"":1189}"
503	538.717	2026-07-10T20:28:12+0000	success		2	<media-path:fee4d36eb4>	<media-path:fee4d36eb4>	<filename:8ba6df5956>	13.366667	14	95.47619	false	false	false	401	v4l2request-copy	true	"{""aspect"":0.557692,""dh"":832,""dw"":464,""h"":832,""par"":1.0,""pixelformat"":""nv12"",""rotate"":0,""stereo-in"":""mono"",""w"":464}"	"{""duration"":""success"",""eof-reached"":""success"",""estimated-frame-number"":""success"",""filename"":""success"",""hwdec-current"":""success"",""idle-active"":""success"",""path"":""success"",""pause"":""success"",""percent-pos"":""success"",""time-pos"":""success"",""video-params"":""success"",""vo-configured"":""success""}"	true	playing	media-8ffdc1f445	<media-path:fee4d36eb4>	14000	2	true	"{""black_screen_risk_reason"":""null"",""blocked_media_count"":0,""consecutive_failures"":0,""current_index"":2,""current_item"":{""alias"":""media-8ffdc1f445"",""duration_ms"":14000,""offset_ms"":0,""path_alias"":""<media-path:fee4d36eb4>"",""started_at_present"":true},""last_poll_error"":""null"",""last_render_error"":""null"",""mpv_running"":true,""next_item"":{""alias"":""media-907addee8b"",""duration_ms"":30800,""path_alias"":""<media-path:c58db4e1cc>""},""playback_state"":""playing"",""playlist_size"":9,""present"":true,""uptime_sec"":1189}"
504	539.721	2026-07-10T20:28:13+0000	success		2	<media-path:c58db4e1cc>	<media-path:c58db4e1cc>	<filename:9b95323d7d>	0.291958	30.805333	0.947753	false	false	false	7	v4l2request-copy	true	"{""aspect"":0.5625,""dh"":640,""dw"":360,""h"":640,""par"":1.0,""pixelformat"":""nv12"",""rotate"":0,""stereo-in"":""mono"",""w"":360}"	"{""duration"":""success"",""eof-reached"":""success"",""estimated-frame-number"":""success"",""filename"":""success"",""hwdec-current"":""success"",""idle-active"":""success"",""path"":""success"",""pause"":""success"",""percent-pos"":""success"",""time-pos"":""success"",""video-params"":""success"",""vo-configured"":""success""}"	true	playing	media-8ffdc1f445	<media-path:fee4d36eb4>	14000	2	true	"{""black_screen_risk_reason"":""null"",""blocked_media_count"":0,""consecutive_failures"":0,""current_index"":2,""current_item"":{""alias"":""media-8ffdc1f445"",""duration_ms"":14000,""offset_ms"":0,""path_alias"":""<media-path:fee4d36eb4>"",""started_at_present"":true},""last_poll_error"":""null"",""last_render_error"":""null"",""mpv_running"":true,""next_item"":{""alias"":""media-907addee8b"",""duration_ms"":30800,""path_alias"":""<media-path:c58db4e1cc>""},""playback_state"":""playing"",""playlist_size"":9,""present"":true,""uptime_sec"":1189}"
505	540.725	2026-07-10T20:28:14+0000	success		2	<media-path:c58db4e1cc>	<media-path:c58db4e1cc>	<filename:9b95323d7d>	1.292958	30.805333	4.19719	false	false	false	31	v4l2request-copy	true	"{""aspect"":0.5625,""dh"":640,""dw"":360,""h"":640,""par"":1.0,""pixelformat"":""nv12"",""rotate"":0,""stereo-in"":""mono"",""w"":360}"	"{""duration"":""success"",""eof-reached"":""success"",""estimated-frame-number"":""success"",""filename"":""success"",""hwdec-current"":""success"",""idle-active"":""success"",""path"":""success"",""pause"":""success"",""percent-pos"":""success"",""time-pos"":""success"",""video-params"":""success"",""vo-configured"":""success""}"	true	playing	media-8ffdc1f445	<media-path:fee4d36eb4>	14000	2	true	"{""black_screen_risk_reason"":""null"",""blocked_media_count"":0,""consecutive_failures"":0,""current_index"":2,""current_item"":{""alias"":""media-8ffdc1f445"",""duration_ms"":14000,""offset_ms"":0,""path_alias"":""<media-path:fee4d36eb4>"",""started_at_present"":true},""last_poll_error"":""null"",""last_render_error"":""null"",""mpv_running"":true,""next_item"":{""alias"":""media-907addee8b"",""duration_ms"":30800,""path_alias"":""<media-path:c58db4e1cc>""},""playback_state"":""playing"",""playlist_size"":9,""present"":true,""uptime_sec"":1189}"
506	541.729	2026-07-10T20:28:15+0000	success		5	<media-path:c58db4e1cc>	<media-path:c58db4e1cc>	<filename:9b95323d7d>	2.293958	30.805333	7.446627	false	false	false	55	v4l2request-copy	true	"{""aspect"":0.5625,""dh"":640,""dw"":360,""h"":640,""par"":1.0,""pixelformat"":""nv12"",""rotate"":0,""stereo-in"":""mono"",""w"":360}"	"{""duration"":""success"",""eof-reached"":""success"",""estimated-frame-number"":""success"",""filename"":""success"",""hwdec-current"":""success"",""idle-active"":""success"",""path"":""success"",""pause"":""success"",""percent-pos"":""success"",""time-pos"":""success"",""video-params"":""success"",""vo-configured"":""success""}"	true	playing	media-907addee8b	<media-path:c58db4e1cc>	30800	3	true	"{""black_screen_risk_reason"":""null"",""blocked_media_count"":0,""consecutive_failures"":0,""current_index"":3,""current_item"":{""alias"":""media-907addee8b"",""duration_ms"":30800,""offset_ms"":0,""path_alias"":""<media-path:c58db4e1cc>"",""started_at_present"":true},""last_poll_error"":""null"",""last_render_error"":""null"",""mpv_running"":true,""next_item"":{""alias"":""media-8e4d41f6c2"",""duration_ms"":7200,""path_alias"":""<media-path:3662a4e886>""},""playback_state"":""playing"",""playlist_size"":9,""present"":true,""uptime_sec"":1194}"
507	542.738	2026-07-10T20:28:16+0000	success		2	<media-path:c58db4e1cc>	<media-path:c58db4e1cc>	<filename:9b95323d7d>	3.294958	30.805333	10.696065	false	false	false	79	v4l2request-copy	true	"{""aspect"":0.5625,""dh"":640,""dw"":360,""h"":640,""par"":1.0,""pixelformat"":""nv12"",""rotate"":0,""stereo-in"":""mono"",""w"":360}"	"{""duration"":""success"",""eof-reached"":""success"",""estimated-frame-number"":""success"",""filename"":""success"",""hwdec-current"":""success"",""idle-active"":""success"",""path"":""success"",""pause"":""success"",""percent-pos"":""success"",""time-pos"":""success"",""video-params"":""success"",""vo-configured"":""success""}"	true	playing	media-907addee8b	<media-path:c58db4e1cc>	30800	3	true	"{""black_screen_risk_reason"":""null"",""blocked_media_count"":0,""consecutive_failures"":0,""current_index"":3,""current_item"":{""alias"":""media-907addee8b"",""duration_ms"":30800,""offset_ms"":0,""path_alias"":""<media-path:c58db4e1cc>"",""started_at_present"":true},""last_poll_error"":""null"",""last_render_error"":""null"",""mpv_running"":true,""next_item"":{""alias"":""media-8e4d41f6c2"",""duration_ms"":7200,""path_alias"":""<media-path:3662a4e886>""},""playback_state"":""playing"",""playlist_size"":9,""present"":true,""uptime_sec"":1194}"
508	543.742	2026-07-10T20:28:17+0000	success		2	<media-path:c58db4e1cc>	<media-path:c58db4e1cc>	<filename:9b95323d7d>	4.295958	30.805333	13.945502	false	false	false	103	v4l2request-copy	true	"{""aspect"":0.5625,""dh"":640,""dw"":360,""h"":640,""par"":1.0,""pixelformat"":""nv12"",""rotate"":0,""stereo-in"":""mono"",""w"":360}"	"{""duration"":""success"",""eof-reached"":""success"",""estimated-frame-number"":""success"",""filename"":""success"",""hwdec-current"":""success"",""idle-active"":""success"",""path"":""success"",""pause"":""success"",""percent-pos"":""success"",""time-pos"":""success"",""video-params"":""success"",""vo-configured"":""success""}"	true	playing	media-907addee8b	<media-path:c58db4e1cc>	30800	3	true	"{""black_screen_risk_reason"":""null"",""blocked_media_count"":0,""consecutive_failures"":0,""current_index"":3,""current_item"":{""alias"":""media-907addee8b"",""duration_ms"":30800,""offset_ms"":0,""path_alias"":""<media-path:c58db4e1cc>"",""started_at_present"":true},""last_poll_error"":""null"",""last_render_error"":""null"",""mpv_running"":true,""next_item"":{""alias"":""media-8e4d41f6c2"",""duration_ms"":7200,""path_alias"":""<media-path:3662a4e886>""},""playback_state"":""playing"",""playlist_size"":9,""present"":true,""uptime_sec"":1194}"
509	544.746	2026-07-10T20:28:18+0000	success		2	<media-path:c58db4e1cc>	<media-path:c58db4e1cc>	<filename:9b95323d7d>	5.296958	30.805333	17.194939	false	false	false	127	v4l2request-copy	true	"{""aspect"":0.5625,""dh"":640,""dw"":360,""h"":640,""par"":1.0,""pixelformat"":""nv12"",""rotate"":0,""stereo-in"":""mono"",""w"":360}"	"{""duration"":""success"",""eof-reached"":""success"",""estimated-frame-number"":""success"",""filename"":""success"",""hwdec-current"":""success"",""idle-active"":""success"",""path"":""success"",""pause"":""success"",""percent-pos"":""success"",""time-pos"":""success"",""video-params"":""success"",""vo-configured"":""success""}"	true	playing	media-907addee8b	<media-path:c58db4e1cc>	30800	3	true	"{""black_screen_risk_reason"":""null"",""blocked_media_count"":0,""consecutive_failures"":0,""current_index"":3,""current_item"":{""alias"":""media-907addee8b"",""duration_ms"":30800,""offset_ms"":0,""path_alias"":""<media-path:c58db4e1cc>"",""started_at_present"":true},""last_poll_error"":""null"",""last_render_error"":""null"",""mpv_running"":true,""next_item"":{""alias"":""media-8e4d41f6c2"",""duration_ms"":7200,""path_alias"":""<media-path:3662a4e886>""},""playback_state"":""playing"",""playlist_size"":9,""present"":true,""uptime_sec"":1194}"
510	545.752	2026-07-10T20:28:19+0000	success		8	<media-path:c58db4e1cc>	<media-path:c58db4e1cc>	<filename:9b95323d7d>	6.339667	30.805333	20.57977	false	false	false	152	v4l2request-copy	true	"{""aspect"":0.5625,""dh"":640,""dw"":360,""h"":640,""par"":1.0,""pixelformat"":""nv12"",""rotate"":0,""stereo-in"":""mono"",""w"":360}"	"{""duration"":""success"",""eof-reached"":""success"",""estimated-frame-number"":""success"",""filename"":""success"",""hwdec-current"":""success"",""idle-active"":""success"",""path"":""success"",""pause"":""success"",""percent-pos"":""success"",""time-pos"":""success"",""video-params"":""success"",""vo-configured"":""success""}"	true	playing	media-907addee8b	<media-path:c58db4e1cc>	30800	3	true	"{""black_screen_risk_reason"":""null"",""blocked_media_count"":0,""consecutive_failures"":0,""current_index"":3,""current_item"":{""alias"":""media-907addee8b"",""duration_ms"":30800,""offset_ms"":0,""path_alias"":""<media-path:c58db4e1cc>"",""started_at_present"":true},""last_poll_error"":""null"",""last_render_error"":""null"",""mpv_running"":true,""next_item"":{""alias"":""media-8e4d41f6c2"",""duration_ms"":7200,""path_alias"":""<media-path:3662a4e886>""},""playback_state"":""playing"",""playlist_size"":9,""present"":true,""uptime_sec"":1194}"
511	546.763	2026-07-10T20:28:20+0000	success		4	<media-path:c58db4e1cc>	<media-path:c58db4e1cc>	<filename:9b95323d7d>	7.340667	30.805333	23.829207	false	false	false	176	v4l2request-copy	true	"{""aspect"":0.5625,""dh"":640,""dw"":360,""h"":640,""par"":1.0,""pixelformat"":""nv12"",""rotate"":0,""stereo-in"":""mono"",""w"":360}"	"{""duration"":""success"",""eof-reached"":""success"",""estimated-frame-number"":""success"",""filename"":""success"",""hwdec-current"":""success"",""idle-active"":""success"",""path"":""success"",""pause"":""success"",""percent-pos"":""success"",""time-pos"":""success"",""video-params"":""success"",""vo-configured"":""success""}"	true	playing	media-907addee8b	<media-path:c58db4e1cc>	30800	3	true	"{""black_screen_risk_reason"":""null"",""blocked_media_count"":0,""consecutive_failures"":0,""current_index"":3,""current_item"":{""alias"":""media-907addee8b"",""duration_ms"":30800,""offset_ms"":0,""path_alias"":""<media-path:c58db4e1cc>"",""started_at_present"":true},""last_poll_error"":""null"",""last_render_error"":""null"",""mpv_running"":true,""next_item"":{""alias"":""media-8e4d41f6c2"",""duration_ms"":7200,""path_alias"":""<media-path:3662a4e886>""},""playback_state"":""playing"",""playlist_size"":9,""present"":true,""uptime_sec"":1199}"
512	547.770	2026-07-10T20:28:21+0000	success		2	<media-path:c58db4e1cc>	<media-path:c58db4e1cc>	<filename:9b95323d7d>	8.341667	30.805333	27.078644	false	false	false	200	v4l2request-copy	true	"{""aspect"":0.5625,""dh"":640,""dw"":360,""h"":640,""par"":1.0,""pixelformat"":""nv12"",""rotate"":0,""stereo-in"":""mono"",""w"":360}"	"{""duration"":""success"",""eof-reached"":""success"",""estimated-frame-number"":""success"",""filename"":""success"",""hwdec-current"":""success"",""idle-active"":""success"",""path"":""success"",""pause"":""success"",""percent-pos"":""success"",""time-pos"":""success"",""video-params"":""success"",""vo-configured"":""success""}"	true	playing	media-907addee8b	<media-path:c58db4e1cc>	30800	3	true	"{""black_screen_risk_reason"":""null"",""blocked_media_count"":0,""consecutive_failures"":0,""current_index"":3,""current_item"":{""alias"":""media-907addee8b"",""duration_ms"":30800,""offset_ms"":0,""path_alias"":""<media-path:c58db4e1cc>"",""started_at_present"":true},""last_poll_error"":""null"",""last_render_error"":""null"",""mpv_running"":true,""next_item"":{""alias"":""media-8e4d41f6c2"",""duration_ms"":7200,""path_alias"":""<media-path:3662a4e886>""},""playback_state"":""playing"",""playlist_size"":9,""present"":true,""uptime_sec"":1199}"
513	548.774	2026-07-10T20:28:22+0000	success		2	<media-path:c58db4e1cc>	<media-path:c58db4e1cc>	<filename:9b95323d7d>	9.342667	30.805333	30.328082	false	false	false	224	v4l2request-copy	true	"{""aspect"":0.5625,""dh"":640,""dw"":360,""h"":640,""par"":1.0,""pixelformat"":""nv12"",""rotate"":0,""stereo-in"":""mono"",""w"":360}"	"{""duration"":""success"",""eof-reached"":""success"",""estimated-frame-number"":""success"",""filename"":""success"",""hwdec-current"":""success"",""idle-active"":""success"",""path"":""success"",""pause"":""success"",""percent-pos"":""success"",""time-pos"":""success"",""video-params"":""success"",""vo-configured"":""success""}"	true	playing	media-907addee8b	<media-path:c58db4e1cc>	30800	3	true	"{""black_screen_risk_reason"":""null"",""blocked_media_count"":0,""consecutive_failures"":0,""current_index"":3,""current_item"":{""alias"":""media-907addee8b"",""duration_ms"":30800,""offset_ms"":0,""path_alias"":""<media-path:c58db4e1cc>"",""started_at_present"":true},""last_poll_error"":""null"",""last_render_error"":""null"",""mpv_running"":true,""next_item"":{""alias"":""media-8e4d41f6c2"",""duration_ms"":7200,""path_alias"":""<media-path:3662a4e886>""},""playback_state"":""playing"",""playlist_size"":9,""present"":true,""uptime_sec"":1199}"
514	549.778	2026-07-10T20:28:23+0000	success		3	<media-path:c58db4e1cc>	<media-path:c58db4e1cc>	<filename:9b95323d7d>	10.343667	30.805333	33.577519	false	false	false	248	v4l2request-copy	true	"{""aspect"":0.5625,""dh"":640,""dw"":360,""h"":640,""par"":1.0,""pixelformat"":""nv12"",""rotate"":0,""stereo-in"":""mono"",""w"":360}"	"{""duration"":""success"",""eof-reached"":""success"",""estimated-frame-number"":""success"",""filename"":""success"",""hwdec-current"":""success"",""idle-active"":""success"",""path"":""success"",""pause"":""success"",""percent-pos"":""success"",""time-pos"":""success"",""video-params"":""success"",""vo-configured"":""success""}"	true	playing	media-907addee8b	<media-path:c58db4e1cc>	30800	3	true	"{""black_screen_risk_reason"":""null"",""blocked_media_count"":0,""consecutive_failures"":0,""current_index"":3,""current_item"":{""alias"":""media-907addee8b"",""duration_ms"":30800,""offset_ms"":0,""path_alias"":""<media-path:c58db4e1cc>"",""started_at_present"":true},""last_poll_error"":""null"",""last_render_error"":""null"",""mpv_running"":true,""next_item"":{""alias"":""media-8e4d41f6c2"",""duration_ms"":7200,""path_alias"":""<media-path:3662a4e886>""},""playback_state"":""playing"",""playlist_size"":9,""present"":true,""uptime_sec"":1199}"
515	550.784	2026-07-10T20:28:24+0000	success		2	<media-path:c58db4e1cc>	<media-path:c58db4e1cc>	<filename:9b95323d7d>	11.344667	30.805333	36.826956	false	false	false	272	v4l2request-copy	true	"{""aspect"":0.5625,""dh"":640,""dw"":360,""h"":640,""par"":1.0,""pixelformat"":""nv12"",""rotate"":0,""stereo-in"":""mono"",""w"":360}"	"{""duration"":""success"",""eof-reached"":""success"",""estimated-frame-number"":""success"",""filename"":""success"",""hwdec-current"":""success"",""idle-active"":""success"",""path"":""success"",""pause"":""success"",""percent-pos"":""success"",""time-pos"":""success"",""video-params"":""success"",""vo-configured"":""success""}"	true	playing	media-907addee8b	<media-path:c58db4e1cc>	30800	3	true	"{""black_screen_risk_reason"":""null"",""blocked_media_count"":0,""consecutive_failures"":0,""current_index"":3,""current_item"":{""alias"":""media-907addee8b"",""duration_ms"":30800,""offset_ms"":0,""path_alias"":""<media-path:c58db4e1cc>"",""started_at_present"":true},""last_poll_error"":""null"",""last_render_error"":""null"",""mpv_running"":true,""next_item"":{""alias"":""media-8e4d41f6c2"",""duration_ms"":7200,""path_alias"":""<media-path:3662a4e886>""},""playback_state"":""playing"",""playlist_size"":9,""present"":true,""uptime_sec"":1199}"
516	551.788	2026-07-10T20:28:25+0000	success		2	<media-path:c58db4e1cc>	<media-path:c58db4e1cc>	<filename:9b95323d7d>	12.345667	30.805333	40.076394	false	false	false	296	v4l2request-copy	true	"{""aspect"":0.5625,""dh"":640,""dw"":360,""h"":640,""par"":1.0,""pixelformat"":""nv12"",""rotate"":0,""stereo-in"":""mono"",""w"":360}"	"{""duration"":""success"",""eof-reached"":""success"",""estimated-frame-number"":""success"",""filename"":""success"",""hwdec-current"":""success"",""idle-active"":""success"",""path"":""success"",""pause"":""success"",""percent-pos"":""success"",""time-pos"":""success"",""video-params"":""success"",""vo-configured"":""success""}"	true	playing	media-907addee8b	<media-path:c58db4e1cc>	30800	3	true	"{""black_screen_risk_reason"":""null"",""blocked_media_count"":0,""consecutive_failures"":0,""current_index"":3,""current_item"":{""alias"":""media-907addee8b"",""duration_ms"":30800,""offset_ms"":0,""path_alias"":""<media-path:c58db4e1cc>"",""started_at_present"":true},""last_poll_error"":""null"",""last_render_error"":""null"",""mpv_running"":true,""next_item"":{""alias"":""media-8e4d41f6c2"",""duration_ms"":7200,""path_alias"":""<media-path:3662a4e886>""},""playback_state"":""playing"",""playlist_size"":9,""present"":true,""uptime_sec"":1204}"
517	552.792	2026-07-10T20:28:26+0000	success		2	<media-path:c58db4e1cc>	<media-path:c58db4e1cc>	<filename:9b95323d7d>	13.346667	30.805333	43.325831	false	false	false	320	v4l2request-copy	true	"{""aspect"":0.5625,""dh"":640,""dw"":360,""h"":640,""par"":1.0,""pixelformat"":""nv12"",""rotate"":0,""stereo-in"":""mono"",""w"":360}"	"{""duration"":""success"",""eof-reached"":""success"",""estimated-frame-number"":""success"",""filename"":""success"",""hwdec-current"":""success"",""idle-active"":""success"",""path"":""success"",""pause"":""success"",""percent-pos"":""success"",""time-pos"":""success"",""video-params"":""success"",""vo-configured"":""success""}"	true	playing	media-907addee8b	<media-path:c58db4e1cc>	30800	3	true	"{""black_screen_risk_reason"":""null"",""blocked_media_count"":0,""consecutive_failures"":0,""current_index"":3,""current_item"":{""alias"":""media-907addee8b"",""duration_ms"":30800,""offset_ms"":0,""path_alias"":""<media-path:c58db4e1cc>"",""started_at_present"":true},""last_poll_error"":""null"",""last_render_error"":""null"",""mpv_running"":true,""next_item"":{""alias"":""media-8e4d41f6c2"",""duration_ms"":7200,""path_alias"":""<media-path:3662a4e886>""},""playback_state"":""playing"",""playlist_size"":9,""present"":true,""uptime_sec"":1204}"
518	553.797	2026-07-10T20:28:27+0000	success		2	<media-path:c58db4e1cc>	<media-path:c58db4e1cc>	<filename:9b95323d7d>	14.347667	30.805333	46.575268	false	false	false	344	v4l2request-copy	true	"{""aspect"":0.5625,""dh"":640,""dw"":360,""h"":640,""par"":1.0,""pixelformat"":""nv12"",""rotate"":0,""stereo-in"":""mono"",""w"":360}"	"{""duration"":""success"",""eof-reached"":""success"",""estimated-frame-number"":""success"",""filename"":""success"",""hwdec-current"":""success"",""idle-active"":""success"",""path"":""success"",""pause"":""success"",""percent-pos"":""success"",""time-pos"":""success"",""video-params"":""success"",""vo-configured"":""success""}"	true	playing	media-907addee8b	<media-path:c58db4e1cc>	30800	3	true	"{""black_screen_risk_reason"":""null"",""blocked_media_count"":0,""consecutive_failures"":0,""current_index"":3,""current_item"":{""alias"":""media-907addee8b"",""duration_ms"":30800,""offset_ms"":0,""path_alias"":""<media-path:c58db4e1cc>"",""started_at_present"":true},""last_poll_error"":""null"",""last_render_error"":""null"",""mpv_running"":true,""next_item"":{""alias"":""media-8e4d41f6c2"",""duration_ms"":7200,""path_alias"":""<media-path:3662a4e886>""},""playback_state"":""playing"",""playlist_size"":9,""present"":true,""uptime_sec"":1204}"
519	554.801	2026-07-10T20:28:28+0000	success		2	<media-path:c58db4e1cc>	<media-path:c58db4e1cc>	<filename:9b95323d7d>	15.390375	30.805333	49.960099	false	false	false	369	v4l2request-copy	true	"{""aspect"":0.5625,""dh"":640,""dw"":360,""h"":640,""par"":1.0,""pixelformat"":""nv12"",""rotate"":0,""stereo-in"":""mono"",""w"":360}"	"{""duration"":""success"",""eof-reached"":""success"",""estimated-frame-number"":""success"",""filename"":""success"",""hwdec-current"":""success"",""idle-active"":""success"",""path"":""success"",""pause"":""success"",""percent-pos"":""success"",""time-pos"":""success"",""video-params"":""success"",""vo-configured"":""success""}"	true	playing	media-907addee8b	<media-path:c58db4e1cc>	30800	3	true	"{""black_screen_risk_reason"":""null"",""blocked_media_count"":0,""consecutive_failures"":0,""current_index"":3,""current_item"":{""alias"":""media-907addee8b"",""duration_ms"":30800,""offset_ms"":0,""path_alias"":""<media-path:c58db4e1cc>"",""started_at_present"":true},""last_poll_error"":""null"",""last_render_error"":""null"",""mpv_running"":true,""next_item"":{""alias"":""media-8e4d41f6c2"",""duration_ms"":7200,""path_alias"":""<media-path:3662a4e886>""},""playback_state"":""playing"",""playlist_size"":9,""present"":true,""uptime_sec"":1204}"
520	555.805	2026-07-10T20:28:29+0000	success		2	<media-path:c58db4e1cc>	<media-path:c58db4e1cc>	<filename:9b95323d7d>	16.391375	30.805333	53.209536	false	false	false	393	v4l2request-copy	true	"{""aspect"":0.5625,""dh"":640,""dw"":360,""h"":640,""par"":1.0,""pixelformat"":""nv12"",""rotate"":0,""stereo-in"":""mono"",""w"":360}"	"{""duration"":""success"",""eof-reached"":""success"",""estimated-frame-number"":""success"",""filename"":""success"",""hwdec-current"":""success"",""idle-active"":""success"",""path"":""success"",""pause"":""success"",""percent-pos"":""success"",""time-pos"":""success"",""video-params"":""success"",""vo-configured"":""success""}"	true	playing	media-907addee8b	<media-path:c58db4e1cc>	30800	3	true	"{""black_screen_risk_reason"":""null"",""blocked_media_count"":0,""consecutive_failures"":0,""current_index"":3,""current_item"":{""alias"":""media-907addee8b"",""duration_ms"":30800,""offset_ms"":0,""path_alias"":""<media-path:c58db4e1cc>"",""started_at_present"":true},""last_poll_error"":""null"",""last_render_error"":""null"",""mpv_running"":true,""next_item"":{""alias"":""media-8e4d41f6c2"",""duration_ms"":7200,""path_alias"":""<media-path:3662a4e886>""},""playback_state"":""playing"",""playlist_size"":9,""present"":true,""uptime_sec"":1204}"
521	556.809	2026-07-10T20:28:30+0000	success		2	<media-path:c58db4e1cc>	<media-path:c58db4e1cc>	<filename:9b95323d7d>	17.392375	30.805333	56.458974	false	false	false	417	v4l2request-copy	true	"{""aspect"":0.5625,""dh"":640,""dw"":360,""h"":640,""par"":1.0,""pixelformat"":""nv12"",""rotate"":0,""stereo-in"":""mono"",""w"":360}"	"{""duration"":""success"",""eof-reached"":""success"",""estimated-frame-number"":""success"",""filename"":""success"",""hwdec-current"":""success"",""idle-active"":""success"",""path"":""success"",""pause"":""success"",""percent-pos"":""success"",""time-pos"":""success"",""video-params"":""success"",""vo-configured"":""success""}"	true	playing	media-907addee8b	<media-path:c58db4e1cc>	30800	3	true	"{""black_screen_risk_reason"":""null"",""blocked_media_count"":0,""consecutive_failures"":0,""current_index"":3,""current_item"":{""alias"":""media-907addee8b"",""duration_ms"":30800,""offset_ms"":0,""path_alias"":""<media-path:c58db4e1cc>"",""started_at_present"":true},""last_poll_error"":""null"",""last_render_error"":""null"",""mpv_running"":true,""next_item"":{""alias"":""media-8e4d41f6c2"",""duration_ms"":7200,""path_alias"":""<media-path:3662a4e886>""},""playback_state"":""playing"",""playlist_size"":9,""present"":true,""uptime_sec"":1209}"
522	557.814	2026-07-10T20:28:31+0000	success		7	<media-path:c58db4e1cc>	<media-path:c58db4e1cc>	<filename:9b95323d7d>	18.393375	30.805333	59.708411	false	false	false	441	v4l2request-copy	true	"{""aspect"":0.5625,""dh"":640,""dw"":360,""h"":640,""par"":1.0,""pixelformat"":""nv12"",""rotate"":0,""stereo-in"":""mono"",""w"":360}"	"{""duration"":""success"",""eof-reached"":""success"",""estimated-frame-number"":""success"",""filename"":""success"",""hwdec-current"":""success"",""idle-active"":""success"",""path"":""success"",""pause"":""success"",""percent-pos"":""success"",""time-pos"":""success"",""video-params"":""success"",""vo-configured"":""success""}"	true	playing	media-907addee8b	<media-path:c58db4e1cc>	30800	3	true	"{""black_screen_risk_reason"":""null"",""blocked_media_count"":0,""consecutive_failures"":0,""current_index"":3,""current_item"":{""alias"":""media-907addee8b"",""duration_ms"":30800,""offset_ms"":0,""path_alias"":""<media-path:c58db4e1cc>"",""started_at_present"":true},""last_poll_error"":""null"",""last_render_error"":""null"",""mpv_running"":true,""next_item"":{""alias"":""media-8e4d41f6c2"",""duration_ms"":7200,""path_alias"":""<media-path:3662a4e886>""},""playback_state"":""playing"",""playlist_size"":9,""present"":true,""uptime_sec"":1209}"
523	558.824	2026-07-10T20:28:32+0000	success		2	<media-path:c58db4e1cc>	<media-path:c58db4e1cc>	<filename:9b95323d7d>	19.394375	30.805333	62.957848	false	false	false	465	v4l2request-copy	true	"{""aspect"":0.5625,""dh"":640,""dw"":360,""h"":640,""par"":1.0,""pixelformat"":""nv12"",""rotate"":0,""stereo-in"":""mono"",""w"":360}"	"{""duration"":""success"",""eof-reached"":""success"",""estimated-frame-number"":""success"",""filename"":""success"",""hwdec-current"":""success"",""idle-active"":""success"",""path"":""success"",""pause"":""success"",""percent-pos"":""success"",""time-pos"":""success"",""video-params"":""success"",""vo-configured"":""success""}"	true	playing	media-907addee8b	<media-path:c58db4e1cc>	30800	3	true	"{""black_screen_risk_reason"":""null"",""blocked_media_count"":0,""consecutive_failures"":0,""current_index"":3,""current_item"":{""alias"":""media-907addee8b"",""duration_ms"":30800,""offset_ms"":0,""path_alias"":""<media-path:c58db4e1cc>"",""started_at_present"":true},""last_poll_error"":""null"",""last_render_error"":""null"",""mpv_running"":true,""next_item"":{""alias"":""media-8e4d41f6c2"",""duration_ms"":7200,""path_alias"":""<media-path:3662a4e886>""},""playback_state"":""playing"",""playlist_size"":9,""present"":true,""uptime_sec"":1209}"
524	559.829	2026-07-10T20:28:33+0000	success		2	<media-path:c58db4e1cc>	<media-path:c58db4e1cc>	<filename:9b95323d7d>	20.395375	30.805333	66.207286	false	false	false	489	v4l2request-copy	true	"{""aspect"":0.5625,""dh"":640,""dw"":360,""h"":640,""par"":1.0,""pixelformat"":""nv12"",""rotate"":0,""stereo-in"":""mono"",""w"":360}"	"{""duration"":""success"",""eof-reached"":""success"",""estimated-frame-number"":""success"",""filename"":""success"",""hwdec-current"":""success"",""idle-active"":""success"",""path"":""success"",""pause"":""success"",""percent-pos"":""success"",""time-pos"":""success"",""video-params"":""success"",""vo-configured"":""success""}"	true	playing	media-907addee8b	<media-path:c58db4e1cc>	30800	3	true	"{""black_screen_risk_reason"":""null"",""blocked_media_count"":0,""consecutive_failures"":0,""current_index"":3,""current_item"":{""alias"":""media-907addee8b"",""duration_ms"":30800,""offset_ms"":0,""path_alias"":""<media-path:c58db4e1cc>"",""started_at_present"":true},""last_poll_error"":""null"",""last_render_error"":""null"",""mpv_running"":true,""next_item"":{""alias"":""media-8e4d41f6c2"",""duration_ms"":7200,""path_alias"":""<media-path:3662a4e886>""},""playback_state"":""playing"",""playlist_size"":9,""present"":true,""uptime_sec"":1209}"
525	560.833	2026-07-10T20:28:34+0000	success		2	<media-path:c58db4e1cc>	<media-path:c58db4e1cc>	<filename:9b95323d7d>	21.396375	30.805333	69.456723	false	false	false	513	v4l2request-copy	true	"{""aspect"":0.5625,""dh"":640,""dw"":360,""h"":640,""par"":1.0,""pixelformat"":""nv12"",""rotate"":0,""stereo-in"":""mono"",""w"":360}"	"{""duration"":""success"",""eof-reached"":""success"",""estimated-frame-number"":""success"",""filename"":""success"",""hwdec-current"":""success"",""idle-active"":""success"",""path"":""success"",""pause"":""success"",""percent-pos"":""success"",""time-pos"":""success"",""video-params"":""success"",""vo-configured"":""success""}"	true	playing	media-907addee8b	<media-path:c58db4e1cc>	30800	3	true	"{""black_screen_risk_reason"":""null"",""blocked_media_count"":0,""consecutive_failures"":0,""current_index"":3,""current_item"":{""alias"":""media-907addee8b"",""duration_ms"":30800,""offset_ms"":0,""path_alias"":""<media-path:c58db4e1cc>"",""started_at_present"":true},""last_poll_error"":""null"",""last_render_error"":""null"",""mpv_running"":true,""next_item"":{""alias"":""media-8e4d41f6c2"",""duration_ms"":7200,""path_alias"":""<media-path:3662a4e886>""},""playback_state"":""playing"",""playlist_size"":9,""present"":true,""uptime_sec"":1209}"
526	561.837	2026-07-10T20:28:35+0000	success		2	<media-path:c58db4e1cc>	<media-path:c58db4e1cc>	<filename:9b95323d7d>	22.397375	30.805333	72.70616	false	false	false	537	v4l2request-copy	true	"{""aspect"":0.5625,""dh"":640,""dw"":360,""h"":640,""par"":1.0,""pixelformat"":""nv12"",""rotate"":0,""stereo-in"":""mono"",""w"":360}"	"{""duration"":""success"",""eof-reached"":""success"",""estimated-frame-number"":""success"",""filename"":""success"",""hwdec-current"":""success"",""idle-active"":""success"",""path"":""success"",""pause"":""success"",""percent-pos"":""success"",""time-pos"":""success"",""video-params"":""success"",""vo-configured"":""success""}"	true	playing	media-907addee8b	<media-path:c58db4e1cc>	30800	3	true	"{""black_screen_risk_reason"":""null"",""blocked_media_count"":0,""consecutive_failures"":0,""current_index"":3,""current_item"":{""alias"":""media-907addee8b"",""duration_ms"":30800,""offset_ms"":0,""path_alias"":""<media-path:c58db4e1cc>"",""started_at_present"":true},""last_poll_error"":""null"",""last_render_error"":""null"",""mpv_running"":true,""next_item"":{""alias"":""media-8e4d41f6c2"",""duration_ms"":7200,""path_alias"":""<media-path:3662a4e886>""},""playback_state"":""playing"",""playlist_size"":9,""present"":true,""uptime_sec"":1214}"
527	562.840	2026-07-10T20:28:36+0000	success		3	<media-path:c58db4e1cc>	<media-path:c58db4e1cc>	<filename:9b95323d7d>	23.398375	30.805333	75.955598	false	false	false	561	v4l2request-copy	true	"{""aspect"":0.5625,""dh"":640,""dw"":360,""h"":640,""par"":1.0,""pixelformat"":""nv12"",""rotate"":0,""stereo-in"":""mono"",""w"":360}"	"{""duration"":""success"",""eof-reached"":""success"",""estimated-frame-number"":""success"",""filename"":""success"",""hwdec-current"":""success"",""idle-active"":""success"",""path"":""success"",""pause"":""success"",""percent-pos"":""success"",""time-pos"":""success"",""video-params"":""success"",""vo-configured"":""success""}"	true	playing	media-907addee8b	<media-path:c58db4e1cc>	30800	3	true	"{""black_screen_risk_reason"":""null"",""blocked_media_count"":0,""consecutive_failures"":0,""current_index"":3,""current_item"":{""alias"":""media-907addee8b"",""duration_ms"":30800,""offset_ms"":0,""path_alias"":""<media-path:c58db4e1cc>"",""started_at_present"":true},""last_poll_error"":""null"",""last_render_error"":""null"",""mpv_running"":true,""next_item"":{""alias"":""media-8e4d41f6c2"",""duration_ms"":7200,""path_alias"":""<media-path:3662a4e886>""},""playback_state"":""playing"",""playlist_size"":9,""present"":true,""uptime_sec"":1214}"
528	563.846	2026-07-10T20:28:37+0000	success		2	<media-path:c58db4e1cc>	<media-path:c58db4e1cc>	<filename:9b95323d7d>	24.399375	30.805333	79.205035	false	false	false	585	v4l2request-copy	true	"{""aspect"":0.5625,""dh"":640,""dw"":360,""h"":640,""par"":1.0,""pixelformat"":""nv12"",""rotate"":0,""stereo-in"":""mono"",""w"":360}"	"{""duration"":""success"",""eof-reached"":""success"",""estimated-frame-number"":""success"",""filename"":""success"",""hwdec-current"":""success"",""idle-active"":""success"",""path"":""success"",""pause"":""success"",""percent-pos"":""success"",""time-pos"":""success"",""video-params"":""success"",""vo-configured"":""success""}"	true	playing	media-907addee8b	<media-path:c58db4e1cc>	30800	3	true	"{""black_screen_risk_reason"":""null"",""blocked_media_count"":0,""consecutive_failures"":0,""current_index"":3,""current_item"":{""alias"":""media-907addee8b"",""duration_ms"":30800,""offset_ms"":0,""path_alias"":""<media-path:c58db4e1cc>"",""started_at_present"":true},""last_poll_error"":""null"",""last_render_error"":""null"",""mpv_running"":true,""next_item"":{""alias"":""media-8e4d41f6c2"",""duration_ms"":7200,""path_alias"":""<media-path:3662a4e886>""},""playback_state"":""playing"",""playlist_size"":9,""present"":true,""uptime_sec"":1214}"
529	564.849	2026-07-10T20:28:38+0000	success		2	<media-path:c58db4e1cc>	<media-path:c58db4e1cc>	<filename:9b95323d7d>	25.400375	30.805333	82.454472	false	false	false	609	v4l2request-copy	true	"{""aspect"":0.5625,""dh"":640,""dw"":360,""h"":640,""par"":1.0,""pixelformat"":""nv12"",""rotate"":0,""stereo-in"":""mono"",""w"":360}"	"{""duration"":""success"",""eof-reached"":""success"",""estimated-frame-number"":""success"",""filename"":""success"",""hwdec-current"":""success"",""idle-active"":""success"",""path"":""success"",""pause"":""success"",""percent-pos"":""success"",""time-pos"":""success"",""video-params"":""success"",""vo-configured"":""success""}"	true	playing	media-907addee8b	<media-path:c58db4e1cc>	30800	3	true	"{""black_screen_risk_reason"":""null"",""blocked_media_count"":0,""consecutive_failures"":0,""current_index"":3,""current_item"":{""alias"":""media-907addee8b"",""duration_ms"":30800,""offset_ms"":0,""path_alias"":""<media-path:c58db4e1cc>"",""started_at_present"":true},""last_poll_error"":""null"",""last_render_error"":""null"",""mpv_running"":true,""next_item"":{""alias"":""media-8e4d41f6c2"",""duration_ms"":7200,""path_alias"":""<media-path:3662a4e886>""},""playback_state"":""playing"",""playlist_size"":9,""present"":true,""uptime_sec"":1214}"
530	565.853	2026-07-10T20:28:39+0000	success		3	<media-path:c58db4e1cc>	<media-path:c58db4e1cc>	<filename:9b95323d7d>	26.443083	30.805333	85.839303	false	false	false	633	v4l2request-copy	true	"{""aspect"":0.5625,""dh"":640,""dw"":360,""h"":640,""par"":1.0,""pixelformat"":""nv12"",""rotate"":0,""stereo-in"":""mono"",""w"":360}"	"{""duration"":""success"",""eof-reached"":""success"",""estimated-frame-number"":""success"",""filename"":""success"",""hwdec-current"":""success"",""idle-active"":""success"",""path"":""success"",""pause"":""success"",""percent-pos"":""success"",""time-pos"":""success"",""video-params"":""success"",""vo-configured"":""success""}"	true	playing	media-907addee8b	<media-path:c58db4e1cc>	30800	3	true	"{""black_screen_risk_reason"":""null"",""blocked_media_count"":0,""consecutive_failures"":0,""current_index"":3,""current_item"":{""alias"":""media-907addee8b"",""duration_ms"":30800,""offset_ms"":0,""path_alias"":""<media-path:c58db4e1cc>"",""started_at_present"":true},""last_poll_error"":""null"",""last_render_error"":""null"",""mpv_running"":true,""next_item"":{""alias"":""media-8e4d41f6c2"",""duration_ms"":7200,""path_alias"":""<media-path:3662a4e886>""},""playback_state"":""playing"",""playlist_size"":9,""present"":true,""uptime_sec"":1214}"
531	566.860	2026-07-10T20:28:40+0000	success		2	<media-path:c58db4e1cc>	<media-path:c58db4e1cc>	<filename:9b95323d7d>	27.444083	30.805333	89.08874	false	false	false	657	v4l2request-copy	true	"{""aspect"":0.5625,""dh"":640,""dw"":360,""h"":640,""par"":1.0,""pixelformat"":""nv12"",""rotate"":0,""stereo-in"":""mono"",""w"":360}"	"{""duration"":""success"",""eof-reached"":""success"",""estimated-frame-number"":""success"",""filename"":""success"",""hwdec-current"":""success"",""idle-active"":""success"",""path"":""success"",""pause"":""success"",""percent-pos"":""success"",""time-pos"":""success"",""video-params"":""success"",""vo-configured"":""success""}"	true	playing	media-907addee8b	<media-path:c58db4e1cc>	30800	3	true	"{""black_screen_risk_reason"":""null"",""blocked_media_count"":0,""consecutive_failures"":0,""current_index"":3,""current_item"":{""alias"":""media-907addee8b"",""duration_ms"":30800,""offset_ms"":0,""path_alias"":""<media-path:c58db4e1cc>"",""started_at_present"":true},""last_poll_error"":""null"",""last_render_error"":""null"",""mpv_running"":true,""next_item"":{""alias"":""media-8e4d41f6c2"",""duration_ms"":7200,""path_alias"":""<media-path:3662a4e886>""},""playback_state"":""playing"",""playlist_size"":9,""present"":true,""uptime_sec"":1219}"
532	567.864	2026-07-10T20:28:41+0000	success		7	<media-path:c58db4e1cc>	<media-path:c58db4e1cc>	<filename:9b95323d7d>	28.445083	30.805333	92.338177	false	false	false	681	v4l2request-copy	true	"{""aspect"":0.5625,""dh"":640,""dw"":360,""h"":640,""par"":1.0,""pixelformat"":""nv12"",""rotate"":0,""stereo-in"":""mono"",""w"":360}"	"{""duration"":""success"",""eof-reached"":""success"",""estimated-frame-number"":""success"",""filename"":""success"",""hwdec-current"":""success"",""idle-active"":""success"",""path"":""success"",""pause"":""success"",""percent-pos"":""success"",""time-pos"":""success"",""video-params"":""success"",""vo-configured"":""success""}"	true	playing	media-907addee8b	<media-path:c58db4e1cc>	30800	3	true	"{""black_screen_risk_reason"":""null"",""blocked_media_count"":0,""consecutive_failures"":0,""current_index"":3,""current_item"":{""alias"":""media-907addee8b"",""duration_ms"":30800,""offset_ms"":0,""path_alias"":""<media-path:c58db4e1cc>"",""started_at_present"":true},""last_poll_error"":""null"",""last_render_error"":""null"",""mpv_running"":true,""next_item"":{""alias"":""media-8e4d41f6c2"",""duration_ms"":7200,""path_alias"":""<media-path:3662a4e886>""},""playback_state"":""playing"",""playlist_size"":9,""present"":true,""uptime_sec"":1219}"
533	568.873	2026-07-10T20:28:42+0000	success		2	<media-path:c58db4e1cc>	<media-path:c58db4e1cc>	<filename:9b95323d7d>	29.446083	30.805333	95.587615	false	false	false	705	v4l2request-copy	true	"{""aspect"":0.5625,""dh"":640,""dw"":360,""h"":640,""par"":1.0,""pixelformat"":""nv12"",""rotate"":0,""stereo-in"":""mono"",""w"":360}"	"{""duration"":""success"",""eof-reached"":""success"",""estimated-frame-number"":""success"",""filename"":""success"",""hwdec-current"":""success"",""idle-active"":""success"",""path"":""success"",""pause"":""success"",""percent-pos"":""success"",""time-pos"":""success"",""video-params"":""success"",""vo-configured"":""success""}"	true	playing	media-907addee8b	<media-path:c58db4e1cc>	30800	3	true	"{""black_screen_risk_reason"":""null"",""blocked_media_count"":0,""consecutive_failures"":0,""current_index"":3,""current_item"":{""alias"":""media-907addee8b"",""duration_ms"":30800,""offset_ms"":0,""path_alias"":""<media-path:c58db4e1cc>"",""started_at_present"":true},""last_poll_error"":""null"",""last_render_error"":""null"",""mpv_running"":true,""next_item"":{""alias"":""media-8e4d41f6c2"",""duration_ms"":7200,""path_alias"":""<media-path:3662a4e886>""},""playback_state"":""playing"",""playlist_size"":9,""present"":true,""uptime_sec"":1219}"
534	569.877	2026-07-10T20:28:43+0000	success		2	<media-path:c58db4e1cc>	<media-path:c58db4e1cc>	<filename:9b95323d7d>	30.447083	30.805333	98.837052	false	false	false	729	v4l2request-copy	true	"{""aspect"":0.5625,""dh"":640,""dw"":360,""h"":640,""par"":1.0,""pixelformat"":""nv12"",""rotate"":0,""stereo-in"":""mono"",""w"":360}"	"{""duration"":""success"",""eof-reached"":""success"",""estimated-frame-number"":""success"",""filename"":""success"",""hwdec-current"":""success"",""idle-active"":""success"",""path"":""success"",""pause"":""success"",""percent-pos"":""success"",""time-pos"":""success"",""video-params"":""success"",""vo-configured"":""success""}"	true	playing	media-907addee8b	<media-path:c58db4e1cc>	30800	3	true	"{""black_screen_risk_reason"":""null"",""blocked_media_count"":0,""consecutive_failures"":0,""current_index"":3,""current_item"":{""alias"":""media-907addee8b"",""duration_ms"":30800,""offset_ms"":0,""path_alias"":""<media-path:c58db4e1cc>"",""started_at_present"":true},""last_poll_error"":""null"",""last_render_error"":""null"",""mpv_running"":true,""next_item"":{""alias"":""media-8e4d41f6c2"",""duration_ms"":7200,""path_alias"":""<media-path:3662a4e886>""},""playback_state"":""playing"",""playlist_size"":9,""present"":true,""uptime_sec"":1219}"
535	570.881	2026-07-10T20:28:44+0000	success		2	<media-path:3662a4e886>	<media-path:3662a4e886>	<filename:0a2aeee29a>	0.533333	7.221406	7.38545	false	false	false	16	v4l2request-copy	true	"{""aspect"":0.5625,""dh"":1024,""dw"":576,""h"":1024,""par"":1.0,""pixelformat"":""nv12"",""rotate"":0,""stereo-in"":""mono"",""w"":576}"	"{""duration"":""success"",""eof-reached"":""success"",""estimated-frame-number"":""success"",""filename"":""success"",""hwdec-current"":""success"",""idle-active"":""success"",""path"":""success"",""pause"":""success"",""percent-pos"":""success"",""time-pos"":""success"",""video-params"":""success"",""vo-configured"":""success""}"	true	playing	media-907addee8b	<media-path:c58db4e1cc>	30800	3	true	"{""black_screen_risk_reason"":""null"",""blocked_media_count"":0,""consecutive_failures"":0,""current_index"":3,""current_item"":{""alias"":""media-907addee8b"",""duration_ms"":30800,""offset_ms"":0,""path_alias"":""<media-path:c58db4e1cc>"",""started_at_present"":true},""last_poll_error"":""null"",""last_render_error"":""null"",""mpv_running"":true,""next_item"":{""alias"":""media-8e4d41f6c2"",""duration_ms"":7200,""path_alias"":""<media-path:3662a4e886>""},""playback_state"":""playing"",""playlist_size"":9,""present"":true,""uptime_sec"":1219}"
536	571.885	2026-07-10T20:28:45+0000	success		13	<media-path:3662a4e886>	<media-path:3662a4e886>	<filename:0a2aeee29a>	1.533333	7.221406	21.233169	false	false	false	46	v4l2request-copy	true	"{""aspect"":0.5625,""dh"":1024,""dw"":576,""h"":1024,""par"":1.0,""pixelformat"":""nv12"",""rotate"":0,""stereo-in"":""mono"",""w"":576}"	"{""duration"":""success"",""eof-reached"":""success"",""estimated-frame-number"":""success"",""filename"":""success"",""hwdec-current"":""success"",""idle-active"":""success"",""path"":""success"",""pause"":""success"",""percent-pos"":""success"",""time-pos"":""success"",""video-params"":""success"",""vo-configured"":""success""}"	true	playing	media-8e4d41f6c2	<media-path:3662a4e886>	7200	4	true	"{""black_screen_risk_reason"":""null"",""blocked_media_count"":0,""consecutive_failures"":0,""current_index"":4,""current_item"":{""alias"":""media-8e4d41f6c2"",""duration_ms"":7200,""offset_ms"":0,""path_alias"":""<media-path:3662a4e886>"",""started_at_present"":true},""last_poll_error"":""null"",""last_render_error"":""null"",""mpv_running"":true,""next_item"":{""alias"":""media-fba32b0055"",""duration_ms"":5100,""path_alias"":""<media-path:97100fcdae>""},""playback_state"":""playing"",""playlist_size"":9,""present"":true,""uptime_sec"":1224}"
537	572.901	2026-07-10T20:28:46+0000	success		2	<media-path:3662a4e886>	<media-path:3662a4e886>	<filename:0a2aeee29a>	2.533333	7.221406	35.080888	false	false	false	75	v4l2request-copy	true	"{""aspect"":0.5625,""dh"":1024,""dw"":576,""h"":1024,""par"":1.0,""pixelformat"":""nv12"",""rotate"":0,""stereo-in"":""mono"",""w"":576}"	"{""duration"":""success"",""eof-reached"":""success"",""estimated-frame-number"":""success"",""filename"":""success"",""hwdec-current"":""success"",""idle-active"":""success"",""path"":""success"",""pause"":""success"",""percent-pos"":""success"",""time-pos"":""success"",""video-params"":""success"",""vo-configured"":""success""}"	true	playing	media-8e4d41f6c2	<media-path:3662a4e886>	7200	4	true	"{""black_screen_risk_reason"":""null"",""blocked_media_count"":0,""consecutive_failures"":0,""current_index"":4,""current_item"":{""alias"":""media-8e4d41f6c2"",""duration_ms"":7200,""offset_ms"":0,""path_alias"":""<media-path:3662a4e886>"",""started_at_present"":true},""last_poll_error"":""null"",""last_render_error"":""null"",""mpv_running"":true,""next_item"":{""alias"":""media-fba32b0055"",""duration_ms"":5100,""path_alias"":""<media-path:97100fcdae>""},""playback_state"":""playing"",""playlist_size"":9,""present"":true,""uptime_sec"":1224}"
538	573.905	2026-07-10T20:28:47+0000	success		2	<media-path:3662a4e886>	<media-path:3662a4e886>	<filename:0a2aeee29a>	3.566667	7.221406	49.390198	false	false	false	106	v4l2request-copy	true	"{""aspect"":0.5625,""dh"":1024,""dw"":576,""h"":1024,""par"":1.0,""pixelformat"":""nv12"",""rotate"":0,""stereo-in"":""mono"",""w"":576}"	"{""duration"":""success"",""eof-reached"":""success"",""estimated-frame-number"":""success"",""filename"":""success"",""hwdec-current"":""success"",""idle-active"":""success"",""path"":""success"",""pause"":""success"",""percent-pos"":""success"",""time-pos"":""success"",""video-params"":""success"",""vo-configured"":""success""}"	true	playing	media-8e4d41f6c2	<media-path:3662a4e886>	7200	4	true	"{""black_screen_risk_reason"":""null"",""blocked_media_count"":0,""consecutive_failures"":0,""current_index"":4,""current_item"":{""alias"":""media-8e4d41f6c2"",""duration_ms"":7200,""offset_ms"":0,""path_alias"":""<media-path:3662a4e886>"",""started_at_present"":true},""last_poll_error"":""null"",""last_render_error"":""null"",""mpv_running"":true,""next_item"":{""alias"":""media-fba32b0055"",""duration_ms"":5100,""path_alias"":""<media-path:97100fcdae>""},""playback_state"":""playing"",""playlist_size"":9,""present"":true,""uptime_sec"":1224}"
539	574.911	2026-07-10T20:28:48+0000	success		2	<media-path:3662a4e886>	<media-path:3662a4e886>	<filename:0a2aeee29a>	4.566667	7.221406	63.237917	false	false	false	136	v4l2request-copy	true	"{""aspect"":0.5625,""dh"":1024,""dw"":576,""h"":1024,""par"":1.0,""pixelformat"":""nv12"",""rotate"":0,""stereo-in"":""mono"",""w"":576}"	"{""duration"":""success"",""eof-reached"":""success"",""estimated-frame-number"":""success"",""filename"":""success"",""hwdec-current"":""success"",""idle-active"":""success"",""path"":""success"",""pause"":""success"",""percent-pos"":""success"",""time-pos"":""success"",""video-params"":""success"",""vo-configured"":""success""}"	true	playing	media-8e4d41f6c2	<media-path:3662a4e886>	7200	4	true	"{""black_screen_risk_reason"":""null"",""blocked_media_count"":0,""consecutive_failures"":0,""current_index"":4,""current_item"":{""alias"":""media-8e4d41f6c2"",""duration_ms"":7200,""offset_ms"":0,""path_alias"":""<media-path:3662a4e886>"",""started_at_present"":true},""last_poll_error"":""null"",""last_render_error"":""null"",""mpv_running"":true,""next_item"":{""alias"":""media-fba32b0055"",""duration_ms"":5100,""path_alias"":""<media-path:97100fcdae>""},""playback_state"":""playing"",""playlist_size"":9,""present"":true,""uptime_sec"":1224}"
540	575.915	2026-07-10T20:28:49+0000	success		2	<media-path:3662a4e886>	<media-path:3662a4e886>	<filename:0a2aeee29a>	5.566667	7.221406	77.085636	false	false	false	166	v4l2request-copy	true	"{""aspect"":0.5625,""dh"":1024,""dw"":576,""h"":1024,""par"":1.0,""pixelformat"":""nv12"",""rotate"":0,""stereo-in"":""mono"",""w"":576}"	"{""duration"":""success"",""eof-reached"":""success"",""estimated-frame-number"":""success"",""filename"":""success"",""hwdec-current"":""success"",""idle-active"":""success"",""path"":""success"",""pause"":""success"",""percent-pos"":""success"",""time-pos"":""success"",""video-params"":""success"",""vo-configured"":""success""}"	true	playing	media-8e4d41f6c2	<media-path:3662a4e886>	7200	4	true	"{""black_screen_risk_reason"":""null"",""blocked_media_count"":0,""consecutive_failures"":0,""current_index"":4,""current_item"":{""alias"":""media-8e4d41f6c2"",""duration_ms"":7200,""offset_ms"":0,""path_alias"":""<media-path:3662a4e886>"",""started_at_present"":true},""last_poll_error"":""null"",""last_render_error"":""null"",""mpv_running"":true,""next_item"":{""alias"":""media-fba32b0055"",""duration_ms"":5100,""path_alias"":""<media-path:97100fcdae>""},""playback_state"":""playing"",""playlist_size"":9,""present"":true,""uptime_sec"":1224}"
541	576.920	2026-07-10T20:28:50+0000	success		2	<media-path:3662a4e886>	<media-path:3662a4e886>	<filename:0a2aeee29a>	6.566667	7.221406	90.933355	false	false	false	196	v4l2request-copy	true	"{""aspect"":0.5625,""dh"":1024,""dw"":576,""h"":1024,""par"":1.0,""pixelformat"":""nv12"",""rotate"":0,""stereo-in"":""mono"",""w"":576}"	"{""duration"":""success"",""eof-reached"":""success"",""estimated-frame-number"":""success"",""filename"":""success"",""hwdec-current"":""success"",""idle-active"":""success"",""path"":""success"",""pause"":""success"",""percent-pos"":""success"",""time-pos"":""success"",""video-params"":""success"",""vo-configured"":""success""}"	true	playing	media-8e4d41f6c2	<media-path:3662a4e886>	7200	4	true	"{""black_screen_risk_reason"":""null"",""blocked_media_count"":0,""consecutive_failures"":0,""current_index"":4,""current_item"":{""alias"":""media-8e4d41f6c2"",""duration_ms"":7200,""offset_ms"":0,""path_alias"":""<media-path:3662a4e886>"",""started_at_present"":true},""last_poll_error"":""null"",""last_render_error"":""null"",""mpv_running"":true,""next_item"":{""alias"":""media-fba32b0055"",""duration_ms"":5100,""path_alias"":""<media-path:97100fcdae>""},""playback_state"":""playing"",""playlist_size"":9,""present"":true,""uptime_sec"":1229}"
542	577.926	2026-07-10T20:28:51+0000	success		2	<media-path:97100fcdae>	<media-path:97100fcdae>	<filename:a4bfef2b1b>	0.266667	5.06195	5.268062	false	false	false	8	v4l2request-copy	true	"{""aspect"":0.697674,""dh"":688,""dw"":480,""h"":688,""par"":1.0,""pixelformat"":""nv12"",""rotate"":0,""stereo-in"":""mono"",""w"":480}"	"{""duration"":""success"",""eof-reached"":""success"",""estimated-frame-number"":""success"",""filename"":""success"",""hwdec-current"":""success"",""idle-active"":""success"",""path"":""success"",""pause"":""success"",""percent-pos"":""success"",""time-pos"":""success"",""video-params"":""success"",""vo-configured"":""success""}"	true	playing	media-8e4d41f6c2	<media-path:3662a4e886>	7200	4	true	"{""black_screen_risk_reason"":""null"",""blocked_media_count"":0,""consecutive_failures"":0,""current_index"":4,""current_item"":{""alias"":""media-8e4d41f6c2"",""duration_ms"":7200,""offset_ms"":0,""path_alias"":""<media-path:3662a4e886>"",""started_at_present"":true},""last_poll_error"":""null"",""last_render_error"":""null"",""mpv_running"":true,""next_item"":{""alias"":""media-fba32b0055"",""duration_ms"":5100,""path_alias"":""<media-path:97100fcdae>""},""playback_state"":""playing"",""playlist_size"":9,""present"":true,""uptime_sec"":1229}"
543	578.931	2026-07-10T20:28:52+0000	success		2	<media-path:97100fcdae>	<media-path:97100fcdae>	<filename:a4bfef2b1b>	1.3	5.06195	25.681802	false	false	false	39	v4l2request-copy	true	"{""aspect"":0.697674,""dh"":688,""dw"":480,""h"":688,""par"":1.0,""pixelformat"":""nv12"",""rotate"":0,""stereo-in"":""mono"",""w"":480}"	"{""duration"":""success"",""eof-reached"":""success"",""estimated-frame-number"":""success"",""filename"":""success"",""hwdec-current"":""success"",""idle-active"":""success"",""path"":""success"",""pause"":""success"",""percent-pos"":""success"",""time-pos"":""success"",""video-params"":""success"",""vo-configured"":""success""}"	true	playing	media-8e4d41f6c2	<media-path:3662a4e886>	7200	4	true	"{""black_screen_risk_reason"":""null"",""blocked_media_count"":0,""consecutive_failures"":0,""current_index"":4,""current_item"":{""alias"":""media-8e4d41f6c2"",""duration_ms"":7200,""offset_ms"":0,""path_alias"":""<media-path:3662a4e886>"",""started_at_present"":true},""last_poll_error"":""null"",""last_render_error"":""null"",""mpv_running"":true,""next_item"":{""alias"":""media-fba32b0055"",""duration_ms"":5100,""path_alias"":""<media-path:97100fcdae>""},""playback_state"":""playing"",""playlist_size"":9,""present"":true,""uptime_sec"":1229}"
544	579.935	2026-07-10T20:28:53+0000	success		2	<media-path:97100fcdae>	<media-path:97100fcdae>	<filename:a4bfef2b1b>	2.3	5.06195	45.437034	false	false	false	69	v4l2request-copy	true	"{""aspect"":0.697674,""dh"":688,""dw"":480,""h"":688,""par"":1.0,""pixelformat"":""nv12"",""rotate"":0,""stereo-in"":""mono"",""w"":480}"	"{""duration"":""success"",""eof-reached"":""success"",""estimated-frame-number"":""success"",""filename"":""success"",""hwdec-current"":""success"",""idle-active"":""success"",""path"":""success"",""pause"":""success"",""percent-pos"":""success"",""time-pos"":""success"",""video-params"":""success"",""vo-configured"":""success""}"	true	playing	media-8e4d41f6c2	<media-path:3662a4e886>	7200	4	true	"{""black_screen_risk_reason"":""null"",""blocked_media_count"":0,""consecutive_failures"":0,""current_index"":4,""current_item"":{""alias"":""media-8e4d41f6c2"",""duration_ms"":7200,""offset_ms"":0,""path_alias"":""<media-path:3662a4e886>"",""started_at_present"":true},""last_poll_error"":""null"",""last_render_error"":""null"",""mpv_running"":true,""next_item"":{""alias"":""media-fba32b0055"",""duration_ms"":5100,""path_alias"":""<media-path:97100fcdae>""},""playback_state"":""playing"",""playlist_size"":9,""present"":true,""uptime_sec"":1229}"
545	580.940	2026-07-10T20:28:54+0000	success		3	<media-path:97100fcdae>	<media-path:97100fcdae>	<filename:a4bfef2b1b>	3.3	5.06195	65.192266	false	false	false	98	v4l2request-copy	true	"{""aspect"":0.697674,""dh"":688,""dw"":480,""h"":688,""par"":1.0,""pixelformat"":""nv12"",""rotate"":0,""stereo-in"":""mono"",""w"":480}"	"{""duration"":""success"",""eof-reached"":""success"",""estimated-frame-number"":""success"",""filename"":""success"",""hwdec-current"":""success"",""idle-active"":""success"",""path"":""success"",""pause"":""success"",""percent-pos"":""success"",""time-pos"":""success"",""video-params"":""success"",""vo-configured"":""success""}"	true	playing	media-8e4d41f6c2	<media-path:3662a4e886>	7200	4	true	"{""black_screen_risk_reason"":""null"",""blocked_media_count"":0,""consecutive_failures"":0,""current_index"":4,""current_item"":{""alias"":""media-8e4d41f6c2"",""duration_ms"":7200,""offset_ms"":0,""path_alias"":""<media-path:3662a4e886>"",""started_at_present"":true},""last_poll_error"":""null"",""last_render_error"":""null"",""mpv_running"":true,""next_item"":{""alias"":""media-fba32b0055"",""duration_ms"":5100,""path_alias"":""<media-path:97100fcdae>""},""playback_state"":""playing"",""playlist_size"":9,""present"":true,""uptime_sec"":1229}"
546	581.946	2026-07-10T20:28:55+0000	success		8	<media-path:97100fcdae>	<media-path:97100fcdae>	<filename:a4bfef2b1b>	4.3	5.06195	84.947499	false	false	false	128	v4l2request-copy	true	"{""aspect"":0.697674,""dh"":688,""dw"":480,""h"":688,""par"":1.0,""pixelformat"":""nv12"",""rotate"":0,""stereo-in"":""mono"",""w"":480}"	"{""duration"":""success"",""eof-reached"":""success"",""estimated-frame-number"":""success"",""filename"":""success"",""hwdec-current"":""success"",""idle-active"":""success"",""path"":""success"",""pause"":""success"",""percent-pos"":""success"",""time-pos"":""success"",""video-params"":""success"",""vo-configured"":""success""}"	true	playing	media-fba32b0055	<media-path:97100fcdae>	5100	5	true	"{""black_screen_risk_reason"":""null"",""blocked_media_count"":0,""consecutive_failures"":0,""current_index"":5,""current_item"":{""alias"":""media-fba32b0055"",""duration_ms"":5100,""offset_ms"":0,""path_alias"":""<media-path:97100fcdae>"",""started_at_present"":true},""last_poll_error"":""null"",""last_render_error"":""null"",""mpv_running"":true,""next_item"":{""alias"":""media-749f1db21b"",""duration_ms"":3900,""path_alias"":""<media-path:31af3d58a2>""},""playback_state"":""playing"",""playlist_size"":9,""present"":true,""uptime_sec"":1234}"
547	582.956	2026-07-10T20:28:56+0000	success		25	<media-path:31af3d58a2>	<media-path:31af3d58a2>	<filename:92829f14a9>	0	3.9	0	false	false	false	0	v4l2request-copy	true	"{""aspect"":0.566038,""dh"":848,""dw"":480,""h"":848,""par"":1.0,""pixelformat"":""nv12"",""rotate"":0,""stereo-in"":""mono"",""w"":480}"	"{""duration"":""success"",""eof-reached"":""success"",""estimated-frame-number"":""success"",""filename"":""success"",""hwdec-current"":""success"",""idle-active"":""success"",""path"":""success"",""pause"":""success"",""percent-pos"":""success"",""time-pos"":""success"",""video-params"":""success"",""vo-configured"":""success""}"	true	playing	media-fba32b0055	<media-path:97100fcdae>	5100	5	true	"{""black_screen_risk_reason"":""null"",""blocked_media_count"":0,""consecutive_failures"":0,""current_index"":5,""current_item"":{""alias"":""media-fba32b0055"",""duration_ms"":5100,""offset_ms"":0,""path_alias"":""<media-path:97100fcdae>"",""started_at_present"":true},""last_poll_error"":""null"",""last_render_error"":""null"",""mpv_running"":true,""next_item"":{""alias"":""media-749f1db21b"",""duration_ms"":3900,""path_alias"":""<media-path:31af3d58a2>""},""playback_state"":""playing"",""playlist_size"":9,""present"":true,""uptime_sec"":1234}"
548	583.983	2026-07-10T20:28:57+0000	success		2	<media-path:31af3d58a2>	<media-path:31af3d58a2>	<filename:92829f14a9>	1.033333	3.9	26.495726	false	false	false	31	v4l2request-copy	true	"{""aspect"":0.566038,""dh"":848,""dw"":480,""h"":848,""par"":1.0,""pixelformat"":""nv12"",""rotate"":0,""stereo-in"":""mono"",""w"":480}"	"{""duration"":""success"",""eof-reached"":""success"",""estimated-frame-number"":""success"",""filename"":""success"",""hwdec-current"":""success"",""idle-active"":""success"",""path"":""success"",""pause"":""success"",""percent-pos"":""success"",""time-pos"":""success"",""video-params"":""success"",""vo-configured"":""success""}"	true	playing	media-fba32b0055	<media-path:97100fcdae>	5100	5	true	"{""black_screen_risk_reason"":""null"",""blocked_media_count"":0,""consecutive_failures"":0,""current_index"":5,""current_item"":{""alias"":""media-fba32b0055"",""duration_ms"":5100,""offset_ms"":0,""path_alias"":""<media-path:97100fcdae>"",""started_at_present"":true},""last_poll_error"":""null"",""last_render_error"":""null"",""mpv_running"":true,""next_item"":{""alias"":""media-749f1db21b"",""duration_ms"":3900,""path_alias"":""<media-path:31af3d58a2>""},""playback_state"":""playing"",""playlist_size"":9,""present"":true,""uptime_sec"":1234}"
549	584.988	2026-07-10T20:28:58+0000	success		2	<media-path:31af3d58a2>	<media-path:31af3d58a2>	<filename:92829f14a9>	2.066667	3.9	52.991453	false	false	false	61	v4l2request-copy	true	"{""aspect"":0.566038,""dh"":848,""dw"":480,""h"":848,""par"":1.0,""pixelformat"":""nv12"",""rotate"":0,""stereo-in"":""mono"",""w"":480}"	"{""duration"":""success"",""eof-reached"":""success"",""estimated-frame-number"":""success"",""filename"":""success"",""hwdec-current"":""success"",""idle-active"":""success"",""path"":""success"",""pause"":""success"",""percent-pos"":""success"",""time-pos"":""success"",""video-params"":""success"",""vo-configured"":""success""}"	true	playing	media-fba32b0055	<media-path:97100fcdae>	5100	5	true	"{""black_screen_risk_reason"":""null"",""blocked_media_count"":0,""consecutive_failures"":0,""current_index"":5,""current_item"":{""alias"":""media-fba32b0055"",""duration_ms"":5100,""offset_ms"":0,""path_alias"":""<media-path:97100fcdae>"",""started_at_present"":true},""last_poll_error"":""null"",""last_render_error"":""null"",""mpv_running"":true,""next_item"":{""alias"":""media-749f1db21b"",""duration_ms"":3900,""path_alias"":""<media-path:31af3d58a2>""},""playback_state"":""playing"",""playlist_size"":9,""present"":true,""uptime_sec"":1234}"
550	585.992	2026-07-10T20:28:59+0000	success		2	<media-path:31af3d58a2>	<media-path:31af3d58a2>	<filename:92829f14a9>	3.066667	3.9	78.632479	false	false	false	91	v4l2request-copy	true	"{""aspect"":0.566038,""dh"":848,""dw"":480,""h"":848,""par"":1.0,""pixelformat"":""nv12"",""rotate"":0,""stereo-in"":""mono"",""w"":480}"	"{""duration"":""success"",""eof-reached"":""success"",""estimated-frame-number"":""success"",""filename"":""success"",""hwdec-current"":""success"",""idle-active"":""success"",""path"":""success"",""pause"":""success"",""percent-pos"":""success"",""time-pos"":""success"",""video-params"":""success"",""vo-configured"":""success""}"	true	playing	media-749f1db21b	<media-path:31af3d58a2>	3900	6	true	"{""black_screen_risk_reason"":""null"",""blocked_media_count"":0,""consecutive_failures"":0,""current_index"":6,""current_item"":{""alias"":""media-749f1db21b"",""duration_ms"":3900,""offset_ms"":0,""path_alias"":""<media-path:31af3d58a2>"",""started_at_present"":true},""last_poll_error"":""null"",""last_render_error"":""null"",""mpv_running"":true,""next_item"":{""alias"":""media-b8c9a5f04c"",""duration_ms"":28100,""path_alias"":""<media-path:3ba49b8978>""},""playback_state"":""playing"",""playlist_size"":9,""present"":true,""uptime_sec"":1239}"
551	586.997	2026-07-10T20:29:00+0000	success		2	<media-path:3ba49b8978>	<media-path:3ba49b8978>	<filename:e511e8bce0>				false	false				true	{}	"{""duration"":""property unavailable"",""eof-reached"":""property unavailable"",""estimated-frame-number"":""property unavailable"",""filename"":""success"",""hwdec-current"":""property unavailable"",""idle-active"":""success"",""path"":""success"",""pause"":""success"",""percent-pos"":""property unavailable"",""time-pos"":""property unavailable"",""video-params"":""property unavailable"",""vo-configured"":""success""}"	true	playing	media-749f1db21b	<media-path:31af3d58a2>	3900	6	true	"{""black_screen_risk_reason"":""null"",""blocked_media_count"":0,""consecutive_failures"":0,""current_index"":6,""current_item"":{""alias"":""media-749f1db21b"",""duration_ms"":3900,""offset_ms"":0,""path_alias"":""<media-path:31af3d58a2>"",""started_at_present"":true},""last_poll_error"":""null"",""last_render_error"":""null"",""mpv_running"":true,""next_item"":{""alias"":""media-b8c9a5f04c"",""duration_ms"":28100,""path_alias"":""<media-path:3ba49b8978>""},""playback_state"":""playing"",""playlist_size"":9,""present"":true,""uptime_sec"":1239}"
552	588.001	2026-07-10T20:29:02+0000	success		498	<media-path:3ba49b8978>	<media-path:3ba49b8978>	<filename:e511e8bce0>	0.667333	28.061367	2.615933	false	false	false	24	v4l2request-copy	true	"{""aspect"":0.5625,""dh"":1920,""dw"":1080,""h"":1920,""par"":1.0,""pixelformat"":""nv12"",""rotate"":0,""stereo-in"":""mono"",""w"":1080}"	"{""duration"":""success"",""eof-reached"":""success"",""estimated-frame-number"":""success"",""filename"":""success"",""hwdec-current"":""success"",""idle-active"":""success"",""path"":""success"",""pause"":""success"",""percent-pos"":""success"",""time-pos"":""success"",""video-params"":""success"",""vo-configured"":""success""}"	true	playing	media-749f1db21b	<media-path:31af3d58a2>	3900	6	true	"{""black_screen_risk_reason"":""null"",""blocked_media_count"":0,""consecutive_failures"":0,""current_index"":6,""current_item"":{""alias"":""media-749f1db21b"",""duration_ms"":3900,""offset_ms"":0,""path_alias"":""<media-path:31af3d58a2>"",""started_at_present"":true},""last_poll_error"":""null"",""last_render_error"":""null"",""mpv_running"":true,""next_item"":{""alias"":""media-b8c9a5f04c"",""duration_ms"":28100,""path_alias"":""<media-path:3ba49b8978>""},""playback_state"":""playing"",""playlist_size"":9,""present"":true,""uptime_sec"":1239}"
553	589.503	2026-07-10T20:29:03+0000	success		367	<media-path:3ba49b8978>	<media-path:3ba49b8978>	<filename:e511e8bce0>	1.835167	28.061367	6.777646	false	false	false	59	v4l2request-copy	true	"{""aspect"":0.5625,""dh"":1920,""dw"":1080,""h"":1920,""par"":1.0,""pixelformat"":""nv12"",""rotate"":0,""stereo-in"":""mono"",""w"":1080}"	"{""duration"":""success"",""eof-reached"":""success"",""estimated-frame-number"":""success"",""filename"":""success"",""hwdec-current"":""success"",""idle-active"":""success"",""path"":""success"",""pause"":""success"",""percent-pos"":""success"",""time-pos"":""success"",""video-params"":""success"",""vo-configured"":""success""}"	true	playing	media-749f1db21b	<media-path:31af3d58a2>	3900	6	true	"{""black_screen_risk_reason"":""null"",""blocked_media_count"":0,""consecutive_failures"":0,""current_index"":6,""current_item"":{""alias"":""media-749f1db21b"",""duration_ms"":3900,""offset_ms"":0,""path_alias"":""<media-path:31af3d58a2>"",""started_at_present"":true},""last_poll_error"":""null"",""last_render_error"":""null"",""mpv_running"":true,""next_item"":{""alias"":""media-b8c9a5f04c"",""duration_ms"":28100,""path_alias"":""<media-path:3ba49b8978>""},""playback_state"":""playing"",""playlist_size"":9,""present"":true,""uptime_sec"":1239}"
554	590.873	2026-07-10T20:29:04+0000	success		465	<media-path:3ba49b8978>	<media-path:3ba49b8978>	<filename:e511e8bce0>	2.9029	28.061367	10.58264	false	false	false	91	v4l2request-copy	true	"{""aspect"":0.5625,""dh"":1920,""dw"":1080,""h"":1920,""par"":1.0,""pixelformat"":""nv12"",""rotate"":0,""stereo-in"":""mono"",""w"":1080}"	"{""duration"":""success"",""eof-reached"":""success"",""estimated-frame-number"":""success"",""filename"":""success"",""hwdec-current"":""success"",""idle-active"":""success"",""path"":""success"",""pause"":""success"",""percent-pos"":""success"",""time-pos"":""success"",""video-params"":""success"",""vo-configured"":""success""}"	true	playing	media-b8c9a5f04c	<media-path:3ba49b8978>	28100	7	true	"{""black_screen_risk_reason"":""null"",""blocked_media_count"":0,""consecutive_failures"":0,""current_index"":7,""current_item"":{""alias"":""media-b8c9a5f04c"",""duration_ms"":28100,""offset_ms"":0,""path_alias"":""<media-path:3ba49b8978>"",""started_at_present"":true},""last_poll_error"":""null"",""last_render_error"":""null"",""mpv_running"":true,""next_item"":{""alias"":""media-7eefea6ba2"",""duration_ms"":5000,""path_alias"":""<media-path:9e48f6362b>""},""playback_state"":""playing"",""playlist_size"":9,""present"":true,""uptime_sec"":1244}"
555	592.343	2026-07-10T20:29:06+0000	success		445	<media-path:3ba49b8978>	<media-path:3ba49b8978>	<filename:e511e8bce0>	4.070733	28.061367	14.744352	false	false	false	126	v4l2request-copy	true	"{""aspect"":0.5625,""dh"":1920,""dw"":1080,""h"":1920,""par"":1.0,""pixelformat"":""nv12"",""rotate"":0,""stereo-in"":""mono"",""w"":1080}"	"{""duration"":""success"",""eof-reached"":""success"",""estimated-frame-number"":""success"",""filename"":""success"",""hwdec-current"":""success"",""idle-active"":""success"",""path"":""success"",""pause"":""success"",""percent-pos"":""success"",""time-pos"":""success"",""video-params"":""success"",""vo-configured"":""success""}"	true	playing	media-b8c9a5f04c	<media-path:3ba49b8978>	28100	7	true	"{""black_screen_risk_reason"":""null"",""blocked_media_count"":0,""consecutive_failures"":0,""current_index"":7,""current_item"":{""alias"":""media-b8c9a5f04c"",""duration_ms"":28100,""offset_ms"":0,""path_alias"":""<media-path:3ba49b8978>"",""started_at_present"":true},""last_poll_error"":""null"",""last_render_error"":""null"",""mpv_running"":true,""next_item"":{""alias"":""media-7eefea6ba2"",""duration_ms"":5000,""path_alias"":""<media-path:9e48f6362b>""},""playback_state"":""playing"",""playlist_size"":9,""present"":true,""uptime_sec"":1244}"
556	593.792	2026-07-10T20:29:07+0000	success		372	<media-path:3ba49b8978>	<media-path:3ba49b8978>	<filename:e511e8bce0>	5.2052	28.061367	18.787158	false	false	false	160	v4l2request-copy	true	"{""aspect"":0.5625,""dh"":1920,""dw"":1080,""h"":1920,""par"":1.0,""pixelformat"":""nv12"",""rotate"":0,""stereo-in"":""mono"",""w"":1080}"	"{""duration"":""success"",""eof-reached"":""success"",""estimated-frame-number"":""success"",""filename"":""success"",""hwdec-current"":""success"",""idle-active"":""success"",""path"":""success"",""pause"":""success"",""percent-pos"":""success"",""time-pos"":""success"",""video-params"":""success"",""vo-configured"":""success""}"	true	playing	media-b8c9a5f04c	<media-path:3ba49b8978>	28100	7	true	"{""black_screen_risk_reason"":""null"",""blocked_media_count"":0,""consecutive_failures"":0,""current_index"":7,""current_item"":{""alias"":""media-b8c9a5f04c"",""duration_ms"":28100,""offset_ms"":0,""path_alias"":""<media-path:3ba49b8978>"",""started_at_present"":true},""last_poll_error"":""null"",""last_render_error"":""null"",""mpv_running"":true,""next_item"":{""alias"":""media-7eefea6ba2"",""duration_ms"":5000,""path_alias"":""<media-path:9e48f6362b>""},""playback_state"":""playing"",""playlist_size"":9,""present"":true,""uptime_sec"":1244}"
557	595.169	2026-07-10T20:29:09+0000	success		333	<media-path:3ba49b8978>	<media-path:3ba49b8978>	<filename:e511e8bce0>	6.272933	28.061367	22.592152	false	false	false	192	v4l2request-copy	true	"{""aspect"":0.5625,""dh"":1920,""dw"":1080,""h"":1920,""par"":1.0,""pixelformat"":""nv12"",""rotate"":0,""stereo-in"":""mono"",""w"":1080}"	"{""duration"":""success"",""eof-reached"":""success"",""estimated-frame-number"":""success"",""filename"":""success"",""hwdec-current"":""success"",""idle-active"":""success"",""path"":""success"",""pause"":""success"",""percent-pos"":""success"",""time-pos"":""success"",""video-params"":""success"",""vo-configured"":""success""}"	true	playing	media-b8c9a5f04c	<media-path:3ba49b8978>	28100	7	true	"{""black_screen_risk_reason"":""null"",""blocked_media_count"":0,""consecutive_failures"":0,""current_index"":7,""current_item"":{""alias"":""media-b8c9a5f04c"",""duration_ms"":28100,""offset_ms"":0,""path_alias"":""<media-path:3ba49b8978>"",""started_at_present"":true},""last_poll_error"":""null"",""last_render_error"":""null"",""mpv_running"":true,""next_item"":{""alias"":""media-7eefea6ba2"",""duration_ms"":5000,""path_alias"":""<media-path:9e48f6362b>""},""playback_state"":""playing"",""playlist_size"":9,""present"":true,""uptime_sec"":1244}"
558	596.506	2026-07-10T20:29:10+0000	success		463	<media-path:3ba49b8978>	<media-path:3ba49b8978>	<filename:e511e8bce0>	7.3073	28.061367	26.27824	false	false	false	223	v4l2request-copy	true	"{""aspect"":0.5625,""dh"":1920,""dw"":1080,""h"":1920,""par"":1.0,""pixelformat"":""nv12"",""rotate"":0,""stereo-in"":""mono"",""w"":1080}"	"{""duration"":""success"",""eof-reached"":""success"",""estimated-frame-number"":""success"",""filename"":""success"",""hwdec-current"":""success"",""idle-active"":""success"",""path"":""success"",""pause"":""success"",""percent-pos"":""success"",""time-pos"":""success"",""video-params"":""success"",""vo-configured"":""success""}"	true	playing	media-b8c9a5f04c	<media-path:3ba49b8978>	28100	7	true	"{""black_screen_risk_reason"":""null"",""blocked_media_count"":0,""consecutive_failures"":0,""current_index"":7,""current_item"":{""alias"":""media-b8c9a5f04c"",""duration_ms"":28100,""offset_ms"":0,""path_alias"":""<media-path:3ba49b8978>"",""started_at_present"":true},""last_poll_error"":""null"",""last_render_error"":""null"",""mpv_running"":true,""next_item"":{""alias"":""media-7eefea6ba2"",""duration_ms"":5000,""path_alias"":""<media-path:9e48f6362b>""},""playback_state"":""playing"",""playlist_size"":9,""present"":true,""uptime_sec"":1249}"
559	597.974	2026-07-10T20:29:11+0000	success		444	<media-path:3ba49b8978>	<media-path:3ba49b8978>	<filename:e511e8bce0>	8.475133	28.061367	30.439952	false	false	false	258	v4l2request-copy	true	"{""aspect"":0.5625,""dh"":1920,""dw"":1080,""h"":1920,""par"":1.0,""pixelformat"":""nv12"",""rotate"":0,""stereo-in"":""mono"",""w"":1080}"	"{""duration"":""success"",""eof-reached"":""success"",""estimated-frame-number"":""success"",""filename"":""success"",""hwdec-current"":""success"",""idle-active"":""success"",""path"":""success"",""pause"":""success"",""percent-pos"":""success"",""time-pos"":""success"",""video-params"":""success"",""vo-configured"":""success""}"	true	playing	media-b8c9a5f04c	<media-path:3ba49b8978>	28100	7	true	"{""black_screen_risk_reason"":""null"",""blocked_media_count"":0,""consecutive_failures"":0,""current_index"":7,""current_item"":{""alias"":""media-b8c9a5f04c"",""duration_ms"":28100,""offset_ms"":0,""path_alias"":""<media-path:3ba49b8978>"",""started_at_present"":true},""last_poll_error"":""null"",""last_render_error"":""null"",""mpv_running"":true,""next_item"":{""alias"":""media-7eefea6ba2"",""duration_ms"":5000,""path_alias"":""<media-path:9e48f6362b>""},""playback_state"":""playing"",""playlist_size"":9,""present"":true,""uptime_sec"":1249}"
560	599.422	2026-07-10T20:29:13+0000	success		494	<media-path:3ba49b8978>	<media-path:3ba49b8978>	<filename:e511e8bce0>	9.6096	28.061367	34.482759	false	false	false	292	v4l2request-copy	true	"{""aspect"":0.5625,""dh"":1920,""dw"":1080,""h"":1920,""par"":1.0,""pixelformat"":""nv12"",""rotate"":0,""stereo-in"":""mono"",""w"":1080}"	"{""duration"":""success"",""eof-reached"":""success"",""estimated-frame-number"":""success"",""filename"":""success"",""hwdec-current"":""success"",""idle-active"":""success"",""path"":""success"",""pause"":""success"",""percent-pos"":""success"",""time-pos"":""success"",""video-params"":""success"",""vo-configured"":""success""}"	true	playing	media-b8c9a5f04c	<media-path:3ba49b8978>	28100	7	true	"{""black_screen_risk_reason"":""null"",""blocked_media_count"":0,""consecutive_failures"":0,""current_index"":7,""current_item"":{""alias"":""media-b8c9a5f04c"",""duration_ms"":28100,""offset_ms"":0,""path_alias"":""<media-path:3ba49b8978>"",""started_at_present"":true},""last_poll_error"":""null"",""last_render_error"":""null"",""mpv_running"":true,""next_item"":{""alias"":""media-7eefea6ba2"",""duration_ms"":5000,""path_alias"":""<media-path:9e48f6362b>""},""playback_state"":""playing"",""playlist_size"":9,""present"":true,""uptime_sec"":1249}"
