seq	rel_sec	wall_time	ipc_result	ipc_error	ipc_elapsed_ms	current_alias	path_alias	current_path_kind	filename_alias	time_pos	duration	percent_pos	idle_active	pause	eof_reached	estimated_frame_number	hwdec_current	vo_configured	video_params_json	property_errors_json	status_present	status_playback_state	status_current_alias	status_path_alias	status_duration_ms	status_current_index	status_mpv_running	status_snapshot_json
1	0.001	2026-07-15T15:36:17+0000	success		5	<media-path:31af3d58a2>	<media-path:31af3d58a2>	motion_media	<filename:92829f14a9>	0.166667	3.9	4.273504	false	false	false	5	v4l2request-copy	true	"{""aspect"":0.566038,""dh"":848,""dw"":480,""h"":848,""par"":1.0,""pixelformat"":""nv12"",""rotate"":0,""stereo-in"":""mono"",""w"":480}"	"{""duration"":""success"",""eof-reached"":""success"",""estimated-frame-number"":""success"",""filename"":""success"",""hwdec-current"":""success"",""idle-active"":""success"",""path"":""success"",""pause"":""success"",""percent-pos"":""success"",""time-pos"":""success"",""video-params"":""success"",""vo-configured"":""success""}"	true	playing	media-8ffdc1f445	<media-path:fee4d36eb4>	14000	2	true	"{""black_screen_risk_reason"":""null"",""blocked_media_count"":0,""consecutive_failures"":0,""current_index"":2,""current_item"":{""alias"":""media-8ffdc1f445"",""duration_ms"":14000,""media_kind"":""motion_media"",""offset_ms"":0,""path_alias"":""<media-path:fee4d36eb4>"",""started_at_present"":true},""last_poll_error"":""null"",""last_render_error"":""null"",""mpv_running"":true,""next_item"":{""alias"":""media-749f1db21b"",""duration_ms"":3900,""media_kind"":""motion_media"",""path_alias"":""<media-path:31af3d58a2>""},""playback_state"":""playing"",""playlist_size"":5,""present"":true,""uptime_sec"":4199}"
2	1.008	2026-07-15T15:36:18+0000	success		2	<media-path:31af3d58a2>	<media-path:31af3d58a2>	motion_media	<filename:92829f14a9>	1.2	3.9	30.769231	false	false	false	36	v4l2request-copy	true	"{""aspect"":0.566038,""dh"":848,""dw"":480,""h"":848,""par"":1.0,""pixelformat"":""nv12"",""rotate"":0,""stereo-in"":""mono"",""w"":480}"	"{""duration"":""success"",""eof-reached"":""success"",""estimated-frame-number"":""success"",""filename"":""success"",""hwdec-current"":""success"",""idle-active"":""success"",""path"":""success"",""pause"":""success"",""percent-pos"":""success"",""time-pos"":""success"",""video-params"":""success"",""vo-configured"":""success""}"	true	playing	media-8ffdc1f445	<media-path:fee4d36eb4>	14000	2	true	"{""black_screen_risk_reason"":""null"",""blocked_media_count"":0,""consecutive_failures"":0,""current_index"":2,""current_item"":{""alias"":""media-8ffdc1f445"",""duration_ms"":14000,""media_kind"":""motion_media"",""offset_ms"":0,""path_alias"":""<media-path:fee4d36eb4>"",""started_at_present"":true},""last_poll_error"":""null"",""last_render_error"":""null"",""mpv_running"":true,""next_item"":{""alias"":""media-749f1db21b"",""duration_ms"":3900,""media_kind"":""motion_media"",""path_alias"":""<media-path:31af3d58a2>""},""playback_state"":""playing"",""playlist_size"":5,""present"":true,""uptime_sec"":4199}"
3	2.014	2026-07-15T15:36:19+0000	success		2	<media-path:31af3d58a2>	<media-path:31af3d58a2>	motion_media	<filename:92829f14a9>	2.2	3.9	56.410256	false	false	false	65	v4l2request-copy	true	"{""aspect"":0.566038,""dh"":848,""dw"":480,""h"":848,""par"":1.0,""pixelformat"":""nv12"",""rotate"":0,""stereo-in"":""mono"",""w"":480}"	"{""duration"":""success"",""eof-reached"":""success"",""estimated-frame-number"":""success"",""filename"":""success"",""hwdec-current"":""success"",""idle-active"":""success"",""path"":""success"",""pause"":""success"",""percent-pos"":""success"",""time-pos"":""success"",""video-params"":""success"",""vo-configured"":""success""}"	true	playing	media-8ffdc1f445	<media-path:fee4d36eb4>	14000	2	true	"{""black_screen_risk_reason"":""null"",""blocked_media_count"":0,""consecutive_failures"":0,""current_index"":2,""current_item"":{""alias"":""media-8ffdc1f445"",""duration_ms"":14000,""media_kind"":""motion_media"",""offset_ms"":0,""path_alias"":""<media-path:fee4d36eb4>"",""started_at_present"":true},""last_poll_error"":""null"",""last_render_error"":""null"",""mpv_running"":true,""next_item"":{""alias"":""media-749f1db21b"",""duration_ms"":3900,""media_kind"":""motion_media"",""path_alias"":""<media-path:31af3d58a2>""},""playback_state"":""playing"",""playlist_size"":5,""present"":true,""uptime_sec"":4199}"
4	3.018	2026-07-15T15:36:20+0000	success		2	<media-path:31af3d58a2>	<media-path:31af3d58a2>	motion_media	<filename:92829f14a9>	3.2	3.9	82.051282	false	false	false	95	v4l2request-copy	true	"{""aspect"":0.566038,""dh"":848,""dw"":480,""h"":848,""par"":1.0,""pixelformat"":""nv12"",""rotate"":0,""stereo-in"":""mono"",""w"":480}"	"{""duration"":""success"",""eof-reached"":""success"",""estimated-frame-number"":""success"",""filename"":""success"",""hwdec-current"":""success"",""idle-active"":""success"",""path"":""success"",""pause"":""success"",""percent-pos"":""success"",""time-pos"":""success"",""video-params"":""success"",""vo-configured"":""success""}"	true	playing	media-8ffdc1f445	<media-path:fee4d36eb4>	14000	2	true	"{""black_screen_risk_reason"":""null"",""blocked_media_count"":0,""consecutive_failures"":0,""current_index"":2,""current_item"":{""alias"":""media-8ffdc1f445"",""duration_ms"":14000,""media_kind"":""motion_media"",""offset_ms"":0,""path_alias"":""<media-path:fee4d36eb4>"",""started_at_present"":true},""last_poll_error"":""null"",""last_render_error"":""null"",""mpv_running"":true,""next_item"":{""alias"":""media-749f1db21b"",""duration_ms"":3900,""media_kind"":""motion_media"",""path_alias"":""<media-path:31af3d58a2>""},""playback_state"":""playing"",""playlist_size"":5,""present"":true,""uptime_sec"":4199}"
5	4.023	2026-07-15T15:36:21+0000	success		605	<media-path:3ba49b8978>	<media-path:3ba49b8978>	motion_media	<filename:e511e8bce0>	0.033367	28.061367	0.356718	false	false	false	5	v4l2request-copy	true	"{""aspect"":0.5625,""dh"":1920,""dw"":1080,""h"":1920,""par"":1.0,""pixelformat"":""nv12"",""rotate"":0,""stereo-in"":""mono"",""w"":1080}"	"{""duration"":""success"",""eof-reached"":""success"",""estimated-frame-number"":""success"",""filename"":""success"",""hwdec-current"":""success"",""idle-active"":""success"",""path"":""success"",""pause"":""success"",""percent-pos"":""success"",""time-pos"":""success"",""video-params"":""success"",""vo-configured"":""success""}"	true	playing	media-749f1db21b	<media-path:31af3d58a2>	3900	3	true	"{""black_screen_risk_reason"":""null"",""blocked_media_count"":0,""consecutive_failures"":0,""current_index"":3,""current_item"":{""alias"":""media-749f1db21b"",""duration_ms"":3900,""media_kind"":""motion_media"",""offset_ms"":0,""path_alias"":""<media-path:31af3d58a2>"",""started_at_present"":true},""last_poll_error"":""null"",""last_render_error"":""null"",""mpv_running"":true,""next_item"":{""alias"":""media-b8c9a5f04c"",""duration_ms"":28100,""media_kind"":""motion_media"",""path_alias"":""<media-path:3ba49b8978>""},""playback_state"":""playing"",""playlist_size"":5,""present"":true,""uptime_sec"":4204}"
6	5.631	2026-07-15T15:36:23+0000	success		332	<media-path:3ba49b8978>	<media-path:3ba49b8978>	motion_media	<filename:e511e8bce0>	1.2012	28.061367	4.51843	false	false	false	40	v4l2request-copy	true	"{""aspect"":0.5625,""dh"":1920,""dw"":1080,""h"":1920,""par"":1.0,""pixelformat"":""nv12"",""rotate"":0,""stereo-in"":""mono"",""w"":1080}"	"{""duration"":""success"",""eof-reached"":""success"",""estimated-frame-number"":""success"",""filename"":""success"",""hwdec-current"":""success"",""idle-active"":""success"",""path"":""success"",""pause"":""success"",""percent-pos"":""success"",""time-pos"":""success"",""video-params"":""success"",""vo-configured"":""success""}"	true	playing	media-749f1db21b	<media-path:31af3d58a2>	3900	3	true	"{""black_screen_risk_reason"":""null"",""blocked_media_count"":0,""consecutive_failures"":0,""current_index"":3,""current_item"":{""alias"":""media-749f1db21b"",""duration_ms"":3900,""media_kind"":""motion_media"",""offset_ms"":0,""path_alias"":""<media-path:31af3d58a2>"",""started_at_present"":true},""last_poll_error"":""null"",""last_render_error"":""null"",""mpv_running"":true,""next_item"":{""alias"":""media-b8c9a5f04c"",""duration_ms"":28100,""media_kind"":""motion_media"",""path_alias"":""<media-path:3ba49b8978>""},""playback_state"":""playing"",""playlist_size"":5,""present"":true,""uptime_sec"":4204}"
7	6.967	2026-07-15T15:36:24+0000	success		499	<media-path:3ba49b8978>	<media-path:3ba49b8978>	motion_media	<filename:e511e8bce0>	2.235567	28.061367	8.204518	false	false	false	71	v4l2request-copy	true	"{""aspect"":0.5625,""dh"":1920,""dw"":1080,""h"":1920,""par"":1.0,""pixelformat"":""nv12"",""rotate"":0,""stereo-in"":""mono"",""w"":1080}"	"{""duration"":""success"",""eof-reached"":""success"",""estimated-frame-number"":""success"",""filename"":""success"",""hwdec-current"":""success"",""idle-active"":""success"",""path"":""success"",""pause"":""success"",""percent-pos"":""success"",""time-pos"":""success"",""video-params"":""success"",""vo-configured"":""success""}"	true	playing	media-749f1db21b	<media-path:31af3d58a2>	3900	3	true	"{""black_screen_risk_reason"":""null"",""blocked_media_count"":0,""consecutive_failures"":0,""current_index"":3,""current_item"":{""alias"":""media-749f1db21b"",""duration_ms"":3900,""media_kind"":""motion_media"",""offset_ms"":0,""path_alias"":""<media-path:31af3d58a2>"",""started_at_present"":true},""last_poll_error"":""null"",""last_render_error"":""null"",""mpv_running"":true,""next_item"":{""alias"":""media-b8c9a5f04c"",""duration_ms"":28100,""media_kind"":""motion_media"",""path_alias"":""<media-path:3ba49b8978>""},""playback_state"":""playing"",""playlist_size"":5,""present"":true,""uptime_sec"":4204}"
8	8.471	2026-07-15T15:36:26+0000	success		323	<media-path:3ba49b8978>	<media-path:3ba49b8978>	motion_media	<filename:e511e8bce0>	3.4034	28.061367	12.366231	false	false	false	106	v4l2request-copy	true	"{""aspect"":0.5625,""dh"":1920,""dw"":1080,""h"":1920,""par"":1.0,""pixelformat"":""nv12"",""rotate"":0,""stereo-in"":""mono"",""w"":1080}"	"{""duration"":""success"",""eof-reached"":""success"",""estimated-frame-number"":""success"",""filename"":""success"",""hwdec-current"":""success"",""idle-active"":""success"",""path"":""success"",""pause"":""success"",""percent-pos"":""success"",""time-pos"":""success"",""video-params"":""success"",""vo-configured"":""success""}"	true	playing	media-b8c9a5f04c	<media-path:3ba49b8978>	28100	4	true	"{""black_screen_risk_reason"":""null"",""blocked_media_count"":0,""consecutive_failures"":0,""current_index"":4,""current_item"":{""alias"":""media-b8c9a5f04c"",""duration_ms"":28100,""media_kind"":""motion_media"",""offset_ms"":0,""path_alias"":""<media-path:3ba49b8978>"",""started_at_present"":true},""last_poll_error"":""null"",""last_render_error"":""null"",""mpv_running"":true,""next_item"":{""alias"":""media-63e22e276f"",""duration_ms"":15100,""media_kind"":""motion_media"",""path_alias"":""<media-path:c406539999>""},""playback_state"":""playing"",""playlist_size"":5,""present"":true,""uptime_sec"":4209}"
9	9.798	2026-07-15T15:36:27+0000	success		477	<media-path:3ba49b8978>	<media-path:3ba49b8978>	motion_media	<filename:e511e8bce0>	4.437767	28.061367	16.052319	false	false	false	137	v4l2request-copy	true	"{""aspect"":0.5625,""dh"":1920,""dw"":1080,""h"":1920,""par"":1.0,""pixelformat"":""nv12"",""rotate"":0,""stereo-in"":""mono"",""w"":1080}"	"{""duration"":""success"",""eof-reached"":""success"",""estimated-frame-number"":""success"",""filename"":""success"",""hwdec-current"":""success"",""idle-active"":""success"",""path"":""success"",""pause"":""success"",""percent-pos"":""success"",""time-pos"":""success"",""video-params"":""success"",""vo-configured"":""success""}"	true	playing	media-b8c9a5f04c	<media-path:3ba49b8978>	28100	4	true	"{""black_screen_risk_reason"":""null"",""blocked_media_count"":0,""consecutive_failures"":0,""current_index"":4,""current_item"":{""alias"":""media-b8c9a5f04c"",""duration_ms"":28100,""media_kind"":""motion_media"",""offset_ms"":0,""path_alias"":""<media-path:3ba49b8978>"",""started_at_present"":true},""last_poll_error"":""null"",""last_render_error"":""null"",""mpv_running"":true,""next_item"":{""alias"":""media-63e22e276f"",""duration_ms"":15100,""media_kind"":""motion_media"",""path_alias"":""<media-path:c406539999>""},""playback_state"":""playing"",""playlist_size"":5,""present"":true,""uptime_sec"":4209}"
10	11.280	2026-07-15T15:36:28+0000	success		364	<media-path:3ba49b8978>	<media-path:3ba49b8978>	motion_media	<filename:e511e8bce0>	5.6056	28.061367	20.214031	false	false	false	172	v4l2request-copy	true	"{""aspect"":0.5625,""dh"":1920,""dw"":1080,""h"":1920,""par"":1.0,""pixelformat"":""nv12"",""rotate"":0,""stereo-in"":""mono"",""w"":1080}"	"{""duration"":""success"",""eof-reached"":""success"",""estimated-frame-number"":""success"",""filename"":""success"",""hwdec-current"":""success"",""idle-active"":""success"",""path"":""success"",""pause"":""success"",""percent-pos"":""success"",""time-pos"":""success"",""video-params"":""success"",""vo-configured"":""success""}"	true	playing	media-b8c9a5f04c	<media-path:3ba49b8978>	28100	4	true	"{""black_screen_risk_reason"":""null"",""blocked_media_count"":0,""consecutive_failures"":0,""current_index"":4,""current_item"":{""alias"":""media-b8c9a5f04c"",""duration_ms"":28100,""media_kind"":""motion_media"",""offset_ms"":0,""path_alias"":""<media-path:3ba49b8978>"",""started_at_present"":true},""last_poll_error"":""null"",""last_render_error"":""null"",""mpv_running"":true,""next_item"":{""alias"":""media-63e22e276f"",""duration_ms"":15100,""media_kind"":""motion_media"",""path_alias"":""<media-path:c406539999>""},""playback_state"":""playing"",""playlist_size"":5,""present"":true,""uptime_sec"":4209}"
11	12.648	2026-07-15T15:36:30+0000	success		467	<media-path:3ba49b8978>	<media-path:3ba49b8978>	motion_media	<filename:e511e8bce0>	6.639967	28.061367	23.900119	false	false	false	203	v4l2request-copy	true	"{""aspect"":0.5625,""dh"":1920,""dw"":1080,""h"":1920,""par"":1.0,""pixelformat"":""nv12"",""rotate"":0,""stereo-in"":""mono"",""w"":1080}"	"{""duration"":""success"",""eof-reached"":""success"",""estimated-frame-number"":""success"",""filename"":""success"",""hwdec-current"":""success"",""idle-active"":""success"",""path"":""success"",""pause"":""success"",""percent-pos"":""success"",""time-pos"":""success"",""video-params"":""success"",""vo-configured"":""success""}"	true	playing	media-b8c9a5f04c	<media-path:3ba49b8978>	28100	4	true	"{""black_screen_risk_reason"":""null"",""blocked_media_count"":0,""consecutive_failures"":0,""current_index"":4,""current_item"":{""alias"":""media-b8c9a5f04c"",""duration_ms"":28100,""media_kind"":""motion_media"",""offset_ms"":0,""path_alias"":""<media-path:3ba49b8978>"",""started_at_present"":true},""last_poll_error"":""null"",""last_render_error"":""null"",""mpv_running"":true,""next_item"":{""alias"":""media-63e22e276f"",""duration_ms"":15100,""media_kind"":""motion_media"",""path_alias"":""<media-path:c406539999>""},""playback_state"":""playing"",""playlist_size"":5,""present"":true,""uptime_sec"":4209}"
12	14.118	2026-07-15T15:36:31+0000	success		307	<media-path:3ba49b8978>	<media-path:3ba49b8978>	motion_media	<filename:e511e8bce0>	7.8078	28.061367	28.061831	false	false	false	238	v4l2request-copy	true	"{""aspect"":0.5625,""dh"":1920,""dw"":1080,""h"":1920,""par"":1.0,""pixelformat"":""nv12"",""rotate"":0,""stereo-in"":""mono"",""w"":1080}"	"{""duration"":""success"",""eof-reached"":""success"",""estimated-frame-number"":""success"",""filename"":""success"",""hwdec-current"":""success"",""idle-active"":""success"",""path"":""success"",""pause"":""success"",""percent-pos"":""success"",""time-pos"":""success"",""video-params"":""success"",""vo-configured"":""success""}"	true	playing	media-b8c9a5f04c	<media-path:3ba49b8978>	28100	4	true	"{""black_screen_risk_reason"":""null"",""blocked_media_count"":0,""consecutive_failures"":0,""current_index"":4,""current_item"":{""alias"":""media-b8c9a5f04c"",""duration_ms"":28100,""media_kind"":""motion_media"",""offset_ms"":0,""path_alias"":""<media-path:3ba49b8978>"",""started_at_present"":true},""last_poll_error"":""null"",""last_render_error"":""null"",""mpv_running"":true,""next_item"":{""alias"":""media-63e22e276f"",""duration_ms"":15100,""media_kind"":""motion_media"",""path_alias"":""<media-path:c406539999>""},""playback_state"":""playing"",""playlist_size"":5,""present"":true,""uptime_sec"":4214}"
13	15.429	2026-07-15T15:36:33+0000	success		472	<media-path:3ba49b8978>	<media-path:3ba49b8978>	motion_media	<filename:e511e8bce0>	8.842167	28.061367	31.747919	false	false	false	269	v4l2request-copy	true	"{""aspect"":0.5625,""dh"":1920,""dw"":1080,""h"":1920,""par"":1.0,""pixelformat"":""nv12"",""rotate"":0,""stereo-in"":""mono"",""w"":1080}"	"{""duration"":""success"",""eof-reached"":""success"",""estimated-frame-number"":""success"",""filename"":""success"",""hwdec-current"":""success"",""idle-active"":""success"",""path"":""success"",""pause"":""success"",""percent-pos"":""success"",""time-pos"":""success"",""video-params"":""success"",""vo-configured"":""success""}"	true	playing	media-b8c9a5f04c	<media-path:3ba49b8978>	28100	4	true	"{""black_screen_risk_reason"":""null"",""blocked_media_count"":0,""consecutive_failures"":0,""current_index"":4,""current_item"":{""alias"":""media-b8c9a5f04c"",""duration_ms"":28100,""media_kind"":""motion_media"",""offset_ms"":0,""path_alias"":""<media-path:3ba49b8978>"",""started_at_present"":true},""last_poll_error"":""null"",""last_render_error"":""null"",""mpv_running"":true,""next_item"":{""alias"":""media-63e22e276f"",""duration_ms"":15100,""media_kind"":""motion_media"",""path_alias"":""<media-path:c406539999>""},""playback_state"":""playing"",""playlist_size"":5,""present"":true,""uptime_sec"":4214}"
14	16.906	2026-07-15T15:36:34+0000	success		444	<media-path:3ba49b8978>	<media-path:3ba49b8978>	motion_media	<filename:e511e8bce0>	10.01	28.061367	35.909631	false	false	false	304	v4l2request-copy	true	"{""aspect"":0.5625,""dh"":1920,""dw"":1080,""h"":1920,""par"":1.0,""pixelformat"":""nv12"",""rotate"":0,""stereo-in"":""mono"",""w"":1080}"	"{""duration"":""success"",""eof-reached"":""success"",""estimated-frame-number"":""success"",""filename"":""success"",""hwdec-current"":""success"",""idle-active"":""success"",""path"":""success"",""pause"":""success"",""percent-pos"":""success"",""time-pos"":""success"",""video-params"":""success"",""vo-configured"":""success""}"	true	playing	media-b8c9a5f04c	<media-path:3ba49b8978>	28100	4	true	"{""black_screen_risk_reason"":""null"",""blocked_media_count"":0,""consecutive_failures"":0,""current_index"":4,""current_item"":{""alias"":""media-b8c9a5f04c"",""duration_ms"":28100,""media_kind"":""motion_media"",""offset_ms"":0,""path_alias"":""<media-path:3ba49b8978>"",""started_at_present"":true},""last_poll_error"":""null"",""last_render_error"":""null"",""mpv_running"":true,""next_item"":{""alias"":""media-63e22e276f"",""duration_ms"":15100,""media_kind"":""motion_media"",""path_alias"":""<media-path:c406539999>""},""playback_state"":""playing"",""playlist_size"":5,""present"":true,""uptime_sec"":4214}"
15	18.355	2026-07-15T15:36:36+0000	success		492	<media-path:3ba49b8978>	<media-path:3ba49b8978>	motion_media	<filename:e511e8bce0>	11.144467	28.061367	39.952438	false	false	false	338	v4l2request-copy	true	"{""aspect"":0.5625,""dh"":1920,""dw"":1080,""h"":1920,""par"":1.0,""pixelformat"":""nv12"",""rotate"":0,""stereo-in"":""mono"",""w"":1080}"	"{""duration"":""success"",""eof-reached"":""success"",""estimated-frame-number"":""success"",""filename"":""success"",""hwdec-current"":""success"",""idle-active"":""success"",""path"":""success"",""pause"":""success"",""percent-pos"":""success"",""time-pos"":""success"",""video-params"":""success"",""vo-configured"":""success""}"	true	playing	media-b8c9a5f04c	<media-path:3ba49b8978>	28100	4	true	"{""black_screen_risk_reason"":""null"",""blocked_media_count"":0,""consecutive_failures"":0,""current_index"":4,""current_item"":{""alias"":""media-b8c9a5f04c"",""duration_ms"":28100,""media_kind"":""motion_media"",""offset_ms"":0,""path_alias"":""<media-path:3ba49b8978>"",""started_at_present"":true},""last_poll_error"":""null"",""last_render_error"":""null"",""mpv_running"":true,""next_item"":{""alias"":""media-63e22e276f"",""duration_ms"":15100,""media_kind"":""motion_media"",""path_alias"":""<media-path:c406539999>""},""playback_state"":""playing"",""playlist_size"":5,""present"":true,""uptime_sec"":4219}"
16	19.852	2026-07-15T15:36:37+0000	success		242	<media-path:3ba49b8978>	<media-path:3ba49b8978>	motion_media	<filename:e511e8bce0>	12.3123	28.061367	44.11415	false	false	false	372	v4l2request-copy	true	"{""aspect"":0.5625,""dh"":1920,""dw"":1080,""h"":1920,""par"":1.0,""pixelformat"":""nv12"",""rotate"":0,""stereo-in"":""mono"",""w"":1080}"	"{""duration"":""success"",""eof-reached"":""success"",""estimated-frame-number"":""success"",""filename"":""success"",""hwdec-current"":""success"",""idle-active"":""success"",""path"":""success"",""pause"":""success"",""percent-pos"":""success"",""time-pos"":""success"",""video-params"":""success"",""vo-configured"":""success""}"	true	playing	media-b8c9a5f04c	<media-path:3ba49b8978>	28100	4	true	"{""black_screen_risk_reason"":""null"",""blocked_media_count"":0,""consecutive_failures"":0,""current_index"":4,""current_item"":{""alias"":""media-b8c9a5f04c"",""duration_ms"":28100,""media_kind"":""motion_media"",""offset_ms"":0,""path_alias"":""<media-path:3ba49b8978>"",""started_at_present"":true},""last_poll_error"":""null"",""last_render_error"":""null"",""mpv_running"":true,""next_item"":{""alias"":""media-63e22e276f"",""duration_ms"":15100,""media_kind"":""motion_media"",""path_alias"":""<media-path:c406539999>""},""playback_state"":""playing"",""playlist_size"":5,""present"":true,""uptime_sec"":4219}"
17	21.098	2026-07-15T15:36:38+0000	success		482	<media-path:3ba49b8978>	<media-path:3ba49b8978>	motion_media	<filename:e511e8bce0>	13.279933	28.061367	47.562426	false	false	false	402	v4l2request-copy	true	"{""aspect"":0.5625,""dh"":1920,""dw"":1080,""h"":1920,""par"":1.0,""pixelformat"":""nv12"",""rotate"":0,""stereo-in"":""mono"",""w"":1080}"	"{""duration"":""success"",""eof-reached"":""success"",""estimated-frame-number"":""success"",""filename"":""success"",""hwdec-current"":""success"",""idle-active"":""success"",""path"":""success"",""pause"":""success"",""percent-pos"":""success"",""time-pos"":""success"",""video-params"":""success"",""vo-configured"":""success""}"	true	playing	media-b8c9a5f04c	<media-path:3ba49b8978>	28100	4	true	"{""black_screen_risk_reason"":""null"",""blocked_media_count"":0,""consecutive_failures"":0,""current_index"":4,""current_item"":{""alias"":""media-b8c9a5f04c"",""duration_ms"":28100,""media_kind"":""motion_media"",""offset_ms"":0,""path_alias"":""<media-path:3ba49b8978>"",""started_at_present"":true},""last_poll_error"":""null"",""last_render_error"":""null"",""mpv_running"":true,""next_item"":{""alias"":""media-63e22e276f"",""duration_ms"":15100,""media_kind"":""motion_media"",""path_alias"":""<media-path:c406539999>""},""playback_state"":""playing"",""playlist_size"":5,""present"":true,""uptime_sec"":4219}"
18	22.585	2026-07-15T15:36:40+0000	success		443	<media-path:3ba49b8978>	<media-path:3ba49b8978>	motion_media	<filename:e511e8bce0>	14.447767	28.061367	51.724138	false	false	false	437	v4l2request-copy	true	"{""aspect"":0.5625,""dh"":1920,""dw"":1080,""h"":1920,""par"":1.0,""pixelformat"":""nv12"",""rotate"":0,""stereo-in"":""mono"",""w"":1080}"	"{""duration"":""success"",""eof-reached"":""success"",""estimated-frame-number"":""success"",""filename"":""success"",""hwdec-current"":""success"",""idle-active"":""success"",""path"":""success"",""pause"":""success"",""percent-pos"":""success"",""time-pos"":""success"",""video-params"":""success"",""vo-configured"":""success""}"	true	playing	media-b8c9a5f04c	<media-path:3ba49b8978>	28100	4	true	"{""black_screen_risk_reason"":""null"",""blocked_media_count"":0,""consecutive_failures"":0,""current_index"":4,""current_item"":{""alias"":""media-b8c9a5f04c"",""duration_ms"":28100,""media_kind"":""motion_media"",""offset_ms"":0,""path_alias"":""<media-path:3ba49b8978>"",""started_at_present"":true},""last_poll_error"":""null"",""last_render_error"":""null"",""mpv_running"":true,""next_item"":{""alias"":""media-63e22e276f"",""duration_ms"":15100,""media_kind"":""motion_media"",""path_alias"":""<media-path:c406539999>""},""playback_state"":""playing"",""playlist_size"":5,""present"":true,""uptime_sec"":4219}"
19	24.033	2026-07-15T15:36:41+0000	success		493	<media-path:3ba49b8978>	<media-path:3ba49b8978>	motion_media	<filename:e511e8bce0>	15.582233	28.061367	55.766944	false	false	false	471	v4l2request-copy	true	"{""aspect"":0.5625,""dh"":1920,""dw"":1080,""h"":1920,""par"":1.0,""pixelformat"":""nv12"",""rotate"":0,""stereo-in"":""mono"",""w"":1080}"	"{""duration"":""success"",""eof-reached"":""success"",""estimated-frame-number"":""success"",""filename"":""success"",""hwdec-current"":""success"",""idle-active"":""success"",""path"":""success"",""pause"":""success"",""percent-pos"":""success"",""time-pos"":""success"",""video-params"":""success"",""vo-configured"":""success""}"	true	playing	media-b8c9a5f04c	<media-path:3ba49b8978>	28100	4	true	"{""black_screen_risk_reason"":""null"",""blocked_media_count"":0,""consecutive_failures"":0,""current_index"":4,""current_item"":{""alias"":""media-b8c9a5f04c"",""duration_ms"":28100,""media_kind"":""motion_media"",""offset_ms"":0,""path_alias"":""<media-path:3ba49b8978>"",""started_at_present"":true},""last_poll_error"":""null"",""last_render_error"":""null"",""mpv_running"":true,""next_item"":{""alias"":""media-63e22e276f"",""duration_ms"":15100,""media_kind"":""motion_media"",""path_alias"":""<media-path:c406539999>""},""playback_state"":""playing"",""playlist_size"":5,""present"":true,""uptime_sec"":4224}"
20	25.530	2026-07-15T15:36:43+0000	success		318	<media-path:3ba49b8978>	<media-path:3ba49b8978>	motion_media	<filename:e511e8bce0>	16.750067	28.061367	59.928656	false	false	false	506	v4l2request-copy	true	"{""aspect"":0.5625,""dh"":1920,""dw"":1080,""h"":1920,""par"":1.0,""pixelformat"":""nv12"",""rotate"":0,""stereo-in"":""mono"",""w"":1080}"	"{""duration"":""success"",""eof-reached"":""success"",""estimated-frame-number"":""success"",""filename"":""success"",""hwdec-current"":""success"",""idle-active"":""success"",""path"":""success"",""pause"":""success"",""percent-pos"":""success"",""time-pos"":""success"",""video-params"":""success"",""vo-configured"":""success""}"	true	playing	media-b8c9a5f04c	<media-path:3ba49b8978>	28100	4	true	"{""black_screen_risk_reason"":""null"",""blocked_media_count"":0,""consecutive_failures"":0,""current_index"":4,""current_item"":{""alias"":""media-b8c9a5f04c"",""duration_ms"":28100,""media_kind"":""motion_media"",""offset_ms"":0,""path_alias"":""<media-path:3ba49b8978>"",""started_at_present"":true},""last_poll_error"":""null"",""last_render_error"":""null"",""mpv_running"":true,""next_item"":{""alias"":""media-63e22e276f"",""duration_ms"":15100,""media_kind"":""motion_media"",""path_alias"":""<media-path:c406539999>""},""playback_state"":""playing"",""playlist_size"":5,""present"":true,""uptime_sec"":4224}"
21	26.852	2026-07-15T15:36:44+0000	success		470	<media-path:3ba49b8978>	<media-path:3ba49b8978>	motion_media	<filename:e511e8bce0>	17.784433	28.061367	63.614744	false	false	false	537	v4l2request-copy	true	"{""aspect"":0.5625,""dh"":1920,""dw"":1080,""h"":1920,""par"":1.0,""pixelformat"":""nv12"",""rotate"":0,""stereo-in"":""mono"",""w"":1080}"	"{""duration"":""success"",""eof-reached"":""success"",""estimated-frame-number"":""success"",""filename"":""success"",""hwdec-current"":""success"",""idle-active"":""success"",""path"":""success"",""pause"":""success"",""percent-pos"":""success"",""time-pos"":""success"",""video-params"":""success"",""vo-configured"":""success""}"	true	playing	media-b8c9a5f04c	<media-path:3ba49b8978>	28100	4	true	"{""black_screen_risk_reason"":""null"",""blocked_media_count"":0,""consecutive_failures"":0,""current_index"":4,""current_item"":{""alias"":""media-b8c9a5f04c"",""duration_ms"":28100,""media_kind"":""motion_media"",""offset_ms"":0,""path_alias"":""<media-path:3ba49b8978>"",""started_at_present"":true},""last_poll_error"":""null"",""last_render_error"":""null"",""mpv_running"":true,""next_item"":{""alias"":""media-63e22e276f"",""duration_ms"":15100,""media_kind"":""motion_media"",""path_alias"":""<media-path:c406539999>""},""playback_state"":""playing"",""playlist_size"":5,""present"":true,""uptime_sec"":4224}"
22	28.327	2026-07-15T15:36:46+0000	success		507	<media-path:3ba49b8978>	<media-path:3ba49b8978>	motion_media	<filename:e511e8bce0>	18.952267	28.061367	67.776457	false	false	false	572	v4l2request-copy	true	"{""aspect"":0.5625,""dh"":1920,""dw"":1080,""h"":1920,""par"":1.0,""pixelformat"":""nv12"",""rotate"":0,""stereo-in"":""mono"",""w"":1080}"	"{""duration"":""success"",""eof-reached"":""success"",""estimated-frame-number"":""success"",""filename"":""success"",""hwdec-current"":""success"",""idle-active"":""success"",""path"":""success"",""pause"":""success"",""percent-pos"":""success"",""time-pos"":""success"",""video-params"":""success"",""vo-configured"":""success""}"	true	playing	media-b8c9a5f04c	<media-path:3ba49b8978>	28100	4	true	"{""black_screen_risk_reason"":""null"",""blocked_media_count"":0,""consecutive_failures"":0,""current_index"":4,""current_item"":{""alias"":""media-b8c9a5f04c"",""duration_ms"":28100,""media_kind"":""motion_media"",""offset_ms"":0,""path_alias"":""<media-path:3ba49b8978>"",""started_at_present"":true},""last_poll_error"":""null"",""last_render_error"":""null"",""mpv_running"":true,""next_item"":{""alias"":""media-63e22e276f"",""duration_ms"":15100,""media_kind"":""motion_media"",""path_alias"":""<media-path:c406539999>""},""playback_state"":""playing"",""playlist_size"":5,""present"":true,""uptime_sec"":4229}"
23	29.839	2026-07-15T15:36:47+0000	success		494	<media-path:3ba49b8978>	<media-path:3ba49b8978>	motion_media	<filename:e511e8bce0>	20.1201	28.061367	71.938169	false	false	false	607	v4l2request-copy	true	"{""aspect"":0.5625,""dh"":1920,""dw"":1080,""h"":1920,""par"":1.0,""pixelformat"":""nv12"",""rotate"":0,""stereo-in"":""mono"",""w"":1080}"	"{""duration"":""success"",""eof-reached"":""success"",""estimated-frame-number"":""success"",""filename"":""success"",""hwdec-current"":""success"",""idle-active"":""success"",""path"":""success"",""pause"":""success"",""percent-pos"":""success"",""time-pos"":""success"",""video-params"":""success"",""vo-configured"":""success""}"	true	playing	media-b8c9a5f04c	<media-path:3ba49b8978>	28100	4	true	"{""black_screen_risk_reason"":""null"",""blocked_media_count"":0,""consecutive_failures"":0,""current_index"":4,""current_item"":{""alias"":""media-b8c9a5f04c"",""duration_ms"":28100,""media_kind"":""motion_media"",""offset_ms"":0,""path_alias"":""<media-path:3ba49b8978>"",""started_at_present"":true},""last_poll_error"":""null"",""last_render_error"":""null"",""mpv_running"":true,""next_item"":{""alias"":""media-63e22e276f"",""duration_ms"":15100,""media_kind"":""motion_media"",""path_alias"":""<media-path:c406539999>""},""playback_state"":""playing"",""playlist_size"":5,""present"":true,""uptime_sec"":4229}"
24	31.337	2026-07-15T15:36:48+0000	success		123	<media-path:3ba49b8978>	<media-path:3ba49b8978>	motion_media	<filename:e511e8bce0>	21.287933	28.061367	75.862069	false	false	false	638	v4l2request-copy	true	"{""aspect"":0.5625,""dh"":1920,""dw"":1080,""h"":1920,""par"":1.0,""pixelformat"":""nv12"",""rotate"":0,""stereo-in"":""mono"",""w"":1080}"	"{""duration"":""success"",""eof-reached"":""success"",""estimated-frame-number"":""success"",""filename"":""success"",""hwdec-current"":""success"",""idle-active"":""success"",""path"":""success"",""pause"":""success"",""percent-pos"":""success"",""time-pos"":""success"",""video-params"":""success"",""vo-configured"":""success""}"	true	playing	media-b8c9a5f04c	<media-path:3ba49b8978>	28100	4	true	"{""black_screen_risk_reason"":""null"",""blocked_media_count"":0,""consecutive_failures"":0,""current_index"":4,""current_item"":{""alias"":""media-b8c9a5f04c"",""duration_ms"":28100,""media_kind"":""motion_media"",""offset_ms"":0,""path_alias"":""<media-path:3ba49b8978>"",""started_at_present"":true},""last_poll_error"":""null"",""last_render_error"":""null"",""mpv_running"":true,""next_item"":{""alias"":""media-63e22e276f"",""duration_ms"":15100,""media_kind"":""motion_media"",""path_alias"":""<media-path:c406539999>""},""playback_state"":""playing"",""playlist_size"":5,""present"":true,""uptime_sec"":4229}"
25	32.464	2026-07-15T15:36:50+0000	success		478	<media-path:3ba49b8978>	<media-path:3ba49b8978>	motion_media	<filename:e511e8bce0>	22.155467	28.061367	79.191439	false	false	false	668	v4l2request-copy	true	"{""aspect"":0.5625,""dh"":1920,""dw"":1080,""h"":1920,""par"":1.0,""pixelformat"":""nv12"",""rotate"":0,""stereo-in"":""mono"",""w"":1080}"	"{""duration"":""success"",""eof-reached"":""success"",""estimated-frame-number"":""success"",""filename"":""success"",""hwdec-current"":""success"",""idle-active"":""success"",""path"":""success"",""pause"":""success"",""percent-pos"":""success"",""time-pos"":""success"",""video-params"":""success"",""vo-configured"":""success""}"	true	playing	media-b8c9a5f04c	<media-path:3ba49b8978>	28100	4	true	"{""black_screen_risk_reason"":""null"",""blocked_media_count"":0,""consecutive_failures"":0,""current_index"":4,""current_item"":{""alias"":""media-b8c9a5f04c"",""duration_ms"":28100,""media_kind"":""motion_media"",""offset_ms"":0,""path_alias"":""<media-path:3ba49b8978>"",""started_at_present"":true},""last_poll_error"":""null"",""last_render_error"":""null"",""mpv_running"":true,""next_item"":{""alias"":""media-63e22e276f"",""duration_ms"":15100,""media_kind"":""motion_media"",""path_alias"":""<media-path:c406539999>""},""playback_state"":""playing"",""playlist_size"":5,""present"":true,""uptime_sec"":4229}"
26	33.946	2026-07-15T15:36:51+0000	success		2	<media-path:c406539999>	<media-path:c406539999>	motion_media	<filename:aaf3979e21>	0.8	15.069751	5.308648	false	false	false	24	v4l2request-copy	true	"{""aspect"":0.566038,""dh"":848,""dw"":480,""h"":848,""par"":1.0,""pixelformat"":""nv12"",""rotate"":0,""stereo-in"":""mono"",""w"":480}"	"{""duration"":""success"",""eof-reached"":""success"",""estimated-frame-number"":""success"",""filename"":""success"",""hwdec-current"":""success"",""idle-active"":""success"",""path"":""success"",""pause"":""success"",""percent-pos"":""success"",""time-pos"":""success"",""video-params"":""success"",""vo-configured"":""success""}"	true	preparing_first_frame	media-b8c9a5f04c	<media-path:3ba49b8978>	28100	4	true	"{""black_screen_risk_reason"":""null"",""blocked_media_count"":0,""consecutive_failures"":0,""current_index"":4,""current_item"":{""alias"":""media-b8c9a5f04c"",""duration_ms"":28100,""media_kind"":""motion_media"",""offset_ms"":0,""path_alias"":""<media-path:3ba49b8978>"",""started_at_present"":true},""last_poll_error"":""null"",""last_render_error"":""null"",""mpv_running"":true,""next_item"":{""alias"":""media-63e22e276f"",""duration_ms"":15100,""media_kind"":""motion_media"",""path_alias"":""<media-path:c406539999>""},""playback_state"":""preparing_first_frame"",""playlist_size"":5,""present"":true,""uptime_sec"":4234}"
27	34.951	2026-07-15T15:36:52+0000	success		2	<media-path:c406539999>	<media-path:c406539999>	motion_media	<filename:aaf3979e21>	1.8	15.069751	11.944458	false	false	false	54	v4l2request-copy	true	"{""aspect"":0.566038,""dh"":848,""dw"":480,""h"":848,""par"":1.0,""pixelformat"":""nv12"",""rotate"":0,""stereo-in"":""mono"",""w"":480}"	"{""duration"":""success"",""eof-reached"":""success"",""estimated-frame-number"":""success"",""filename"":""success"",""hwdec-current"":""success"",""idle-active"":""success"",""path"":""success"",""pause"":""success"",""percent-pos"":""success"",""time-pos"":""success"",""video-params"":""success"",""vo-configured"":""success""}"	true	preparing_first_frame	media-b8c9a5f04c	<media-path:3ba49b8978>	28100	4	true	"{""black_screen_risk_reason"":""null"",""blocked_media_count"":0,""consecutive_failures"":0,""current_index"":4,""current_item"":{""alias"":""media-b8c9a5f04c"",""duration_ms"":28100,""media_kind"":""motion_media"",""offset_ms"":0,""path_alias"":""<media-path:3ba49b8978>"",""started_at_present"":true},""last_poll_error"":""null"",""last_render_error"":""null"",""mpv_running"":true,""next_item"":{""alias"":""media-63e22e276f"",""duration_ms"":15100,""media_kind"":""motion_media"",""path_alias"":""<media-path:c406539999>""},""playback_state"":""preparing_first_frame"",""playlist_size"":5,""present"":true,""uptime_sec"":4234}"
28	35.955	2026-07-15T15:36:53+0000	success		3	<media-path:c406539999>	<media-path:c406539999>	motion_media	<filename:aaf3979e21>	2.8	15.069751	18.580268	false	false	false	84	v4l2request-copy	true	"{""aspect"":0.566038,""dh"":848,""dw"":480,""h"":848,""par"":1.0,""pixelformat"":""nv12"",""rotate"":0,""stereo-in"":""mono"",""w"":480}"	"{""duration"":""success"",""eof-reached"":""success"",""estimated-frame-number"":""success"",""filename"":""success"",""hwdec-current"":""success"",""idle-active"":""success"",""path"":""success"",""pause"":""success"",""percent-pos"":""success"",""time-pos"":""success"",""video-params"":""success"",""vo-configured"":""success""}"	true	preparing_first_frame	media-b8c9a5f04c	<media-path:3ba49b8978>	28100	4	true	"{""black_screen_risk_reason"":""null"",""blocked_media_count"":0,""consecutive_failures"":0,""current_index"":4,""current_item"":{""alias"":""media-b8c9a5f04c"",""duration_ms"":28100,""media_kind"":""motion_media"",""offset_ms"":0,""path_alias"":""<media-path:3ba49b8978>"",""started_at_present"":true},""last_poll_error"":""null"",""last_render_error"":""null"",""mpv_running"":true,""next_item"":{""alias"":""media-63e22e276f"",""duration_ms"":15100,""media_kind"":""motion_media"",""path_alias"":""<media-path:c406539999>""},""playback_state"":""preparing_first_frame"",""playlist_size"":5,""present"":true,""uptime_sec"":4234}"
29	36.962	2026-07-15T15:36:54+0000	success		11	<media-path:c406539999>	<media-path:c406539999>	motion_media	<filename:aaf3979e21>	3.8	15.069751	25.216078	false	false	false	114	v4l2request-copy	true	"{""aspect"":0.566038,""dh"":848,""dw"":480,""h"":848,""par"":1.0,""pixelformat"":""nv12"",""rotate"":0,""stereo-in"":""mono"",""w"":480}"	"{""duration"":""success"",""eof-reached"":""success"",""estimated-frame-number"":""success"",""filename"":""success"",""hwdec-current"":""success"",""idle-active"":""success"",""path"":""success"",""pause"":""success"",""percent-pos"":""success"",""time-pos"":""success"",""video-params"":""success"",""vo-configured"":""success""}"	true	preparing_first_frame	media-b8c9a5f04c	<media-path:3ba49b8978>	28100	4	true	"{""black_screen_risk_reason"":""null"",""blocked_media_count"":0,""consecutive_failures"":0,""current_index"":4,""current_item"":{""alias"":""media-b8c9a5f04c"",""duration_ms"":28100,""media_kind"":""motion_media"",""offset_ms"":0,""path_alias"":""<media-path:3ba49b8978>"",""started_at_present"":true},""last_poll_error"":""null"",""last_render_error"":""null"",""mpv_running"":true,""next_item"":{""alias"":""media-63e22e276f"",""duration_ms"":15100,""media_kind"":""motion_media"",""path_alias"":""<media-path:c406539999>""},""playback_state"":""preparing_first_frame"",""playlist_size"":5,""present"":true,""uptime_sec"":4234}"
30	37.975	2026-07-15T15:36:55+0000	success		2	<media-path:c406539999>	<media-path:c406539999>	motion_media	<filename:aaf3979e21>	4.8	15.069751	31.851888	false	false	false	144	v4l2request-copy	true	"{""aspect"":0.566038,""dh"":848,""dw"":480,""h"":848,""par"":1.0,""pixelformat"":""nv12"",""rotate"":0,""stereo-in"":""mono"",""w"":480}"	"{""duration"":""success"",""eof-reached"":""success"",""estimated-frame-number"":""success"",""filename"":""success"",""hwdec-current"":""success"",""idle-active"":""success"",""path"":""success"",""pause"":""success"",""percent-pos"":""success"",""time-pos"":""success"",""video-params"":""success"",""vo-configured"":""success""}"	true	preparing_first_frame	media-b8c9a5f04c	<media-path:3ba49b8978>	28100	4	true	"{""black_screen_risk_reason"":""null"",""blocked_media_count"":0,""consecutive_failures"":0,""current_index"":4,""current_item"":{""alias"":""media-b8c9a5f04c"",""duration_ms"":28100,""media_kind"":""motion_media"",""offset_ms"":0,""path_alias"":""<media-path:3ba49b8978>"",""started_at_present"":true},""last_poll_error"":""null"",""last_render_error"":""null"",""mpv_running"":true,""next_item"":{""alias"":""media-63e22e276f"",""duration_ms"":15100,""media_kind"":""motion_media"",""path_alias"":""<media-path:c406539999>""},""playback_state"":""preparing_first_frame"",""playlist_size"":5,""present"":true,""uptime_sec"":4234}"
31	38.980	2026-07-15T15:36:56+0000	success		2	<media-path:c406539999>	<media-path:c406539999>	motion_media	<filename:aaf3979e21>	5.833333	15.069751	38.708891	false	false	false	175	v4l2request-copy	true	"{""aspect"":0.566038,""dh"":848,""dw"":480,""h"":848,""par"":1.0,""pixelformat"":""nv12"",""rotate"":0,""stereo-in"":""mono"",""w"":480}"	"{""duration"":""success"",""eof-reached"":""success"",""estimated-frame-number"":""success"",""filename"":""success"",""hwdec-current"":""success"",""idle-active"":""success"",""path"":""success"",""pause"":""success"",""percent-pos"":""success"",""time-pos"":""success"",""video-params"":""success"",""vo-configured"":""success""}"	true	playing	media-63e22e276f	<media-path:c406539999>	15100	0	true	"{""black_screen_risk_reason"":""null"",""blocked_media_count"":0,""consecutive_failures"":0,""current_index"":0,""current_item"":{""alias"":""media-63e22e276f"",""duration_ms"":15100,""media_kind"":""motion_media"",""offset_ms"":0,""path_alias"":""<media-path:c406539999>"",""started_at_present"":true},""last_poll_error"":""null"",""last_render_error"":""null"",""mpv_running"":true,""next_item"":{""alias"":""media-b04db49d99"",""duration_ms"":15100,""media_kind"":""motion_media"",""path_alias"":""<media-path:2b030c3c41>""},""playback_state"":""playing"",""playlist_size"":5,""present"":true,""uptime_sec"":4239}"
32	39.985	2026-07-15T15:36:57+0000	success		2	<media-path:c406539999>	<media-path:c406539999>	motion_media	<filename:aaf3979e21>	6.833333	15.069751	45.344701	false	false	false	205	v4l2request-copy	true	"{""aspect"":0.566038,""dh"":848,""dw"":480,""h"":848,""par"":1.0,""pixelformat"":""nv12"",""rotate"":0,""stereo-in"":""mono"",""w"":480}"	"{""duration"":""success"",""eof-reached"":""success"",""estimated-frame-number"":""success"",""filename"":""success"",""hwdec-current"":""success"",""idle-active"":""success"",""path"":""success"",""pause"":""success"",""percent-pos"":""success"",""time-pos"":""success"",""video-params"":""success"",""vo-configured"":""success""}"	true	playing	media-63e22e276f	<media-path:c406539999>	15100	0	true	"{""black_screen_risk_reason"":""null"",""blocked_media_count"":0,""consecutive_failures"":0,""current_index"":0,""current_item"":{""alias"":""media-63e22e276f"",""duration_ms"":15100,""media_kind"":""motion_media"",""offset_ms"":0,""path_alias"":""<media-path:c406539999>"",""started_at_present"":true},""last_poll_error"":""null"",""last_render_error"":""null"",""mpv_running"":true,""next_item"":{""alias"":""media-b04db49d99"",""duration_ms"":15100,""media_kind"":""motion_media"",""path_alias"":""<media-path:2b030c3c41>""},""playback_state"":""playing"",""playlist_size"":5,""present"":true,""uptime_sec"":4239}"
33	40.990	2026-07-15T15:36:58+0000	success		2	<media-path:c406539999>	<media-path:c406539999>	motion_media	<filename:aaf3979e21>	7.833333	15.069751	51.980511	false	false	false	235	v4l2request-copy	true	"{""aspect"":0.566038,""dh"":848,""dw"":480,""h"":848,""par"":1.0,""pixelformat"":""nv12"",""rotate"":0,""stereo-in"":""mono"",""w"":480}"	"{""duration"":""success"",""eof-reached"":""success"",""estimated-frame-number"":""success"",""filename"":""success"",""hwdec-current"":""success"",""idle-active"":""success"",""path"":""success"",""pause"":""success"",""percent-pos"":""success"",""time-pos"":""success"",""video-params"":""success"",""vo-configured"":""success""}"	true	playing	media-63e22e276f	<media-path:c406539999>	15100	0	true	"{""black_screen_risk_reason"":""null"",""blocked_media_count"":0,""consecutive_failures"":0,""current_index"":0,""current_item"":{""alias"":""media-63e22e276f"",""duration_ms"":15100,""media_kind"":""motion_media"",""offset_ms"":0,""path_alias"":""<media-path:c406539999>"",""started_at_present"":true},""last_poll_error"":""null"",""last_render_error"":""null"",""mpv_running"":true,""next_item"":{""alias"":""media-b04db49d99"",""duration_ms"":15100,""media_kind"":""motion_media"",""path_alias"":""<media-path:2b030c3c41>""},""playback_state"":""playing"",""playlist_size"":5,""present"":true,""uptime_sec"":4239}"
34	41.994	2026-07-15T15:36:59+0000	success		12	<media-path:c406539999>	<media-path:c406539999>	motion_media	<filename:aaf3979e21>	8.833333	15.069751	58.616321	false	false	false	265	v4l2request-copy	true	"{""aspect"":0.566038,""dh"":848,""dw"":480,""h"":848,""par"":1.0,""pixelformat"":""nv12"",""rotate"":0,""stereo-in"":""mono"",""w"":480}"	"{""duration"":""success"",""eof-reached"":""success"",""estimated-frame-number"":""success"",""filename"":""success"",""hwdec-current"":""success"",""idle-active"":""success"",""path"":""success"",""pause"":""success"",""percent-pos"":""success"",""time-pos"":""success"",""video-params"":""success"",""vo-configured"":""success""}"	true	playing	media-63e22e276f	<media-path:c406539999>	15100	0	true	"{""black_screen_risk_reason"":""null"",""blocked_media_count"":0,""consecutive_failures"":0,""current_index"":0,""current_item"":{""alias"":""media-63e22e276f"",""duration_ms"":15100,""media_kind"":""motion_media"",""offset_ms"":0,""path_alias"":""<media-path:c406539999>"",""started_at_present"":true},""last_poll_error"":""null"",""last_render_error"":""null"",""mpv_running"":true,""next_item"":{""alias"":""media-b04db49d99"",""duration_ms"":15100,""media_kind"":""motion_media"",""path_alias"":""<media-path:2b030c3c41>""},""playback_state"":""playing"",""playlist_size"":5,""present"":true,""uptime_sec"":4239}"
35	43.008	2026-07-15T15:37:00+0000	success		2	<media-path:c406539999>	<media-path:c406539999>	motion_media	<filename:aaf3979e21>	9.833333	15.069751	65.252131	false	false	false	295	v4l2request-copy	true	"{""aspect"":0.566038,""dh"":848,""dw"":480,""h"":848,""par"":1.0,""pixelformat"":""nv12"",""rotate"":0,""stereo-in"":""mono"",""w"":480}"	"{""duration"":""success"",""eof-reached"":""success"",""estimated-frame-number"":""success"",""filename"":""success"",""hwdec-current"":""success"",""idle-active"":""success"",""path"":""success"",""pause"":""success"",""percent-pos"":""success"",""time-pos"":""success"",""video-params"":""success"",""vo-configured"":""success""}"	true	playing	media-63e22e276f	<media-path:c406539999>	15100	0	true	"{""black_screen_risk_reason"":""null"",""blocked_media_count"":0,""consecutive_failures"":0,""current_index"":0,""current_item"":{""alias"":""media-63e22e276f"",""duration_ms"":15100,""media_kind"":""motion_media"",""offset_ms"":0,""path_alias"":""<media-path:c406539999>"",""started_at_present"":true},""last_poll_error"":""null"",""last_render_error"":""null"",""mpv_running"":true,""next_item"":{""alias"":""media-b04db49d99"",""duration_ms"":15100,""media_kind"":""motion_media"",""path_alias"":""<media-path:2b030c3c41>""},""playback_state"":""playing"",""playlist_size"":5,""present"":true,""uptime_sec"":4239}"
36	44.013	2026-07-15T15:37:01+0000	success		2	<media-path:c406539999>	<media-path:c406539999>	motion_media	<filename:aaf3979e21>	10.866667	15.069751	72.109134	false	false	false	326	v4l2request-copy	true	"{""aspect"":0.566038,""dh"":848,""dw"":480,""h"":848,""par"":1.0,""pixelformat"":""nv12"",""rotate"":0,""stereo-in"":""mono"",""w"":480}"	"{""duration"":""success"",""eof-reached"":""success"",""estimated-frame-number"":""success"",""filename"":""success"",""hwdec-current"":""success"",""idle-active"":""success"",""path"":""success"",""pause"":""success"",""percent-pos"":""success"",""time-pos"":""success"",""video-params"":""success"",""vo-configured"":""success""}"	true	playing	media-63e22e276f	<media-path:c406539999>	15100	0	true	"{""black_screen_risk_reason"":""null"",""blocked_media_count"":0,""consecutive_failures"":0,""current_index"":0,""current_item"":{""alias"":""media-63e22e276f"",""duration_ms"":15100,""media_kind"":""motion_media"",""offset_ms"":0,""path_alias"":""<media-path:c406539999>"",""started_at_present"":true},""last_poll_error"":""null"",""last_render_error"":""null"",""mpv_running"":true,""next_item"":{""alias"":""media-b04db49d99"",""duration_ms"":15100,""media_kind"":""motion_media"",""path_alias"":""<media-path:2b030c3c41>""},""playback_state"":""playing"",""playlist_size"":5,""present"":true,""uptime_sec"":4244}"
37	45.018	2026-07-15T15:37:02+0000	success		2	<media-path:c406539999>	<media-path:c406539999>	motion_media	<filename:aaf3979e21>	11.866667	15.069751	78.744944	false	false	false	356	v4l2request-copy	true	"{""aspect"":0.566038,""dh"":848,""dw"":480,""h"":848,""par"":1.0,""pixelformat"":""nv12"",""rotate"":0,""stereo-in"":""mono"",""w"":480}"	"{""duration"":""success"",""eof-reached"":""success"",""estimated-frame-number"":""success"",""filename"":""success"",""hwdec-current"":""success"",""idle-active"":""success"",""path"":""success"",""pause"":""success"",""percent-pos"":""success"",""time-pos"":""success"",""video-params"":""success"",""vo-configured"":""success""}"	true	playing	media-63e22e276f	<media-path:c406539999>	15100	0	true	"{""black_screen_risk_reason"":""null"",""blocked_media_count"":0,""consecutive_failures"":0,""current_index"":0,""current_item"":{""alias"":""media-63e22e276f"",""duration_ms"":15100,""media_kind"":""motion_media"",""offset_ms"":0,""path_alias"":""<media-path:c406539999>"",""started_at_present"":true},""last_poll_error"":""null"",""last_render_error"":""null"",""mpv_running"":true,""next_item"":{""alias"":""media-b04db49d99"",""duration_ms"":15100,""media_kind"":""motion_media"",""path_alias"":""<media-path:2b030c3c41>""},""playback_state"":""playing"",""playlist_size"":5,""present"":true,""uptime_sec"":4244}"
38	46.022	2026-07-15T15:37:03+0000	success		2	<media-path:c406539999>	<media-path:c406539999>	motion_media	<filename:aaf3979e21>	12.866667	15.069751	85.380754	false	false	false	386	v4l2request-copy	true	"{""aspect"":0.566038,""dh"":848,""dw"":480,""h"":848,""par"":1.0,""pixelformat"":""nv12"",""rotate"":0,""stereo-in"":""mono"",""w"":480}"	"{""duration"":""success"",""eof-reached"":""success"",""estimated-frame-number"":""success"",""filename"":""success"",""hwdec-current"":""success"",""idle-active"":""success"",""path"":""success"",""pause"":""success"",""percent-pos"":""success"",""time-pos"":""success"",""video-params"":""success"",""vo-configured"":""success""}"	true	playing	media-63e22e276f	<media-path:c406539999>	15100	0	true	"{""black_screen_risk_reason"":""null"",""blocked_media_count"":0,""consecutive_failures"":0,""current_index"":0,""current_item"":{""alias"":""media-63e22e276f"",""duration_ms"":15100,""media_kind"":""motion_media"",""offset_ms"":0,""path_alias"":""<media-path:c406539999>"",""started_at_present"":true},""last_poll_error"":""null"",""last_render_error"":""null"",""mpv_running"":true,""next_item"":{""alias"":""media-b04db49d99"",""duration_ms"":15100,""media_kind"":""motion_media"",""path_alias"":""<media-path:2b030c3c41>""},""playback_state"":""playing"",""playlist_size"":5,""present"":true,""uptime_sec"":4244}"
39	47.027	2026-07-15T15:37:04+0000	success		13	<media-path:c406539999>	<media-path:c406539999>	motion_media	<filename:aaf3979e21>	13.866667	15.069751	92.016564	false	false	false	416	v4l2request-copy	true	"{""aspect"":0.566038,""dh"":848,""dw"":480,""h"":848,""par"":1.0,""pixelformat"":""nv12"",""rotate"":0,""stereo-in"":""mono"",""w"":480}"	"{""duration"":""success"",""eof-reached"":""success"",""estimated-frame-number"":""success"",""filename"":""success"",""hwdec-current"":""success"",""idle-active"":""success"",""path"":""success"",""pause"":""success"",""percent-pos"":""success"",""time-pos"":""success"",""video-params"":""success"",""vo-configured"":""success""}"	true	playing	media-63e22e276f	<media-path:c406539999>	15100	0	true	"{""black_screen_risk_reason"":""null"",""blocked_media_count"":0,""consecutive_failures"":0,""current_index"":0,""current_item"":{""alias"":""media-63e22e276f"",""duration_ms"":15100,""media_kind"":""motion_media"",""offset_ms"":0,""path_alias"":""<media-path:c406539999>"",""started_at_present"":true},""last_poll_error"":""null"",""last_render_error"":""null"",""mpv_running"":true,""next_item"":{""alias"":""media-b04db49d99"",""duration_ms"":15100,""media_kind"":""motion_media"",""path_alias"":""<media-path:2b030c3c41>""},""playback_state"":""playing"",""playlist_size"":5,""present"":true,""uptime_sec"":4244}"
40	48.044	2026-07-15T15:37:05+0000	success		2	<media-path:c406539999>	<media-path:c406539999>	motion_media	<filename:aaf3979e21>	14.9	15.069751	98.873568	false	false	false	447	v4l2request-copy	true	"{""aspect"":0.566038,""dh"":848,""dw"":480,""h"":848,""par"":1.0,""pixelformat"":""nv12"",""rotate"":0,""stereo-in"":""mono"",""w"":480}"	"{""duration"":""success"",""eof-reached"":""success"",""estimated-frame-number"":""success"",""filename"":""success"",""hwdec-current"":""success"",""idle-active"":""success"",""path"":""success"",""pause"":""success"",""percent-pos"":""success"",""time-pos"":""success"",""video-params"":""success"",""vo-configured"":""success""}"	true	playing	media-63e22e276f	<media-path:c406539999>	15100	0	true	"{""black_screen_risk_reason"":""null"",""blocked_media_count"":0,""consecutive_failures"":0,""current_index"":0,""current_item"":{""alias"":""media-63e22e276f"",""duration_ms"":15100,""media_kind"":""motion_media"",""offset_ms"":0,""path_alias"":""<media-path:c406539999>"",""started_at_present"":true},""last_poll_error"":""null"",""last_render_error"":""null"",""mpv_running"":true,""next_item"":{""alias"":""media-b04db49d99"",""duration_ms"":15100,""media_kind"":""motion_media"",""path_alias"":""<media-path:2b030c3c41>""},""playback_state"":""playing"",""playlist_size"":5,""present"":true,""uptime_sec"":4244}"
41	49.049	2026-07-15T15:37:06+0000	success		2	<media-path:2b030c3c41>	<media-path:2b030c3c41>	motion_media	<filename:c617160627>	0.5	15.1	3.311258	false	false	false	15	v4l2request-copy	true	"{""aspect"":0.566038,""dh"":848,""dw"":480,""h"":848,""par"":1.0,""pixelformat"":""nv12"",""rotate"":0,""stereo-in"":""mono"",""w"":480}"	"{""duration"":""success"",""eof-reached"":""success"",""estimated-frame-number"":""success"",""filename"":""success"",""hwdec-current"":""success"",""idle-active"":""success"",""path"":""success"",""pause"":""success"",""percent-pos"":""success"",""time-pos"":""success"",""video-params"":""success"",""vo-configured"":""success""}"	true	playing	media-63e22e276f	<media-path:c406539999>	15100	0	true	"{""black_screen_risk_reason"":""null"",""blocked_media_count"":0,""consecutive_failures"":0,""current_index"":0,""current_item"":{""alias"":""media-63e22e276f"",""duration_ms"":15100,""media_kind"":""motion_media"",""offset_ms"":0,""path_alias"":""<media-path:c406539999>"",""started_at_present"":true},""last_poll_error"":""null"",""last_render_error"":""null"",""mpv_running"":true,""next_item"":{""alias"":""media-b04db49d99"",""duration_ms"":15100,""media_kind"":""motion_media"",""path_alias"":""<media-path:2b030c3c41>""},""playback_state"":""playing"",""playlist_size"":5,""present"":true,""uptime_sec"":4249}"
42	50.053	2026-07-15T15:37:07+0000	success		2	<media-path:2b030c3c41>	<media-path:2b030c3c41>	motion_media	<filename:c617160627>	1.5	15.1	9.933775	false	false	false	45	v4l2request-copy	true	"{""aspect"":0.566038,""dh"":848,""dw"":480,""h"":848,""par"":1.0,""pixelformat"":""nv12"",""rotate"":0,""stereo-in"":""mono"",""w"":480}"	"{""duration"":""success"",""eof-reached"":""success"",""estimated-frame-number"":""success"",""filename"":""success"",""hwdec-current"":""success"",""idle-active"":""success"",""path"":""success"",""pause"":""success"",""percent-pos"":""success"",""time-pos"":""success"",""video-params"":""success"",""vo-configured"":""success""}"	true	playing	media-63e22e276f	<media-path:c406539999>	15100	0	true	"{""black_screen_risk_reason"":""null"",""blocked_media_count"":0,""consecutive_failures"":0,""current_index"":0,""current_item"":{""alias"":""media-63e22e276f"",""duration_ms"":15100,""media_kind"":""motion_media"",""offset_ms"":0,""path_alias"":""<media-path:c406539999>"",""started_at_present"":true},""last_poll_error"":""null"",""last_render_error"":""null"",""mpv_running"":true,""next_item"":{""alias"":""media-b04db49d99"",""duration_ms"":15100,""media_kind"":""motion_media"",""path_alias"":""<media-path:2b030c3c41>""},""playback_state"":""playing"",""playlist_size"":5,""present"":true,""uptime_sec"":4249}"
43	51.058	2026-07-15T15:37:08+0000	success		2	<media-path:2b030c3c41>	<media-path:2b030c3c41>	motion_media	<filename:c617160627>	2.5	15.1	16.556291	false	false	false	75	v4l2request-copy	true	"{""aspect"":0.566038,""dh"":848,""dw"":480,""h"":848,""par"":1.0,""pixelformat"":""nv12"",""rotate"":0,""stereo-in"":""mono"",""w"":480}"	"{""duration"":""success"",""eof-reached"":""success"",""estimated-frame-number"":""success"",""filename"":""success"",""hwdec-current"":""success"",""idle-active"":""success"",""path"":""success"",""pause"":""success"",""percent-pos"":""success"",""time-pos"":""success"",""video-params"":""success"",""vo-configured"":""success""}"	true	playing	media-63e22e276f	<media-path:c406539999>	15100	0	true	"{""black_screen_risk_reason"":""null"",""blocked_media_count"":0,""consecutive_failures"":0,""current_index"":0,""current_item"":{""alias"":""media-63e22e276f"",""duration_ms"":15100,""media_kind"":""motion_media"",""offset_ms"":0,""path_alias"":""<media-path:c406539999>"",""started_at_present"":true},""last_poll_error"":""null"",""last_render_error"":""null"",""mpv_running"":true,""next_item"":{""alias"":""media-b04db49d99"",""duration_ms"":15100,""media_kind"":""motion_media"",""path_alias"":""<media-path:2b030c3c41>""},""playback_state"":""playing"",""playlist_size"":5,""present"":true,""uptime_sec"":4249}"
44	52.063	2026-07-15T15:37:09+0000	success		9	<media-path:2b030c3c41>	<media-path:2b030c3c41>	motion_media	<filename:c617160627>	3.5	15.1	23.178808	false	false	false	105	v4l2request-copy	true	"{""aspect"":0.566038,""dh"":848,""dw"":480,""h"":848,""par"":1.0,""pixelformat"":""nv12"",""rotate"":0,""stereo-in"":""mono"",""w"":480}"	"{""duration"":""success"",""eof-reached"":""success"",""estimated-frame-number"":""success"",""filename"":""success"",""hwdec-current"":""success"",""idle-active"":""success"",""path"":""success"",""pause"":""success"",""percent-pos"":""success"",""time-pos"":""success"",""video-params"":""success"",""vo-configured"":""success""}"	true	playing	media-63e22e276f	<media-path:c406539999>	15100	0	true	"{""black_screen_risk_reason"":""null"",""blocked_media_count"":0,""consecutive_failures"":0,""current_index"":0,""current_item"":{""alias"":""media-63e22e276f"",""duration_ms"":15100,""media_kind"":""motion_media"",""offset_ms"":0,""path_alias"":""<media-path:c406539999>"",""started_at_present"":true},""last_poll_error"":""null"",""last_render_error"":""null"",""mpv_running"":true,""next_item"":{""alias"":""media-b04db49d99"",""duration_ms"":15100,""media_kind"":""motion_media"",""path_alias"":""<media-path:2b030c3c41>""},""playback_state"":""playing"",""playlist_size"":5,""present"":true,""uptime_sec"":4249}"
45	53.075	2026-07-15T15:37:10+0000	success		2	<media-path:2b030c3c41>	<media-path:2b030c3c41>	motion_media	<filename:c617160627>	4.5	15.1	29.801325	false	false	false	135	v4l2request-copy	true	"{""aspect"":0.566038,""dh"":848,""dw"":480,""h"":848,""par"":1.0,""pixelformat"":""nv12"",""rotate"":0,""stereo-in"":""mono"",""w"":480}"	"{""duration"":""success"",""eof-reached"":""success"",""estimated-frame-number"":""success"",""filename"":""success"",""hwdec-current"":""success"",""idle-active"":""success"",""path"":""success"",""pause"":""success"",""percent-pos"":""success"",""time-pos"":""success"",""video-params"":""success"",""vo-configured"":""success""}"	true	playing	media-63e22e276f	<media-path:c406539999>	15100	0	true	"{""black_screen_risk_reason"":""null"",""blocked_media_count"":0,""consecutive_failures"":0,""current_index"":0,""current_item"":{""alias"":""media-63e22e276f"",""duration_ms"":15100,""media_kind"":""motion_media"",""offset_ms"":0,""path_alias"":""<media-path:c406539999>"",""started_at_present"":true},""last_poll_error"":""null"",""last_render_error"":""null"",""mpv_running"":true,""next_item"":{""alias"":""media-b04db49d99"",""duration_ms"":15100,""media_kind"":""motion_media"",""path_alias"":""<media-path:2b030c3c41>""},""playback_state"":""playing"",""playlist_size"":5,""present"":true,""uptime_sec"":4249}"
46	54.079	2026-07-15T15:37:11+0000	success		2	<media-path:2b030c3c41>	<media-path:2b030c3c41>	motion_media	<filename:c617160627>	5.533333	15.1	36.644592	false	false	false	166	v4l2request-copy	true	"{""aspect"":0.566038,""dh"":848,""dw"":480,""h"":848,""par"":1.0,""pixelformat"":""nv12"",""rotate"":0,""stereo-in"":""mono"",""w"":480}"	"{""duration"":""success"",""eof-reached"":""success"",""estimated-frame-number"":""success"",""filename"":""success"",""hwdec-current"":""success"",""idle-active"":""success"",""path"":""success"",""pause"":""success"",""percent-pos"":""success"",""time-pos"":""success"",""video-params"":""success"",""vo-configured"":""success""}"	true	playing	media-b04db49d99	<media-path:2b030c3c41>	15100	1	true	"{""black_screen_risk_reason"":""null"",""blocked_media_count"":0,""consecutive_failures"":0,""current_index"":1,""current_item"":{""alias"":""media-b04db49d99"",""duration_ms"":15100,""media_kind"":""motion_media"",""offset_ms"":0,""path_alias"":""<media-path:2b030c3c41>"",""started_at_present"":true},""last_poll_error"":""null"",""last_render_error"":""null"",""mpv_running"":true,""next_item"":{""alias"":""media-8ffdc1f445"",""duration_ms"":14000,""media_kind"":""motion_media"",""path_alias"":""<media-path:fee4d36eb4>""},""playback_state"":""playing"",""playlist_size"":5,""present"":true,""uptime_sec"":4254}"
47	55.084	2026-07-15T15:37:12+0000	success		2	<media-path:2b030c3c41>	<media-path:2b030c3c41>	motion_media	<filename:c617160627>	6.533333	15.1	43.267108	false	false	false	196	v4l2request-copy	true	"{""aspect"":0.566038,""dh"":848,""dw"":480,""h"":848,""par"":1.0,""pixelformat"":""nv12"",""rotate"":0,""stereo-in"":""mono"",""w"":480}"	"{""duration"":""success"",""eof-reached"":""success"",""estimated-frame-number"":""success"",""filename"":""success"",""hwdec-current"":""success"",""idle-active"":""success"",""path"":""success"",""pause"":""success"",""percent-pos"":""success"",""time-pos"":""success"",""video-params"":""success"",""vo-configured"":""success""}"	true	playing	media-b04db49d99	<media-path:2b030c3c41>	15100	1	true	"{""black_screen_risk_reason"":""null"",""blocked_media_count"":0,""consecutive_failures"":0,""current_index"":1,""current_item"":{""alias"":""media-b04db49d99"",""duration_ms"":15100,""media_kind"":""motion_media"",""offset_ms"":0,""path_alias"":""<media-path:2b030c3c41>"",""started_at_present"":true},""last_poll_error"":""null"",""last_render_error"":""null"",""mpv_running"":true,""next_item"":{""alias"":""media-8ffdc1f445"",""duration_ms"":14000,""media_kind"":""motion_media"",""path_alias"":""<media-path:fee4d36eb4>""},""playback_state"":""playing"",""playlist_size"":5,""present"":true,""uptime_sec"":4254}"
48	56.089	2026-07-15T15:37:13+0000	success		3	<media-path:2b030c3c41>	<media-path:2b030c3c41>	motion_media	<filename:c617160627>	7.533333	15.1	49.889625	false	false	false	226	v4l2request-copy	true	"{""aspect"":0.566038,""dh"":848,""dw"":480,""h"":848,""par"":1.0,""pixelformat"":""nv12"",""rotate"":0,""stereo-in"":""mono"",""w"":480}"	"{""duration"":""success"",""eof-reached"":""success"",""estimated-frame-number"":""success"",""filename"":""success"",""hwdec-current"":""success"",""idle-active"":""success"",""path"":""success"",""pause"":""success"",""percent-pos"":""success"",""time-pos"":""success"",""video-params"":""success"",""vo-configured"":""success""}"	true	playing	media-b04db49d99	<media-path:2b030c3c41>	15100	1	true	"{""black_screen_risk_reason"":""null"",""blocked_media_count"":0,""consecutive_failures"":0,""current_index"":1,""current_item"":{""alias"":""media-b04db49d99"",""duration_ms"":15100,""media_kind"":""motion_media"",""offset_ms"":0,""path_alias"":""<media-path:2b030c3c41>"",""started_at_present"":true},""last_poll_error"":""null"",""last_render_error"":""null"",""mpv_running"":true,""next_item"":{""alias"":""media-8ffdc1f445"",""duration_ms"":14000,""media_kind"":""motion_media"",""path_alias"":""<media-path:fee4d36eb4>""},""playback_state"":""playing"",""playlist_size"":5,""present"":true,""uptime_sec"":4254}"
49	57.096	2026-07-15T15:37:14+0000	success		9	<media-path:2b030c3c41>	<media-path:2b030c3c41>	motion_media	<filename:c617160627>	8.533333	15.1	56.512141	false	false	false	256	v4l2request-copy	true	"{""aspect"":0.566038,""dh"":848,""dw"":480,""h"":848,""par"":1.0,""pixelformat"":""nv12"",""rotate"":0,""stereo-in"":""mono"",""w"":480}"	"{""duration"":""success"",""eof-reached"":""success"",""estimated-frame-number"":""success"",""filename"":""success"",""hwdec-current"":""success"",""idle-active"":""success"",""path"":""success"",""pause"":""success"",""percent-pos"":""success"",""time-pos"":""success"",""video-params"":""success"",""vo-configured"":""success""}"	true	playing	media-b04db49d99	<media-path:2b030c3c41>	15100	1	true	"{""black_screen_risk_reason"":""null"",""blocked_media_count"":0,""consecutive_failures"":0,""current_index"":1,""current_item"":{""alias"":""media-b04db49d99"",""duration_ms"":15100,""media_kind"":""motion_media"",""offset_ms"":0,""path_alias"":""<media-path:2b030c3c41>"",""started_at_present"":true},""last_poll_error"":""null"",""last_render_error"":""null"",""mpv_running"":true,""next_item"":{""alias"":""media-8ffdc1f445"",""duration_ms"":14000,""media_kind"":""motion_media"",""path_alias"":""<media-path:fee4d36eb4>""},""playback_state"":""playing"",""playlist_size"":5,""present"":true,""uptime_sec"":4254}"
50	58.108	2026-07-15T15:37:15+0000	success		2	<media-path:2b030c3c41>	<media-path:2b030c3c41>	motion_media	<filename:c617160627>	9.533333	15.1	63.134658	false	false	false	286	v4l2request-copy	true	"{""aspect"":0.566038,""dh"":848,""dw"":480,""h"":848,""par"":1.0,""pixelformat"":""nv12"",""rotate"":0,""stereo-in"":""mono"",""w"":480}"	"{""duration"":""success"",""eof-reached"":""success"",""estimated-frame-number"":""success"",""filename"":""success"",""hwdec-current"":""success"",""idle-active"":""success"",""path"":""success"",""pause"":""success"",""percent-pos"":""success"",""time-pos"":""success"",""video-params"":""success"",""vo-configured"":""success""}"	true	playing	media-b04db49d99	<media-path:2b030c3c41>	15100	1	true	"{""black_screen_risk_reason"":""null"",""blocked_media_count"":0,""consecutive_failures"":0,""current_index"":1,""current_item"":{""alias"":""media-b04db49d99"",""duration_ms"":15100,""media_kind"":""motion_media"",""offset_ms"":0,""path_alias"":""<media-path:2b030c3c41>"",""started_at_present"":true},""last_poll_error"":""null"",""last_render_error"":""null"",""mpv_running"":true,""next_item"":{""alias"":""media-8ffdc1f445"",""duration_ms"":14000,""media_kind"":""motion_media"",""path_alias"":""<media-path:fee4d36eb4>""},""playback_state"":""playing"",""playlist_size"":5,""present"":true,""uptime_sec"":4254}"
51	59.113	2026-07-15T15:37:16+0000	success		2	<media-path:2b030c3c41>	<media-path:2b030c3c41>	motion_media	<filename:c617160627>	10.566667	15.1	69.977925	false	false	false	317	v4l2request-copy	true	"{""aspect"":0.566038,""dh"":848,""dw"":480,""h"":848,""par"":1.0,""pixelformat"":""nv12"",""rotate"":0,""stereo-in"":""mono"",""w"":480}"	"{""duration"":""success"",""eof-reached"":""success"",""estimated-frame-number"":""success"",""filename"":""success"",""hwdec-current"":""success"",""idle-active"":""success"",""path"":""success"",""pause"":""success"",""percent-pos"":""success"",""time-pos"":""success"",""video-params"":""success"",""vo-configured"":""success""}"	true	playing	media-b04db49d99	<media-path:2b030c3c41>	15100	1	true	"{""black_screen_risk_reason"":""null"",""blocked_media_count"":0,""consecutive_failures"":0,""current_index"":1,""current_item"":{""alias"":""media-b04db49d99"",""duration_ms"":15100,""media_kind"":""motion_media"",""offset_ms"":0,""path_alias"":""<media-path:2b030c3c41>"",""started_at_present"":true},""last_poll_error"":""null"",""last_render_error"":""null"",""mpv_running"":true,""next_item"":{""alias"":""media-8ffdc1f445"",""duration_ms"":14000,""media_kind"":""motion_media"",""path_alias"":""<media-path:fee4d36eb4>""},""playback_state"":""playing"",""playlist_size"":5,""present"":true,""uptime_sec"":4259}"
52	60.118	2026-07-15T15:37:17+0000	success		3	<media-path:2b030c3c41>	<media-path:2b030c3c41>	motion_media	<filename:c617160627>	11.566667	15.1	76.600442	false	false	false	347	v4l2request-copy	true	"{""aspect"":0.566038,""dh"":848,""dw"":480,""h"":848,""par"":1.0,""pixelformat"":""nv12"",""rotate"":0,""stereo-in"":""mono"",""w"":480}"	"{""duration"":""success"",""eof-reached"":""success"",""estimated-frame-number"":""success"",""filename"":""success"",""hwdec-current"":""success"",""idle-active"":""success"",""path"":""success"",""pause"":""success"",""percent-pos"":""success"",""time-pos"":""success"",""video-params"":""success"",""vo-configured"":""success""}"	true	playing	media-b04db49d99	<media-path:2b030c3c41>	15100	1	true	"{""black_screen_risk_reason"":""null"",""blocked_media_count"":0,""consecutive_failures"":0,""current_index"":1,""current_item"":{""alias"":""media-b04db49d99"",""duration_ms"":15100,""media_kind"":""motion_media"",""offset_ms"":0,""path_alias"":""<media-path:2b030c3c41>"",""started_at_present"":true},""last_poll_error"":""null"",""last_render_error"":""null"",""mpv_running"":true,""next_item"":{""alias"":""media-8ffdc1f445"",""duration_ms"":14000,""media_kind"":""motion_media"",""path_alias"":""<media-path:fee4d36eb4>""},""playback_state"":""playing"",""playlist_size"":5,""present"":true,""uptime_sec"":4259}"
53	61.124	2026-07-15T15:37:18+0000	success		2	<media-path:2b030c3c41>	<media-path:2b030c3c41>	motion_media	<filename:c617160627>	12.566667	15.1	83.222958	false	false	false	377	v4l2request-copy	true	"{""aspect"":0.566038,""dh"":848,""dw"":480,""h"":848,""par"":1.0,""pixelformat"":""nv12"",""rotate"":0,""stereo-in"":""mono"",""w"":480}"	"{""duration"":""success"",""eof-reached"":""success"",""estimated-frame-number"":""success"",""filename"":""success"",""hwdec-current"":""success"",""idle-active"":""success"",""path"":""success"",""pause"":""success"",""percent-pos"":""success"",""time-pos"":""success"",""video-params"":""success"",""vo-configured"":""success""}"	true	playing	media-b04db49d99	<media-path:2b030c3c41>	15100	1	true	"{""black_screen_risk_reason"":""null"",""blocked_media_count"":0,""consecutive_failures"":0,""current_index"":1,""current_item"":{""alias"":""media-b04db49d99"",""duration_ms"":15100,""media_kind"":""motion_media"",""offset_ms"":0,""path_alias"":""<media-path:2b030c3c41>"",""started_at_present"":true},""last_poll_error"":""null"",""last_render_error"":""null"",""mpv_running"":true,""next_item"":{""alias"":""media-8ffdc1f445"",""duration_ms"":14000,""media_kind"":""motion_media"",""path_alias"":""<media-path:fee4d36eb4>""},""playback_state"":""playing"",""playlist_size"":5,""present"":true,""uptime_sec"":4259}"
54	62.129	2026-07-15T15:37:19+0000	success		9	<media-path:2b030c3c41>	<media-path:2b030c3c41>	motion_media	<filename:c617160627>	13.566667	15.1	89.845475	false	false	false	407	v4l2request-copy	true	"{""aspect"":0.566038,""dh"":848,""dw"":480,""h"":848,""par"":1.0,""pixelformat"":""nv12"",""rotate"":0,""stereo-in"":""mono"",""w"":480}"	"{""duration"":""success"",""eof-reached"":""success"",""estimated-frame-number"":""success"",""filename"":""success"",""hwdec-current"":""success"",""idle-active"":""success"",""path"":""success"",""pause"":""success"",""percent-pos"":""success"",""time-pos"":""success"",""video-params"":""success"",""vo-configured"":""success""}"	true	playing	media-b04db49d99	<media-path:2b030c3c41>	15100	1	true	"{""black_screen_risk_reason"":""null"",""blocked_media_count"":0,""consecutive_failures"":0,""current_index"":1,""current_item"":{""alias"":""media-b04db49d99"",""duration_ms"":15100,""media_kind"":""motion_media"",""offset_ms"":0,""path_alias"":""<media-path:2b030c3c41>"",""started_at_present"":true},""last_poll_error"":""null"",""last_render_error"":""null"",""mpv_running"":true,""next_item"":{""alias"":""media-8ffdc1f445"",""duration_ms"":14000,""media_kind"":""motion_media"",""path_alias"":""<media-path:fee4d36eb4>""},""playback_state"":""playing"",""playlist_size"":5,""present"":true,""uptime_sec"":4259}"
55	63.141	2026-07-15T15:37:20+0000	success		2	<media-path:2b030c3c41>	<media-path:2b030c3c41>	motion_media	<filename:c617160627>	14.566667	15.1	96.467991	false	false	false	437	v4l2request-copy	true	"{""aspect"":0.566038,""dh"":848,""dw"":480,""h"":848,""par"":1.0,""pixelformat"":""nv12"",""rotate"":0,""stereo-in"":""mono"",""w"":480}"	"{""duration"":""success"",""eof-reached"":""success"",""estimated-frame-number"":""success"",""filename"":""success"",""hwdec-current"":""success"",""idle-active"":""success"",""path"":""success"",""pause"":""success"",""percent-pos"":""success"",""time-pos"":""success"",""video-params"":""success"",""vo-configured"":""success""}"	true	playing	media-b04db49d99	<media-path:2b030c3c41>	15100	1	true	"{""black_screen_risk_reason"":""null"",""blocked_media_count"":0,""consecutive_failures"":0,""current_index"":1,""current_item"":{""alias"":""media-b04db49d99"",""duration_ms"":15100,""media_kind"":""motion_media"",""offset_ms"":0,""path_alias"":""<media-path:2b030c3c41>"",""started_at_present"":true},""last_poll_error"":""null"",""last_render_error"":""null"",""mpv_running"":true,""next_item"":{""alias"":""media-8ffdc1f445"",""duration_ms"":14000,""media_kind"":""motion_media"",""path_alias"":""<media-path:fee4d36eb4>""},""playback_state"":""playing"",""playlist_size"":5,""present"":true,""uptime_sec"":4259}"
56	64.146	2026-07-15T15:37:21+0000	success		2	<media-path:fee4d36eb4>	<media-path:fee4d36eb4>	motion_media	<filename:8ba6df5956>	0.2	14	1.428571	false	false	false	6	v4l2request-copy	true	"{""aspect"":0.557692,""dh"":832,""dw"":464,""h"":832,""par"":1.0,""pixelformat"":""nv12"",""rotate"":0,""stereo-in"":""mono"",""w"":464}"	"{""duration"":""success"",""eof-reached"":""success"",""estimated-frame-number"":""success"",""filename"":""success"",""hwdec-current"":""success"",""idle-active"":""success"",""path"":""success"",""pause"":""success"",""percent-pos"":""success"",""time-pos"":""success"",""video-params"":""success"",""vo-configured"":""success""}"	true	playing	media-b04db49d99	<media-path:2b030c3c41>	15100	1	true	"{""black_screen_risk_reason"":""null"",""blocked_media_count"":0,""consecutive_failures"":0,""current_index"":1,""current_item"":{""alias"":""media-b04db49d99"",""duration_ms"":15100,""media_kind"":""motion_media"",""offset_ms"":0,""path_alias"":""<media-path:2b030c3c41>"",""started_at_present"":true},""last_poll_error"":""null"",""last_render_error"":""null"",""mpv_running"":true,""next_item"":{""alias"":""media-8ffdc1f445"",""duration_ms"":14000,""media_kind"":""motion_media"",""path_alias"":""<media-path:fee4d36eb4>""},""playback_state"":""playing"",""playlist_size"":5,""present"":true,""uptime_sec"":4264}"
57	65.150	2026-07-15T15:37:22+0000	success		3	<media-path:fee4d36eb4>	<media-path:fee4d36eb4>	motion_media	<filename:8ba6df5956>	1.2	14	8.571429	false	false	false	36	v4l2request-copy	true	"{""aspect"":0.557692,""dh"":832,""dw"":464,""h"":832,""par"":1.0,""pixelformat"":""nv12"",""rotate"":0,""stereo-in"":""mono"",""w"":464}"	"{""duration"":""success"",""eof-reached"":""success"",""estimated-frame-number"":""success"",""filename"":""success"",""hwdec-current"":""success"",""idle-active"":""success"",""path"":""success"",""pause"":""success"",""percent-pos"":""success"",""time-pos"":""success"",""video-params"":""success"",""vo-configured"":""success""}"	true	playing	media-b04db49d99	<media-path:2b030c3c41>	15100	1	true	"{""black_screen_risk_reason"":""null"",""blocked_media_count"":0,""consecutive_failures"":0,""current_index"":1,""current_item"":{""alias"":""media-b04db49d99"",""duration_ms"":15100,""media_kind"":""motion_media"",""offset_ms"":0,""path_alias"":""<media-path:2b030c3c41>"",""started_at_present"":true},""last_poll_error"":""null"",""last_render_error"":""null"",""mpv_running"":true,""next_item"":{""alias"":""media-8ffdc1f445"",""duration_ms"":14000,""media_kind"":""motion_media"",""path_alias"":""<media-path:fee4d36eb4>""},""playback_state"":""playing"",""playlist_size"":5,""present"":true,""uptime_sec"":4264}"
58	66.158	2026-07-15T15:37:23+0000	success		8	<media-path:fee4d36eb4>	<media-path:fee4d36eb4>	motion_media	<filename:8ba6df5956>	2.2	14	15.714286	false	false	false	66	v4l2request-copy	true	"{""aspect"":0.557692,""dh"":832,""dw"":464,""h"":832,""par"":1.0,""pixelformat"":""nv12"",""rotate"":0,""stereo-in"":""mono"",""w"":464}"	"{""duration"":""success"",""eof-reached"":""success"",""estimated-frame-number"":""success"",""filename"":""success"",""hwdec-current"":""success"",""idle-active"":""success"",""path"":""success"",""pause"":""success"",""percent-pos"":""success"",""time-pos"":""success"",""video-params"":""success"",""vo-configured"":""success""}"	true	playing	media-b04db49d99	<media-path:2b030c3c41>	15100	1	true	"{""black_screen_risk_reason"":""null"",""blocked_media_count"":0,""consecutive_failures"":0,""current_index"":1,""current_item"":{""alias"":""media-b04db49d99"",""duration_ms"":15100,""media_kind"":""motion_media"",""offset_ms"":0,""path_alias"":""<media-path:2b030c3c41>"",""started_at_present"":true},""last_poll_error"":""null"",""last_render_error"":""null"",""mpv_running"":true,""next_item"":{""alias"":""media-8ffdc1f445"",""duration_ms"":14000,""media_kind"":""motion_media"",""path_alias"":""<media-path:fee4d36eb4>""},""playback_state"":""playing"",""playlist_size"":5,""present"":true,""uptime_sec"":4264}"
59	67.170	2026-07-15T15:37:24+0000	success		2	<media-path:fee4d36eb4>	<media-path:fee4d36eb4>	motion_media	<filename:8ba6df5956>	3.2	14	22.857143	false	false	false	96	v4l2request-copy	true	"{""aspect"":0.557692,""dh"":832,""dw"":464,""h"":832,""par"":1.0,""pixelformat"":""nv12"",""rotate"":0,""stereo-in"":""mono"",""w"":464}"	"{""duration"":""success"",""eof-reached"":""success"",""estimated-frame-number"":""success"",""filename"":""success"",""hwdec-current"":""success"",""idle-active"":""success"",""path"":""success"",""pause"":""success"",""percent-pos"":""success"",""time-pos"":""success"",""video-params"":""success"",""vo-configured"":""success""}"	true	playing	media-b04db49d99	<media-path:2b030c3c41>	15100	1	true	"{""black_screen_risk_reason"":""null"",""blocked_media_count"":0,""consecutive_failures"":0,""current_index"":1,""current_item"":{""alias"":""media-b04db49d99"",""duration_ms"":15100,""media_kind"":""motion_media"",""offset_ms"":0,""path_alias"":""<media-path:2b030c3c41>"",""started_at_present"":true},""last_poll_error"":""null"",""last_render_error"":""null"",""mpv_running"":true,""next_item"":{""alias"":""media-8ffdc1f445"",""duration_ms"":14000,""media_kind"":""motion_media"",""path_alias"":""<media-path:fee4d36eb4>""},""playback_state"":""playing"",""playlist_size"":5,""present"":true,""uptime_sec"":4264}"
60	68.176	2026-07-15T15:37:25+0000	success		2	<media-path:fee4d36eb4>	<media-path:fee4d36eb4>	motion_media	<filename:8ba6df5956>	4.233333	14	30.238095	false	false	false	127	v4l2request-copy	true	"{""aspect"":0.557692,""dh"":832,""dw"":464,""h"":832,""par"":1.0,""pixelformat"":""nv12"",""rotate"":0,""stereo-in"":""mono"",""w"":464}"	"{""duration"":""success"",""eof-reached"":""success"",""estimated-frame-number"":""success"",""filename"":""success"",""hwdec-current"":""success"",""idle-active"":""success"",""path"":""success"",""pause"":""success"",""percent-pos"":""success"",""time-pos"":""success"",""video-params"":""success"",""vo-configured"":""success""}"	true	playing	media-b04db49d99	<media-path:2b030c3c41>	15100	1	true	"{""black_screen_risk_reason"":""null"",""blocked_media_count"":0,""consecutive_failures"":0,""current_index"":1,""current_item"":{""alias"":""media-b04db49d99"",""duration_ms"":15100,""media_kind"":""motion_media"",""offset_ms"":0,""path_alias"":""<media-path:2b030c3c41>"",""started_at_present"":true},""last_poll_error"":""null"",""last_render_error"":""null"",""mpv_running"":true,""next_item"":{""alias"":""media-8ffdc1f445"",""duration_ms"":14000,""media_kind"":""motion_media"",""path_alias"":""<media-path:fee4d36eb4>""},""playback_state"":""playing"",""playlist_size"":5,""present"":true,""uptime_sec"":4264}"
61	69.180	2026-07-15T15:37:26+0000	success		3	<media-path:fee4d36eb4>	<media-path:fee4d36eb4>	motion_media	<filename:8ba6df5956>	5.233333	14	37.380952	false	false	false	157	v4l2request-copy	true	"{""aspect"":0.557692,""dh"":832,""dw"":464,""h"":832,""par"":1.0,""pixelformat"":""nv12"",""rotate"":0,""stereo-in"":""mono"",""w"":464}"	"{""duration"":""success"",""eof-reached"":""success"",""estimated-frame-number"":""success"",""filename"":""success"",""hwdec-current"":""success"",""idle-active"":""success"",""path"":""success"",""pause"":""success"",""percent-pos"":""success"",""time-pos"":""success"",""video-params"":""success"",""vo-configured"":""success""}"	true	playing	media-8ffdc1f445	<media-path:fee4d36eb4>	14000	2	true	"{""black_screen_risk_reason"":""null"",""blocked_media_count"":0,""consecutive_failures"":0,""current_index"":2,""current_item"":{""alias"":""media-8ffdc1f445"",""duration_ms"":14000,""media_kind"":""motion_media"",""offset_ms"":0,""path_alias"":""<media-path:fee4d36eb4>"",""started_at_present"":true},""last_poll_error"":""null"",""last_render_error"":""null"",""mpv_running"":true,""next_item"":{""alias"":""media-749f1db21b"",""duration_ms"":3900,""media_kind"":""motion_media"",""path_alias"":""<media-path:31af3d58a2>""},""playback_state"":""playing"",""playlist_size"":5,""present"":true,""uptime_sec"":4269}"
62	70.187	2026-07-15T15:37:27+0000	success		10	<media-path:fee4d36eb4>	<media-path:fee4d36eb4>	motion_media	<filename:8ba6df5956>	6.233333	14	44.52381	false	false	false	187	v4l2request-copy	true	"{""aspect"":0.557692,""dh"":832,""dw"":464,""h"":832,""par"":1.0,""pixelformat"":""nv12"",""rotate"":0,""stereo-in"":""mono"",""w"":464}"	"{""duration"":""success"",""eof-reached"":""success"",""estimated-frame-number"":""success"",""filename"":""success"",""hwdec-current"":""success"",""idle-active"":""success"",""path"":""success"",""pause"":""success"",""percent-pos"":""success"",""time-pos"":""success"",""video-params"":""success"",""vo-configured"":""success""}"	true	playing	media-8ffdc1f445	<media-path:fee4d36eb4>	14000	2	true	"{""black_screen_risk_reason"":""null"",""blocked_media_count"":0,""consecutive_failures"":0,""current_index"":2,""current_item"":{""alias"":""media-8ffdc1f445"",""duration_ms"":14000,""media_kind"":""motion_media"",""offset_ms"":0,""path_alias"":""<media-path:fee4d36eb4>"",""started_at_present"":true},""last_poll_error"":""null"",""last_render_error"":""null"",""mpv_running"":true,""next_item"":{""alias"":""media-749f1db21b"",""duration_ms"":3900,""media_kind"":""motion_media"",""path_alias"":""<media-path:31af3d58a2>""},""playback_state"":""playing"",""playlist_size"":5,""present"":true,""uptime_sec"":4269}"
63	71.200	2026-07-15T15:37:28+0000	success		2	<media-path:fee4d36eb4>	<media-path:fee4d36eb4>	motion_media	<filename:8ba6df5956>	7.233333	14	51.666667	false	false	false	217	v4l2request-copy	true	"{""aspect"":0.557692,""dh"":832,""dw"":464,""h"":832,""par"":1.0,""pixelformat"":""nv12"",""rotate"":0,""stereo-in"":""mono"",""w"":464}"	"{""duration"":""success"",""eof-reached"":""success"",""estimated-frame-number"":""success"",""filename"":""success"",""hwdec-current"":""success"",""idle-active"":""success"",""path"":""success"",""pause"":""success"",""percent-pos"":""success"",""time-pos"":""success"",""video-params"":""success"",""vo-configured"":""success""}"	true	playing	media-8ffdc1f445	<media-path:fee4d36eb4>	14000	2	true	"{""black_screen_risk_reason"":""null"",""blocked_media_count"":0,""consecutive_failures"":0,""current_index"":2,""current_item"":{""alias"":""media-8ffdc1f445"",""duration_ms"":14000,""media_kind"":""motion_media"",""offset_ms"":0,""path_alias"":""<media-path:fee4d36eb4>"",""started_at_present"":true},""last_poll_error"":""null"",""last_render_error"":""null"",""mpv_running"":true,""next_item"":{""alias"":""media-749f1db21b"",""duration_ms"":3900,""media_kind"":""motion_media"",""path_alias"":""<media-path:31af3d58a2>""},""playback_state"":""playing"",""playlist_size"":5,""present"":true,""uptime_sec"":4269}"
64	72.204	2026-07-15T15:37:29+0000	success		2	<media-path:fee4d36eb4>	<media-path:fee4d36eb4>	motion_media	<filename:8ba6df5956>	8.266667	14	59.047619	false	false	false	248	v4l2request-copy	true	"{""aspect"":0.557692,""dh"":832,""dw"":464,""h"":832,""par"":1.0,""pixelformat"":""nv12"",""rotate"":0,""stereo-in"":""mono"",""w"":464}"	"{""duration"":""success"",""eof-reached"":""success"",""estimated-frame-number"":""success"",""filename"":""success"",""hwdec-current"":""success"",""idle-active"":""success"",""path"":""success"",""pause"":""success"",""percent-pos"":""success"",""time-pos"":""success"",""video-params"":""success"",""vo-configured"":""success""}"	true	playing	media-8ffdc1f445	<media-path:fee4d36eb4>	14000	2	true	"{""black_screen_risk_reason"":""null"",""blocked_media_count"":0,""consecutive_failures"":0,""current_index"":2,""current_item"":{""alias"":""media-8ffdc1f445"",""duration_ms"":14000,""media_kind"":""motion_media"",""offset_ms"":0,""path_alias"":""<media-path:fee4d36eb4>"",""started_at_present"":true},""last_poll_error"":""null"",""last_render_error"":""null"",""mpv_running"":true,""next_item"":{""alias"":""media-749f1db21b"",""duration_ms"":3900,""media_kind"":""motion_media"",""path_alias"":""<media-path:31af3d58a2>""},""playback_state"":""playing"",""playlist_size"":5,""present"":true,""uptime_sec"":4269}"
65	73.209	2026-07-15T15:37:30+0000	success		2	<media-path:fee4d36eb4>	<media-path:fee4d36eb4>	motion_media	<filename:8ba6df5956>	9.266667	14	66.190476	false	false	false	278	v4l2request-copy	true	"{""aspect"":0.557692,""dh"":832,""dw"":464,""h"":832,""par"":1.0,""pixelformat"":""nv12"",""rotate"":0,""stereo-in"":""mono"",""w"":464}"	"{""duration"":""success"",""eof-reached"":""success"",""estimated-frame-number"":""success"",""filename"":""success"",""hwdec-current"":""success"",""idle-active"":""success"",""path"":""success"",""pause"":""success"",""percent-pos"":""success"",""time-pos"":""success"",""video-params"":""success"",""vo-configured"":""success""}"	true	playing	media-8ffdc1f445	<media-path:fee4d36eb4>	14000	2	true	"{""black_screen_risk_reason"":""null"",""blocked_media_count"":0,""consecutive_failures"":0,""current_index"":2,""current_item"":{""alias"":""media-8ffdc1f445"",""duration_ms"":14000,""media_kind"":""motion_media"",""offset_ms"":0,""path_alias"":""<media-path:fee4d36eb4>"",""started_at_present"":true},""last_poll_error"":""null"",""last_render_error"":""null"",""mpv_running"":true,""next_item"":{""alias"":""media-749f1db21b"",""duration_ms"":3900,""media_kind"":""motion_media"",""path_alias"":""<media-path:31af3d58a2>""},""playback_state"":""playing"",""playlist_size"":5,""present"":true,""uptime_sec"":4269}"
66	74.214	2026-07-15T15:37:31+0000	success		2	<media-path:fee4d36eb4>	<media-path:fee4d36eb4>	motion_media	<filename:8ba6df5956>	10.266667	14	73.333333	false	false	false	308	v4l2request-copy	true	"{""aspect"":0.557692,""dh"":832,""dw"":464,""h"":832,""par"":1.0,""pixelformat"":""nv12"",""rotate"":0,""stereo-in"":""mono"",""w"":464}"	"{""duration"":""success"",""eof-reached"":""success"",""estimated-frame-number"":""success"",""filename"":""success"",""hwdec-current"":""success"",""idle-active"":""success"",""path"":""success"",""pause"":""success"",""percent-pos"":""success"",""time-pos"":""success"",""video-params"":""success"",""vo-configured"":""success""}"	true	playing	media-8ffdc1f445	<media-path:fee4d36eb4>	14000	2	true	"{""black_screen_risk_reason"":""null"",""blocked_media_count"":0,""consecutive_failures"":0,""current_index"":2,""current_item"":{""alias"":""media-8ffdc1f445"",""duration_ms"":14000,""media_kind"":""motion_media"",""offset_ms"":0,""path_alias"":""<media-path:fee4d36eb4>"",""started_at_present"":true},""last_poll_error"":""null"",""last_render_error"":""null"",""mpv_running"":true,""next_item"":{""alias"":""media-749f1db21b"",""duration_ms"":3900,""media_kind"":""motion_media"",""path_alias"":""<media-path:31af3d58a2>""},""playback_state"":""playing"",""playlist_size"":5,""present"":true,""uptime_sec"":4274}"
67	75.218	2026-07-15T15:37:32+0000	success		2	<media-path:fee4d36eb4>	<media-path:fee4d36eb4>	motion_media	<filename:8ba6df5956>	11.266667	14	80.47619	false	false	false	338	v4l2request-copy	true	"{""aspect"":0.557692,""dh"":832,""dw"":464,""h"":832,""par"":1.0,""pixelformat"":""nv12"",""rotate"":0,""stereo-in"":""mono"",""w"":464}"	"{""duration"":""success"",""eof-reached"":""success"",""estimated-frame-number"":""success"",""filename"":""success"",""hwdec-current"":""success"",""idle-active"":""success"",""path"":""success"",""pause"":""success"",""percent-pos"":""success"",""time-pos"":""success"",""video-params"":""success"",""vo-configured"":""success""}"	true	playing	media-8ffdc1f445	<media-path:fee4d36eb4>	14000	2	true	"{""black_screen_risk_reason"":""null"",""blocked_media_count"":0,""consecutive_failures"":0,""current_index"":2,""current_item"":{""alias"":""media-8ffdc1f445"",""duration_ms"":14000,""media_kind"":""motion_media"",""offset_ms"":0,""path_alias"":""<media-path:fee4d36eb4>"",""started_at_present"":true},""last_poll_error"":""null"",""last_render_error"":""null"",""mpv_running"":true,""next_item"":{""alias"":""media-749f1db21b"",""duration_ms"":3900,""media_kind"":""motion_media"",""path_alias"":""<media-path:31af3d58a2>""},""playback_state"":""playing"",""playlist_size"":5,""present"":true,""uptime_sec"":4274}"
68	76.223	2026-07-15T15:37:33+0000	success		7	<media-path:fee4d36eb4>	<media-path:fee4d36eb4>	motion_media	<filename:8ba6df5956>	12.266667	14	87.619048	false	false	false	368	v4l2request-copy	true	"{""aspect"":0.557692,""dh"":832,""dw"":464,""h"":832,""par"":1.0,""pixelformat"":""nv12"",""rotate"":0,""stereo-in"":""mono"",""w"":464}"	"{""duration"":""success"",""eof-reached"":""success"",""estimated-frame-number"":""success"",""filename"":""success"",""hwdec-current"":""success"",""idle-active"":""success"",""path"":""success"",""pause"":""success"",""percent-pos"":""success"",""time-pos"":""success"",""video-params"":""success"",""vo-configured"":""success""}"	true	playing	media-8ffdc1f445	<media-path:fee4d36eb4>	14000	2	true	"{""black_screen_risk_reason"":""null"",""blocked_media_count"":0,""consecutive_failures"":0,""current_index"":2,""current_item"":{""alias"":""media-8ffdc1f445"",""duration_ms"":14000,""media_kind"":""motion_media"",""offset_ms"":0,""path_alias"":""<media-path:fee4d36eb4>"",""started_at_present"":true},""last_poll_error"":""null"",""last_render_error"":""null"",""mpv_running"":true,""next_item"":{""alias"":""media-749f1db21b"",""duration_ms"":3900,""media_kind"":""motion_media"",""path_alias"":""<media-path:31af3d58a2>""},""playback_state"":""playing"",""playlist_size"":5,""present"":true,""uptime_sec"":4274}"
69	77.233	2026-07-15T15:37:34+0000	success		2	<media-path:fee4d36eb4>	<media-path:fee4d36eb4>	motion_media	<filename:8ba6df5956>	13.266667	14	94.761905	false	false	false	398	v4l2request-copy	true	"{""aspect"":0.557692,""dh"":832,""dw"":464,""h"":832,""par"":1.0,""pixelformat"":""nv12"",""rotate"":0,""stereo-in"":""mono"",""w"":464}"	"{""duration"":""success"",""eof-reached"":""success"",""estimated-frame-number"":""success"",""filename"":""success"",""hwdec-current"":""success"",""idle-active"":""success"",""path"":""success"",""pause"":""success"",""percent-pos"":""success"",""time-pos"":""success"",""video-params"":""success"",""vo-configured"":""success""}"	true	playing	media-8ffdc1f445	<media-path:fee4d36eb4>	14000	2	true	"{""black_screen_risk_reason"":""null"",""blocked_media_count"":0,""consecutive_failures"":0,""current_index"":2,""current_item"":{""alias"":""media-8ffdc1f445"",""duration_ms"":14000,""media_kind"":""motion_media"",""offset_ms"":0,""path_alias"":""<media-path:fee4d36eb4>"",""started_at_present"":true},""last_poll_error"":""null"",""last_render_error"":""null"",""mpv_running"":true,""next_item"":{""alias"":""media-749f1db21b"",""duration_ms"":3900,""media_kind"":""motion_media"",""path_alias"":""<media-path:31af3d58a2>""},""playback_state"":""playing"",""playlist_size"":5,""present"":true,""uptime_sec"":4274}"
70	78.238	2026-07-15T15:37:35+0000	success		2	<media-path:31af3d58a2>	<media-path:31af3d58a2>	motion_media	<filename:92829f14a9>	0.1	3.9	2.564103	false	false	false	3	v4l2request-copy	true	"{""aspect"":0.566038,""dh"":848,""dw"":480,""h"":848,""par"":1.0,""pixelformat"":""nv12"",""rotate"":0,""stereo-in"":""mono"",""w"":480}"	"{""duration"":""success"",""eof-reached"":""success"",""estimated-frame-number"":""success"",""filename"":""success"",""hwdec-current"":""success"",""idle-active"":""success"",""path"":""success"",""pause"":""success"",""percent-pos"":""success"",""time-pos"":""success"",""video-params"":""success"",""vo-configured"":""success""}"	true	playing	media-8ffdc1f445	<media-path:fee4d36eb4>	14000	2	true	"{""black_screen_risk_reason"":""null"",""blocked_media_count"":0,""consecutive_failures"":0,""current_index"":2,""current_item"":{""alias"":""media-8ffdc1f445"",""duration_ms"":14000,""media_kind"":""motion_media"",""offset_ms"":0,""path_alias"":""<media-path:fee4d36eb4>"",""started_at_present"":true},""last_poll_error"":""null"",""last_render_error"":""null"",""mpv_running"":true,""next_item"":{""alias"":""media-749f1db21b"",""duration_ms"":3900,""media_kind"":""motion_media"",""path_alias"":""<media-path:31af3d58a2>""},""playback_state"":""playing"",""playlist_size"":5,""present"":true,""uptime_sec"":4274}"
71	79.243	2026-07-15T15:37:36+0000	success		11	<media-path:31af3d58a2>	<media-path:31af3d58a2>	motion_media	<filename:92829f14a9>	1.1	3.9	28.205128	false	false	false	33	v4l2request-copy	true	"{""aspect"":0.566038,""dh"":848,""dw"":480,""h"":848,""par"":1.0,""pixelformat"":""nv12"",""rotate"":0,""stereo-in"":""mono"",""w"":480}"	"{""duration"":""success"",""eof-reached"":""success"",""estimated-frame-number"":""success"",""filename"":""success"",""hwdec-current"":""success"",""idle-active"":""success"",""path"":""success"",""pause"":""success"",""percent-pos"":""success"",""time-pos"":""success"",""video-params"":""success"",""vo-configured"":""success""}"	true	preparing_first_frame	media-8ffdc1f445	<media-path:fee4d36eb4>	14000	2	true	"{""black_screen_risk_reason"":""null"",""blocked_media_count"":0,""consecutive_failures"":0,""current_index"":2,""current_item"":{""alias"":""media-8ffdc1f445"",""duration_ms"":14000,""media_kind"":""motion_media"",""offset_ms"":0,""path_alias"":""<media-path:fee4d36eb4>"",""started_at_present"":true},""last_poll_error"":""null"",""last_render_error"":""null"",""mpv_running"":true,""next_item"":{""alias"":""media-749f1db21b"",""duration_ms"":3900,""media_kind"":""motion_media"",""path_alias"":""<media-path:31af3d58a2>""},""playback_state"":""preparing_first_frame"",""playlist_size"":5,""present"":true,""uptime_sec"":4279}"
72	80.256	2026-07-15T15:37:37+0000	success		2	<media-path:31af3d58a2>	<media-path:31af3d58a2>	motion_media	<filename:92829f14a9>	2.1	3.9	53.846154	false	false	false	62	v4l2request-copy	true	"{""aspect"":0.566038,""dh"":848,""dw"":480,""h"":848,""par"":1.0,""pixelformat"":""nv12"",""rotate"":0,""stereo-in"":""mono"",""w"":480}"	"{""duration"":""success"",""eof-reached"":""success"",""estimated-frame-number"":""success"",""filename"":""success"",""hwdec-current"":""success"",""idle-active"":""success"",""path"":""success"",""pause"":""success"",""percent-pos"":""success"",""time-pos"":""success"",""video-params"":""success"",""vo-configured"":""success""}"	true	preparing_first_frame	media-8ffdc1f445	<media-path:fee4d36eb4>	14000	2	true	"{""black_screen_risk_reason"":""null"",""blocked_media_count"":0,""consecutive_failures"":0,""current_index"":2,""current_item"":{""alias"":""media-8ffdc1f445"",""duration_ms"":14000,""media_kind"":""motion_media"",""offset_ms"":0,""path_alias"":""<media-path:fee4d36eb4>"",""started_at_present"":true},""last_poll_error"":""null"",""last_render_error"":""null"",""mpv_running"":true,""next_item"":{""alias"":""media-749f1db21b"",""duration_ms"":3900,""media_kind"":""motion_media"",""path_alias"":""<media-path:31af3d58a2>""},""playback_state"":""preparing_first_frame"",""playlist_size"":5,""present"":true,""uptime_sec"":4279}"
73	81.261	2026-07-15T15:37:38+0000	success		2	<media-path:31af3d58a2>	<media-path:31af3d58a2>	motion_media	<filename:92829f14a9>	3.133333	3.9	80.34188	false	false	false	93	v4l2request-copy	true	"{""aspect"":0.566038,""dh"":848,""dw"":480,""h"":848,""par"":1.0,""pixelformat"":""nv12"",""rotate"":0,""stereo-in"":""mono"",""w"":480}"	"{""duration"":""success"",""eof-reached"":""success"",""estimated-frame-number"":""success"",""filename"":""success"",""hwdec-current"":""success"",""idle-active"":""success"",""path"":""success"",""pause"":""success"",""percent-pos"":""success"",""time-pos"":""success"",""video-params"":""success"",""vo-configured"":""success""}"	true	preparing_first_frame	media-8ffdc1f445	<media-path:fee4d36eb4>	14000	2	true	"{""black_screen_risk_reason"":""null"",""blocked_media_count"":0,""consecutive_failures"":0,""current_index"":2,""current_item"":{""alias"":""media-8ffdc1f445"",""duration_ms"":14000,""media_kind"":""motion_media"",""offset_ms"":0,""path_alias"":""<media-path:fee4d36eb4>"",""started_at_present"":true},""last_poll_error"":""null"",""last_render_error"":""null"",""mpv_running"":true,""next_item"":{""alias"":""media-749f1db21b"",""duration_ms"":3900,""media_kind"":""motion_media"",""path_alias"":""<media-path:31af3d58a2>""},""playback_state"":""preparing_first_frame"",""playlist_size"":5,""present"":true,""uptime_sec"":4279}"
74	82.266	2026-07-15T15:37:39+0000	success		3	<media-path:31af3d58a2>	<media-path:31af3d58a2>	motion_media	<filename:92829f14a9>	0.2	3.9	5.128205	false	false	false	6	v4l2request-copy	true	"{""aspect"":0.566038,""dh"":848,""dw"":480,""h"":848,""par"":1.0,""pixelformat"":""nv12"",""rotate"":0,""stereo-in"":""mono"",""w"":480}"	"{""duration"":""success"",""eof-reached"":""success"",""estimated-frame-number"":""success"",""filename"":""success"",""hwdec-current"":""success"",""idle-active"":""success"",""path"":""success"",""pause"":""success"",""percent-pos"":""success"",""time-pos"":""success"",""video-params"":""success"",""vo-configured"":""success""}"	true	preparing_first_frame	media-8ffdc1f445	<media-path:fee4d36eb4>	14000	2	true	"{""black_screen_risk_reason"":""null"",""blocked_media_count"":0,""consecutive_failures"":0,""current_index"":2,""current_item"":{""alias"":""media-8ffdc1f445"",""duration_ms"":14000,""media_kind"":""motion_media"",""offset_ms"":0,""path_alias"":""<media-path:fee4d36eb4>"",""started_at_present"":true},""last_poll_error"":""null"",""last_render_error"":""null"",""mpv_running"":true,""next_item"":{""alias"":""media-749f1db21b"",""duration_ms"":3900,""media_kind"":""motion_media"",""path_alias"":""<media-path:31af3d58a2>""},""playback_state"":""preparing_first_frame"",""playlist_size"":5,""present"":true,""uptime_sec"":4279}"
75	83.273	2026-07-15T15:37:40+0000	success		482	<media-path:3ba49b8978>	<media-path:3ba49b8978>	motion_media	<filename:e511e8bce0>	0.6006	28.061367	2.378121	false	false	false	22	v4l2request-copy	true	"{""aspect"":0.5625,""dh"":1920,""dw"":1080,""h"":1920,""par"":1.0,""pixelformat"":""nv12"",""rotate"":0,""stereo-in"":""mono"",""w"":1080}"	"{""duration"":""success"",""eof-reached"":""success"",""estimated-frame-number"":""success"",""filename"":""success"",""hwdec-current"":""success"",""idle-active"":""success"",""path"":""success"",""pause"":""success"",""percent-pos"":""success"",""time-pos"":""success"",""video-params"":""success"",""vo-configured"":""success""}"	true	playing	media-b8c9a5f04c	<media-path:3ba49b8978>	28100	4	true	"{""black_screen_risk_reason"":""null"",""blocked_media_count"":0,""consecutive_failures"":0,""current_index"":4,""current_item"":{""alias"":""media-b8c9a5f04c"",""duration_ms"":28100,""media_kind"":""motion_media"",""offset_ms"":0,""path_alias"":""<media-path:3ba49b8978>"",""started_at_present"":true},""last_poll_error"":""null"",""last_render_error"":""null"",""mpv_running"":true,""next_item"":{""alias"":""media-63e22e276f"",""duration_ms"":15100,""media_kind"":""motion_media"",""path_alias"":""<media-path:c406539999>""},""playback_state"":""playing"",""playlist_size"":5,""present"":true,""uptime_sec"":4284}"
76	84.761	2026-07-15T15:37:42+0000	success		246	<media-path:3ba49b8978>	<media-path:3ba49b8978>	motion_media	<filename:e511e8bce0>	1.768433	28.061367	6.539834	false	false	false	56	v4l2request-copy	true	"{""aspect"":0.5625,""dh"":1920,""dw"":1080,""h"":1920,""par"":1.0,""pixelformat"":""nv12"",""rotate"":0,""stereo-in"":""mono"",""w"":1080}"	"{""duration"":""success"",""eof-reached"":""success"",""estimated-frame-number"":""success"",""filename"":""success"",""hwdec-current"":""success"",""idle-active"":""success"",""path"":""success"",""pause"":""success"",""percent-pos"":""success"",""time-pos"":""success"",""video-params"":""success"",""vo-configured"":""success""}"	true	playing	media-b8c9a5f04c	<media-path:3ba49b8978>	28100	4	true	"{""black_screen_risk_reason"":""null"",""blocked_media_count"":0,""consecutive_failures"":0,""current_index"":4,""current_item"":{""alias"":""media-b8c9a5f04c"",""duration_ms"":28100,""media_kind"":""motion_media"",""offset_ms"":0,""path_alias"":""<media-path:3ba49b8978>"",""started_at_present"":true},""last_poll_error"":""null"",""last_render_error"":""null"",""mpv_running"":true,""next_item"":{""alias"":""media-63e22e276f"",""duration_ms"":15100,""media_kind"":""motion_media"",""path_alias"":""<media-path:c406539999>""},""playback_state"":""playing"",""playlist_size"":5,""present"":true,""uptime_sec"":4284}"
77	86.011	2026-07-15T15:37:43+0000	success		468	<media-path:3ba49b8978>	<media-path:3ba49b8978>	motion_media	<filename:e511e8bce0>	2.736067	28.061367	9.988109	false	false	false	86	v4l2request-copy	true	"{""aspect"":0.5625,""dh"":1920,""dw"":1080,""h"":1920,""par"":1.0,""pixelformat"":""nv12"",""rotate"":0,""stereo-in"":""mono"",""w"":1080}"	"{""duration"":""success"",""eof-reached"":""success"",""estimated-frame-number"":""success"",""filename"":""success"",""hwdec-current"":""success"",""idle-active"":""success"",""path"":""success"",""pause"":""success"",""percent-pos"":""success"",""time-pos"":""success"",""video-params"":""success"",""vo-configured"":""success""}"	true	playing	media-b8c9a5f04c	<media-path:3ba49b8978>	28100	4	true	"{""black_screen_risk_reason"":""null"",""blocked_media_count"":0,""consecutive_failures"":0,""current_index"":4,""current_item"":{""alias"":""media-b8c9a5f04c"",""duration_ms"":28100,""media_kind"":""motion_media"",""offset_ms"":0,""path_alias"":""<media-path:3ba49b8978>"",""started_at_present"":true},""last_poll_error"":""null"",""last_render_error"":""null"",""mpv_running"":true,""next_item"":{""alias"":""media-63e22e276f"",""duration_ms"":15100,""media_kind"":""motion_media"",""path_alias"":""<media-path:c406539999>""},""playback_state"":""playing"",""playlist_size"":5,""present"":true,""uptime_sec"":4284}"
78	87.482	2026-07-15T15:37:45+0000	success		486	<media-path:3ba49b8978>	<media-path:3ba49b8978>	motion_media	<filename:e511e8bce0>	3.9039	28.061367	14.149822	false	false	false	121	v4l2request-copy	true	"{""aspect"":0.5625,""dh"":1920,""dw"":1080,""h"":1920,""par"":1.0,""pixelformat"":""nv12"",""rotate"":0,""stereo-in"":""mono"",""w"":1080}"	"{""duration"":""success"",""eof-reached"":""success"",""estimated-frame-number"":""success"",""filename"":""success"",""hwdec-current"":""success"",""idle-active"":""success"",""path"":""success"",""pause"":""success"",""percent-pos"":""success"",""time-pos"":""success"",""video-params"":""success"",""vo-configured"":""success""}"	true	playing	media-b8c9a5f04c	<media-path:3ba49b8978>	28100	4	true	"{""black_screen_risk_reason"":""null"",""blocked_media_count"":0,""consecutive_failures"":0,""current_index"":4,""current_item"":{""alias"":""media-b8c9a5f04c"",""duration_ms"":28100,""media_kind"":""motion_media"",""offset_ms"":0,""path_alias"":""<media-path:3ba49b8978>"",""started_at_present"":true},""last_poll_error"":""null"",""last_render_error"":""null"",""mpv_running"":true,""next_item"":{""alias"":""media-63e22e276f"",""duration_ms"":15100,""media_kind"":""motion_media"",""path_alias"":""<media-path:c406539999>""},""playback_state"":""playing"",""playlist_size"":5,""present"":true,""uptime_sec"":4284}"
79	88.973	2026-07-15T15:37:46+0000	success		499	<media-path:3ba49b8978>	<media-path:3ba49b8978>	motion_media	<filename:e511e8bce0>	5.071733	28.061367	18.311534	false	false	false	156	v4l2request-copy	true	"{""aspect"":0.5625,""dh"":1920,""dw"":1080,""h"":1920,""par"":1.0,""pixelformat"":""nv12"",""rotate"":0,""stereo-in"":""mono"",""w"":1080}"	"{""duration"":""success"",""eof-reached"":""success"",""estimated-frame-number"":""success"",""filename"":""success"",""hwdec-current"":""success"",""idle-active"":""success"",""path"":""success"",""pause"":""success"",""percent-pos"":""success"",""time-pos"":""success"",""video-params"":""success"",""vo-configured"":""success""}"	true	playing	media-b8c9a5f04c	<media-path:3ba49b8978>	28100	4	true	"{""black_screen_risk_reason"":""null"",""blocked_media_count"":0,""consecutive_failures"":0,""current_index"":4,""current_item"":{""alias"":""media-b8c9a5f04c"",""duration_ms"":28100,""media_kind"":""motion_media"",""offset_ms"":0,""path_alias"":""<media-path:3ba49b8978>"",""started_at_present"":true},""last_poll_error"":""null"",""last_render_error"":""null"",""mpv_running"":true,""next_item"":{""alias"":""media-63e22e276f"",""duration_ms"":15100,""media_kind"":""motion_media"",""path_alias"":""<media-path:c406539999>""},""playback_state"":""playing"",""playlist_size"":5,""present"":true,""uptime_sec"":4289}"
80	90.476	2026-07-15T15:37:47+0000	success		159	<media-path:3ba49b8978>	<media-path:3ba49b8978>	motion_media	<filename:e511e8bce0>	6.239567	28.061367	22.35434	false	false	false	188	v4l2request-copy	true	"{""aspect"":0.5625,""dh"":1920,""dw"":1080,""h"":1920,""par"":1.0,""pixelformat"":""nv12"",""rotate"":0,""stereo-in"":""mono"",""w"":1080}"	"{""duration"":""success"",""eof-reached"":""success"",""estimated-frame-number"":""success"",""filename"":""success"",""hwdec-current"":""success"",""idle-active"":""success"",""path"":""success"",""pause"":""success"",""percent-pos"":""success"",""time-pos"":""success"",""video-params"":""success"",""vo-configured"":""success""}"	true	playing	media-b8c9a5f04c	<media-path:3ba49b8978>	28100	4	true	"{""black_screen_risk_reason"":""null"",""blocked_media_count"":0,""consecutive_failures"":0,""current_index"":4,""current_item"":{""alias"":""media-b8c9a5f04c"",""duration_ms"":28100,""media_kind"":""motion_media"",""offset_ms"":0,""path_alias"":""<media-path:3ba49b8978>"",""started_at_present"":true},""last_poll_error"":""null"",""last_render_error"":""null"",""mpv_running"":true,""next_item"":{""alias"":""media-63e22e276f"",""duration_ms"":15100,""media_kind"":""motion_media"",""path_alias"":""<media-path:c406539999>""},""playback_state"":""playing"",""playlist_size"":5,""present"":true,""uptime_sec"":4289}"
81	91.638	2026-07-15T15:37:49+0000	success		469	<media-path:3ba49b8978>	<media-path:3ba49b8978>	motion_media	<filename:e511e8bce0>	7.140467	28.061367	25.68371	false	false	false	218	v4l2request-copy	true	"{""aspect"":0.5625,""dh"":1920,""dw"":1080,""h"":1920,""par"":1.0,""pixelformat"":""nv12"",""rotate"":0,""stereo-in"":""mono"",""w"":1080}"	"{""duration"":""success"",""eof-reached"":""success"",""estimated-frame-number"":""success"",""filename"":""success"",""hwdec-current"":""success"",""idle-active"":""success"",""path"":""success"",""pause"":""success"",""percent-pos"":""success"",""time-pos"":""success"",""video-params"":""success"",""vo-configured"":""success""}"	true	playing	media-b8c9a5f04c	<media-path:3ba49b8978>	28100	4	true	"{""black_screen_risk_reason"":""null"",""blocked_media_count"":0,""consecutive_failures"":0,""current_index"":4,""current_item"":{""alias"":""media-b8c9a5f04c"",""duration_ms"":28100,""media_kind"":""motion_media"",""offset_ms"":0,""path_alias"":""<media-path:3ba49b8978>"",""started_at_present"":true},""last_poll_error"":""null"",""last_render_error"":""null"",""mpv_running"":true,""next_item"":{""alias"":""media-63e22e276f"",""duration_ms"":15100,""media_kind"":""motion_media"",""path_alias"":""<media-path:c406539999>""},""playback_state"":""playing"",""playlist_size"":5,""present"":true,""uptime_sec"":4289}"
82	93.111	2026-07-15T15:37:50+0000	success		486	<media-path:3ba49b8978>	<media-path:3ba49b8978>	motion_media	<filename:e511e8bce0>	8.3083	28.061367	29.845422	false	false	false	253	v4l2request-copy	true	"{""aspect"":0.5625,""dh"":1920,""dw"":1080,""h"":1920,""par"":1.0,""pixelformat"":""nv12"",""rotate"":0,""stereo-in"":""mono"",""w"":1080}"	"{""duration"":""success"",""eof-reached"":""success"",""estimated-frame-number"":""success"",""filename"":""success"",""hwdec-current"":""success"",""idle-active"":""success"",""path"":""success"",""pause"":""success"",""percent-pos"":""success"",""time-pos"":""success"",""video-params"":""success"",""vo-configured"":""success""}"	true	playing	media-b8c9a5f04c	<media-path:3ba49b8978>	28100	4	true	"{""black_screen_risk_reason"":""null"",""blocked_media_count"":0,""consecutive_failures"":0,""current_index"":4,""current_item"":{""alias"":""media-b8c9a5f04c"",""duration_ms"":28100,""media_kind"":""motion_media"",""offset_ms"":0,""path_alias"":""<media-path:3ba49b8978>"",""started_at_present"":true},""last_poll_error"":""null"",""last_render_error"":""null"",""mpv_running"":true,""next_item"":{""alias"":""media-63e22e276f"",""duration_ms"":15100,""media_kind"":""motion_media"",""path_alias"":""<media-path:c406539999>""},""playback_state"":""playing"",""playlist_size"":5,""present"":true,""uptime_sec"":4294}"
83	94.601	2026-07-15T15:37:52+0000	success		496	<media-path:3ba49b8978>	<media-path:3ba49b8978>	motion_media	<filename:e511e8bce0>	9.476133	28.061367	34.007134	false	false	false	288	v4l2request-copy	true	"{""aspect"":0.5625,""dh"":1920,""dw"":1080,""h"":1920,""par"":1.0,""pixelformat"":""nv12"",""rotate"":0,""stereo-in"":""mono"",""w"":1080}"	"{""duration"":""success"",""eof-reached"":""success"",""estimated-frame-number"":""success"",""filename"":""success"",""hwdec-current"":""success"",""idle-active"":""success"",""path"":""success"",""pause"":""success"",""percent-pos"":""success"",""time-pos"":""success"",""video-params"":""success"",""vo-configured"":""success""}"	true	playing	media-b8c9a5f04c	<media-path:3ba49b8978>	28100	4	true	"{""black_screen_risk_reason"":""null"",""blocked_media_count"":0,""consecutive_failures"":0,""current_index"":4,""current_item"":{""alias"":""media-b8c9a5f04c"",""duration_ms"":28100,""media_kind"":""motion_media"",""offset_ms"":0,""path_alias"":""<media-path:3ba49b8978>"",""started_at_present"":true},""last_poll_error"":""null"",""last_render_error"":""null"",""mpv_running"":true,""next_item"":{""alias"":""media-63e22e276f"",""duration_ms"":15100,""media_kind"":""motion_media"",""path_alias"":""<media-path:c406539999>""},""playback_state"":""playing"",""playlist_size"":5,""present"":true,""uptime_sec"":4294}"
84	96.102	2026-07-15T15:37:53+0000	success		491	<media-path:3ba49b8978>	<media-path:3ba49b8978>	motion_media	<filename:e511e8bce0>	10.643967	28.061367	38.168847	false	false	false	323	v4l2request-copy	true	"{""aspect"":0.5625,""dh"":1920,""dw"":1080,""h"":1920,""par"":1.0,""pixelformat"":""nv12"",""rotate"":0,""stereo-in"":""mono"",""w"":1080}"	"{""duration"":""success"",""eof-reached"":""success"",""estimated-frame-number"":""success"",""filename"":""success"",""hwdec-current"":""success"",""idle-active"":""success"",""path"":""success"",""pause"":""success"",""percent-pos"":""success"",""time-pos"":""success"",""video-params"":""success"",""vo-configured"":""success""}"	true	playing	media-b8c9a5f04c	<media-path:3ba49b8978>	28100	4	true	"{""black_screen_risk_reason"":""null"",""blocked_media_count"":0,""consecutive_failures"":0,""current_index"":4,""current_item"":{""alias"":""media-b8c9a5f04c"",""duration_ms"":28100,""media_kind"":""motion_media"",""offset_ms"":0,""path_alias"":""<media-path:3ba49b8978>"",""started_at_present"":true},""last_poll_error"":""null"",""last_render_error"":""null"",""mpv_running"":true,""next_item"":{""alias"":""media-63e22e276f"",""duration_ms"":15100,""media_kind"":""motion_media"",""path_alias"":""<media-path:c406539999>""},""playback_state"":""playing"",""playlist_size"":5,""present"":true,""uptime_sec"":4294}"
85	97.598	2026-07-15T15:37:55+0000	success		469	<media-path:3ba49b8978>	<media-path:3ba49b8978>	motion_media	<filename:e511e8bce0>	11.8118	28.061367	42.330559	false	false	false	358	v4l2request-copy	true	"{""aspect"":0.5625,""dh"":1920,""dw"":1080,""h"":1920,""par"":1.0,""pixelformat"":""nv12"",""rotate"":0,""stereo-in"":""mono"",""w"":1080}"	"{""duration"":""success"",""eof-reached"":""success"",""estimated-frame-number"":""success"",""filename"":""success"",""hwdec-current"":""success"",""idle-active"":""success"",""path"":""success"",""pause"":""success"",""percent-pos"":""success"",""time-pos"":""success"",""video-params"":""success"",""vo-configured"":""success""}"	true	playing	media-b8c9a5f04c	<media-path:3ba49b8978>	28100	4	true	"{""black_screen_risk_reason"":""null"",""blocked_media_count"":0,""consecutive_failures"":0,""current_index"":4,""current_item"":{""alias"":""media-b8c9a5f04c"",""duration_ms"":28100,""media_kind"":""motion_media"",""offset_ms"":0,""path_alias"":""<media-path:3ba49b8978>"",""started_at_present"":true},""last_poll_error"":""null"",""last_render_error"":""null"",""mpv_running"":true,""next_item"":{""alias"":""media-63e22e276f"",""duration_ms"":15100,""media_kind"":""motion_media"",""path_alias"":""<media-path:c406539999>""},""playback_state"":""playing"",""playlist_size"":5,""present"":true,""uptime_sec"":4294}"
86	99.071	2026-07-15T15:37:56+0000	success		205	<media-path:3ba49b8978>	<media-path:3ba49b8978>	motion_media	<filename:e511e8bce0>	12.979633	28.061367	46.492271	false	false	false	391	v4l2request-copy	true	"{""aspect"":0.5625,""dh"":1920,""dw"":1080,""h"":1920,""par"":1.0,""pixelformat"":""nv12"",""rotate"":0,""stereo-in"":""mono"",""w"":1080}"	"{""duration"":""success"",""eof-reached"":""success"",""estimated-frame-number"":""success"",""filename"":""success"",""hwdec-current"":""success"",""idle-active"":""success"",""path"":""success"",""pause"":""success"",""percent-pos"":""success"",""time-pos"":""success"",""video-params"":""success"",""vo-configured"":""success""}"	true	playing	media-b8c9a5f04c	<media-path:3ba49b8978>	28100	4	true	"{""black_screen_risk_reason"":""null"",""blocked_media_count"":0,""consecutive_failures"":0,""current_index"":4,""current_item"":{""alias"":""media-b8c9a5f04c"",""duration_ms"":28100,""media_kind"":""motion_media"",""offset_ms"":0,""path_alias"":""<media-path:3ba49b8978>"",""started_at_present"":true},""last_poll_error"":""null"",""last_render_error"":""null"",""mpv_running"":true,""next_item"":{""alias"":""media-63e22e276f"",""duration_ms"":15100,""media_kind"":""motion_media"",""path_alias"":""<media-path:c406539999>""},""playback_state"":""playing"",""playlist_size"":5,""present"":true,""uptime_sec"":4299}"
87	100.280	2026-07-15T15:37:57+0000	success		501	<media-path:3ba49b8978>	<media-path:3ba49b8978>	motion_media	<filename:e511e8bce0>	13.9139	28.061367	49.821641	false	false	false	421	v4l2request-copy	true	"{""aspect"":0.5625,""dh"":1920,""dw"":1080,""h"":1920,""par"":1.0,""pixelformat"":""nv12"",""rotate"":0,""stereo-in"":""mono"",""w"":1080}"	"{""duration"":""success"",""eof-reached"":""success"",""estimated-frame-number"":""success"",""filename"":""success"",""hwdec-current"":""success"",""idle-active"":""success"",""path"":""success"",""pause"":""success"",""percent-pos"":""success"",""time-pos"":""success"",""video-params"":""success"",""vo-configured"":""success""}"	true	playing	media-b8c9a5f04c	<media-path:3ba49b8978>	28100	4	true	"{""black_screen_risk_reason"":""null"",""blocked_media_count"":0,""consecutive_failures"":0,""current_index"":4,""current_item"":{""alias"":""media-b8c9a5f04c"",""duration_ms"":28100,""media_kind"":""motion_media"",""offset_ms"":0,""path_alias"":""<media-path:3ba49b8978>"",""started_at_present"":true},""last_poll_error"":""null"",""last_render_error"":""null"",""mpv_running"":true,""next_item"":{""alias"":""media-63e22e276f"",""duration_ms"":15100,""media_kind"":""motion_media"",""path_alias"":""<media-path:c406539999>""},""playback_state"":""playing"",""playlist_size"":5,""present"":true,""uptime_sec"":4299}"
88	101.786	2026-07-15T15:37:59+0000	success		319	<media-path:3ba49b8978>	<media-path:3ba49b8978>	motion_media	<filename:e511e8bce0>	15.081733	28.061367	53.983353	false	false	false	456	v4l2request-copy	true	"{""aspect"":0.5625,""dh"":1920,""dw"":1080,""h"":1920,""par"":1.0,""pixelformat"":""nv12"",""rotate"":0,""stereo-in"":""mono"",""w"":1080}"	"{""duration"":""success"",""eof-reached"":""success"",""estimated-frame-number"":""success"",""filename"":""success"",""hwdec-current"":""success"",""idle-active"":""success"",""path"":""success"",""pause"":""success"",""percent-pos"":""success"",""time-pos"":""success"",""video-params"":""success"",""vo-configured"":""success""}"	true	playing	media-b8c9a5f04c	<media-path:3ba49b8978>	28100	4	true	"{""black_screen_risk_reason"":""null"",""blocked_media_count"":0,""consecutive_failures"":0,""current_index"":4,""current_item"":{""alias"":""media-b8c9a5f04c"",""duration_ms"":28100,""media_kind"":""motion_media"",""offset_ms"":0,""path_alias"":""<media-path:3ba49b8978>"",""started_at_present"":true},""last_poll_error"":""null"",""last_render_error"":""null"",""mpv_running"":true,""next_item"":{""alias"":""media-63e22e276f"",""duration_ms"":15100,""media_kind"":""motion_media"",""path_alias"":""<media-path:c406539999>""},""playback_state"":""playing"",""playlist_size"":5,""present"":true,""uptime_sec"":4299}"
89	103.109	2026-07-15T15:38:00+0000	success		465	<media-path:3ba49b8978>	<media-path:3ba49b8978>	motion_media	<filename:e511e8bce0>	16.1161	28.061367	57.669441	false	false	false	487	v4l2request-copy	true	"{""aspect"":0.5625,""dh"":1920,""dw"":1080,""h"":1920,""par"":1.0,""pixelformat"":""nv12"",""rotate"":0,""stereo-in"":""mono"",""w"":1080}"	"{""duration"":""success"",""eof-reached"":""success"",""estimated-frame-number"":""success"",""filename"":""success"",""hwdec-current"":""success"",""idle-active"":""success"",""path"":""success"",""pause"":""success"",""percent-pos"":""success"",""time-pos"":""success"",""video-params"":""success"",""vo-configured"":""success""}"	true	playing	media-b8c9a5f04c	<media-path:3ba49b8978>	28100	4	true	"{""black_screen_risk_reason"":""null"",""blocked_media_count"":0,""consecutive_failures"":0,""current_index"":4,""current_item"":{""alias"":""media-b8c9a5f04c"",""duration_ms"":28100,""media_kind"":""motion_media"",""offset_ms"":0,""path_alias"":""<media-path:3ba49b8978>"",""started_at_present"":true},""last_poll_error"":""null"",""last_render_error"":""null"",""mpv_running"":true,""next_item"":{""alias"":""media-63e22e276f"",""duration_ms"":15100,""media_kind"":""motion_media"",""path_alias"":""<media-path:c406539999>""},""playback_state"":""playing"",""playlist_size"":5,""present"":true,""uptime_sec"":4304}"
90	104.579	2026-07-15T15:38:02+0000	success		445	<media-path:3ba49b8978>	<media-path:3ba49b8978>	motion_media	<filename:e511e8bce0>	17.283933	28.061367	61.831153	false	false	false	522	v4l2request-copy	true	"{""aspect"":0.5625,""dh"":1920,""dw"":1080,""h"":1920,""par"":1.0,""pixelformat"":""nv12"",""rotate"":0,""stereo-in"":""mono"",""w"":1080}"	"{""duration"":""success"",""eof-reached"":""success"",""estimated-frame-number"":""success"",""filename"":""success"",""hwdec-current"":""success"",""idle-active"":""success"",""path"":""success"",""pause"":""success"",""percent-pos"":""success"",""time-pos"":""success"",""video-params"":""success"",""vo-configured"":""success""}"	true	playing	media-b8c9a5f04c	<media-path:3ba49b8978>	28100	4	true	"{""black_screen_risk_reason"":""null"",""blocked_media_count"":0,""consecutive_failures"":0,""current_index"":4,""current_item"":{""alias"":""media-b8c9a5f04c"",""duration_ms"":28100,""media_kind"":""motion_media"",""offset_ms"":0,""path_alias"":""<media-path:3ba49b8978>"",""started_at_present"":true},""last_poll_error"":""null"",""last_render_error"":""null"",""mpv_running"":true,""next_item"":{""alias"":""media-63e22e276f"",""duration_ms"":15100,""media_kind"":""motion_media"",""path_alias"":""<media-path:c406539999>""},""playback_state"":""playing"",""playlist_size"":5,""present"":true,""uptime_sec"":4304}"
91	106.028	2026-07-15T15:38:03+0000	success		494	<media-path:3ba49b8978>	<media-path:3ba49b8978>	motion_media	<filename:e511e8bce0>	18.4184	28.061367	65.87396	false	false	false	556	v4l2request-copy	true	"{""aspect"":0.5625,""dh"":1920,""dw"":1080,""h"":1920,""par"":1.0,""pixelformat"":""nv12"",""rotate"":0,""stereo-in"":""mono"",""w"":1080}"	"{""duration"":""success"",""eof-reached"":""success"",""estimated-frame-number"":""success"",""filename"":""success"",""hwdec-current"":""success"",""idle-active"":""success"",""path"":""success"",""pause"":""success"",""percent-pos"":""success"",""time-pos"":""success"",""video-params"":""success"",""vo-configured"":""success""}"	true	playing	media-b8c9a5f04c	<media-path:3ba49b8978>	28100	4	true	"{""black_screen_risk_reason"":""null"",""blocked_media_count"":0,""consecutive_failures"":0,""current_index"":4,""current_item"":{""alias"":""media-b8c9a5f04c"",""duration_ms"":28100,""media_kind"":""motion_media"",""offset_ms"":0,""path_alias"":""<media-path:3ba49b8978>"",""started_at_present"":true},""last_poll_error"":""null"",""last_render_error"":""null"",""mpv_running"":true,""next_item"":{""alias"":""media-63e22e276f"",""duration_ms"":15100,""media_kind"":""motion_media"",""path_alias"":""<media-path:c406539999>""},""playback_state"":""playing"",""playlist_size"":5,""present"":true,""uptime_sec"":4304}"
92	107.526	2026-07-15T15:38:05+0000	success		283	<media-path:3ba49b8978>	<media-path:3ba49b8978>	motion_media	<filename:e511e8bce0>	19.586233	28.061367	70.035672	false	false	false	591	v4l2request-copy	true	"{""aspect"":0.5625,""dh"":1920,""dw"":1080,""h"":1920,""par"":1.0,""pixelformat"":""nv12"",""rotate"":0,""stereo-in"":""mono"",""w"":1080}"	"{""duration"":""success"",""eof-reached"":""success"",""estimated-frame-number"":""success"",""filename"":""success"",""hwdec-current"":""success"",""idle-active"":""success"",""path"":""success"",""pause"":""success"",""percent-pos"":""success"",""time-pos"":""success"",""video-params"":""success"",""vo-configured"":""success""}"	true	playing	media-b8c9a5f04c	<media-path:3ba49b8978>	28100	4	true	"{""black_screen_risk_reason"":""null"",""blocked_media_count"":0,""consecutive_failures"":0,""current_index"":4,""current_item"":{""alias"":""media-b8c9a5f04c"",""duration_ms"":28100,""media_kind"":""motion_media"",""offset_ms"":0,""path_alias"":""<media-path:3ba49b8978>"",""started_at_present"":true},""last_poll_error"":""null"",""last_render_error"":""null"",""mpv_running"":true,""next_item"":{""alias"":""media-63e22e276f"",""duration_ms"":15100,""media_kind"":""motion_media"",""path_alias"":""<media-path:c406539999>""},""playback_state"":""playing"",""playlist_size"":5,""present"":true,""uptime_sec"":4304}"
93	108.813	2026-07-15T15:38:06+0000	success		494	<media-path:3ba49b8978>	<media-path:3ba49b8978>	motion_media	<filename:e511e8bce0>	20.587233	28.061367	73.602854	false	false	false	621	v4l2request-copy	true	"{""aspect"":0.5625,""dh"":1920,""dw"":1080,""h"":1920,""par"":1.0,""pixelformat"":""nv12"",""rotate"":0,""stereo-in"":""mono"",""w"":1080}"	"{""duration"":""success"",""eof-reached"":""success"",""estimated-frame-number"":""success"",""filename"":""success"",""hwdec-current"":""success"",""idle-active"":""success"",""path"":""success"",""pause"":""success"",""percent-pos"":""success"",""time-pos"":""success"",""video-params"":""success"",""vo-configured"":""success""}"	true	playing	media-b8c9a5f04c	<media-path:3ba49b8978>	28100	4	true	"{""black_screen_risk_reason"":""null"",""blocked_media_count"":0,""consecutive_failures"":0,""current_index"":4,""current_item"":{""alias"":""media-b8c9a5f04c"",""duration_ms"":28100,""media_kind"":""motion_media"",""offset_ms"":0,""path_alias"":""<media-path:3ba49b8978>"",""started_at_present"":true},""last_poll_error"":""null"",""last_render_error"":""null"",""mpv_running"":true,""next_item"":{""alias"":""media-63e22e276f"",""duration_ms"":15100,""media_kind"":""motion_media"",""path_alias"":""<media-path:c406539999>""},""playback_state"":""playing"",""playlist_size"":5,""present"":true,""uptime_sec"":4309}"
94	110.310	2026-07-15T15:38:07+0000	success		281	<media-path:3ba49b8978>	<media-path:3ba49b8978>	motion_media	<filename:e511e8bce0>	21.755067	28.061367	77.764566	false	false	false	656	v4l2request-copy	true	"{""aspect"":0.5625,""dh"":1920,""dw"":1080,""h"":1920,""par"":1.0,""pixelformat"":""nv12"",""rotate"":0,""stereo-in"":""mono"",""w"":1080}"	"{""duration"":""success"",""eof-reached"":""success"",""estimated-frame-number"":""success"",""filename"":""success"",""hwdec-current"":""success"",""idle-active"":""success"",""path"":""success"",""pause"":""success"",""percent-pos"":""success"",""time-pos"":""success"",""video-params"":""success"",""vo-configured"":""success""}"	true	playing	media-b8c9a5f04c	<media-path:3ba49b8978>	28100	4	true	"{""black_screen_risk_reason"":""null"",""blocked_media_count"":0,""consecutive_failures"":0,""current_index"":4,""current_item"":{""alias"":""media-b8c9a5f04c"",""duration_ms"":28100,""media_kind"":""motion_media"",""offset_ms"":0,""path_alias"":""<media-path:3ba49b8978>"",""started_at_present"":true},""last_poll_error"":""null"",""last_render_error"":""null"",""mpv_running"":true,""next_item"":{""alias"":""media-63e22e276f"",""duration_ms"":15100,""media_kind"":""motion_media"",""path_alias"":""<media-path:c406539999>""},""playback_state"":""playing"",""playlist_size"":5,""present"":true,""uptime_sec"":4309}"
95	111.595	2026-07-15T15:38:08+0000	success		2	<media-path:c406539999>	<media-path:c406539999>	motion_media	<filename:aaf3979e21>	0.333333	15.069751	2.211937	false	false	false	10	v4l2request-copy	true	"{""aspect"":0.566038,""dh"":848,""dw"":480,""h"":848,""par"":1.0,""pixelformat"":""nv12"",""rotate"":0,""stereo-in"":""mono"",""w"":480}"	"{""duration"":""success"",""eof-reached"":""success"",""estimated-frame-number"":""success"",""filename"":""success"",""hwdec-current"":""success"",""idle-active"":""success"",""path"":""success"",""pause"":""success"",""percent-pos"":""success"",""time-pos"":""success"",""video-params"":""success"",""vo-configured"":""success""}"	true	playing	media-b8c9a5f04c	<media-path:3ba49b8978>	28100	4	true	"{""black_screen_risk_reason"":""null"",""blocked_media_count"":0,""consecutive_failures"":0,""current_index"":4,""current_item"":{""alias"":""media-b8c9a5f04c"",""duration_ms"":28100,""media_kind"":""motion_media"",""offset_ms"":0,""path_alias"":""<media-path:3ba49b8978>"",""started_at_present"":true},""last_poll_error"":""null"",""last_render_error"":""null"",""mpv_running"":true,""next_item"":{""alias"":""media-63e22e276f"",""duration_ms"":15100,""media_kind"":""motion_media"",""path_alias"":""<media-path:c406539999>""},""playback_state"":""playing"",""playlist_size"":5,""present"":true,""uptime_sec"":4309}"
96	112.600	2026-07-15T15:38:09+0000	success		2	<media-path:c406539999>	<media-path:c406539999>	motion_media	<filename:aaf3979e21>	1.333333	15.069751	8.847747	false	false	false	40	v4l2request-copy	true	"{""aspect"":0.566038,""dh"":848,""dw"":480,""h"":848,""par"":1.0,""pixelformat"":""nv12"",""rotate"":0,""stereo-in"":""mono"",""w"":480}"	"{""duration"":""success"",""eof-reached"":""success"",""estimated-frame-number"":""success"",""filename"":""success"",""hwdec-current"":""success"",""idle-active"":""success"",""path"":""success"",""pause"":""success"",""percent-pos"":""success"",""time-pos"":""success"",""video-params"":""success"",""vo-configured"":""success""}"	true	playing	media-b8c9a5f04c	<media-path:3ba49b8978>	28100	4	true	"{""black_screen_risk_reason"":""null"",""blocked_media_count"":0,""consecutive_failures"":0,""current_index"":4,""current_item"":{""alias"":""media-b8c9a5f04c"",""duration_ms"":28100,""media_kind"":""motion_media"",""offset_ms"":0,""path_alias"":""<media-path:3ba49b8978>"",""started_at_present"":true},""last_poll_error"":""null"",""last_render_error"":""null"",""mpv_running"":true,""next_item"":{""alias"":""media-63e22e276f"",""duration_ms"":15100,""media_kind"":""motion_media"",""path_alias"":""<media-path:c406539999>""},""playback_state"":""playing"",""playlist_size"":5,""present"":true,""uptime_sec"":4309}"
97	113.604	2026-07-15T15:38:10+0000	success		2	<media-path:c406539999>	<media-path:c406539999>	motion_media	<filename:aaf3979e21>	2.366667	15.069751	15.70475	false	false	false	71	v4l2request-copy	true	"{""aspect"":0.566038,""dh"":848,""dw"":480,""h"":848,""par"":1.0,""pixelformat"":""nv12"",""rotate"":0,""stereo-in"":""mono"",""w"":480}"	"{""duration"":""success"",""eof-reached"":""success"",""estimated-frame-number"":""success"",""filename"":""success"",""hwdec-current"":""success"",""idle-active"":""success"",""path"":""success"",""pause"":""success"",""percent-pos"":""success"",""time-pos"":""success"",""video-params"":""success"",""vo-configured"":""success""}"	true	playing	media-63e22e276f	<media-path:c406539999>	15100	0	true	"{""black_screen_risk_reason"":""null"",""blocked_media_count"":0,""consecutive_failures"":0,""current_index"":0,""current_item"":{""alias"":""media-63e22e276f"",""duration_ms"":15100,""media_kind"":""motion_media"",""offset_ms"":0,""path_alias"":""<media-path:c406539999>"",""started_at_present"":true},""last_poll_error"":""null"",""last_render_error"":""null"",""mpv_running"":true,""next_item"":{""alias"":""media-b04db49d99"",""duration_ms"":15100,""media_kind"":""motion_media"",""path_alias"":""<media-path:2b030c3c41>""},""playback_state"":""playing"",""playlist_size"":5,""present"":true,""uptime_sec"":4314}"
98	114.609	2026-07-15T15:38:11+0000	success		2	<media-path:c406539999>	<media-path:c406539999>	motion_media	<filename:aaf3979e21>	3.366667	15.069751	22.34056	false	false	false	101	v4l2request-copy	true	"{""aspect"":0.566038,""dh"":848,""dw"":480,""h"":848,""par"":1.0,""pixelformat"":""nv12"",""rotate"":0,""stereo-in"":""mono"",""w"":480}"	"{""duration"":""success"",""eof-reached"":""success"",""estimated-frame-number"":""success"",""filename"":""success"",""hwdec-current"":""success"",""idle-active"":""success"",""path"":""success"",""pause"":""success"",""percent-pos"":""success"",""time-pos"":""success"",""video-params"":""success"",""vo-configured"":""success""}"	true	playing	media-63e22e276f	<media-path:c406539999>	15100	0	true	"{""black_screen_risk_reason"":""null"",""blocked_media_count"":0,""consecutive_failures"":0,""current_index"":0,""current_item"":{""alias"":""media-63e22e276f"",""duration_ms"":15100,""media_kind"":""motion_media"",""offset_ms"":0,""path_alias"":""<media-path:c406539999>"",""started_at_present"":true},""last_poll_error"":""null"",""last_render_error"":""null"",""mpv_running"":true,""next_item"":{""alias"":""media-b04db49d99"",""duration_ms"":15100,""media_kind"":""motion_media"",""path_alias"":""<media-path:2b030c3c41>""},""playback_state"":""playing"",""playlist_size"":5,""present"":true,""uptime_sec"":4314}"
99	115.613	2026-07-15T15:38:12+0000	success		2	<media-path:c406539999>	<media-path:c406539999>	motion_media	<filename:aaf3979e21>	4.366667	15.069751	28.97637	false	false	false	131	v4l2request-copy	true	"{""aspect"":0.566038,""dh"":848,""dw"":480,""h"":848,""par"":1.0,""pixelformat"":""nv12"",""rotate"":0,""stereo-in"":""mono"",""w"":480}"	"{""duration"":""success"",""eof-reached"":""success"",""estimated-frame-number"":""success"",""filename"":""success"",""hwdec-current"":""success"",""idle-active"":""success"",""path"":""success"",""pause"":""success"",""percent-pos"":""success"",""time-pos"":""success"",""video-params"":""success"",""vo-configured"":""success""}"	true	playing	media-63e22e276f	<media-path:c406539999>	15100	0	true	"{""black_screen_risk_reason"":""null"",""blocked_media_count"":0,""consecutive_failures"":0,""current_index"":0,""current_item"":{""alias"":""media-63e22e276f"",""duration_ms"":15100,""media_kind"":""motion_media"",""offset_ms"":0,""path_alias"":""<media-path:c406539999>"",""started_at_present"":true},""last_poll_error"":""null"",""last_render_error"":""null"",""mpv_running"":true,""next_item"":{""alias"":""media-b04db49d99"",""duration_ms"":15100,""media_kind"":""motion_media"",""path_alias"":""<media-path:2b030c3c41>""},""playback_state"":""playing"",""playlist_size"":5,""present"":true,""uptime_sec"":4314}"
100	116.618	2026-07-15T15:38:13+0000	success		4	<media-path:c406539999>	<media-path:c406539999>	motion_media	<filename:aaf3979e21>	5.366667	15.069751	35.61218	false	false	false	161	v4l2request-copy	true	"{""aspect"":0.566038,""dh"":848,""dw"":480,""h"":848,""par"":1.0,""pixelformat"":""nv12"",""rotate"":0,""stereo-in"":""mono"",""w"":480}"	"{""duration"":""success"",""eof-reached"":""success"",""estimated-frame-number"":""success"",""filename"":""success"",""hwdec-current"":""success"",""idle-active"":""success"",""path"":""success"",""pause"":""success"",""percent-pos"":""success"",""time-pos"":""success"",""video-params"":""success"",""vo-configured"":""success""}"	true	playing	media-63e22e276f	<media-path:c406539999>	15100	0	true	"{""black_screen_risk_reason"":""null"",""blocked_media_count"":0,""consecutive_failures"":0,""current_index"":0,""current_item"":{""alias"":""media-63e22e276f"",""duration_ms"":15100,""media_kind"":""motion_media"",""offset_ms"":0,""path_alias"":""<media-path:c406539999>"",""started_at_present"":true},""last_poll_error"":""null"",""last_render_error"":""null"",""mpv_running"":true,""next_item"":{""alias"":""media-b04db49d99"",""duration_ms"":15100,""media_kind"":""motion_media"",""path_alias"":""<media-path:2b030c3c41>""},""playback_state"":""playing"",""playlist_size"":5,""present"":true,""uptime_sec"":4314}"
101	117.628	2026-07-15T15:38:14+0000	success		2	<media-path:c406539999>	<media-path:c406539999>	motion_media	<filename:aaf3979e21>	6.366667	15.069751	42.24799	false	false	false	191	v4l2request-copy	true	"{""aspect"":0.566038,""dh"":848,""dw"":480,""h"":848,""par"":1.0,""pixelformat"":""nv12"",""rotate"":0,""stereo-in"":""mono"",""w"":480}"	"{""duration"":""success"",""eof-reached"":""success"",""estimated-frame-number"":""success"",""filename"":""success"",""hwdec-current"":""success"",""idle-active"":""success"",""path"":""success"",""pause"":""success"",""percent-pos"":""success"",""time-pos"":""success"",""video-params"":""success"",""vo-configured"":""success""}"	true	playing	media-63e22e276f	<media-path:c406539999>	15100	0	true	"{""black_screen_risk_reason"":""null"",""blocked_media_count"":0,""consecutive_failures"":0,""current_index"":0,""current_item"":{""alias"":""media-63e22e276f"",""duration_ms"":15100,""media_kind"":""motion_media"",""offset_ms"":0,""path_alias"":""<media-path:c406539999>"",""started_at_present"":true},""last_poll_error"":""null"",""last_render_error"":""null"",""mpv_running"":true,""next_item"":{""alias"":""media-b04db49d99"",""duration_ms"":15100,""media_kind"":""motion_media"",""path_alias"":""<media-path:2b030c3c41>""},""playback_state"":""playing"",""playlist_size"":5,""present"":true,""uptime_sec"":4314}"
102	118.632	2026-07-15T15:38:15+0000	success		2	<media-path:c406539999>	<media-path:c406539999>	motion_media	<filename:aaf3979e21>	7.366667	15.069751	48.8838	false	false	false	221	v4l2request-copy	true	"{""aspect"":0.566038,""dh"":848,""dw"":480,""h"":848,""par"":1.0,""pixelformat"":""nv12"",""rotate"":0,""stereo-in"":""mono"",""w"":480}"	"{""duration"":""success"",""eof-reached"":""success"",""estimated-frame-number"":""success"",""filename"":""success"",""hwdec-current"":""success"",""idle-active"":""success"",""path"":""success"",""pause"":""success"",""percent-pos"":""success"",""time-pos"":""success"",""video-params"":""success"",""vo-configured"":""success""}"	true	playing	media-63e22e276f	<media-path:c406539999>	15100	0	true	"{""black_screen_risk_reason"":""null"",""blocked_media_count"":0,""consecutive_failures"":0,""current_index"":0,""current_item"":{""alias"":""media-63e22e276f"",""duration_ms"":15100,""media_kind"":""motion_media"",""offset_ms"":0,""path_alias"":""<media-path:c406539999>"",""started_at_present"":true},""last_poll_error"":""null"",""last_render_error"":""null"",""mpv_running"":true,""next_item"":{""alias"":""media-b04db49d99"",""duration_ms"":15100,""media_kind"":""motion_media"",""path_alias"":""<media-path:2b030c3c41>""},""playback_state"":""playing"",""playlist_size"":5,""present"":true,""uptime_sec"":4319}"
103	119.636	2026-07-15T15:38:16+0000	success		2	<media-path:c406539999>	<media-path:c406539999>	motion_media	<filename:aaf3979e21>	8.4	15.069751	55.740803	false	false	false	252	v4l2request-copy	true	"{""aspect"":0.566038,""dh"":848,""dw"":480,""h"":848,""par"":1.0,""pixelformat"":""nv12"",""rotate"":0,""stereo-in"":""mono"",""w"":480}"	"{""duration"":""success"",""eof-reached"":""success"",""estimated-frame-number"":""success"",""filename"":""success"",""hwdec-current"":""success"",""idle-active"":""success"",""path"":""success"",""pause"":""success"",""percent-pos"":""success"",""time-pos"":""success"",""video-params"":""success"",""vo-configured"":""success""}"	true	playing	media-63e22e276f	<media-path:c406539999>	15100	0	true	"{""black_screen_risk_reason"":""null"",""blocked_media_count"":0,""consecutive_failures"":0,""current_index"":0,""current_item"":{""alias"":""media-63e22e276f"",""duration_ms"":15100,""media_kind"":""motion_media"",""offset_ms"":0,""path_alias"":""<media-path:c406539999>"",""started_at_present"":true},""last_poll_error"":""null"",""last_render_error"":""null"",""mpv_running"":true,""next_item"":{""alias"":""media-b04db49d99"",""duration_ms"":15100,""media_kind"":""motion_media"",""path_alias"":""<media-path:2b030c3c41>""},""playback_state"":""playing"",""playlist_size"":5,""present"":true,""uptime_sec"":4319}"
104	120.641	2026-07-15T15:38:17+0000	success		2	<media-path:c406539999>	<media-path:c406539999>	motion_media	<filename:aaf3979e21>	9.4	15.069751	62.376613	false	false	false	282	v4l2request-copy	true	"{""aspect"":0.566038,""dh"":848,""dw"":480,""h"":848,""par"":1.0,""pixelformat"":""nv12"",""rotate"":0,""stereo-in"":""mono"",""w"":480}"	"{""duration"":""success"",""eof-reached"":""success"",""estimated-frame-number"":""success"",""filename"":""success"",""hwdec-current"":""success"",""idle-active"":""success"",""path"":""success"",""pause"":""success"",""percent-pos"":""success"",""time-pos"":""success"",""video-params"":""success"",""vo-configured"":""success""}"	true	playing	media-63e22e276f	<media-path:c406539999>	15100	0	true	"{""black_screen_risk_reason"":""null"",""blocked_media_count"":0,""consecutive_failures"":0,""current_index"":0,""current_item"":{""alias"":""media-63e22e276f"",""duration_ms"":15100,""media_kind"":""motion_media"",""offset_ms"":0,""path_alias"":""<media-path:c406539999>"",""started_at_present"":true},""last_poll_error"":""null"",""last_render_error"":""null"",""mpv_running"":true,""next_item"":{""alias"":""media-b04db49d99"",""duration_ms"":15100,""media_kind"":""motion_media"",""path_alias"":""<media-path:2b030c3c41>""},""playback_state"":""playing"",""playlist_size"":5,""present"":true,""uptime_sec"":4319}"
105	121.645	2026-07-15T15:38:18+0000	success		2	<media-path:c406539999>	<media-path:c406539999>	motion_media	<filename:aaf3979e21>	10.4	15.069751	69.012423	false	false	false	312	v4l2request-copy	true	"{""aspect"":0.566038,""dh"":848,""dw"":480,""h"":848,""par"":1.0,""pixelformat"":""nv12"",""rotate"":0,""stereo-in"":""mono"",""w"":480}"	"{""duration"":""success"",""eof-reached"":""success"",""estimated-frame-number"":""success"",""filename"":""success"",""hwdec-current"":""success"",""idle-active"":""success"",""path"":""success"",""pause"":""success"",""percent-pos"":""success"",""time-pos"":""success"",""video-params"":""success"",""vo-configured"":""success""}"	true	playing	media-63e22e276f	<media-path:c406539999>	15100	0	true	"{""black_screen_risk_reason"":""null"",""blocked_media_count"":0,""consecutive_failures"":0,""current_index"":0,""current_item"":{""alias"":""media-63e22e276f"",""duration_ms"":15100,""media_kind"":""motion_media"",""offset_ms"":0,""path_alias"":""<media-path:c406539999>"",""started_at_present"":true},""last_poll_error"":""null"",""last_render_error"":""null"",""mpv_running"":true,""next_item"":{""alias"":""media-b04db49d99"",""duration_ms"":15100,""media_kind"":""motion_media"",""path_alias"":""<media-path:2b030c3c41>""},""playback_state"":""playing"",""playlist_size"":5,""present"":true,""uptime_sec"":4319}"
106	122.650	2026-07-15T15:38:19+0000	success		2	<media-path:c406539999>	<media-path:c406539999>	motion_media	<filename:aaf3979e21>	11.4	15.069751	75.648233	false	false	false	342	v4l2request-copy	true	"{""aspect"":0.566038,""dh"":848,""dw"":480,""h"":848,""par"":1.0,""pixelformat"":""nv12"",""rotate"":0,""stereo-in"":""mono"",""w"":480}"	"{""duration"":""success"",""eof-reached"":""success"",""estimated-frame-number"":""success"",""filename"":""success"",""hwdec-current"":""success"",""idle-active"":""success"",""path"":""success"",""pause"":""success"",""percent-pos"":""success"",""time-pos"":""success"",""video-params"":""success"",""vo-configured"":""success""}"	true	playing	media-63e22e276f	<media-path:c406539999>	15100	0	true	"{""black_screen_risk_reason"":""null"",""blocked_media_count"":0,""consecutive_failures"":0,""current_index"":0,""current_item"":{""alias"":""media-63e22e276f"",""duration_ms"":15100,""media_kind"":""motion_media"",""offset_ms"":0,""path_alias"":""<media-path:c406539999>"",""started_at_present"":true},""last_poll_error"":""null"",""last_render_error"":""null"",""mpv_running"":true,""next_item"":{""alias"":""media-b04db49d99"",""duration_ms"":15100,""media_kind"":""motion_media"",""path_alias"":""<media-path:2b030c3c41>""},""playback_state"":""playing"",""playlist_size"":5,""present"":true,""uptime_sec"":4319}"
107	123.655	2026-07-15T15:38:20+0000	success		7	<media-path:c406539999>	<media-path:c406539999>	motion_media	<filename:aaf3979e21>	12.4	15.069751	82.284043	false	false	false	372	v4l2request-copy	true	"{""aspect"":0.566038,""dh"":848,""dw"":480,""h"":848,""par"":1.0,""pixelformat"":""nv12"",""rotate"":0,""stereo-in"":""mono"",""w"":480}"	"{""duration"":""success"",""eof-reached"":""success"",""estimated-frame-number"":""success"",""filename"":""success"",""hwdec-current"":""success"",""idle-active"":""success"",""path"":""success"",""pause"":""success"",""percent-pos"":""success"",""time-pos"":""success"",""video-params"":""success"",""vo-configured"":""success""}"	true	playing	media-63e22e276f	<media-path:c406539999>	15100	0	true	"{""black_screen_risk_reason"":""null"",""blocked_media_count"":0,""consecutive_failures"":0,""current_index"":0,""current_item"":{""alias"":""media-63e22e276f"",""duration_ms"":15100,""media_kind"":""motion_media"",""offset_ms"":0,""path_alias"":""<media-path:c406539999>"",""started_at_present"":true},""last_poll_error"":""null"",""last_render_error"":""null"",""mpv_running"":true,""next_item"":{""alias"":""media-b04db49d99"",""duration_ms"":15100,""media_kind"":""motion_media"",""path_alias"":""<media-path:2b030c3c41>""},""playback_state"":""playing"",""playlist_size"":5,""present"":true,""uptime_sec"":4324}"
108	124.665	2026-07-15T15:38:21+0000	success		2	<media-path:c406539999>	<media-path:c406539999>	motion_media	<filename:aaf3979e21>	13.4	15.069751	88.919853	false	false	false	402	v4l2request-copy	true	"{""aspect"":0.566038,""dh"":848,""dw"":480,""h"":848,""par"":1.0,""pixelformat"":""nv12"",""rotate"":0,""stereo-in"":""mono"",""w"":480}"	"{""duration"":""success"",""eof-reached"":""success"",""estimated-frame-number"":""success"",""filename"":""success"",""hwdec-current"":""success"",""idle-active"":""success"",""path"":""success"",""pause"":""success"",""percent-pos"":""success"",""time-pos"":""success"",""video-params"":""success"",""vo-configured"":""success""}"	true	playing	media-63e22e276f	<media-path:c406539999>	15100	0	true	"{""black_screen_risk_reason"":""null"",""blocked_media_count"":0,""consecutive_failures"":0,""current_index"":0,""current_item"":{""alias"":""media-63e22e276f"",""duration_ms"":15100,""media_kind"":""motion_media"",""offset_ms"":0,""path_alias"":""<media-path:c406539999>"",""started_at_present"":true},""last_poll_error"":""null"",""last_render_error"":""null"",""mpv_running"":true,""next_item"":{""alias"":""media-b04db49d99"",""duration_ms"":15100,""media_kind"":""motion_media"",""path_alias"":""<media-path:2b030c3c41>""},""playback_state"":""playing"",""playlist_size"":5,""present"":true,""uptime_sec"":4324}"
109	125.670	2026-07-15T15:38:22+0000	success		2	<media-path:c406539999>	<media-path:c406539999>	motion_media	<filename:aaf3979e21>	14.433333	15.069751	95.776856	false	false	false	433	v4l2request-copy	true	"{""aspect"":0.566038,""dh"":848,""dw"":480,""h"":848,""par"":1.0,""pixelformat"":""nv12"",""rotate"":0,""stereo-in"":""mono"",""w"":480}"	"{""duration"":""success"",""eof-reached"":""success"",""estimated-frame-number"":""success"",""filename"":""success"",""hwdec-current"":""success"",""idle-active"":""success"",""path"":""success"",""pause"":""success"",""percent-pos"":""success"",""time-pos"":""success"",""video-params"":""success"",""vo-configured"":""success""}"	true	playing	media-63e22e276f	<media-path:c406539999>	15100	0	true	"{""black_screen_risk_reason"":""null"",""blocked_media_count"":0,""consecutive_failures"":0,""current_index"":0,""current_item"":{""alias"":""media-63e22e276f"",""duration_ms"":15100,""media_kind"":""motion_media"",""offset_ms"":0,""path_alias"":""<media-path:c406539999>"",""started_at_present"":true},""last_poll_error"":""null"",""last_render_error"":""null"",""mpv_running"":true,""next_item"":{""alias"":""media-b04db49d99"",""duration_ms"":15100,""media_kind"":""motion_media"",""path_alias"":""<media-path:2b030c3c41>""},""playback_state"":""playing"",""playlist_size"":5,""present"":true,""uptime_sec"":4324}"
110	126.675	2026-07-15T15:38:23+0000	success		28	<media-path:2b030c3c41>	<media-path:2b030c3c41>	motion_media	<filename:c617160627>	0.066667	15.1	0.441501	false	false	false	2	v4l2request-copy	true	"{""aspect"":0.566038,""dh"":848,""dw"":480,""h"":848,""par"":1.0,""pixelformat"":""nv12"",""rotate"":0,""stereo-in"":""mono"",""w"":480}"	"{""duration"":""success"",""eof-reached"":""success"",""estimated-frame-number"":""success"",""filename"":""success"",""hwdec-current"":""success"",""idle-active"":""success"",""path"":""success"",""pause"":""success"",""percent-pos"":""success"",""time-pos"":""success"",""video-params"":""success"",""vo-configured"":""success""}"	true	playing	media-63e22e276f	<media-path:c406539999>	15100	0	true	"{""black_screen_risk_reason"":""null"",""blocked_media_count"":0,""consecutive_failures"":0,""current_index"":0,""current_item"":{""alias"":""media-63e22e276f"",""duration_ms"":15100,""media_kind"":""motion_media"",""offset_ms"":0,""path_alias"":""<media-path:c406539999>"",""started_at_present"":true},""last_poll_error"":""null"",""last_render_error"":""null"",""mpv_running"":true,""next_item"":{""alias"":""media-b04db49d99"",""duration_ms"":15100,""media_kind"":""motion_media"",""path_alias"":""<media-path:2b030c3c41>""},""playback_state"":""playing"",""playlist_size"":5,""present"":true,""uptime_sec"":4324}"
111	127.707	2026-07-15T15:38:24+0000	success		13	<media-path:2b030c3c41>	<media-path:2b030c3c41>	motion_media	<filename:c617160627>	1.066667	15.1	7.064018	false	false	false	32	v4l2request-copy	true	"{""aspect"":0.566038,""dh"":848,""dw"":480,""h"":848,""par"":1.0,""pixelformat"":""nv12"",""rotate"":0,""stereo-in"":""mono"",""w"":480}"	"{""duration"":""success"",""eof-reached"":""success"",""estimated-frame-number"":""success"",""filename"":""success"",""hwdec-current"":""success"",""idle-active"":""success"",""path"":""success"",""pause"":""success"",""percent-pos"":""success"",""time-pos"":""success"",""video-params"":""success"",""vo-configured"":""success""}"	true	playing	media-63e22e276f	<media-path:c406539999>	15100	0	true	"{""black_screen_risk_reason"":""null"",""blocked_media_count"":0,""consecutive_failures"":0,""current_index"":0,""current_item"":{""alias"":""media-63e22e276f"",""duration_ms"":15100,""media_kind"":""motion_media"",""offset_ms"":0,""path_alias"":""<media-path:c406539999>"",""started_at_present"":true},""last_poll_error"":""null"",""last_render_error"":""null"",""mpv_running"":true,""next_item"":{""alias"":""media-b04db49d99"",""duration_ms"":15100,""media_kind"":""motion_media"",""path_alias"":""<media-path:2b030c3c41>""},""playback_state"":""playing"",""playlist_size"":5,""present"":true,""uptime_sec"":4324}"
112	128.724	2026-07-15T15:38:25+0000	success		2	<media-path:2b030c3c41>	<media-path:2b030c3c41>	motion_media	<filename:c617160627>	2.1	15.1	13.907285	false	false	false	63	v4l2request-copy	true	"{""aspect"":0.566038,""dh"":848,""dw"":480,""h"":848,""par"":1.0,""pixelformat"":""nv12"",""rotate"":0,""stereo-in"":""mono"",""w"":480}"	"{""duration"":""success"",""eof-reached"":""success"",""estimated-frame-number"":""success"",""filename"":""success"",""hwdec-current"":""success"",""idle-active"":""success"",""path"":""success"",""pause"":""success"",""percent-pos"":""success"",""time-pos"":""success"",""video-params"":""success"",""vo-configured"":""success""}"	true	playing	media-b04db49d99	<media-path:2b030c3c41>	15100	1	true	"{""black_screen_risk_reason"":""null"",""blocked_media_count"":0,""consecutive_failures"":0,""current_index"":1,""current_item"":{""alias"":""media-b04db49d99"",""duration_ms"":15100,""media_kind"":""motion_media"",""offset_ms"":0,""path_alias"":""<media-path:2b030c3c41>"",""started_at_present"":true},""last_poll_error"":""null"",""last_render_error"":""null"",""mpv_running"":true,""next_item"":{""alias"":""media-8ffdc1f445"",""duration_ms"":14000,""media_kind"":""motion_media"",""path_alias"":""<media-path:fee4d36eb4>""},""playback_state"":""playing"",""playlist_size"":5,""present"":true,""uptime_sec"":4329}"
113	129.729	2026-07-15T15:38:26+0000	success		2	<media-path:2b030c3c41>	<media-path:2b030c3c41>	motion_media	<filename:c617160627>	3.1	15.1	20.529801	false	false	false	93	v4l2request-copy	true	"{""aspect"":0.566038,""dh"":848,""dw"":480,""h"":848,""par"":1.0,""pixelformat"":""nv12"",""rotate"":0,""stereo-in"":""mono"",""w"":480}"	"{""duration"":""success"",""eof-reached"":""success"",""estimated-frame-number"":""success"",""filename"":""success"",""hwdec-current"":""success"",""idle-active"":""success"",""path"":""success"",""pause"":""success"",""percent-pos"":""success"",""time-pos"":""success"",""video-params"":""success"",""vo-configured"":""success""}"	true	playing	media-b04db49d99	<media-path:2b030c3c41>	15100	1	true	"{""black_screen_risk_reason"":""null"",""blocked_media_count"":0,""consecutive_failures"":0,""current_index"":1,""current_item"":{""alias"":""media-b04db49d99"",""duration_ms"":15100,""media_kind"":""motion_media"",""offset_ms"":0,""path_alias"":""<media-path:2b030c3c41>"",""started_at_present"":true},""last_poll_error"":""null"",""last_render_error"":""null"",""mpv_running"":true,""next_item"":{""alias"":""media-8ffdc1f445"",""duration_ms"":14000,""media_kind"":""motion_media"",""path_alias"":""<media-path:fee4d36eb4>""},""playback_state"":""playing"",""playlist_size"":5,""present"":true,""uptime_sec"":4329}"
114	130.733	2026-07-15T15:38:27+0000	success		2	<media-path:2b030c3c41>	<media-path:2b030c3c41>	motion_media	<filename:c617160627>	4.1	15.1	27.152318	false	false	false	123	v4l2request-copy	true	"{""aspect"":0.566038,""dh"":848,""dw"":480,""h"":848,""par"":1.0,""pixelformat"":""nv12"",""rotate"":0,""stereo-in"":""mono"",""w"":480}"	"{""duration"":""success"",""eof-reached"":""success"",""estimated-frame-number"":""success"",""filename"":""success"",""hwdec-current"":""success"",""idle-active"":""success"",""path"":""success"",""pause"":""success"",""percent-pos"":""success"",""time-pos"":""success"",""video-params"":""success"",""vo-configured"":""success""}"	true	playing	media-b04db49d99	<media-path:2b030c3c41>	15100	1	true	"{""black_screen_risk_reason"":""null"",""blocked_media_count"":0,""consecutive_failures"":0,""current_index"":1,""current_item"":{""alias"":""media-b04db49d99"",""duration_ms"":15100,""media_kind"":""motion_media"",""offset_ms"":0,""path_alias"":""<media-path:2b030c3c41>"",""started_at_present"":true},""last_poll_error"":""null"",""last_render_error"":""null"",""mpv_running"":true,""next_item"":{""alias"":""media-8ffdc1f445"",""duration_ms"":14000,""media_kind"":""motion_media"",""path_alias"":""<media-path:fee4d36eb4>""},""playback_state"":""playing"",""playlist_size"":5,""present"":true,""uptime_sec"":4329}"
115	131.738	2026-07-15T15:38:28+0000	success		11	<media-path:2b030c3c41>	<media-path:2b030c3c41>	motion_media	<filename:c617160627>	5.1	15.1	33.774834	false	false	false	153	v4l2request-copy	true	"{""aspect"":0.566038,""dh"":848,""dw"":480,""h"":848,""par"":1.0,""pixelformat"":""nv12"",""rotate"":0,""stereo-in"":""mono"",""w"":480}"	"{""duration"":""success"",""eof-reached"":""success"",""estimated-frame-number"":""success"",""filename"":""success"",""hwdec-current"":""success"",""idle-active"":""success"",""path"":""success"",""pause"":""success"",""percent-pos"":""success"",""time-pos"":""success"",""video-params"":""success"",""vo-configured"":""success""}"	true	playing	media-b04db49d99	<media-path:2b030c3c41>	15100	1	true	"{""black_screen_risk_reason"":""null"",""blocked_media_count"":0,""consecutive_failures"":0,""current_index"":1,""current_item"":{""alias"":""media-b04db49d99"",""duration_ms"":15100,""media_kind"":""motion_media"",""offset_ms"":0,""path_alias"":""<media-path:2b030c3c41>"",""started_at_present"":true},""last_poll_error"":""null"",""last_render_error"":""null"",""mpv_running"":true,""next_item"":{""alias"":""media-8ffdc1f445"",""duration_ms"":14000,""media_kind"":""motion_media"",""path_alias"":""<media-path:fee4d36eb4>""},""playback_state"":""playing"",""playlist_size"":5,""present"":true,""uptime_sec"":4329}"
116	132.752	2026-07-15T15:38:29+0000	success		2	<media-path:2b030c3c41>	<media-path:2b030c3c41>	motion_media	<filename:c617160627>	6.1	15.1	40.397351	false	false	false	183	v4l2request-copy	true	"{""aspect"":0.566038,""dh"":848,""dw"":480,""h"":848,""par"":1.0,""pixelformat"":""nv12"",""rotate"":0,""stereo-in"":""mono"",""w"":480}"	"{""duration"":""success"",""eof-reached"":""success"",""estimated-frame-number"":""success"",""filename"":""success"",""hwdec-current"":""success"",""idle-active"":""success"",""path"":""success"",""pause"":""success"",""percent-pos"":""success"",""time-pos"":""success"",""video-params"":""success"",""vo-configured"":""success""}"	true	playing	media-b04db49d99	<media-path:2b030c3c41>	15100	1	true	"{""black_screen_risk_reason"":""null"",""blocked_media_count"":0,""consecutive_failures"":0,""current_index"":1,""current_item"":{""alias"":""media-b04db49d99"",""duration_ms"":15100,""media_kind"":""motion_media"",""offset_ms"":0,""path_alias"":""<media-path:2b030c3c41>"",""started_at_present"":true},""last_poll_error"":""null"",""last_render_error"":""null"",""mpv_running"":true,""next_item"":{""alias"":""media-8ffdc1f445"",""duration_ms"":14000,""media_kind"":""motion_media"",""path_alias"":""<media-path:fee4d36eb4>""},""playback_state"":""playing"",""playlist_size"":5,""present"":true,""uptime_sec"":4329}"
117	133.756	2026-07-15T15:38:30+0000	success		2	<media-path:2b030c3c41>	<media-path:2b030c3c41>	motion_media	<filename:c617160627>	7.133333	15.1	47.240618	false	false	false	214	v4l2request-copy	true	"{""aspect"":0.566038,""dh"":848,""dw"":480,""h"":848,""par"":1.0,""pixelformat"":""nv12"",""rotate"":0,""stereo-in"":""mono"",""w"":480}"	"{""duration"":""success"",""eof-reached"":""success"",""estimated-frame-number"":""success"",""filename"":""success"",""hwdec-current"":""success"",""idle-active"":""success"",""path"":""success"",""pause"":""success"",""percent-pos"":""success"",""time-pos"":""success"",""video-params"":""success"",""vo-configured"":""success""}"	true	playing	media-b04db49d99	<media-path:2b030c3c41>	15100	1	true	"{""black_screen_risk_reason"":""null"",""blocked_media_count"":0,""consecutive_failures"":0,""current_index"":1,""current_item"":{""alias"":""media-b04db49d99"",""duration_ms"":15100,""media_kind"":""motion_media"",""offset_ms"":0,""path_alias"":""<media-path:2b030c3c41>"",""started_at_present"":true},""last_poll_error"":""null"",""last_render_error"":""null"",""mpv_running"":true,""next_item"":{""alias"":""media-8ffdc1f445"",""duration_ms"":14000,""media_kind"":""motion_media"",""path_alias"":""<media-path:fee4d36eb4>""},""playback_state"":""playing"",""playlist_size"":5,""present"":true,""uptime_sec"":4334}"
118	134.761	2026-07-15T15:38:31+0000	success		2	<media-path:2b030c3c41>	<media-path:2b030c3c41>	motion_media	<filename:c617160627>	8.133333	15.1	53.863135	false	false	false	244	v4l2request-copy	true	"{""aspect"":0.566038,""dh"":848,""dw"":480,""h"":848,""par"":1.0,""pixelformat"":""nv12"",""rotate"":0,""stereo-in"":""mono"",""w"":480}"	"{""duration"":""success"",""eof-reached"":""success"",""estimated-frame-number"":""success"",""filename"":""success"",""hwdec-current"":""success"",""idle-active"":""success"",""path"":""success"",""pause"":""success"",""percent-pos"":""success"",""time-pos"":""success"",""video-params"":""success"",""vo-configured"":""success""}"	true	playing	media-b04db49d99	<media-path:2b030c3c41>	15100	1	true	"{""black_screen_risk_reason"":""null"",""blocked_media_count"":0,""consecutive_failures"":0,""current_index"":1,""current_item"":{""alias"":""media-b04db49d99"",""duration_ms"":15100,""media_kind"":""motion_media"",""offset_ms"":0,""path_alias"":""<media-path:2b030c3c41>"",""started_at_present"":true},""last_poll_error"":""null"",""last_render_error"":""null"",""mpv_running"":true,""next_item"":{""alias"":""media-8ffdc1f445"",""duration_ms"":14000,""media_kind"":""motion_media"",""path_alias"":""<media-path:fee4d36eb4>""},""playback_state"":""playing"",""playlist_size"":5,""present"":true,""uptime_sec"":4334}"
119	135.766	2026-07-15T15:38:32+0000	success		2	<media-path:2b030c3c41>	<media-path:2b030c3c41>	motion_media	<filename:c617160627>	9.133333	15.1	60.485651	false	false	false	274	v4l2request-copy	true	"{""aspect"":0.566038,""dh"":848,""dw"":480,""h"":848,""par"":1.0,""pixelformat"":""nv12"",""rotate"":0,""stereo-in"":""mono"",""w"":480}"	"{""duration"":""success"",""eof-reached"":""success"",""estimated-frame-number"":""success"",""filename"":""success"",""hwdec-current"":""success"",""idle-active"":""success"",""path"":""success"",""pause"":""success"",""percent-pos"":""success"",""time-pos"":""success"",""video-params"":""success"",""vo-configured"":""success""}"	true	playing	media-b04db49d99	<media-path:2b030c3c41>	15100	1	true	"{""black_screen_risk_reason"":""null"",""blocked_media_count"":0,""consecutive_failures"":0,""current_index"":1,""current_item"":{""alias"":""media-b04db49d99"",""duration_ms"":15100,""media_kind"":""motion_media"",""offset_ms"":0,""path_alias"":""<media-path:2b030c3c41>"",""started_at_present"":true},""last_poll_error"":""null"",""last_render_error"":""null"",""mpv_running"":true,""next_item"":{""alias"":""media-8ffdc1f445"",""duration_ms"":14000,""media_kind"":""motion_media"",""path_alias"":""<media-path:fee4d36eb4>""},""playback_state"":""playing"",""playlist_size"":5,""present"":true,""uptime_sec"":4334}"
120	136.770	2026-07-15T15:38:33+0000	success		14	<media-path:2b030c3c41>	<media-path:2b030c3c41>	motion_media	<filename:c617160627>	10.133333	15.1	67.108168	false	false	false	304	v4l2request-copy	true	"{""aspect"":0.566038,""dh"":848,""dw"":480,""h"":848,""par"":1.0,""pixelformat"":""nv12"",""rotate"":0,""stereo-in"":""mono"",""w"":480}"	"{""duration"":""success"",""eof-reached"":""success"",""estimated-frame-number"":""success"",""filename"":""success"",""hwdec-current"":""success"",""idle-active"":""success"",""path"":""success"",""pause"":""success"",""percent-pos"":""success"",""time-pos"":""success"",""video-params"":""success"",""vo-configured"":""success""}"	true	playing	media-b04db49d99	<media-path:2b030c3c41>	15100	1	true	"{""black_screen_risk_reason"":""null"",""blocked_media_count"":0,""consecutive_failures"":0,""current_index"":1,""current_item"":{""alias"":""media-b04db49d99"",""duration_ms"":15100,""media_kind"":""motion_media"",""offset_ms"":0,""path_alias"":""<media-path:2b030c3c41>"",""started_at_present"":true},""last_poll_error"":""null"",""last_render_error"":""null"",""mpv_running"":true,""next_item"":{""alias"":""media-8ffdc1f445"",""duration_ms"":14000,""media_kind"":""motion_media"",""path_alias"":""<media-path:fee4d36eb4>""},""playback_state"":""playing"",""playlist_size"":5,""present"":true,""uptime_sec"":4334}"
121	137.788	2026-07-15T15:38:35+0000	success		2	<media-path:2b030c3c41>	<media-path:2b030c3c41>	motion_media	<filename:c617160627>	11.166667	15.1	73.951435	false	false	false	335	v4l2request-copy	true	"{""aspect"":0.566038,""dh"":848,""dw"":480,""h"":848,""par"":1.0,""pixelformat"":""nv12"",""rotate"":0,""stereo-in"":""mono"",""w"":480}"	"{""duration"":""success"",""eof-reached"":""success"",""estimated-frame-number"":""success"",""filename"":""success"",""hwdec-current"":""success"",""idle-active"":""success"",""path"":""success"",""pause"":""success"",""percent-pos"":""success"",""time-pos"":""success"",""video-params"":""success"",""vo-configured"":""success""}"	true	playing	media-b04db49d99	<media-path:2b030c3c41>	15100	1	true	"{""black_screen_risk_reason"":""null"",""blocked_media_count"":0,""consecutive_failures"":0,""current_index"":1,""current_item"":{""alias"":""media-b04db49d99"",""duration_ms"":15100,""media_kind"":""motion_media"",""offset_ms"":0,""path_alias"":""<media-path:2b030c3c41>"",""started_at_present"":true},""last_poll_error"":""null"",""last_render_error"":""null"",""mpv_running"":true,""next_item"":{""alias"":""media-8ffdc1f445"",""duration_ms"":14000,""media_kind"":""motion_media"",""path_alias"":""<media-path:fee4d36eb4>""},""playback_state"":""playing"",""playlist_size"":5,""present"":true,""uptime_sec"":4334}"
122	138.793	2026-07-15T15:38:36+0000	success		2	<media-path:2b030c3c41>	<media-path:2b030c3c41>	motion_media	<filename:c617160627>	12.166667	15.1	80.573951	false	false	false	365	v4l2request-copy	true	"{""aspect"":0.566038,""dh"":848,""dw"":480,""h"":848,""par"":1.0,""pixelformat"":""nv12"",""rotate"":0,""stereo-in"":""mono"",""w"":480}"	"{""duration"":""success"",""eof-reached"":""success"",""estimated-frame-number"":""success"",""filename"":""success"",""hwdec-current"":""success"",""idle-active"":""success"",""path"":""success"",""pause"":""success"",""percent-pos"":""success"",""time-pos"":""success"",""video-params"":""success"",""vo-configured"":""success""}"	true	playing	media-b04db49d99	<media-path:2b030c3c41>	15100	1	true	"{""black_screen_risk_reason"":""null"",""blocked_media_count"":0,""consecutive_failures"":0,""current_index"":1,""current_item"":{""alias"":""media-b04db49d99"",""duration_ms"":15100,""media_kind"":""motion_media"",""offset_ms"":0,""path_alias"":""<media-path:2b030c3c41>"",""started_at_present"":true},""last_poll_error"":""null"",""last_render_error"":""null"",""mpv_running"":true,""next_item"":{""alias"":""media-8ffdc1f445"",""duration_ms"":14000,""media_kind"":""motion_media"",""path_alias"":""<media-path:fee4d36eb4>""},""playback_state"":""playing"",""playlist_size"":5,""present"":true,""uptime_sec"":4339}"
123	139.798	2026-07-15T15:38:37+0000	success		2	<media-path:2b030c3c41>	<media-path:2b030c3c41>	motion_media	<filename:c617160627>	13.166667	15.1	87.196468	false	false	false	395	v4l2request-copy	true	"{""aspect"":0.566038,""dh"":848,""dw"":480,""h"":848,""par"":1.0,""pixelformat"":""nv12"",""rotate"":0,""stereo-in"":""mono"",""w"":480}"	"{""duration"":""success"",""eof-reached"":""success"",""estimated-frame-number"":""success"",""filename"":""success"",""hwdec-current"":""success"",""idle-active"":""success"",""path"":""success"",""pause"":""success"",""percent-pos"":""success"",""time-pos"":""success"",""video-params"":""success"",""vo-configured"":""success""}"	true	playing	media-b04db49d99	<media-path:2b030c3c41>	15100	1	true	"{""black_screen_risk_reason"":""null"",""blocked_media_count"":0,""consecutive_failures"":0,""current_index"":1,""current_item"":{""alias"":""media-b04db49d99"",""duration_ms"":15100,""media_kind"":""motion_media"",""offset_ms"":0,""path_alias"":""<media-path:2b030c3c41>"",""started_at_present"":true},""last_poll_error"":""null"",""last_render_error"":""null"",""mpv_running"":true,""next_item"":{""alias"":""media-8ffdc1f445"",""duration_ms"":14000,""media_kind"":""motion_media"",""path_alias"":""<media-path:fee4d36eb4>""},""playback_state"":""playing"",""playlist_size"":5,""present"":true,""uptime_sec"":4339}"
124	140.802	2026-07-15T15:38:38+0000	success		2	<media-path:2b030c3c41>	<media-path:2b030c3c41>	motion_media	<filename:c617160627>	14.166667	15.1	93.818985	false	false	false	425	v4l2request-copy	true	"{""aspect"":0.566038,""dh"":848,""dw"":480,""h"":848,""par"":1.0,""pixelformat"":""nv12"",""rotate"":0,""stereo-in"":""mono"",""w"":480}"	"{""duration"":""success"",""eof-reached"":""success"",""estimated-frame-number"":""success"",""filename"":""success"",""hwdec-current"":""success"",""idle-active"":""success"",""path"":""success"",""pause"":""success"",""percent-pos"":""success"",""time-pos"":""success"",""video-params"":""success"",""vo-configured"":""success""}"	true	playing	media-b04db49d99	<media-path:2b030c3c41>	15100	1	true	"{""black_screen_risk_reason"":""null"",""blocked_media_count"":0,""consecutive_failures"":0,""current_index"":1,""current_item"":{""alias"":""media-b04db49d99"",""duration_ms"":15100,""media_kind"":""motion_media"",""offset_ms"":0,""path_alias"":""<media-path:2b030c3c41>"",""started_at_present"":true},""last_poll_error"":""null"",""last_render_error"":""null"",""mpv_running"":true,""next_item"":{""alias"":""media-8ffdc1f445"",""duration_ms"":14000,""media_kind"":""motion_media"",""path_alias"":""<media-path:fee4d36eb4>""},""playback_state"":""playing"",""playlist_size"":5,""present"":true,""uptime_sec"":4339}"
125	141.807	2026-07-15T15:38:39+0000	success		33	<media-path:2b030c3c41>	<media-path:2b030c3c41>	motion_media	<filename:c617160627>	0.066667	15.1	0.441501	false	false	false	2	v4l2request-copy	true	"{""aspect"":0.566038,""dh"":848,""dw"":480,""h"":848,""par"":1.0,""pixelformat"":""nv12"",""rotate"":0,""stereo-in"":""mono"",""w"":480}"	"{""duration"":""success"",""eof-reached"":""success"",""estimated-frame-number"":""success"",""filename"":""success"",""hwdec-current"":""success"",""idle-active"":""success"",""path"":""success"",""pause"":""success"",""percent-pos"":""success"",""time-pos"":""success"",""video-params"":""success"",""vo-configured"":""success""}"	true	playing	media-b04db49d99	<media-path:2b030c3c41>	15100	1	true	"{""black_screen_risk_reason"":""null"",""blocked_media_count"":0,""consecutive_failures"":0,""current_index"":1,""current_item"":{""alias"":""media-b04db49d99"",""duration_ms"":15100,""media_kind"":""motion_media"",""offset_ms"":0,""path_alias"":""<media-path:2b030c3c41>"",""started_at_present"":true},""last_poll_error"":""null"",""last_render_error"":""null"",""mpv_running"":true,""next_item"":{""alias"":""media-8ffdc1f445"",""duration_ms"":14000,""media_kind"":""motion_media"",""path_alias"":""<media-path:fee4d36eb4>""},""playback_state"":""playing"",""playlist_size"":5,""present"":true,""uptime_sec"":4339}"
126	142.844	2026-07-15T15:38:40+0000	success		2	<media-path:fee4d36eb4>	<media-path:fee4d36eb4>	motion_media	<filename:8ba6df5956>	0.8	14	5.714286	false	false	false	24	v4l2request-copy	true	"{""aspect"":0.557692,""dh"":832,""dw"":464,""h"":832,""par"":1.0,""pixelformat"":""nv12"",""rotate"":0,""stereo-in"":""mono"",""w"":464}"	"{""duration"":""success"",""eof-reached"":""success"",""estimated-frame-number"":""success"",""filename"":""success"",""hwdec-current"":""success"",""idle-active"":""success"",""path"":""success"",""pause"":""success"",""percent-pos"":""success"",""time-pos"":""success"",""video-params"":""success"",""vo-configured"":""success""}"	true	playing	media-b04db49d99	<media-path:2b030c3c41>	15100	1	true	"{""black_screen_risk_reason"":""null"",""blocked_media_count"":0,""consecutive_failures"":0,""current_index"":1,""current_item"":{""alias"":""media-b04db49d99"",""duration_ms"":15100,""media_kind"":""motion_media"",""offset_ms"":0,""path_alias"":""<media-path:2b030c3c41>"",""started_at_present"":true},""last_poll_error"":""null"",""last_render_error"":""null"",""mpv_running"":true,""next_item"":{""alias"":""media-8ffdc1f445"",""duration_ms"":14000,""media_kind"":""motion_media"",""path_alias"":""<media-path:fee4d36eb4>""},""playback_state"":""playing"",""playlist_size"":5,""present"":true,""uptime_sec"":4339}"
127	143.848	2026-07-15T15:38:41+0000	success		2	<media-path:fee4d36eb4>	<media-path:fee4d36eb4>	motion_media	<filename:8ba6df5956>	1.833333	14	13.095238	false	false	false	55	v4l2request-copy	true	"{""aspect"":0.557692,""dh"":832,""dw"":464,""h"":832,""par"":1.0,""pixelformat"":""nv12"",""rotate"":0,""stereo-in"":""mono"",""w"":464}"	"{""duration"":""success"",""eof-reached"":""success"",""estimated-frame-number"":""success"",""filename"":""success"",""hwdec-current"":""success"",""idle-active"":""success"",""path"":""success"",""pause"":""success"",""percent-pos"":""success"",""time-pos"":""success"",""video-params"":""success"",""vo-configured"":""success""}"	true	playing	media-8ffdc1f445	<media-path:fee4d36eb4>	14000	2	true	"{""black_screen_risk_reason"":""null"",""blocked_media_count"":0,""consecutive_failures"":0,""current_index"":2,""current_item"":{""alias"":""media-8ffdc1f445"",""duration_ms"":14000,""media_kind"":""motion_media"",""offset_ms"":0,""path_alias"":""<media-path:fee4d36eb4>"",""started_at_present"":true},""last_poll_error"":""null"",""last_render_error"":""null"",""mpv_running"":true,""next_item"":{""alias"":""media-749f1db21b"",""duration_ms"":3900,""media_kind"":""motion_media"",""path_alias"":""<media-path:31af3d58a2>""},""playback_state"":""playing"",""playlist_size"":5,""present"":true,""uptime_sec"":4344}"
128	144.854	2026-07-15T15:38:42+0000	success		3	<media-path:fee4d36eb4>	<media-path:fee4d36eb4>	motion_media	<filename:8ba6df5956>	2.833333	14	20.238095	false	false	false	85	v4l2request-copy	true	"{""aspect"":0.557692,""dh"":832,""dw"":464,""h"":832,""par"":1.0,""pixelformat"":""nv12"",""rotate"":0,""stereo-in"":""mono"",""w"":464}"	"{""duration"":""success"",""eof-reached"":""success"",""estimated-frame-number"":""success"",""filename"":""success"",""hwdec-current"":""success"",""idle-active"":""success"",""path"":""success"",""pause"":""success"",""percent-pos"":""success"",""time-pos"":""success"",""video-params"":""success"",""vo-configured"":""success""}"	true	playing	media-8ffdc1f445	<media-path:fee4d36eb4>	14000	2	true	"{""black_screen_risk_reason"":""null"",""blocked_media_count"":0,""consecutive_failures"":0,""current_index"":2,""current_item"":{""alias"":""media-8ffdc1f445"",""duration_ms"":14000,""media_kind"":""motion_media"",""offset_ms"":0,""path_alias"":""<media-path:fee4d36eb4>"",""started_at_present"":true},""last_poll_error"":""null"",""last_render_error"":""null"",""mpv_running"":true,""next_item"":{""alias"":""media-749f1db21b"",""duration_ms"":3900,""media_kind"":""motion_media"",""path_alias"":""<media-path:31af3d58a2>""},""playback_state"":""playing"",""playlist_size"":5,""present"":true,""uptime_sec"":4344}"
129	145.860	2026-07-15T15:38:43+0000	success		2	<media-path:fee4d36eb4>	<media-path:fee4d36eb4>	motion_media	<filename:8ba6df5956>	3.833333	14	27.380952	false	false	false	115	v4l2request-copy	true	"{""aspect"":0.557692,""dh"":832,""dw"":464,""h"":832,""par"":1.0,""pixelformat"":""nv12"",""rotate"":0,""stereo-in"":""mono"",""w"":464}"	"{""duration"":""success"",""eof-reached"":""success"",""estimated-frame-number"":""success"",""filename"":""success"",""hwdec-current"":""success"",""idle-active"":""success"",""path"":""success"",""pause"":""success"",""percent-pos"":""success"",""time-pos"":""success"",""video-params"":""success"",""vo-configured"":""success""}"	true	playing	media-8ffdc1f445	<media-path:fee4d36eb4>	14000	2	true	"{""black_screen_risk_reason"":""null"",""blocked_media_count"":0,""consecutive_failures"":0,""current_index"":2,""current_item"":{""alias"":""media-8ffdc1f445"",""duration_ms"":14000,""media_kind"":""motion_media"",""offset_ms"":0,""path_alias"":""<media-path:fee4d36eb4>"",""started_at_present"":true},""last_poll_error"":""null"",""last_render_error"":""null"",""mpv_running"":true,""next_item"":{""alias"":""media-749f1db21b"",""duration_ms"":3900,""media_kind"":""motion_media"",""path_alias"":""<media-path:31af3d58a2>""},""playback_state"":""playing"",""playlist_size"":5,""present"":true,""uptime_sec"":4344}"
130	146.864	2026-07-15T15:38:44+0000	success		2	<media-path:fee4d36eb4>	<media-path:fee4d36eb4>	motion_media	<filename:8ba6df5956>	4.833333	14	34.52381	false	false	false	145	v4l2request-copy	true	"{""aspect"":0.557692,""dh"":832,""dw"":464,""h"":832,""par"":1.0,""pixelformat"":""nv12"",""rotate"":0,""stereo-in"":""mono"",""w"":464}"	"{""duration"":""success"",""eof-reached"":""success"",""estimated-frame-number"":""success"",""filename"":""success"",""hwdec-current"":""success"",""idle-active"":""success"",""path"":""success"",""pause"":""success"",""percent-pos"":""success"",""time-pos"":""success"",""video-params"":""success"",""vo-configured"":""success""}"	true	playing	media-8ffdc1f445	<media-path:fee4d36eb4>	14000	2	true	"{""black_screen_risk_reason"":""null"",""blocked_media_count"":0,""consecutive_failures"":0,""current_index"":2,""current_item"":{""alias"":""media-8ffdc1f445"",""duration_ms"":14000,""media_kind"":""motion_media"",""offset_ms"":0,""path_alias"":""<media-path:fee4d36eb4>"",""started_at_present"":true},""last_poll_error"":""null"",""last_render_error"":""null"",""mpv_running"":true,""next_item"":{""alias"":""media-749f1db21b"",""duration_ms"":3900,""media_kind"":""motion_media"",""path_alias"":""<media-path:31af3d58a2>""},""playback_state"":""playing"",""playlist_size"":5,""present"":true,""uptime_sec"":4344}"
131	147.869	2026-07-15T15:38:45+0000	success		2	<media-path:fee4d36eb4>	<media-path:fee4d36eb4>	motion_media	<filename:8ba6df5956>	5.833333	14	41.666667	false	false	false	175	v4l2request-copy	true	"{""aspect"":0.557692,""dh"":832,""dw"":464,""h"":832,""par"":1.0,""pixelformat"":""nv12"",""rotate"":0,""stereo-in"":""mono"",""w"":464}"	"{""duration"":""success"",""eof-reached"":""success"",""estimated-frame-number"":""success"",""filename"":""success"",""hwdec-current"":""success"",""idle-active"":""success"",""path"":""success"",""pause"":""success"",""percent-pos"":""success"",""time-pos"":""success"",""video-params"":""success"",""vo-configured"":""success""}"	true	playing	media-8ffdc1f445	<media-path:fee4d36eb4>	14000	2	true	"{""black_screen_risk_reason"":""null"",""blocked_media_count"":0,""consecutive_failures"":0,""current_index"":2,""current_item"":{""alias"":""media-8ffdc1f445"",""duration_ms"":14000,""media_kind"":""motion_media"",""offset_ms"":0,""path_alias"":""<media-path:fee4d36eb4>"",""started_at_present"":true},""last_poll_error"":""null"",""last_render_error"":""null"",""mpv_running"":true,""next_item"":{""alias"":""media-749f1db21b"",""duration_ms"":3900,""media_kind"":""motion_media"",""path_alias"":""<media-path:31af3d58a2>""},""playback_state"":""playing"",""playlist_size"":5,""present"":true,""uptime_sec"":4344}"
132	148.873	2026-07-15T15:38:46+0000	success		2	<media-path:fee4d36eb4>	<media-path:fee4d36eb4>	motion_media	<filename:8ba6df5956>	6.833333	14	48.809524	false	false	false	205	v4l2request-copy	true	"{""aspect"":0.557692,""dh"":832,""dw"":464,""h"":832,""par"":1.0,""pixelformat"":""nv12"",""rotate"":0,""stereo-in"":""mono"",""w"":464}"	"{""duration"":""success"",""eof-reached"":""success"",""estimated-frame-number"":""success"",""filename"":""success"",""hwdec-current"":""success"",""idle-active"":""success"",""path"":""success"",""pause"":""success"",""percent-pos"":""success"",""time-pos"":""success"",""video-params"":""success"",""vo-configured"":""success""}"	true	playing	media-8ffdc1f445	<media-path:fee4d36eb4>	14000	2	true	"{""black_screen_risk_reason"":""null"",""blocked_media_count"":0,""consecutive_failures"":0,""current_index"":2,""current_item"":{""alias"":""media-8ffdc1f445"",""duration_ms"":14000,""media_kind"":""motion_media"",""offset_ms"":0,""path_alias"":""<media-path:fee4d36eb4>"",""started_at_present"":true},""last_poll_error"":""null"",""last_render_error"":""null"",""mpv_running"":true,""next_item"":{""alias"":""media-749f1db21b"",""duration_ms"":3900,""media_kind"":""motion_media"",""path_alias"":""<media-path:31af3d58a2>""},""playback_state"":""playing"",""playlist_size"":5,""present"":true,""uptime_sec"":4349}"
133	149.877	2026-07-15T15:38:47+0000	success		2	<media-path:fee4d36eb4>	<media-path:fee4d36eb4>	motion_media	<filename:8ba6df5956>	7.833333	14	55.952381	false	false	false	235	v4l2request-copy	true	"{""aspect"":0.557692,""dh"":832,""dw"":464,""h"":832,""par"":1.0,""pixelformat"":""nv12"",""rotate"":0,""stereo-in"":""mono"",""w"":464}"	"{""duration"":""success"",""eof-reached"":""success"",""estimated-frame-number"":""success"",""filename"":""success"",""hwdec-current"":""success"",""idle-active"":""success"",""path"":""success"",""pause"":""success"",""percent-pos"":""success"",""time-pos"":""success"",""video-params"":""success"",""vo-configured"":""success""}"	true	playing	media-8ffdc1f445	<media-path:fee4d36eb4>	14000	2	true	"{""black_screen_risk_reason"":""null"",""blocked_media_count"":0,""consecutive_failures"":0,""current_index"":2,""current_item"":{""alias"":""media-8ffdc1f445"",""duration_ms"":14000,""media_kind"":""motion_media"",""offset_ms"":0,""path_alias"":""<media-path:fee4d36eb4>"",""started_at_present"":true},""last_poll_error"":""null"",""last_render_error"":""null"",""mpv_running"":true,""next_item"":{""alias"":""media-749f1db21b"",""duration_ms"":3900,""media_kind"":""motion_media"",""path_alias"":""<media-path:31af3d58a2>""},""playback_state"":""playing"",""playlist_size"":5,""present"":true,""uptime_sec"":4349}"
134	150.882	2026-07-15T15:38:48+0000	success		3	<media-path:fee4d36eb4>	<media-path:fee4d36eb4>	motion_media	<filename:8ba6df5956>	8.866667	14	63.333333	false	false	false	266	v4l2request-copy	true	"{""aspect"":0.557692,""dh"":832,""dw"":464,""h"":832,""par"":1.0,""pixelformat"":""nv12"",""rotate"":0,""stereo-in"":""mono"",""w"":464}"	"{""duration"":""success"",""eof-reached"":""success"",""estimated-frame-number"":""success"",""filename"":""success"",""hwdec-current"":""success"",""idle-active"":""success"",""path"":""success"",""pause"":""success"",""percent-pos"":""success"",""time-pos"":""success"",""video-params"":""success"",""vo-configured"":""success""}"	true	playing	media-8ffdc1f445	<media-path:fee4d36eb4>	14000	2	true	"{""black_screen_risk_reason"":""null"",""blocked_media_count"":0,""consecutive_failures"":0,""current_index"":2,""current_item"":{""alias"":""media-8ffdc1f445"",""duration_ms"":14000,""media_kind"":""motion_media"",""offset_ms"":0,""path_alias"":""<media-path:fee4d36eb4>"",""started_at_present"":true},""last_poll_error"":""null"",""last_render_error"":""null"",""mpv_running"":true,""next_item"":{""alias"":""media-749f1db21b"",""duration_ms"":3900,""media_kind"":""motion_media"",""path_alias"":""<media-path:31af3d58a2>""},""playback_state"":""playing"",""playlist_size"":5,""present"":true,""uptime_sec"":4349}"
135	151.888	2026-07-15T15:38:49+0000	success		1	<media-path:fee4d36eb4>	<media-path:fee4d36eb4>	motion_media	<filename:8ba6df5956>	9.866667	14	70.47619	false	false	false	296	v4l2request-copy	true	"{""aspect"":0.557692,""dh"":832,""dw"":464,""h"":832,""par"":1.0,""pixelformat"":""nv12"",""rotate"":0,""stereo-in"":""mono"",""w"":464}"	"{""duration"":""success"",""eof-reached"":""success"",""estimated-frame-number"":""success"",""filename"":""success"",""hwdec-current"":""success"",""idle-active"":""success"",""path"":""success"",""pause"":""success"",""percent-pos"":""success"",""time-pos"":""success"",""video-params"":""success"",""vo-configured"":""success""}"	true	playing	media-8ffdc1f445	<media-path:fee4d36eb4>	14000	2	true	"{""black_screen_risk_reason"":""null"",""blocked_media_count"":0,""consecutive_failures"":0,""current_index"":2,""current_item"":{""alias"":""media-8ffdc1f445"",""duration_ms"":14000,""media_kind"":""motion_media"",""offset_ms"":0,""path_alias"":""<media-path:fee4d36eb4>"",""started_at_present"":true},""last_poll_error"":""null"",""last_render_error"":""null"",""mpv_running"":true,""next_item"":{""alias"":""media-749f1db21b"",""duration_ms"":3900,""media_kind"":""motion_media"",""path_alias"":""<media-path:31af3d58a2>""},""playback_state"":""playing"",""playlist_size"":5,""present"":true,""uptime_sec"":4349}"
136	152.892	2026-07-15T15:38:50+0000	success		1	<media-path:fee4d36eb4>	<media-path:fee4d36eb4>	motion_media	<filename:8ba6df5956>	10.866667	14	77.619048	false	false	false	326	v4l2request-copy	true	"{""aspect"":0.557692,""dh"":832,""dw"":464,""h"":832,""par"":1.0,""pixelformat"":""nv12"",""rotate"":0,""stereo-in"":""mono"",""w"":464}"	"{""duration"":""success"",""eof-reached"":""success"",""estimated-frame-number"":""success"",""filename"":""success"",""hwdec-current"":""success"",""idle-active"":""success"",""path"":""success"",""pause"":""success"",""percent-pos"":""success"",""time-pos"":""success"",""video-params"":""success"",""vo-configured"":""success""}"	true	playing	media-8ffdc1f445	<media-path:fee4d36eb4>	14000	2	true	"{""black_screen_risk_reason"":""null"",""blocked_media_count"":0,""consecutive_failures"":0,""current_index"":2,""current_item"":{""alias"":""media-8ffdc1f445"",""duration_ms"":14000,""media_kind"":""motion_media"",""offset_ms"":0,""path_alias"":""<media-path:fee4d36eb4>"",""started_at_present"":true},""last_poll_error"":""null"",""last_render_error"":""null"",""mpv_running"":true,""next_item"":{""alias"":""media-749f1db21b"",""duration_ms"":3900,""media_kind"":""motion_media"",""path_alias"":""<media-path:31af3d58a2>""},""playback_state"":""playing"",""playlist_size"":5,""present"":true,""uptime_sec"":4349}"
137	153.897	2026-07-15T15:38:51+0000	success		2	<media-path:fee4d36eb4>	<media-path:fee4d36eb4>	motion_media	<filename:8ba6df5956>	11.866667	14	84.761905	false	false	false	356	v4l2request-copy	true	"{""aspect"":0.557692,""dh"":832,""dw"":464,""h"":832,""par"":1.0,""pixelformat"":""nv12"",""rotate"":0,""stereo-in"":""mono"",""w"":464}"	"{""duration"":""success"",""eof-reached"":""success"",""estimated-frame-number"":""success"",""filename"":""success"",""hwdec-current"":""success"",""idle-active"":""success"",""path"":""success"",""pause"":""success"",""percent-pos"":""success"",""time-pos"":""success"",""video-params"":""success"",""vo-configured"":""success""}"	true	playing	media-8ffdc1f445	<media-path:fee4d36eb4>	14000	2	true	"{""black_screen_risk_reason"":""null"",""blocked_media_count"":0,""consecutive_failures"":0,""current_index"":2,""current_item"":{""alias"":""media-8ffdc1f445"",""duration_ms"":14000,""media_kind"":""motion_media"",""offset_ms"":0,""path_alias"":""<media-path:fee4d36eb4>"",""started_at_present"":true},""last_poll_error"":""null"",""last_render_error"":""null"",""mpv_running"":true,""next_item"":{""alias"":""media-749f1db21b"",""duration_ms"":3900,""media_kind"":""motion_media"",""path_alias"":""<media-path:31af3d58a2>""},""playback_state"":""playing"",""playlist_size"":5,""present"":true,""uptime_sec"":4354}"
138	154.904	2026-07-15T15:38:52+0000	success		3	<media-path:fee4d36eb4>	<media-path:fee4d36eb4>	motion_media	<filename:8ba6df5956>	12.866667	14	91.904762	false	false	false	386	v4l2request-copy	true	"{""aspect"":0.557692,""dh"":832,""dw"":464,""h"":832,""par"":1.0,""pixelformat"":""nv12"",""rotate"":0,""stereo-in"":""mono"",""w"":464}"	"{""duration"":""success"",""eof-reached"":""success"",""estimated-frame-number"":""success"",""filename"":""success"",""hwdec-current"":""success"",""idle-active"":""success"",""path"":""success"",""pause"":""success"",""percent-pos"":""success"",""time-pos"":""success"",""video-params"":""success"",""vo-configured"":""success""}"	true	playing	media-8ffdc1f445	<media-path:fee4d36eb4>	14000	2	true	"{""black_screen_risk_reason"":""null"",""blocked_media_count"":0,""consecutive_failures"":0,""current_index"":2,""current_item"":{""alias"":""media-8ffdc1f445"",""duration_ms"":14000,""media_kind"":""motion_media"",""offset_ms"":0,""path_alias"":""<media-path:fee4d36eb4>"",""started_at_present"":true},""last_poll_error"":""null"",""last_render_error"":""null"",""mpv_running"":true,""next_item"":{""alias"":""media-749f1db21b"",""duration_ms"":3900,""media_kind"":""motion_media"",""path_alias"":""<media-path:31af3d58a2>""},""playback_state"":""playing"",""playlist_size"":5,""present"":true,""uptime_sec"":4354}"
139	155.910	2026-07-15T15:38:53+0000	success		2	<media-path:fee4d36eb4>	<media-path:fee4d36eb4>	motion_media	<filename:8ba6df5956>	13.866667	14	99.047619	false	false	false	416	v4l2request-copy	true	"{""aspect"":0.557692,""dh"":832,""dw"":464,""h"":832,""par"":1.0,""pixelformat"":""nv12"",""rotate"":0,""stereo-in"":""mono"",""w"":464}"	"{""duration"":""success"",""eof-reached"":""success"",""estimated-frame-number"":""success"",""filename"":""success"",""hwdec-current"":""success"",""idle-active"":""success"",""path"":""success"",""pause"":""success"",""percent-pos"":""success"",""time-pos"":""success"",""video-params"":""success"",""vo-configured"":""success""}"	true	playing	media-8ffdc1f445	<media-path:fee4d36eb4>	14000	2	true	"{""black_screen_risk_reason"":""null"",""blocked_media_count"":0,""consecutive_failures"":0,""current_index"":2,""current_item"":{""alias"":""media-8ffdc1f445"",""duration_ms"":14000,""media_kind"":""motion_media"",""offset_ms"":0,""path_alias"":""<media-path:fee4d36eb4>"",""started_at_present"":true},""last_poll_error"":""null"",""last_render_error"":""null"",""mpv_running"":true,""next_item"":{""alias"":""media-749f1db21b"",""duration_ms"":3900,""media_kind"":""motion_media"",""path_alias"":""<media-path:31af3d58a2>""},""playback_state"":""playing"",""playlist_size"":5,""present"":true,""uptime_sec"":4354}"
140	156.914	2026-07-15T15:38:54+0000	success		4	<media-path:31af3d58a2>	<media-path:31af3d58a2>	motion_media	<filename:92829f14a9>	0.7	3.9	17.948718	false	false	false	21	v4l2request-copy	true	"{""aspect"":0.566038,""dh"":848,""dw"":480,""h"":848,""par"":1.0,""pixelformat"":""nv12"",""rotate"":0,""stereo-in"":""mono"",""w"":480}"	"{""duration"":""success"",""eof-reached"":""success"",""estimated-frame-number"":""success"",""filename"":""success"",""hwdec-current"":""success"",""idle-active"":""success"",""path"":""success"",""pause"":""success"",""percent-pos"":""success"",""time-pos"":""success"",""video-params"":""success"",""vo-configured"":""success""}"	true	playing	media-8ffdc1f445	<media-path:fee4d36eb4>	14000	2	true	"{""black_screen_risk_reason"":""null"",""blocked_media_count"":0,""consecutive_failures"":0,""current_index"":2,""current_item"":{""alias"":""media-8ffdc1f445"",""duration_ms"":14000,""media_kind"":""motion_media"",""offset_ms"":0,""path_alias"":""<media-path:fee4d36eb4>"",""started_at_present"":true},""last_poll_error"":""null"",""last_render_error"":""null"",""mpv_running"":true,""next_item"":{""alias"":""media-749f1db21b"",""duration_ms"":3900,""media_kind"":""motion_media"",""path_alias"":""<media-path:31af3d58a2>""},""playback_state"":""playing"",""playlist_size"":5,""present"":true,""uptime_sec"":4354}"
141	157.922	2026-07-15T15:38:55+0000	success		2	<media-path:31af3d58a2>	<media-path:31af3d58a2>	motion_media	<filename:92829f14a9>	1.7	3.9	43.589744	false	false	false	51	v4l2request-copy	true	"{""aspect"":0.566038,""dh"":848,""dw"":480,""h"":848,""par"":1.0,""pixelformat"":""nv12"",""rotate"":0,""stereo-in"":""mono"",""w"":480}"	"{""duration"":""success"",""eof-reached"":""success"",""estimated-frame-number"":""success"",""filename"":""success"",""hwdec-current"":""success"",""idle-active"":""success"",""path"":""success"",""pause"":""success"",""percent-pos"":""success"",""time-pos"":""success"",""video-params"":""success"",""vo-configured"":""success""}"	true	playing	media-8ffdc1f445	<media-path:fee4d36eb4>	14000	2	true	"{""black_screen_risk_reason"":""null"",""blocked_media_count"":0,""consecutive_failures"":0,""current_index"":2,""current_item"":{""alias"":""media-8ffdc1f445"",""duration_ms"":14000,""media_kind"":""motion_media"",""offset_ms"":0,""path_alias"":""<media-path:fee4d36eb4>"",""started_at_present"":true},""last_poll_error"":""null"",""last_render_error"":""null"",""mpv_running"":true,""next_item"":{""alias"":""media-749f1db21b"",""duration_ms"":3900,""media_kind"":""motion_media"",""path_alias"":""<media-path:31af3d58a2>""},""playback_state"":""playing"",""playlist_size"":5,""present"":true,""uptime_sec"":4354}"
142	158.926	2026-07-15T15:38:56+0000	success		3	<media-path:31af3d58a2>	<media-path:31af3d58a2>	motion_media	<filename:92829f14a9>	2.733333	3.9	70.08547	false	false	false	81	v4l2request-copy	true	"{""aspect"":0.566038,""dh"":848,""dw"":480,""h"":848,""par"":1.0,""pixelformat"":""nv12"",""rotate"":0,""stereo-in"":""mono"",""w"":480}"	"{""duration"":""success"",""eof-reached"":""success"",""estimated-frame-number"":""success"",""filename"":""success"",""hwdec-current"":""success"",""idle-active"":""success"",""path"":""success"",""pause"":""success"",""percent-pos"":""success"",""time-pos"":""success"",""video-params"":""success"",""vo-configured"":""success""}"	true	playing	media-749f1db21b	<media-path:31af3d58a2>	3900	3	true	"{""black_screen_risk_reason"":""null"",""blocked_media_count"":0,""consecutive_failures"":0,""current_index"":3,""current_item"":{""alias"":""media-749f1db21b"",""duration_ms"":3900,""media_kind"":""motion_media"",""offset_ms"":0,""path_alias"":""<media-path:31af3d58a2>"",""started_at_present"":true},""last_poll_error"":""null"",""last_render_error"":""null"",""mpv_running"":true,""next_item"":{""alias"":""media-b8c9a5f04c"",""duration_ms"":28100,""media_kind"":""motion_media"",""path_alias"":""<media-path:3ba49b8978>""},""playback_state"":""playing"",""playlist_size"":5,""present"":true,""uptime_sec"":4359}"
143	159.933	2026-07-15T15:38:57+0000	success		2	<media-path:31af3d58a2>	<media-path:31af3d58a2>	motion_media	<filename:92829f14a9>	3.733333	3.9	95.726496	false	false	false	111	v4l2request-copy	true	"{""aspect"":0.566038,""dh"":848,""dw"":480,""h"":848,""par"":1.0,""pixelformat"":""nv12"",""rotate"":0,""stereo-in"":""mono"",""w"":480}"	"{""duration"":""success"",""eof-reached"":""success"",""estimated-frame-number"":""success"",""filename"":""success"",""hwdec-current"":""success"",""idle-active"":""success"",""path"":""success"",""pause"":""success"",""percent-pos"":""success"",""time-pos"":""success"",""video-params"":""success"",""vo-configured"":""success""}"	true	playing	media-749f1db21b	<media-path:31af3d58a2>	3900	3	true	"{""black_screen_risk_reason"":""null"",""blocked_media_count"":0,""consecutive_failures"":0,""current_index"":3,""current_item"":{""alias"":""media-749f1db21b"",""duration_ms"":3900,""media_kind"":""motion_media"",""offset_ms"":0,""path_alias"":""<media-path:31af3d58a2>"",""started_at_present"":true},""last_poll_error"":""null"",""last_render_error"":""null"",""mpv_running"":true,""next_item"":{""alias"":""media-b8c9a5f04c"",""duration_ms"":28100,""media_kind"":""motion_media"",""path_alias"":""<media-path:3ba49b8978>""},""playback_state"":""playing"",""playlist_size"":5,""present"":true,""uptime_sec"":4359}"
144	160.938	2026-07-15T15:38:58+0000	success		508	<media-path:3ba49b8978>	<media-path:3ba49b8978>	motion_media	<filename:e511e8bce0>	0.3003	28.061367	1.307967	false	false	false	13	v4l2request-copy	true	"{""aspect"":0.5625,""dh"":1920,""dw"":1080,""h"":1920,""par"":1.0,""pixelformat"":""nv12"",""rotate"":0,""stereo-in"":""mono"",""w"":1080}"	"{""duration"":""success"",""eof-reached"":""success"",""estimated-frame-number"":""success"",""filename"":""success"",""hwdec-current"":""success"",""idle-active"":""success"",""path"":""success"",""pause"":""success"",""percent-pos"":""success"",""time-pos"":""success"",""video-params"":""success"",""vo-configured"":""success""}"	true	playing	media-749f1db21b	<media-path:31af3d58a2>	3900	3	true	"{""black_screen_risk_reason"":""null"",""blocked_media_count"":0,""consecutive_failures"":0,""current_index"":3,""current_item"":{""alias"":""media-749f1db21b"",""duration_ms"":3900,""media_kind"":""motion_media"",""offset_ms"":0,""path_alias"":""<media-path:31af3d58a2>"",""started_at_present"":true},""last_poll_error"":""null"",""last_render_error"":""null"",""mpv_running"":true,""next_item"":{""alias"":""media-b8c9a5f04c"",""duration_ms"":28100,""media_kind"":""motion_media"",""path_alias"":""<media-path:3ba49b8978>""},""playback_state"":""playing"",""playlist_size"":5,""present"":true,""uptime_sec"":4359}"
145	162.450	2026-07-15T15:39:00+0000	success		471	<media-path:3ba49b8978>	<media-path:3ba49b8978>	motion_media	<filename:e511e8bce0>	1.468133	28.061367	5.469679	false	false	false	48	v4l2request-copy	true	"{""aspect"":0.5625,""dh"":1920,""dw"":1080,""h"":1920,""par"":1.0,""pixelformat"":""nv12"",""rotate"":0,""stereo-in"":""mono"",""w"":1080}"	"{""duration"":""success"",""eof-reached"":""success"",""estimated-frame-number"":""success"",""filename"":""success"",""hwdec-current"":""success"",""idle-active"":""success"",""path"":""success"",""pause"":""success"",""percent-pos"":""success"",""time-pos"":""success"",""video-params"":""success"",""vo-configured"":""success""}"	true	playing	media-749f1db21b	<media-path:31af3d58a2>	3900	3	true	"{""black_screen_risk_reason"":""null"",""blocked_media_count"":0,""consecutive_failures"":0,""current_index"":3,""current_item"":{""alias"":""media-749f1db21b"",""duration_ms"":3900,""media_kind"":""motion_media"",""offset_ms"":0,""path_alias"":""<media-path:31af3d58a2>"",""started_at_present"":true},""last_poll_error"":""null"",""last_render_error"":""null"",""mpv_running"":true,""next_item"":{""alias"":""media-b8c9a5f04c"",""duration_ms"":28100,""media_kind"":""motion_media"",""path_alias"":""<media-path:3ba49b8978>""},""playback_state"":""playing"",""playlist_size"":5,""present"":true,""uptime_sec"":4359}"
146	163.926	2026-07-15T15:39:01+0000	success		146	<media-path:3ba49b8978>	<media-path:3ba49b8978>	motion_media	<filename:e511e8bce0>	2.635967	28.061367	9.512485	false	false	false	80	v4l2request-copy	true	"{""aspect"":0.5625,""dh"":1920,""dw"":1080,""h"":1920,""par"":1.0,""pixelformat"":""nv12"",""rotate"":0,""stereo-in"":""mono"",""w"":1080}"	"{""duration"":""success"",""eof-reached"":""success"",""estimated-frame-number"":""success"",""filename"":""success"",""hwdec-current"":""success"",""idle-active"":""success"",""path"":""success"",""pause"":""success"",""percent-pos"":""success"",""time-pos"":""success"",""video-params"":""success"",""vo-configured"":""success""}"	true	playing	media-b8c9a5f04c	<media-path:3ba49b8978>	28100	4	true	"{""black_screen_risk_reason"":""null"",""blocked_media_count"":0,""consecutive_failures"":0,""current_index"":4,""current_item"":{""alias"":""media-b8c9a5f04c"",""duration_ms"":28100,""media_kind"":""motion_media"",""offset_ms"":0,""path_alias"":""<media-path:3ba49b8978>"",""started_at_present"":true},""last_poll_error"":""null"",""last_render_error"":""null"",""mpv_running"":true,""next_item"":{""alias"":""media-63e22e276f"",""duration_ms"":15100,""media_kind"":""motion_media"",""path_alias"":""<media-path:c406539999>""},""playback_state"":""playing"",""playlist_size"":5,""present"":true,""uptime_sec"":4364}"
147	165.077	2026-07-15T15:39:02+0000	success		470	<media-path:3ba49b8978>	<media-path:3ba49b8978>	motion_media	<filename:e511e8bce0>	3.536867	28.061367	12.841855	false	false	false	110	v4l2request-copy	true	"{""aspect"":0.5625,""dh"":1920,""dw"":1080,""h"":1920,""par"":1.0,""pixelformat"":""nv12"",""rotate"":0,""stereo-in"":""mono"",""w"":1080}"	"{""duration"":""success"",""eof-reached"":""success"",""estimated-frame-number"":""success"",""filename"":""success"",""hwdec-current"":""success"",""idle-active"":""success"",""path"":""success"",""pause"":""success"",""percent-pos"":""success"",""time-pos"":""success"",""video-params"":""success"",""vo-configured"":""success""}"	true	playing	media-b8c9a5f04c	<media-path:3ba49b8978>	28100	4	true	"{""black_screen_risk_reason"":""null"",""blocked_media_count"":0,""consecutive_failures"":0,""current_index"":4,""current_item"":{""alias"":""media-b8c9a5f04c"",""duration_ms"":28100,""media_kind"":""motion_media"",""offset_ms"":0,""path_alias"":""<media-path:3ba49b8978>"",""started_at_present"":true},""last_poll_error"":""null"",""last_render_error"":""null"",""mpv_running"":true,""next_item"":{""alias"":""media-63e22e276f"",""duration_ms"":15100,""media_kind"":""motion_media"",""path_alias"":""<media-path:c406539999>""},""playback_state"":""playing"",""playlist_size"":5,""present"":true,""uptime_sec"":4364}"
148	166.551	2026-07-15T15:39:04+0000	success		309	<media-path:3ba49b8978>	<media-path:3ba49b8978>	motion_media	<filename:e511e8bce0>	4.671333	28.061367	16.884661	false	false	false	144	v4l2request-copy	true	"{""aspect"":0.5625,""dh"":1920,""dw"":1080,""h"":1920,""par"":1.0,""pixelformat"":""nv12"",""rotate"":0,""stereo-in"":""mono"",""w"":1080}"	"{""duration"":""success"",""eof-reached"":""success"",""estimated-frame-number"":""success"",""filename"":""success"",""hwdec-current"":""success"",""idle-active"":""success"",""path"":""success"",""pause"":""success"",""percent-pos"":""success"",""time-pos"":""success"",""video-params"":""success"",""vo-configured"":""success""}"	true	playing	media-b8c9a5f04c	<media-path:3ba49b8978>	28100	4	true	"{""black_screen_risk_reason"":""null"",""blocked_media_count"":0,""consecutive_failures"":0,""current_index"":4,""current_item"":{""alias"":""media-b8c9a5f04c"",""duration_ms"":28100,""media_kind"":""motion_media"",""offset_ms"":0,""path_alias"":""<media-path:3ba49b8978>"",""started_at_present"":true},""last_poll_error"":""null"",""last_render_error"":""null"",""mpv_running"":true,""next_item"":{""alias"":""media-63e22e276f"",""duration_ms"":15100,""media_kind"":""motion_media"",""path_alias"":""<media-path:c406539999>""},""playback_state"":""playing"",""playlist_size"":5,""present"":true,""uptime_sec"":4364}"
149	167.864	2026-07-15T15:39:05+0000	success		482	<media-path:3ba49b8978>	<media-path:3ba49b8978>	motion_media	<filename:e511e8bce0>	5.7057	28.061367	20.570749	false	false	false	175	v4l2request-copy	true	"{""aspect"":0.5625,""dh"":1920,""dw"":1080,""h"":1920,""par"":1.0,""pixelformat"":""nv12"",""rotate"":0,""stereo-in"":""mono"",""w"":1080}"	"{""duration"":""success"",""eof-reached"":""success"",""estimated-frame-number"":""success"",""filename"":""success"",""hwdec-current"":""success"",""idle-active"":""success"",""path"":""success"",""pause"":""success"",""percent-pos"":""success"",""time-pos"":""success"",""video-params"":""success"",""vo-configured"":""success""}"	true	playing	media-b8c9a5f04c	<media-path:3ba49b8978>	28100	4	true	"{""black_screen_risk_reason"":""null"",""blocked_media_count"":0,""consecutive_failures"":0,""current_index"":4,""current_item"":{""alias"":""media-b8c9a5f04c"",""duration_ms"":28100,""media_kind"":""motion_media"",""offset_ms"":0,""path_alias"":""<media-path:3ba49b8978>"",""started_at_present"":true},""last_poll_error"":""null"",""last_render_error"":""null"",""mpv_running"":true,""next_item"":{""alias"":""media-63e22e276f"",""duration_ms"":15100,""media_kind"":""motion_media"",""path_alias"":""<media-path:c406539999>""},""playback_state"":""playing"",""playlist_size"":5,""present"":true,""uptime_sec"":4364}"
150	169.350	2026-07-15T15:39:06+0000	success		399	<media-path:3ba49b8978>	<media-path:3ba49b8978>	motion_media	<filename:e511e8bce0>	6.873533	28.061367	24.732461	false	false	false	210	v4l2request-copy	true	"{""aspect"":0.5625,""dh"":1920,""dw"":1080,""h"":1920,""par"":1.0,""pixelformat"":""nv12"",""rotate"":0,""stereo-in"":""mono"",""w"":1080}"	"{""duration"":""success"",""eof-reached"":""success"",""estimated-frame-number"":""success"",""filename"":""success"",""hwdec-current"":""success"",""idle-active"":""success"",""path"":""success"",""pause"":""success"",""percent-pos"":""success"",""time-pos"":""success"",""video-params"":""success"",""vo-configured"":""success""}"	true	playing	media-b8c9a5f04c	<media-path:3ba49b8978>	28100	4	true	"{""black_screen_risk_reason"":""null"",""blocked_media_count"":0,""consecutive_failures"":0,""current_index"":4,""current_item"":{""alias"":""media-b8c9a5f04c"",""duration_ms"":28100,""media_kind"":""motion_media"",""offset_ms"":0,""path_alias"":""<media-path:3ba49b8978>"",""started_at_present"":true},""last_poll_error"":""null"",""last_render_error"":""null"",""mpv_running"":true,""next_item"":{""alias"":""media-63e22e276f"",""duration_ms"":15100,""media_kind"":""motion_media"",""path_alias"":""<media-path:c406539999>""},""playback_state"":""playing"",""playlist_size"":5,""present"":true,""uptime_sec"":4369}"
151	170.753	2026-07-15T15:39:08+0000	success		470	<media-path:3ba49b8978>	<media-path:3ba49b8978>	motion_media	<filename:e511e8bce0>	7.974633	28.061367	28.656361	false	false	false	243	v4l2request-copy	true	"{""aspect"":0.5625,""dh"":1920,""dw"":1080,""h"":1920,""par"":1.0,""pixelformat"":""nv12"",""rotate"":0,""stereo-in"":""mono"",""w"":1080}"	"{""duration"":""success"",""eof-reached"":""success"",""estimated-frame-number"":""success"",""filename"":""success"",""hwdec-current"":""success"",""idle-active"":""success"",""path"":""success"",""pause"":""success"",""percent-pos"":""success"",""time-pos"":""success"",""video-params"":""success"",""vo-configured"":""success""}"	true	playing	media-b8c9a5f04c	<media-path:3ba49b8978>	28100	4	true	"{""black_screen_risk_reason"":""null"",""blocked_media_count"":0,""consecutive_failures"":0,""current_index"":4,""current_item"":{""alias"":""media-b8c9a5f04c"",""duration_ms"":28100,""media_kind"":""motion_media"",""offset_ms"":0,""path_alias"":""<media-path:3ba49b8978>"",""started_at_present"":true},""last_poll_error"":""null"",""last_render_error"":""null"",""mpv_running"":true,""next_item"":{""alias"":""media-63e22e276f"",""duration_ms"":15100,""media_kind"":""motion_media"",""path_alias"":""<media-path:c406539999>""},""playback_state"":""playing"",""playlist_size"":5,""present"":true,""uptime_sec"":4369}"
152	172.228	2026-07-15T15:39:09+0000	success		303	<media-path:3ba49b8978>	<media-path:3ba49b8978>	motion_media	<filename:e511e8bce0>	9.1091	28.061367	32.699168	false	false	false	277	v4l2request-copy	true	"{""aspect"":0.5625,""dh"":1920,""dw"":1080,""h"":1920,""par"":1.0,""pixelformat"":""nv12"",""rotate"":0,""stereo-in"":""mono"",""w"":1080}"	"{""duration"":""success"",""eof-reached"":""success"",""estimated-frame-number"":""success"",""filename"":""success"",""hwdec-current"":""success"",""idle-active"":""success"",""path"":""success"",""pause"":""success"",""percent-pos"":""success"",""time-pos"":""success"",""video-params"":""success"",""vo-configured"":""success""}"	true	playing	media-b8c9a5f04c	<media-path:3ba49b8978>	28100	4	true	"{""black_screen_risk_reason"":""null"",""blocked_media_count"":0,""consecutive_failures"":0,""current_index"":4,""current_item"":{""alias"":""media-b8c9a5f04c"",""duration_ms"":28100,""media_kind"":""motion_media"",""offset_ms"":0,""path_alias"":""<media-path:3ba49b8978>"",""started_at_present"":true},""last_poll_error"":""null"",""last_render_error"":""null"",""mpv_running"":true,""next_item"":{""alias"":""media-63e22e276f"",""duration_ms"":15100,""media_kind"":""motion_media"",""path_alias"":""<media-path:c406539999>""},""playback_state"":""playing"",""playlist_size"":5,""present"":true,""uptime_sec"":4369}"
153	173.535	2026-07-15T15:39:11+0000	success		467	<media-path:3ba49b8978>	<media-path:3ba49b8978>	motion_media	<filename:e511e8bce0>	10.143467	28.061367	36.385256	false	false	false	308	v4l2request-copy	true	"{""aspect"":0.5625,""dh"":1920,""dw"":1080,""h"":1920,""par"":1.0,""pixelformat"":""nv12"",""rotate"":0,""stereo-in"":""mono"",""w"":1080}"	"{""duration"":""success"",""eof-reached"":""success"",""estimated-frame-number"":""success"",""filename"":""success"",""hwdec-current"":""success"",""idle-active"":""success"",""path"":""success"",""pause"":""success"",""percent-pos"":""success"",""time-pos"":""success"",""video-params"":""success"",""vo-configured"":""success""}"	true	playing	media-b8c9a5f04c	<media-path:3ba49b8978>	28100	4	true	"{""black_screen_risk_reason"":""null"",""blocked_media_count"":0,""consecutive_failures"":0,""current_index"":4,""current_item"":{""alias"":""media-b8c9a5f04c"",""duration_ms"":28100,""media_kind"":""motion_media"",""offset_ms"":0,""path_alias"":""<media-path:3ba49b8978>"",""started_at_present"":true},""last_poll_error"":""null"",""last_render_error"":""null"",""mpv_running"":true,""next_item"":{""alias"":""media-63e22e276f"",""duration_ms"":15100,""media_kind"":""motion_media"",""path_alias"":""<media-path:c406539999>""},""playback_state"":""playing"",""playlist_size"":5,""present"":true,""uptime_sec"":4374}"
154	175.007	2026-07-15T15:39:12+0000	success		447	<media-path:3ba49b8978>	<media-path:3ba49b8978>	motion_media	<filename:e511e8bce0>	11.3113	28.061367	40.546968	false	false	false	343	v4l2request-copy	true	"{""aspect"":0.5625,""dh"":1920,""dw"":1080,""h"":1920,""par"":1.0,""pixelformat"":""nv12"",""rotate"":0,""stereo-in"":""mono"",""w"":1080}"	"{""duration"":""success"",""eof-reached"":""success"",""estimated-frame-number"":""success"",""filename"":""success"",""hwdec-current"":""success"",""idle-active"":""success"",""path"":""success"",""pause"":""success"",""percent-pos"":""success"",""time-pos"":""success"",""video-params"":""success"",""vo-configured"":""success""}"	true	playing	media-b8c9a5f04c	<media-path:3ba49b8978>	28100	4	true	"{""black_screen_risk_reason"":""null"",""blocked_media_count"":0,""consecutive_failures"":0,""current_index"":4,""current_item"":{""alias"":""media-b8c9a5f04c"",""duration_ms"":28100,""media_kind"":""motion_media"",""offset_ms"":0,""path_alias"":""<media-path:3ba49b8978>"",""started_at_present"":true},""last_poll_error"":""null"",""last_render_error"":""null"",""mpv_running"":true,""next_item"":{""alias"":""media-63e22e276f"",""duration_ms"":15100,""media_kind"":""motion_media"",""path_alias"":""<media-path:c406539999>""},""playback_state"":""playing"",""playlist_size"":5,""present"":true,""uptime_sec"":4374}"
155	176.458	2026-07-15T15:39:14+0000	success		485	<media-path:3ba49b8978>	<media-path:3ba49b8978>	motion_media	<filename:e511e8bce0>	12.445767	28.061367	44.589774	false	false	false	377	v4l2request-copy	true	"{""aspect"":0.5625,""dh"":1920,""dw"":1080,""h"":1920,""par"":1.0,""pixelformat"":""nv12"",""rotate"":0,""stereo-in"":""mono"",""w"":1080}"	"{""duration"":""success"",""eof-reached"":""success"",""estimated-frame-number"":""success"",""filename"":""success"",""hwdec-current"":""success"",""idle-active"":""success"",""path"":""success"",""pause"":""success"",""percent-pos"":""success"",""time-pos"":""success"",""video-params"":""success"",""vo-configured"":""success""}"	true	playing	media-b8c9a5f04c	<media-path:3ba49b8978>	28100	4	true	"{""black_screen_risk_reason"":""null"",""blocked_media_count"":0,""consecutive_failures"":0,""current_index"":4,""current_item"":{""alias"":""media-b8c9a5f04c"",""duration_ms"":28100,""media_kind"":""motion_media"",""offset_ms"":0,""path_alias"":""<media-path:3ba49b8978>"",""started_at_present"":true},""last_poll_error"":""null"",""last_render_error"":""null"",""mpv_running"":true,""next_item"":{""alias"":""media-63e22e276f"",""duration_ms"":15100,""media_kind"":""motion_media"",""path_alias"":""<media-path:c406539999>""},""playback_state"":""playing"",""playlist_size"":5,""present"":true,""uptime_sec"":4374}"
156	177.946	2026-07-15T15:39:15+0000	success		225	<media-path:3ba49b8978>	<media-path:3ba49b8978>	motion_media	<filename:e511e8bce0>	13.580233	28.061367	48.63258	false	false	false	410	v4l2request-copy	true	"{""aspect"":0.5625,""dh"":1920,""dw"":1080,""h"":1920,""par"":1.0,""pixelformat"":""nv12"",""rotate"":0,""stereo-in"":""mono"",""w"":1080}"	"{""duration"":""success"",""eof-reached"":""success"",""estimated-frame-number"":""success"",""filename"":""success"",""hwdec-current"":""success"",""idle-active"":""success"",""path"":""success"",""pause"":""success"",""percent-pos"":""success"",""time-pos"":""success"",""video-params"":""success"",""vo-configured"":""success""}"	true	playing	media-b8c9a5f04c	<media-path:3ba49b8978>	28100	4	true	"{""black_screen_risk_reason"":""null"",""blocked_media_count"":0,""consecutive_failures"":0,""current_index"":4,""current_item"":{""alias"":""media-b8c9a5f04c"",""duration_ms"":28100,""media_kind"":""motion_media"",""offset_ms"":0,""path_alias"":""<media-path:3ba49b8978>"",""started_at_present"":true},""last_poll_error"":""null"",""last_render_error"":""null"",""mpv_running"":true,""next_item"":{""alias"":""media-63e22e276f"",""duration_ms"":15100,""media_kind"":""motion_media"",""path_alias"":""<media-path:c406539999>""},""playback_state"":""playing"",""playlist_size"":5,""present"":true,""uptime_sec"":4374}"
157	179.176	2026-07-15T15:39:16+0000	success		469	<media-path:3ba49b8978>	<media-path:3ba49b8978>	motion_media	<filename:e511e8bce0>	14.547867	28.061367	52.080856	false	false	false	440	v4l2request-copy	true	"{""aspect"":0.5625,""dh"":1920,""dw"":1080,""h"":1920,""par"":1.0,""pixelformat"":""nv12"",""rotate"":0,""stereo-in"":""mono"",""w"":1080}"	"{""duration"":""success"",""eof-reached"":""success"",""estimated-frame-number"":""success"",""filename"":""success"",""hwdec-current"":""success"",""idle-active"":""success"",""path"":""success"",""pause"":""success"",""percent-pos"":""success"",""time-pos"":""success"",""video-params"":""success"",""vo-configured"":""success""}"	true	playing	media-b8c9a5f04c	<media-path:3ba49b8978>	28100	4	true	"{""black_screen_risk_reason"":""null"",""blocked_media_count"":0,""consecutive_failures"":0,""current_index"":4,""current_item"":{""alias"":""media-b8c9a5f04c"",""duration_ms"":28100,""media_kind"":""motion_media"",""offset_ms"":0,""path_alias"":""<media-path:3ba49b8978>"",""started_at_present"":true},""last_poll_error"":""null"",""last_render_error"":""null"",""mpv_running"":true,""next_item"":{""alias"":""media-63e22e276f"",""duration_ms"":15100,""media_kind"":""motion_media"",""path_alias"":""<media-path:c406539999>""},""playback_state"":""playing"",""playlist_size"":5,""present"":true,""uptime_sec"":4379}"
